Education,Marital_Status,Income,Kidhome,Teenhome,Recency,MntWines,MntFruits,MntMeatProducts,MntFishProducts,MntSweetProducts,MntGoldProds,NumDealsPurchases,NumWebPurchases,NumCatalogPurchases,NumStorePurchases,NumWebVisitsMonth,AcceptedCmp3,AcceptedCmp4,AcceptedCmp5,AcceptedCmp1,AcceptedCmp2,Complain,Response,Age,Total_spent,Total_Products,Avg_spent,Partner,Children,Family_size,Customer_For,Education_enc,Marital_Status_enc,cluster
Graduation,Single,58138.0,0,0,58,635,88,546,172,88,88,3,8,10,4,7,0,0,0,0,0,0,1,64,1617,25,64.68,0,0,1,3405,2,4,0
Graduation,Single,46344.0,1,1,38,11,1,6,2,1,6,2,1,1,2,5,0,0,0,0,0,0,0,67,27,6,4.5,0,2,3,2855,2,4,1
Graduation,Together,71613.0,0,0,26,426,49,127,111,21,42,1,8,2,10,4,0,0,0,0,0,0,0,56,776,21,36.95238095238095,1,0,2,3054,2,5,0
Graduation,Together,26646.0,1,0,26,11,4,20,10,3,5,2,2,0,4,6,0,0,0,0,0,0,0,37,53,8,6.625,1,1,3,2881,2,5,1
PhD,Married,58293.0,1,0,94,173,43,118,46,27,15,5,5,3,6,5,0,0,0,0,0,0,0,40,422,19,22.210526315789473,1,1,3,2903,4,3,2
Master,Together,62513.0,0,1,16,520,42,98,0,42,14,2,6,4,10,6,0,0,0,0,0,0,0,54,716,22,32.54545454545455,1,1,3,3035,3,5,2
Graduation,Divorced,55635.0,0,1,34,235,65,164,50,49,27,4,7,3,7,6,0,0,0,0,0,0,0,50,590,21,28.095238095238095,0,1,2,3335,2,2,2
PhD,Married,33454.0,1,0,32,76,10,56,3,1,23,2,4,0,4,8,0,0,0,0,0,0,0,36,169,10,16.9,1,1,3,3159,4,3,1
PhD,Together,30351.0,1,0,19,14,0,24,3,3,2,1,3,0,2,9,0,0,0,0,0,0,1,47,46,6,7.666666666666667,1,1,3,3130,4,5,1
PhD,Together,5648.0,1,1,68,28,0,6,1,1,13,1,1,0,0,20,1,0,0,0,0,0,0,71,49,2,24.5,1,2,4,2850,4,5,1
Basic,Married,7500.0,0,0,59,6,16,11,11,1,16,1,2,0,3,8,0,0,0,0,0,0,0,45,61,6,10.166666666666666,1,0,2,3335,1,3,1
Graduation,Divorced,63033.0,0,0,82,194,61,480,225,112,30,1,3,4,8,2,0,0,0,0,0,0,0,62,1102,16,68.875,0,0,1,2968,2,2,0
Master,Divorced,59354.0,1,1,53,233,2,53,3,5,14,3,6,1,5,6,0,0,0,0,0,0,0,69,310,15,20.666666666666668,0,2,3,2968,3,2,2
Graduation,Married,17323.0,0,0,38,3,14,17,6,1,5,1,1,0,3,8,0,0,0,0,0,0,0,34,46,5,9.2,1,0,2,3369,2,3,1
PhD,Single,82800.0,0,0,23,1006,22,115,59,68,45,1,7,6,12,3,0,0,1,1,0,0,1,75,1315,26,50.57692307692308,0,0,1,3324,4,4,0
Graduation,Married,41850.0,1,1,51,53,5,19,2,13,4,3,3,0,3,8,0,0,0,0,0,0,0,41,96,9,10.666666666666666,1,2,4,3294,2,3,1
Graduation,Together,37760.0,0,0,20,84,5,38,150,12,28,2,4,1,6,7,0,0,0,0,0,0,0,75,317,13,24.384615384615383,1,0,2,3409,2,5,1
Master,Married,76995.0,0,1,91,1012,80,498,0,16,176,2,11,4,9,5,0,0,0,1,0,0,0,72,1782,26,68.53846153846153,1,1,3,3200,3,3,2
2n Cycle,Single,33812.0,1,0,86,4,17,19,30,24,39,2,2,1,3,6,0,0,0,0,0,0,0,36,133,8,16.625,0,1,2,3345,0,4,1
Graduation,Married,37040.0,0,0,41,86,2,73,69,38,48,1,4,2,5,8,0,0,0,0,0,0,0,39,316,12,26.333333333333332,1,0,2,3432,2,3,1
Graduation,Married,2447.0,1,0,42,1,1,1725,1,1,1,15,0,28,0,1,0,0,0,0,0,0,0,42,1730,43,40.23255813953488,1,1,3,3281,2,3,0
PhD,Married,58607.0,0,1,63,867,0,86,0,0,19,3,2,3,9,8,0,1,0,0,0,0,0,72,972,17,57.1764705882353,1,1,3,3295,4,3,2
PhD,Married,65324.0,0,1,0,384,0,102,21,32,5,3,6,2,9,4,0,0,0,0,0,0,0,67,544,20,27.2,1,1,3,2911,4,3,2
Graduation,Together,40689.0,0,1,69,270,3,27,39,6,99,7,7,1,5,8,0,0,0,0,0,0,0,70,444,20,22.2,1,1,3,3210,2,5,2
Graduation,Single,18589.0,0,0,89,6,4,25,15,12,13,2,2,1,3,7,0,0,0,0,0,0,0,52,75,8,9.375,0,0,1,3285,2,4,1
Graduation,Married,53359.0,1,1,4,173,4,30,3,6,41,4,5,1,4,7,0,0,0,0,0,0,0,45,257,14,18.357142857142858,1,2,4,3140,2,3,1
Graduation,Married,38360.0,1,0,26,36,2,42,20,21,10,2,2,1,4,3,0,0,0,0,0,0,0,32,131,9,14.555555555555555,1,1,3,3136,2,3,1
PhD,Married,84618.0,0,0,96,684,100,801,21,66,0,1,6,9,10,2,0,0,1,0,0,0,0,56,1672,26,64.3076923076923,1,0,2,2961,4,3,0
Master,Divorced,10979.0,0,0,34,8,4,10,2,2,4,2,3,0,3,5,0,0,0,0,0,0,0,32,30,8,3.75,0,0,1,2780,3,2,1
Master,Together,38620.0,0,0,56,112,17,44,34,22,89,1,2,5,3,3,0,0,0,0,0,0,0,58,318,11,28.90909090909091,1,0,2,3156,3,5,1
Graduation,Together,40548.0,0,1,31,110,0,5,2,0,3,2,2,1,4,5,0,1,0,0,0,0,0,51,120,9,13.333333333333334,1,1,3,3369,2,5,1
PhD,Divorced,46610.0,0,2,8,96,12,96,33,22,43,6,4,1,6,6,0,0,0,0,0,0,1,69,302,17,17.764705882352942,0,2,3,3350,4,2,2
Master,Married,68657.0,0,0,4,482,34,471,119,68,22,1,3,5,9,7,0,0,0,0,0,0,0,75,1196,18,66.44444444444444,1,0,2,3236,3,3,0
Master,Single,49389.0,1,1,55,40,0,19,2,1,3,1,2,0,3,7,0,0,0,0,0,0,0,70,65,6,10.833333333333334,0,2,3,3046,3,4,1
PhD,Married,67353.0,0,1,37,702,17,151,0,8,35,5,5,6,12,2,0,0,0,0,0,0,0,51,913,28,32.607142857142854,1,1,3,2922,4,3,2
2n Cycle,Married,23718.0,1,0,76,6,3,14,15,7,36,3,3,1,2,7,0,0,0,0,0,0,0,45,81,9,9.0,1,1,3,3042,0,3,1
Graduation,Widow,42429.0,0,1,99,55,0,6,2,0,4,2,1,1,3,5,0,0,0,0,0,0,0,48,67,7,9.571428571428571,0,1,2,2880,2,6,1
PhD,Divorced,48948.0,0,0,53,437,8,206,160,49,42,2,7,10,5,6,1,0,0,0,0,0,1,78,902,24,37.583333333333336,0,0,1,3255,4,2,0
Graduation,Married,80011.0,0,1,3,421,76,536,82,178,102,2,8,6,5,4,0,0,0,0,0,0,0,41,1395,21,66.42857142857143,1,1,3,3168,2,3,0
Master,Married,20559.0,1,0,88,13,1,29,3,0,7,2,2,0,3,8,0,0,0,0,0,0,0,36,53,7,7.571428571428571,1,1,3,3216,3,3,1
Graduation,Together,21994.0,0,1,4,9,0,6,3,1,3,1,0,0,3,5,0,0,0,0,0,0,0,64,22,4,5.5,1,1,3,3294,2,5,1
Master,Married,7500.0,1,0,19,3,1,10,3,2,12,3,2,0,3,5,0,0,0,0,0,0,0,46,31,8,3.875,1,1,3,3012,3,3,1
Graduation,Single,79941.0,0,0,72,123,164,266,227,30,174,1,2,4,9,1,0,0,0,0,0,0,0,45,984,16,61.5,0,0,1,2743,2,4,0
2n Cycle,Married,7500.0,0,0,24,3,18,14,15,22,50,3,3,1,3,9,0,0,0,0,0,0,1,25,122,10,12.2,1,0,2,3339,0,3,1
Graduation,Together,41728.0,1,0,92,13,6,15,3,5,13,1,2,0,2,10,0,0,0,0,0,0,0,53,55,5,11.0,1,1,3,3143,2,5,1
PhD,Married,72550.0,1,1,39,826,50,317,50,38,38,9,5,2,12,8,0,0,0,0,0,0,0,67,1319,28,47.107142857142854,1,2,4,3340,4,3,2
Graduation,Widow,65486.0,0,1,29,245,19,125,37,67,14,1,4,2,10,2,0,0,0,0,0,0,0,64,507,17,29.823529411764707,0,1,2,2790,2,6,2
Master,Married,79143.0,0,0,2,650,37,780,27,167,32,1,6,9,13,3,0,0,0,0,0,0,0,57,1693,29,58.37931034482759,1,0,2,3429,3,3,0
Graduation,Single,35790.0,1,0,54,12,6,20,30,1,3,2,2,0,3,7,0,0,0,0,0,0,0,44,72,7,10.285714285714286,0,1,2,3285,2,4,1
Graduation,Divorced,82582.0,0,0,54,510,120,550,156,40,241,1,4,9,7,1,1,0,0,1,0,0,1,44,1617,21,77.0,0,0,1,2764,2,2,0
Graduation,Married,66373.0,1,1,57,328,9,124,12,24,109,7,4,2,10,3,0,0,0,0,0,0,0,43,606,23,26.347826086956523,1,2,4,3124,2,3,2
Master,Together,82384.0,0,0,55,984,51,432,180,120,190,1,3,10,13,1,0,0,1,0,0,0,1,66,1957,27,72.48148148148148,1,0,2,3329,3,5,0
Graduation,Divorced,70287.0,0,0,30,295,35,482,121,120,40,1,5,5,10,3,0,0,0,0,0,0,1,55,1093,21,52.04761904761905,0,0,1,3195,2,2,0
Graduation,Single,27938.0,1,0,31,13,0,8,2,1,5,1,1,0,4,3,0,0,0,0,0,0,0,33,29,6,4.833333333333333,0,1,2,2804,2,4,1
PhD,Married,55954.0,0,1,63,447,0,28,0,0,43,3,8,2,6,7,0,0,0,0,0,0,0,53,518,19,27.263157894736842,1,1,3,2860,4,3,2
Master,Single,75777.0,0,0,12,712,26,538,69,13,80,1,3,6,11,1,0,1,1,0,0,0,1,39,1438,21,68.47619047619048,0,0,1,3102,3,4,0
Graduation,Together,66653.0,1,1,18,452,18,102,16,18,6,4,4,2,12,3,0,0,0,0,0,0,0,46,612,22,27.818181818181817,1,2,4,3402,2,5,2
Graduation,Single,61823.0,0,1,26,523,7,134,37,14,169,4,8,2,10,7,0,0,0,0,0,0,0,69,884,24,36.833333333333336,0,1,2,3238,2,4,2
PhD,Widow,67680.0,0,1,8,546,0,48,0,6,6,1,7,3,8,5,0,0,0,0,0,0,0,70,606,19,31.894736842105264,0,1,2,3125,4,6,2
Graduation,Together,70666.0,0,0,29,398,40,367,119,122,30,1,7,4,4,4,0,0,0,0,0,0,0,73,1076,16,67.25,1,0,2,2947,2,5,0
Graduation,Married,25721.0,1,0,75,1,3,6,3,6,15,1,1,1,2,7,0,0,0,0,0,0,1,50,34,5,6.8,1,1,3,3146,2,3,1
Graduation,Together,32474.0,1,1,0,10,0,1,0,0,0,1,1,0,2,7,0,0,0,0,0,0,0,54,11,4,2.75,1,2,4,2791,2,5,1
2n Cycle,Single,88194.0,0,1,19,688,14,309,201,24,38,1,11,10,10,5,1,0,0,1,0,0,1,42,1274,32,39.8125,0,1,2,2844,0,4,0
Graduation,Together,69096.0,0,1,4,247,49,159,7,82,109,1,5,2,10,4,0,0,0,0,0,0,0,63,653,18,36.27777777777778,1,1,3,3017,2,5,2
Graduation,Together,74854.0,1,2,90,856,59,487,58,29,73,7,2,5,5,5,0,0,0,0,0,0,0,51,1562,19,82.21052631578948,1,3,5,3189,2,5,2
Master,Married,66991.0,0,0,1,496,36,460,189,60,12,3,4,8,6,3,0,0,0,0,0,0,0,67,1253,21,59.666666666666664,1,0,2,3398,3,3,0
Graduation,Married,65031.0,0,1,29,258,107,291,84,37,86,4,10,3,13,7,0,0,0,0,0,0,0,62,863,30,28.766666666666666,1,1,3,3211,2,3,2
PhD,Married,60631.0,1,1,88,565,6,65,0,6,19,5,9,2,8,7,0,1,0,0,0,0,0,46,661,24,27.541666666666668,1,2,4,3192,4,3,2
Graduation,Married,28332.0,0,0,58,14,10,13,4,15,9,1,2,1,4,2,0,0,0,0,0,0,0,69,65,8,8.125,1,0,2,2802,2,3,1
Graduation,Divorced,40246.0,1,0,68,2,1,6,2,1,1,1,1,0,2,6,0,0,0,0,0,0,0,44,13,4,3.25,0,1,2,3299,2,2,1
Master,Married,75251.0,0,0,34,721,111,925,97,18,18,1,7,6,5,5,0,0,0,0,0,0,1,49,1890,19,99.47368421052632,1,0,2,3413,3,3,0
Graduation,Single,75825.0,0,0,40,1032,105,779,137,105,51,0,5,8,9,4,1,0,0,0,0,0,1,45,2209,22,100.4090909090909,0,0,1,3367,2,4,0
2n Cycle,Together,26326.0,0,0,12,1,0,5,0,3,9,1,0,0,3,3,0,0,0,0,0,1,0,45,18,4,4.5,1,0,2,3040,0,5,1
Graduation,Together,56046.0,0,0,9,577,0,64,0,0,51,2,10,1,8,8,1,0,0,0,0,0,1,56,692,21,32.95238095238095,1,0,2,3285,2,5,2
Graduation,Single,29760.0,1,0,87,64,4,68,7,5,17,4,3,1,4,8,0,0,0,0,0,0,0,36,165,12,13.75,0,1,2,3411,2,4,1
Graduation,Married,26304.0,1,0,5,4,1,5,2,0,4,1,1,0,2,7,0,0,0,0,0,0,0,52,16,4,4.0,1,1,3,3113,2,3,1
2n Cycle,Married,23559.0,1,0,87,25,5,19,7,0,23,3,3,0,3,7,0,0,0,0,0,0,0,48,79,9,8.777777777777779,1,1,3,3103,0,3,1
Master,Together,38620.0,0,0,56,112,17,44,34,22,89,1,2,5,3,3,0,0,0,0,0,0,0,58,318,11,28.90909090909091,1,0,2,3156,3,5,1
Graduation,Divorced,81361.0,0,0,18,163,23,424,27,65,76,1,3,10,13,1,0,0,0,0,0,0,0,34,778,27,28.814814814814813,0,0,1,2866,2,2,0
Graduation,Married,29440.0,1,1,95,17,8,14,10,4,3,2,1,0,4,7,0,0,0,0,0,0,0,61,56,7,8.0,1,2,4,3064,2,3,1
Master,Married,36138.0,1,1,48,130,0,16,0,0,5,5,3,1,4,7,0,1,0,0,0,0,0,51,151,13,11.615384615384615,1,2,4,3090,3,3,1
Graduation,Single,50388.0,0,1,3,292,6,37,0,3,34,4,6,1,6,7,0,1,0,1,0,0,1,64,372,17,21.88235294117647,0,1,2,2774,2,4,2
Graduation,Married,79593.0,0,0,70,350,60,568,110,133,145,1,5,6,7,2,0,0,1,0,0,0,0,48,1366,19,71.89473684210526,1,0,2,2790,2,3,0
Graduation,Together,54178.0,0,1,79,135,9,39,4,0,7,1,2,2,5,2,0,0,0,0,0,0,0,54,194,10,19.4,1,1,3,2901,2,5,1
Master,Single,42394.0,1,0,69,15,2,10,0,1,4,1,1,0,3,7,0,0,0,0,0,0,0,49,32,5,6.4,0,1,2,2840,3,4,1
PhD,Married,23626.0,1,0,84,27,2,14,0,0,0,3,3,1,3,5,0,0,0,0,0,0,0,51,43,10,4.3,1,1,3,2778,4,3,1
Graduation,Married,30096.0,1,0,30,5,3,11,12,5,9,1,2,0,3,6,0,0,0,0,0,0,0,38,45,6,7.5,1,1,3,2780,2,3,1
Graduation,Widow,47916.0,0,1,72,505,0,26,0,0,75,5,7,4,6,6,0,1,0,0,0,0,0,61,606,22,27.545454545454547,0,1,2,3326,2,6,2
Graduation,Divorced,51813.0,1,1,37,51,2,7,0,1,2,2,2,0,3,7,0,0,0,0,0,0,0,49,63,7,9.0,0,2,3,3186,2,2,1
2n Cycle,Married,78497.0,0,0,44,207,26,447,75,0,223,1,5,7,12,2,0,0,0,1,0,0,0,70,978,25,39.12,1,0,2,2952,0,3,0
PhD,Married,50150.0,0,0,32,135,46,92,65,61,11,2,5,2,7,5,0,0,0,0,0,0,0,38,410,16,25.625,1,0,2,3116,4,3,2
2n Cycle,Single,47823.0,0,1,0,53,1,5,2,1,10,2,2,0,3,8,0,0,0,0,0,0,0,61,72,7,10.285714285714286,0,1,2,3083,0,4,1
PhD,Single,34554.0,0,1,43,41,1,6,2,0,5,2,2,0,3,6,0,0,0,0,0,0,0,62,55,7,7.857142857142857,0,1,2,2833,4,4,1
Graduation,Together,85693.0,0,1,59,386,172,183,185,132,111,2,9,5,11,5,0,0,0,0,0,0,0,42,1169,27,43.2962962962963,1,1,3,3177,2,5,0
PhD,Married,65846.0,0,0,68,562,81,276,80,40,81,1,6,3,6,4,0,0,0,0,0,0,0,76,1120,16,70.0,1,0,2,3150,4,3,0
Graduation,Married,87195.0,0,0,35,217,76,690,50,26,38,1,3,11,5,1,0,0,0,0,0,0,1,62,1097,20,54.85,1,0,2,2794,2,3,0
Basic,Together,24594.0,1,0,94,1,3,6,10,0,9,1,1,0,3,5,0,0,0,0,0,0,0,42,29,5,5.8,1,1,3,2943,1,5,1
Graduation,Married,49096.0,1,1,15,144,1,32,2,1,7,4,4,1,4,7,0,0,0,0,0,0,0,57,187,13,14.384615384615385,1,2,4,3020,2,3,1
Graduation,Married,52413.0,0,2,56,295,106,271,75,98,65,4,6,4,12,6,0,0,0,0,0,0,0,52,910,26,35.0,1,2,4,3254,2,3,2
Graduation,Single,38557.0,1,0,17,76,3,31,4,4,27,2,3,1,3,7,0,0,0,0,0,0,0,43,145,9,16.11111111111111,0,1,2,3299,2,4,1
Master,Married,89058.0,0,0,18,454,194,106,31,22,43,1,5,4,4,2,0,0,0,0,0,0,0,61,850,14,60.714285714285715,1,0,2,3311,3,3,0
Graduation,Together,77298.0,0,1,46,425,115,292,23,35,79,1,6,6,11,3,0,0,0,0,0,0,0,42,969,24,40.375,1,1,3,2981,2,5,0
PhD,Single,68126.0,0,0,40,1332,17,311,23,51,86,1,7,4,5,9,0,1,0,0,0,0,1,30,1820,17,107.05882352941177,0,0,1,3338,4,4,0
Master,Together,57288.0,0,1,27,527,0,21,0,0,60,3,8,1,8,6,0,1,0,0,0,0,0,58,608,20,30.4,1,1,3,2746,3,5,2
Graduation,Single,86037.0,0,0,95,490,44,125,29,20,22,1,6,7,11,3,0,1,1,0,0,0,1,30,730,25,29.2,0,0,1,3285,2,4,0
PhD,Married,43974.0,1,0,19,378,0,101,0,0,72,5,6,4,6,7,0,0,0,0,0,0,0,41,551,21,26.238095238095237,1,1,3,3306,4,3,2
Graduation,Single,50785.0,1,1,27,64,1,21,0,1,27,2,2,1,3,6,0,0,0,0,0,0,0,59,114,8,14.25,0,2,3,3034,2,4,1
Graduation,Married,90765.0,0,0,25,547,99,812,151,82,33,0,4,6,5,1,0,0,1,1,0,0,0,51,1724,15,114.93333333333334,1,0,2,2898,2,3,0
2n Cycle,Married,36550.0,1,0,74,47,90,94,123,103,120,5,9,1,5,9,0,0,0,0,0,0,0,43,577,20,28.85,1,1,3,3237,0,3,2
2n Cycle,Together,30753.0,1,1,85,12,5,25,0,9,30,2,1,1,3,5,0,0,0,0,0,0,0,54,81,7,11.571428571428571,1,2,4,3095,0,5,1
Graduation,Together,21918.0,1,0,37,1,6,7,11,5,3,2,2,0,3,6,0,0,0,0,0,0,0,52,33,7,4.714285714285714,1,1,3,2969,2,5,1
Master,Together,56129.0,0,1,65,320,48,133,39,72,48,4,6,2,10,4,0,0,0,0,0,0,0,68,660,22,30.0,1,1,3,3116,3,5,2
Master,Single,32557.0,1,0,13,34,3,29,0,4,10,3,2,1,3,5,0,0,0,0,0,0,1,54,80,9,8.88888888888889,0,1,2,2867,3,4,1
Master,Married,19510.0,2,0,63,9,0,7,3,4,7,2,1,0,3,7,0,0,0,0,0,0,0,36,30,6,5.0,1,2,4,3040,3,3,1
Graduation,Divorced,30992.0,1,0,83,17,0,14,7,3,2,1,1,0,3,7,0,0,0,0,0,0,0,45,43,5,8.6,0,1,2,3175,2,2,1
Graduation,Single,101970.0,0,0,69,722,27,102,44,72,168,0,6,8,13,2,0,1,1,1,0,0,1,38,1135,27,42.03703703703704,0,0,1,3216,2,4,0
2n Cycle,Together,71488.0,0,0,87,162,33,124,40,28,172,2,3,4,7,1,0,0,0,0,0,0,0,56,559,16,34.9375,1,0,2,3238,0,5,0
Graduation,Single,79607.0,0,0,37,450,133,951,173,0,216,1,3,6,6,1,0,0,0,0,0,0,1,37,1923,16,120.1875,0,0,1,3176,2,4,0
Master,Married,54348.0,1,1,51,70,0,16,0,0,4,2,2,0,4,6,0,0,0,0,0,0,0,68,90,8,11.25,1,2,4,2763,3,3,1
PhD,Together,77376.0,1,1,72,492,19,110,16,12,12,4,6,3,10,4,0,0,0,0,0,0,0,65,661,23,28.73913043478261,1,2,4,2792,4,5,2
Graduation,Married,62998.0,0,1,10,120,58,73,65,89,58,5,5,4,5,5,0,0,0,0,0,0,0,69,463,19,24.36842105263158,1,1,3,3014,2,3,2
Master,Alone,61331.0,1,1,42,534,5,47,0,5,41,5,11,1,6,8,0,0,0,0,0,0,0,63,632,23,27.47826086956522,0,2,3,3218,3,1,2
Graduation,Married,73448.0,0,0,10,236,106,189,23,41,130,1,7,2,9,4,0,0,0,0,0,0,0,52,725,19,38.1578947368421,1,0,2,2881,2,3,0
PhD,Married,41551.0,1,1,51,220,0,33,3,0,23,5,5,1,5,8,0,0,0,0,0,0,0,57,279,16,17.4375,1,2,4,3061,4,3,2
PhD,Together,62981.0,0,0,21,796,14,590,38,44,0,1,4,5,13,3,0,1,0,0,0,0,0,54,1482,23,64.43478260869566,1,0,2,3211,4,5,0
Basic,Divorced,9548.0,1,0,31,0,1,3,10,6,9,2,1,0,3,8,0,0,0,0,0,0,0,45,29,6,4.833333333333333,0,1,2,3432,1,2,1
PhD,Married,33762.0,2,1,61,53,1,34,2,0,16,3,2,2,2,8,0,0,0,0,0,0,0,62,106,9,11.777777777777779,1,3,5,3099,4,3,1
PhD,Alone,35860.0,1,1,37,15,0,8,4,2,20,2,1,1,2,5,1,0,0,0,0,0,1,48,49,6,8.166666666666666,0,2,3,2783,4,1,1
PhD,Divorced,36921.0,1,1,74,17,1,12,3,1,4,2,2,0,3,7,0,0,0,0,0,0,0,56,38,7,5.428571428571429,0,2,3,3078,4,2,1
Master,Single,92859.0,0,0,46,962,61,921,52,61,20,1,5,4,12,2,0,0,0,0,0,0,0,29,2077,22,94.4090909090909,0,0,1,3360,3,4,0
Master,Together,65104.0,0,1,4,738,0,232,13,20,50,2,3,5,7,7,0,0,0,0,0,0,1,45,1053,17,61.94117647058823,1,1,3,2969,3,5,2
Graduation,Married,86111.0,0,0,73,399,28,756,36,40,126,1,5,7,10,2,0,0,0,0,0,0,0,59,1385,23,60.21739130434783,1,0,2,3178,2,3,0
PhD,Single,68352.0,0,1,47,614,16,132,43,33,33,3,8,5,9,6,0,0,0,0,0,0,0,47,871,25,34.84,0,1,2,3047,4,4,2
Graduation,Together,41883.0,1,0,13,32,34,41,73,16,116,3,4,2,3,7,0,0,0,0,0,0,0,33,312,12,26.0,1,1,3,3209,2,5,1
Graduation,Married,59809.0,0,2,36,598,16,141,32,41,49,3,3,3,6,8,0,0,0,0,0,0,0,45,877,15,58.46666666666667,1,2,4,3361,2,3,2
Graduation,Married,23957.0,1,0,47,2,1,18,20,11,16,1,2,0,3,6,0,0,0,0,0,0,1,46,68,6,11.333333333333334,1,1,3,3351,2,3,1
Graduation,Together,38547.0,1,0,49,6,1,10,0,1,4,1,1,0,2,8,0,0,0,0,0,1,0,40,22,4,5.5,1,1,3,3047,2,5,1
2n Cycle,Married,35688.0,2,1,94,73,3,90,12,1,32,7,4,1,4,8,0,0,0,0,0,0,0,48,211,16,13.1875,1,3,5,3418,0,3,1
Master,Married,49605.0,0,0,65,42,16,29,12,20,8,1,2,1,4,3,0,0,0,0,0,0,0,55,127,8,15.875,1,0,2,2750,3,3,1
Master,Married,59354.0,0,2,59,295,21,78,39,13,13,1,4,4,7,3,0,0,0,0,0,0,0,68,459,16,28.6875,1,2,4,2808,3,3,2
Graduation,Married,65747.0,0,1,96,346,17,48,23,13,13,4,8,1,6,6,0,1,0,0,0,0,0,52,460,19,24.210526315789473,1,1,3,2856,2,3,2
2n Cycle,Together,46344.0,0,1,28,233,20,57,8,20,91,4,7,1,5,7,0,0,0,0,0,0,0,49,429,17,25.235294117647058,1,1,3,3304,0,5,2
Graduation,Alone,34176.0,1,0,12,5,7,24,19,14,20,4,3,0,4,6,0,0,0,0,0,0,0,33,89,11,8.090909090909092,0,1,2,2790,2,1,1
PhD,Together,61010.0,0,1,57,888,0,57,0,0,76,2,8,5,11,5,0,0,0,0,0,0,0,69,1021,26,39.26923076923077,1,1,3,3370,4,5,2
Graduation,Together,69372.0,0,0,10,997,26,269,34,13,42,1,10,4,6,4,0,1,1,0,0,0,1,72,1381,21,65.76190476190476,1,0,2,3237,2,5,0
Graduation,Single,49967.0,0,1,4,212,6,69,4,12,3,3,6,1,5,7,0,0,0,0,0,0,0,63,306,15,20.4,0,1,2,3098,2,4,2
Graduation,Single,60199.0,1,2,49,8,1,7,2,0,0,1,0,0,3,4,0,0,0,0,0,0,0,43,18,4,4.5,0,3,4,3032,2,4,1
Graduation,Together,55375.0,0,1,3,42,11,57,10,28,14,1,1,1,6,2,0,0,0,0,0,0,0,44,162,9,18.0,1,1,3,2997,2,5,1
Graduation,Single,80317.0,0,0,64,536,11,387,149,91,57,1,3,4,10,1,0,0,0,0,0,0,0,66,1231,18,68.38888888888889,0,0,1,3055,2,4,0
Master,Single,30523.0,2,1,0,5,0,3,0,0,5,1,1,0,2,7,0,0,0,0,0,0,0,63,13,4,3.25,0,3,4,3105,3,4,1
PhD,Married,70356.0,0,0,20,1349,16,249,43,16,33,2,10,6,9,6,0,0,0,0,0,0,0,76,1706,27,63.18518518518518,1,0,2,3343,4,3,0
Graduation,Married,23228.0,1,0,91,53,3,49,7,4,5,4,3,0,4,8,0,0,0,0,0,0,0,37,121,11,11.0,1,1,3,2917,2,3,1
PhD,Divorced,74165.0,0,0,9,1001,12,240,16,12,12,1,5,4,10,2,0,0,0,0,0,0,0,46,1293,20,64.65,0,0,1,3166,4,2,0
Graduation,Together,43482.0,2,1,83,18,1,32,6,3,28,3,2,0,4,6,0,0,0,0,0,0,0,55,88,9,9.777777777777779,1,3,5,2970,2,5,1
Graduation,Divorced,62551.0,0,0,27,125,16,98,134,21,27,1,6,7,4,3,1,0,0,0,0,0,0,68,421,18,23.38888888888889,0,0,1,2965,2,2,0
Graduation,Divorced,52332.0,0,0,63,212,5,33,7,0,2,1,3,2,6,4,0,1,0,0,0,0,0,62,259,12,21.583333333333332,0,0,1,3047,2,2,1
Graduation,Single,66951.0,0,0,46,277,162,305,173,76,124,1,3,4,7,1,0,0,0,0,0,0,0,33,1117,15,74.46666666666667,0,0,1,2981,2,4,0
Graduation,Together,26091.0,1,1,84,15,10,19,8,17,20,3,2,1,3,5,0,0,0,0,0,0,0,64,89,9,9.88888888888889,1,2,4,2866,2,5,1
Graduation,Together,33456.0,1,1,58,7,3,10,8,1,7,2,1,0,3,7,0,0,0,0,0,0,0,56,36,6,6.0,1,2,4,2811,2,5,1
Graduation,Married,28718.0,1,0,78,12,4,6,11,8,16,2,2,0,3,8,0,0,0,0,0,0,0,39,57,7,8.142857142857142,1,1,3,3093,2,3,1
Graduation,Married,50447.0,2,0,4,85,7,24,2,3,27,1,3,1,3,6,0,0,0,0,0,0,0,51,148,8,18.5,1,2,4,2811,2,3,1
PhD,Together,53537.0,1,1,17,81,0,6,0,0,6,2,2,1,3,5,0,0,0,0,0,0,0,62,93,8,11.625,1,2,4,2892,4,5,1
Graduation,Single,52074.0,0,1,77,59,0,12,0,0,48,1,2,2,2,4,1,0,0,0,0,0,0,54,119,7,17.0,0,1,2,2828,2,4,1
PhD,Married,80427.0,0,1,56,1149,71,449,69,71,26,1,11,8,8,5,0,0,0,0,0,0,0,46,1835,28,65.53571428571429,1,1,3,3397,4,3,0
PhD,Married,83837.0,0,0,79,847,66,119,86,89,111,1,9,10,5,4,0,1,0,1,0,0,1,73,1318,25,52.72,1,0,2,3302,4,3,0
PhD,Married,38853.0,1,1,90,29,0,14,0,0,2,2,2,0,3,7,0,0,0,0,0,0,0,51,45,7,6.428571428571429,1,2,4,2779,4,3,1
Graduation,Together,38285.0,2,1,96,2,0,5,2,0,1,1,0,0,3,2,0,0,0,0,0,0,0,62,10,4,2.5,1,3,5,2747,2,5,1
2n Cycle,Married,78497.0,0,0,44,207,26,447,75,0,223,1,5,7,12,2,0,0,0,1,0,0,0,70,978,25,39.12,1,0,2,2952,0,3,0
PhD,Married,51650.0,0,1,81,152,3,22,2,5,7,1,4,1,4,5,0,0,0,0,0,0,0,45,191,10,19.1,1,1,3,2791,4,3,1
2n Cycle,Married,16248.0,1,0,77,12,11,10,3,12,9,3,2,1,3,6,0,0,0,0,0,0,0,33,57,9,6.333333333333333,1,1,3,2792,0,3,1
Master,Married,66835.0,0,0,21,620,26,195,34,17,141,1,6,4,13,2,0,0,0,0,0,0,0,75,1033,24,43.041666666666664,1,0,2,3016,3,3,0
Master,Married,30477.0,1,0,16,47,1,6,0,0,12,1,1,1,3,6,0,0,0,0,0,0,0,37,66,6,11.0,1,1,3,2900,3,3,1
Basic,Married,28249.0,0,0,80,1,9,7,2,14,10,1,2,0,3,6,0,0,0,0,0,0,0,60,43,6,7.166666666666667,1,0,2,2756,1,3,1
Graduation,Married,25271.0,1,0,45,10,1,18,10,4,7,1,1,1,2,9,0,0,0,0,0,0,0,38,50,5,10.0,1,1,3,3313,2,3,1
PhD,Single,32303.0,0,1,63,35,0,2,0,0,2,2,1,0,4,5,0,0,0,0,0,0,0,51,39,7,5.571428571428571,0,1,2,2855,4,4,1
Graduation,Married,61286.0,0,1,34,356,0,107,19,9,117,2,7,1,8,5,0,0,0,0,0,0,0,55,608,18,33.77777777777778,1,1,3,3073,2,3,2
Graduation,Married,74068.0,0,0,14,783,30,537,140,76,15,1,4,10,9,2,0,0,0,0,0,0,0,45,1581,24,65.875,1,0,2,3209,2,3,0
PhD,Married,45759.0,1,1,13,42,1,18,3,0,4,2,2,0,3,7,0,0,0,0,0,0,0,57,68,7,9.714285714285714,1,2,4,3233,4,3,1
Basic,Together,24882.0,1,0,52,1,4,10,29,0,36,1,1,1,2,6,1,0,0,0,0,0,0,43,80,5,16.0,1,1,3,3400,1,5,1
PhD,Together,66973.0,0,0,98,466,22,432,147,113,102,1,8,7,12,3,0,0,0,0,0,0,0,32,1282,28,45.785714285714285,1,0,2,3150,4,5,0
Graduation,Married,38872.0,1,0,93,23,3,21,3,19,22,2,3,0,3,8,0,0,0,0,0,0,0,33,91,8,11.375,1,1,3,3137,2,3,1
Graduation,Married,51148.0,1,1,38,235,6,45,8,9,12,4,5,1,6,6,0,0,0,0,0,0,0,48,315,16,19.6875,1,2,4,3238,2,3,1
Graduation,Married,31353.0,1,1,24,10,0,10,3,1,7,2,1,1,2,8,0,0,0,0,0,0,0,44,31,6,5.166666666666667,1,2,4,2924,2,3,1
Master,Married,69661.0,0,0,80,656,16,106,32,16,8,1,7,3,12,3,0,0,0,0,0,0,0,41,834,23,36.26086956521739,1,0,2,2789,3,3,2
Graduation,Married,80067.0,0,0,82,519,17,813,27,173,51,1,4,6,6,2,0,0,1,0,0,0,0,67,1600,17,94.11764705882354,1,0,2,3025,2,3,0
Graduation,Married,86718.0,0,0,20,344,189,482,50,33,172,1,5,6,5,2,0,0,0,0,0,0,0,67,1270,17,74.70588235294117,1,0,2,3270,2,3,0
PhD,Single,46854.0,1,1,81,96,1,79,7,1,79,6,5,1,3,8,1,0,0,0,0,0,1,48,263,15,17.533333333333335,0,2,3,2832,4,4,1
Graduation,Divorced,69142.0,0,1,50,448,4,34,6,4,39,3,8,1,7,5,0,1,0,0,0,0,0,69,535,19,28.157894736842106,0,1,2,2742,2,2,2
Graduation,Single,75922.0,0,0,60,265,138,553,224,23,92,1,4,4,9,1,0,0,0,0,0,0,0,53,1295,18,71.94444444444444,0,0,1,2944,2,4,0
Graduation,Divorced,63693.0,0,1,63,587,43,337,42,87,54,3,11,6,9,6,0,0,0,0,0,0,0,43,1150,29,39.6551724137931,0,1,2,3000,2,2,2
PhD,Together,102160.0,0,0,54,763,29,138,76,176,58,0,7,9,10,4,0,1,1,1,0,0,1,44,1240,26,47.69230769230769,1,0,2,3346,4,5,0
PhD,Single,40637.0,1,1,72,22,0,13,0,0,3,2,1,0,3,7,0,0,0,0,0,0,0,56,38,6,6.333333333333333,0,2,3,3089,4,4,1
Master,Single,18890.0,0,0,5,6,4,1,7,2,15,1,0,1,2,6,1,0,0,0,0,0,1,37,35,4,8.75,0,0,1,3338,3,4,1
Graduation,Together,29604.0,1,0,88,7,6,13,7,6,14,1,1,0,3,9,1,0,0,0,0,0,0,33,53,5,10.6,1,1,3,2945,2,5,1
Master,Divorced,48721.0,1,1,50,81,18,113,47,13,21,6,4,2,5,6,0,0,0,0,0,0,0,58,293,17,17.235294117647058,0,2,3,3154,3,2,2
Graduation,Married,44794.0,0,1,99,54,0,7,0,0,4,1,2,0,3,6,0,0,0,0,0,0,0,55,65,6,10.833333333333334,1,1,3,2763,2,3,1
Graduation,Divorced,64497.0,0,1,17,1170,48,320,42,32,192,5,11,4,9,8,1,0,0,0,0,0,1,67,1804,29,62.206896551724135,0,1,2,3399,2,2,2
Graduation,Together,46097.0,0,1,11,72,24,68,65,4,8,5,3,1,6,4,0,0,0,0,0,0,0,65,241,15,16.066666666666666,1,1,3,3197,2,5,2
Graduation,Together,77972.0,0,0,18,613,22,319,33,102,12,1,4,6,9,1,0,0,0,0,0,0,0,67,1101,20,55.05,1,0,2,2845,2,5,0
PhD,Married,44377.0,1,1,70,224,0,30,0,0,10,8,5,1,5,8,0,0,0,0,0,0,0,53,264,19,13.894736842105264,1,2,4,3374,4,3,2
Master,Together,46014.0,1,1,21,410,0,59,19,9,44,10,7,1,8,7,0,0,0,0,0,0,0,47,541,26,20.807692307692307,1,2,4,3266,3,5,2
Graduation,Married,70951.0,0,0,66,239,10,554,254,87,54,1,3,4,9,1,0,0,0,0,0,0,0,36,1198,17,70.47058823529412,1,0,2,3163,2,3,0
Graduation,Married,41443.0,1,0,79,171,7,171,25,19,89,6,8,1,5,8,0,0,0,0,0,0,0,44,482,20,24.1,1,1,3,2831,2,3,2
2n Cycle,Single,52195.0,2,1,2,12,0,4,0,0,1,1,1,0,2,8,0,0,0,0,0,0,0,43,17,4,4.25,0,3,4,2790,0,4,1
Master,Married,83790.0,0,0,81,1076,16,417,42,48,16,1,8,10,6,3,0,1,1,0,0,0,0,73,1615,25,64.6,1,0,2,2968,3,3,0
Master,Widow,44551.0,0,1,24,182,4,33,0,0,66,2,4,1,5,7,0,0,0,0,0,0,0,67,285,12,23.75,0,1,2,3044,3,6,1
Graduation,Together,69508.0,1,0,48,824,32,162,42,32,43,2,11,4,11,6,0,0,0,0,0,0,0,41,1135,28,40.535714285714285,1,1,3,3334,2,5,2
2n Cycle,Together,45204.0,1,0,93,30,11,25,29,1,18,1,1,1,4,3,0,0,0,0,0,0,0,33,114,7,16.285714285714285,1,1,3,2821,0,5,1
Graduation,Married,72460.0,0,0,56,377,10,540,80,30,10,1,3,5,7,1,0,0,0,0,0,0,0,52,1047,16,65.4375,1,0,2,2969,2,3,0
PhD,Together,77622.0,0,2,3,520,7,154,19,0,14,2,6,3,11,3,0,0,0,0,0,0,0,51,714,22,32.45454545454545,1,2,4,2818,4,5,2
PhD,Married,30732.0,1,0,44,155,1,25,0,1,3,4,4,1,4,8,0,0,0,0,0,0,0,41,185,13,14.23076923076923,1,1,3,3282,4,3,1
Graduation,Divorced,63887.0,0,1,38,897,23,207,15,11,92,5,9,6,12,6,0,0,0,0,0,0,0,59,1245,32,38.90625,0,1,2,3401,2,2,2
Graduation,Together,42011.0,1,0,46,131,0,16,2,1,39,4,3,1,4,8,0,0,0,0,0,0,0,43,189,12,15.75,1,1,3,3202,2,5,1
Graduation,Together,51369.0,0,1,84,297,7,79,0,11,182,2,8,2,4,8,0,0,0,0,0,0,0,45,576,16,36.0,1,1,3,3354,2,5,2
Graduation,Divorced,51537.0,0,1,27,787,20,204,0,0,92,3,2,2,11,8,0,0,0,0,0,0,0,69,1103,18,61.27777777777778,0,1,2,3309,2,2,2
PhD,Married,79930.0,0,0,72,792,86,740,67,51,17,1,3,5,8,2,0,0,0,0,0,0,0,49,1753,17,103.11764705882354,1,0,2,3432,4,3,0
PhD,Together,34320.0,1,0,66,4,1,9,3,0,0,1,1,0,2,8,0,0,0,0,0,0,0,35,17,4,4.25,1,1,3,2875,4,5,1
Graduation,Single,37070.0,1,1,30,231,7,137,4,15,39,9,5,1,8,7,0,0,0,0,0,0,1,55,433,23,18.82608695652174,0,2,3,3208,2,4,2
2n Cycle,Divorced,81975.0,0,1,2,983,76,184,180,138,27,1,6,3,4,7,0,0,1,0,0,0,0,59,1588,14,113.42857142857143,0,1,2,3282,0,2,0
Graduation,Together,38590.0,1,0,65,3,1,8,4,3,3,1,1,0,2,8,0,0,0,0,0,0,0,50,22,4,5.5,1,1,3,3152,2,5,1
Graduation,Single,15033.0,0,0,37,0,4,5,6,0,4,1,1,0,3,3,0,0,0,0,0,0,0,70,19,5,3.8,0,0,1,2816,2,4,1
PhD,Married,62745.0,0,1,89,562,21,464,28,10,32,3,7,8,11,5,0,0,0,0,0,0,0,56,1117,29,38.51724137931034,1,1,3,3205,4,3,2
2n Cycle,Married,22212.0,1,0,49,5,9,20,6,8,21,2,2,0,4,6,0,0,0,0,0,0,0,46,69,8,8.625,1,1,3,2944,0,3,1
Master,Together,23661.0,1,0,46,18,0,4,0,0,1,1,1,0,3,7,0,0,0,0,0,0,0,39,23,5,4.6,1,1,3,2949,3,5,1
PhD,Single,79761.0,0,1,32,415,5,124,15,35,11,1,5,2,11,3,0,0,0,0,0,0,0,63,605,19,31.842105263157894,0,1,2,3010,4,4,2
Graduation,Single,7500.0,1,0,54,5,3,10,12,7,20,4,3,1,3,7,0,0,0,0,0,0,0,48,57,11,5.181818181818182,0,1,2,2927,2,4,1
Graduation,Widow,73455.0,0,0,98,901,61,757,186,163,20,1,6,5,10,3,0,1,0,0,0,0,0,53,2088,22,94.9090909090909,0,0,1,2986,2,6,0
Graduation,Together,64961.0,0,1,97,382,114,276,75,124,38,2,6,4,4,3,0,0,0,0,0,0,0,63,1009,16,63.0625,1,1,3,3295,2,5,0
Graduation,Single,22804.0,1,0,75,14,1,7,2,1,1,1,2,0,2,9,0,0,0,0,0,0,0,50,26,5,5.2,0,1,2,3075,2,4,1
Graduation,Married,73687.0,0,0,8,559,153,503,218,13,181,1,3,9,9,2,0,0,0,1,0,0,1,31,1627,22,73.95454545454545,1,0,2,2955,2,3,0
Graduation,Married,61074.0,0,1,37,789,0,133,0,28,152,7,11,5,8,7,0,0,0,0,0,0,0,63,1102,31,35.54838709677419,1,1,3,3423,2,3,2
PhD,Married,31686.0,1,1,31,11,0,5,0,0,1,2,1,0,3,6,0,0,0,0,0,0,0,57,17,6,2.8333333333333335,1,2,4,2766,4,3,1
Graduation,Married,80134.0,1,0,40,1218,16,272,104,0,80,2,5,3,6,6,0,1,1,1,0,0,1,49,1690,16,105.625,1,1,3,3147,2,3,0
Graduation,Married,75027.0,0,1,74,925,64,179,133,12,77,2,9,4,6,5,0,0,0,0,0,0,0,68,1390,21,66.19047619047619,1,1,3,3278,2,3,2
PhD,Married,67546.0,0,0,90,864,134,768,150,38,172,1,4,10,5,3,0,0,0,0,0,0,0,33,2126,20,106.3,1,0,2,3409,4,3,0
Master,Together,65176.0,0,1,57,960,28,183,220,70,70,4,9,6,6,6,0,0,0,0,0,0,0,52,1531,25,61.24,1,1,3,3350,3,5,2
Master,Single,31160.0,1,0,59,16,3,25,6,1,13,2,2,0,3,8,0,0,0,0,0,0,0,46,64,7,9.142857142857142,0,1,2,3028,3,4,1
Graduation,Single,29938.0,1,0,52,3,3,7,0,2,11,2,1,0,3,6,0,0,0,0,0,0,0,36,26,6,4.333333333333333,0,1,2,2987,2,4,1
Graduation,Divorced,102692.0,0,0,5,168,148,444,32,172,148,1,6,9,13,2,0,1,1,1,1,0,1,47,1112,29,38.3448275862069,0,0,1,3192,2,2,0
2n Cycle,Together,26490.0,0,0,92,45,47,52,21,20,25,2,3,1,5,6,0,0,0,0,0,0,0,63,210,11,19.09090909090909,1,0,2,3387,0,5,1
Graduation,Together,75702.0,1,1,77,650,28,353,45,42,30,5,4,6,11,8,0,0,0,0,0,0,0,54,1148,26,44.15384615384615,1,2,4,3411,2,5,2
PhD,Single,30899.0,1,0,35,24,0,8,0,0,1,2,1,0,3,6,0,0,0,0,0,0,0,47,33,6,5.5,0,1,2,3366,4,4,1
PhD,Together,63342.0,0,1,48,918,21,118,13,10,21,3,8,3,5,6,0,1,0,0,0,0,0,60,1101,19,57.94736842105263,1,1,3,3363,4,5,2
Graduation,Single,45989.0,0,1,97,138,33,87,28,24,12,4,3,2,7,3,0,0,0,0,0,0,0,57,322,16,20.125,0,1,2,3357,2,4,2
Graduation,Single,18701.0,1,1,95,12,4,2,10,6,10,4,2,0,4,5,0,0,0,0,0,0,0,57,44,10,4.4,0,2,3,3132,2,4,1
PhD,Single,40737.0,2,1,24,11,0,4,0,0,2,1,1,0,2,8,0,0,0,0,0,0,0,64,17,4,4.25,0,3,4,2945,4,4,1
Graduation,Divorced,15287.0,1,0,60,1,2,8,4,3,13,2,1,1,2,7,1,0,0,0,0,0,1,42,31,6,5.166666666666667,0,1,2,3369,2,2,1
PhD,Divorced,69674.0,0,2,46,554,41,215,11,0,24,3,10,2,10,5,0,0,0,0,0,0,0,53,845,25,33.8,0,2,3,3145,4,2,2
Master,Married,44159.0,1,0,85,167,2,62,24,13,7,4,4,1,6,5,0,0,0,0,0,0,0,51,275,15,18.333333333333332,1,1,3,2754,3,3,1
PhD,Married,37717.0,1,0,31,9,0,6,4,1,5,1,1,0,2,9,0,0,0,0,0,0,0,43,25,4,6.25,1,1,3,3325,4,3,1
Master,Together,43776.0,1,1,9,177,2,71,3,2,20,6,5,2,4,8,0,0,0,0,0,0,1,69,275,17,16.176470588235293,1,2,4,3253,3,5,2
Master,Married,38179.0,1,1,30,38,4,22,4,2,20,4,3,1,3,7,0,0,0,0,0,0,0,55,90,11,8.181818181818182,1,2,4,3214,3,3,1
Graduation,Married,80124.0,0,0,47,483,84,398,205,84,241,1,3,7,8,1,1,0,0,0,0,0,0,58,1495,19,78.6842105263158,1,0,2,2745,2,3,0
PhD,Married,38097.0,1,1,70,77,2,35,0,1,69,4,3,2,2,7,1,0,0,0,0,0,1,51,184,11,16.727272727272727,1,2,4,3364,4,3,1
Graduation,Married,72940.0,0,0,13,182,74,298,162,149,116,1,3,3,6,1,0,0,0,0,0,0,0,51,981,13,75.46153846153847,1,0,2,3117,2,3,0
Graduation,Together,22070.0,1,0,11,10,7,19,8,2,21,2,2,2,2,6,0,0,0,0,0,0,0,51,67,8,8.375,1,1,3,3010,2,5,1
Graduation,Single,69267.0,0,0,31,778,44,499,95,73,146,2,3,4,5,7,0,0,0,0,0,0,1,68,1635,14,116.78571428571429,0,0,1,3387,2,4,0
Master,Single,31788.0,1,0,15,16,7,23,0,8,6,3,3,0,4,5,0,0,0,0,0,1,0,38,60,10,6.0,0,1,2,2843,3,4,1
PhD,Together,61905.0,0,1,2,167,0,43,6,2,13,2,4,2,4,5,0,0,0,0,0,0,0,46,231,12,19.25,1,1,3,2887,4,5,1
Graduation,Married,29315.0,1,1,55,13,2,14,8,7,4,4,2,0,4,6,0,0,0,0,0,0,0,61,48,10,4.8,1,2,4,2826,2,3,1
Graduation,Divorced,33378.0,1,1,38,33,6,40,3,7,10,3,2,0,4,7,0,0,0,0,0,0,0,58,99,9,11.0,0,2,3,3250,2,2,1
PhD,Together,66313.0,0,1,86,625,7,99,10,22,7,2,6,3,12,4,0,0,0,0,0,0,0,58,770,23,33.47826086956522,1,1,3,3028,4,5,2
Graduation,Single,60714.0,0,0,56,216,162,224,101,92,162,2,7,4,10,5,0,0,0,0,0,0,1,65,957,23,41.608695652173914,0,0,1,3270,2,4,0
Master,Together,77882.0,0,0,29,68,129,396,188,22,15,1,3,3,5,1,0,0,0,0,0,0,0,40,818,12,68.16666666666667,1,0,2,2802,3,5,0
PhD,Single,69867.0,0,0,30,196,0,512,33,130,54,1,3,5,8,1,0,0,0,1,0,0,1,35,925,17,54.411764705882355,0,0,1,3195,4,4,0
Master,Divorced,63841.0,0,1,64,635,15,100,20,7,131,1,9,3,9,6,0,0,0,0,0,0,0,53,908,22,41.27272727272727,0,1,2,3176,3,2,2
Basic,Married,24480.0,1,0,46,4,19,9,28,25,17,3,3,0,4,7,0,0,0,0,0,0,0,40,102,10,10.2,1,1,3,3245,1,3,1
Graduation,Together,51369.0,0,1,84,297,7,79,0,11,182,2,8,2,4,8,0,0,0,0,0,0,0,45,576,16,36.0,1,1,3,3354,2,5,2
Graduation,Together,37760.0,0,0,20,84,5,38,150,12,28,2,4,1,6,7,0,0,0,0,0,0,0,75,317,13,24.384615384615383,1,0,2,3409,2,5,1
PhD,Together,65640.0,0,1,74,204,7,149,20,15,66,1,5,1,8,2,0,0,0,0,0,0,0,47,461,15,30.733333333333334,1,1,3,2862,4,5,2
Master,Married,44319.0,1,1,18,26,0,8,0,0,3,2,2,0,3,5,0,0,0,0,0,0,0,46,37,7,5.285714285714286,1,2,4,2815,3,3,1
Graduation,Married,30631.0,1,0,75,15,6,20,4,5,20,1,3,1,2,7,0,0,0,0,0,0,0,47,70,7,10.0,1,1,3,3094,2,3,1
Graduation,Together,75278.0,0,0,17,304,98,230,150,74,74,1,6,3,13,3,0,0,0,0,0,0,0,69,930,23,40.43478260869565,1,0,2,3258,2,5,0
Master,Together,50898.0,1,1,88,285,28,242,55,114,135,13,6,2,12,5,0,0,0,0,0,0,0,65,859,33,26.03030303030303,1,2,4,3279,3,5,2
Graduation,Widow,79946.0,0,0,19,395,183,565,166,141,28,1,5,11,5,3,0,0,0,0,0,0,0,55,1478,22,67.18181818181819,0,0,1,2790,2,6,0
Master,Divorced,35416.0,0,0,62,248,3,81,4,3,51,3,7,1,5,8,0,0,0,0,0,0,0,72,390,16,24.375,0,0,1,3123,3,2,2
2n Cycle,Together,32414.0,0,0,11,20,6,5,0,9,12,1,1,0,3,7,1,0,0,0,0,0,0,37,52,5,10.4,1,0,2,3102,0,5,1
Graduation,Together,38361.0,1,0,74,39,0,56,20,8,14,3,3,1,3,7,0,0,0,0,0,0,0,52,137,10,13.7,1,1,3,2926,2,5,1
Graduation,Married,82497.0,0,0,32,777,129,573,216,21,203,1,2,7,9,4,0,0,1,0,0,0,0,41,1919,19,101.0,1,0,2,3348,2,3,0
Graduation,Together,16626.0,2,0,76,8,3,22,21,1,13,3,3,0,3,9,0,0,0,0,0,0,0,50,68,9,7.555555555555555,1,2,4,2907,2,5,1
Graduation,Together,29672.0,1,1,6,9,1,3,0,4,8,1,0,0,3,6,0,0,0,0,0,0,0,56,25,4,6.25,1,2,4,3216,2,5,1
Master,Together,55951.0,0,1,62,1241,0,80,0,13,40,3,3,6,11,8,0,1,0,0,1,0,0,69,1374,23,59.73913043478261,1,1,3,3417,3,5,2
2n Cycle,Divorced,35388.0,1,0,20,6,4,7,4,3,8,1,1,0,3,7,0,0,0,0,0,0,0,33,32,5,6.4,0,1,2,3221,0,2,1
Master,Together,42386.0,1,0,43,65,4,16,0,4,11,1,3,0,3,8,0,0,0,0,0,0,0,35,100,7,14.285714285714286,1,1,3,3274,3,5,1
Graduation,Single,68627.0,0,0,45,395,15,263,60,54,38,1,2,3,6,1,0,0,0,0,0,0,0,39,825,12,68.75,0,0,1,3275,2,4,0
PhD,Divorced,57912.0,0,1,34,801,0,80,0,0,35,5,8,3,12,5,0,1,0,0,0,0,0,56,916,28,32.714285714285715,0,1,2,2846,4,2,2
Graduation,Divorced,35246.0,1,1,53,36,0,12,2,2,10,4,3,1,3,5,0,0,0,0,0,0,0,63,62,11,5.636363636363637,0,2,3,2816,2,2,1
2n Cycle,Together,58821.0,0,1,44,513,14,154,19,0,28,1,9,2,9,6,0,0,0,0,0,0,0,65,728,21,34.666666666666664,1,1,3,3002,0,5,2
PhD,Married,46377.0,1,0,89,37,0,46,4,3,0,1,2,1,3,4,0,0,0,0,0,0,0,43,90,7,12.857142857142858,1,1,3,2862,4,3,1
Graduation,Single,39747.0,1,0,43,80,15,93,20,13,52,3,5,1,4,8,0,0,0,0,0,0,0,33,273,13,21.0,0,1,2,2819,2,4,1
Graduation,Together,23976.0,1,0,68,14,1,21,2,3,25,3,3,1,3,7,0,0,0,0,0,0,0,37,66,10,6.6,1,1,3,2926,2,5,1
Master,Married,80950.0,0,0,44,525,147,112,219,147,63,1,6,7,9,2,0,0,0,1,0,0,0,60,1213,23,52.73913043478261,1,0,2,3200,3,3,0
Graduation,Widow,27038.0,0,0,64,1,26,25,17,23,15,1,3,0,3,9,0,0,0,0,0,0,1,55,107,7,15.285714285714286,0,0,1,3391,2,6,1
Graduation,Single,77457.0,0,0,85,675,11,400,15,45,11,1,2,5,10,1,0,0,1,0,0,0,0,74,1157,18,64.27777777777777,0,0,1,2858,2,4,0
Master,Married,64100.0,0,1,93,509,0,27,0,0,10,1,8,3,6,7,0,1,0,0,0,0,0,57,546,18,30.333333333333332,1,1,3,3034,3,3,2
Master,Together,42670.0,0,0,12,154,2,46,20,4,15,1,4,2,4,4,0,0,0,0,0,0,0,29,241,11,21.90909090909091,1,0,2,3170,3,5,1
Graduation,Divorced,12571.0,1,0,86,3,5,14,2,12,17,4,3,1,3,6,0,0,0,0,0,0,0,45,53,11,4.818181818181818,0,1,2,2904,2,2,1
Graduation,Married,22574.0,2,1,28,25,0,8,2,0,2,2,2,0,3,7,0,0,0,0,0,0,0,54,37,7,5.285714285714286,1,3,5,2986,2,3,1
Master,Single,70893.0,0,0,42,768,44,561,77,44,14,1,6,6,10,3,0,0,0,0,0,0,0,45,1508,23,65.56521739130434,0,0,1,3250,3,4,0
Graduation,Married,54198.0,1,1,13,185,0,28,3,2,17,6,3,1,6,4,0,0,0,0,0,0,0,55,235,16,14.6875,1,2,4,2936,2,3,1
Master,Together,28839.0,1,1,86,24,0,7,0,0,1,2,2,0,3,5,0,0,0,0,0,0,0,65,32,7,4.571428571428571,1,2,4,2852,3,5,1
Graduation,Married,40321.0,1,1,59,44,4,21,6,0,27,2,3,0,3,7,0,0,0,0,0,0,0,49,102,8,12.75,1,2,4,3077,2,3,1
Graduation,Single,66503.0,1,0,30,91,64,128,65,3,50,2,4,3,6,3,0,0,0,0,0,0,0,36,401,15,26.733333333333334,0,1,2,3426,2,4,1
Graduation,Married,30833.0,1,1,33,11,0,7,3,1,6,2,1,0,3,5,0,0,0,0,0,0,0,70,28,6,4.666666666666667,1,2,4,3090,2,3,1
Graduation,Married,64795.0,0,1,23,412,5,119,38,29,77,3,3,3,12,2,0,0,0,0,0,0,0,50,680,21,32.38095238095238,1,1,3,3270,2,3,2
Graduation,Married,34421.0,1,0,81,3,3,7,6,2,9,1,1,0,2,7,0,0,0,0,0,0,0,47,30,4,7.5,1,1,3,3105,2,3,1
PhD,Divorced,47025.0,1,1,6,16,0,3,0,0,1,1,1,0,2,7,0,0,0,0,0,0,0,56,20,4,5.0,0,2,3,2882,4,2,1
PhD,Divorced,64325.0,0,1,41,731,60,353,78,12,73,5,10,3,5,7,0,0,0,0,0,0,0,60,1307,23,56.82608695652174,0,1,2,3249,4,2,2
Graduation,Single,40464.0,0,1,78,424,17,118,7,23,41,6,8,2,8,8,0,0,0,0,0,0,0,68,630,24,26.25,0,1,2,3276,2,4,2
Graduation,Married,62187.0,0,0,49,792,0,275,45,45,126,1,4,8,5,3,0,0,0,0,0,0,0,64,1283,18,71.27777777777777,1,0,2,3101,2,3,0
PhD,Divorced,14849.0,1,0,39,21,2,28,3,2,9,3,2,0,4,8,0,0,0,0,0,0,0,45,65,9,7.222222222222222,0,1,2,3104,4,2,1
Graduation,Married,27255.0,1,0,3,22,1,11,0,1,2,1,1,0,3,7,0,0,0,0,0,0,0,37,37,5,7.4,1,1,3,2976,2,3,1
PhD,Married,54432.0,2,1,37,33,0,5,0,0,0,1,1,0,3,4,0,0,0,0,0,0,0,71,38,5,7.6,1,3,5,3158,4,3,1
PhD,Single,29999.0,1,0,22,68,7,59,10,5,11,4,3,1,4,8,0,0,0,0,0,0,0,35,160,12,13.333333333333334,0,1,2,3243,4,4,1
Graduation,Single,24072.0,1,0,79,9,1,6,3,0,4,1,1,0,2,8,0,0,0,0,0,0,0,38,23,4,5.75,0,1,2,3181,2,4,1
PhD,Single,33996.0,0,0,46,40,2,15,8,0,6,1,1,1,3,4,0,0,0,0,0,0,0,32,71,6,11.833333333333334,0,0,1,3033,4,4,1
PhD,Married,66334.0,0,1,82,909,11,218,0,0,23,2,9,3,5,5,0,0,0,0,0,0,1,65,1161,19,61.10526315789474,1,1,3,3194,4,3,2
Master,Married,35178.0,1,0,10,23,1,13,2,2,18,1,1,1,2,7,1,0,0,0,0,0,1,50,59,5,11.8,1,1,3,3277,3,3,1
Graduation,Together,22010.0,1,0,51,11,2,9,3,0,8,2,2,0,3,8,0,0,0,0,0,0,0,38,33,7,4.714285714285714,1,1,3,3106,2,5,1
Graduation,Divorced,62204.0,0,2,38,317,46,247,151,46,139,1,4,5,12,3,0,0,0,0,0,0,0,61,946,22,43.0,0,2,3,3397,2,2,2
Graduation,Divorced,75693.0,0,0,10,797,153,293,72,97,30,1,11,4,6,4,0,1,1,1,0,0,1,53,1442,22,65.54545454545455,0,0,1,3312,2,2,0
Graduation,Married,30675.0,1,0,14,10,2,16,11,2,21,1,1,0,3,8,0,0,0,0,0,0,0,49,62,5,12.4,1,1,3,3336,2,3,1
Graduation,Together,83003.0,0,0,18,856,61,570,40,25,122,1,7,6,8,3,0,0,1,0,0,0,1,56,1674,22,76.0909090909091,1,0,2,3225,2,5,0
Graduation,Single,68655.0,0,0,95,456,19,832,75,118,38,1,4,5,11,3,0,0,0,0,0,0,0,33,1538,21,73.23809523809524,0,0,1,3430,2,4,0
Graduation,Divorced,41411.0,0,0,11,37,32,38,11,3,18,1,2,1,4,6,0,0,0,0,0,0,0,35,139,8,17.375,0,0,1,2946,2,2,1
PhD,Married,55212.0,0,1,65,1103,0,45,0,0,34,3,4,2,11,8,0,1,0,0,1,0,0,52,1182,20,59.1,1,1,3,3325,4,3,2
PhD,Together,59292.0,0,1,71,378,14,68,19,14,14,2,3,5,8,3,0,0,0,0,0,0,0,71,507,18,28.166666666666668,1,1,3,3123,4,5,2
Basic,Together,27190.0,1,0,13,1,6,7,0,1,3,1,1,0,2,8,1,0,0,0,0,0,1,48,18,4,4.5,1,1,3,3060,1,5,1
Graduation,Divorced,82623.0,0,0,58,204,34,204,172,153,173,1,2,9,4,1,0,0,0,0,0,0,0,69,940,16,58.75,0,0,1,2973,2,2,0
Graduation,Married,44300.0,1,1,65,30,0,9,0,0,3,2,1,0,3,6,0,0,0,0,0,0,0,56,42,6,7.0,1,2,4,3113,2,3,1
Graduation,Divorced,84835.0,0,0,0,189,104,379,111,189,218,1,4,4,6,1,0,0,0,0,0,0,1,51,1190,15,79.33333333333333,0,0,1,2755,2,2,0
Graduation,Widow,30372.0,1,1,33,15,0,12,7,3,7,3,2,0,3,7,0,0,0,0,0,0,0,50,44,8,5.5,0,2,3,3293,2,6,1
Master,Married,33181.0,1,0,90,9,0,3,0,0,4,1,1,0,2,6,1,0,0,0,0,0,0,45,16,4,4.0,1,1,3,2919,3,3,1
Graduation,Married,71113.0,0,1,95,495,33,255,11,33,8,4,6,7,9,4,0,0,0,0,0,0,0,64,835,26,32.11538461538461,1,1,3,2936,2,3,2
Graduation,Married,71952.0,1,0,93,656,80,455,52,107,93,2,8,4,8,4,1,0,1,0,0,0,0,35,1443,22,65.5909090909091,1,1,3,3277,2,3,0
PhD,Single,69759.0,0,0,38,452,20,514,13,30,0,3,4,6,5,3,0,0,0,0,0,0,1,55,1029,18,57.166666666666664,0,0,1,2986,4,4,0
Graduation,Married,72099.0,0,0,18,546,91,410,119,0,22,1,3,4,10,1,0,0,0,0,0,0,0,47,1188,18,66.0,1,0,2,3352,2,3,0
PhD,Single,60000.0,0,1,57,1048,0,217,0,0,12,5,11,3,5,6,0,0,0,0,0,0,0,45,1277,24,53.208333333333336,0,1,2,3296,4,4,2
Graduation,Single,38643.0,1,1,45,22,2,14,0,1,10,2,2,0,3,7,0,0,0,0,0,1,0,43,49,7,7.0,0,2,3,2954,2,4,1
Graduation,Married,50737.0,0,1,61,78,0,11,0,0,10,1,2,0,4,6,0,1,0,0,0,0,0,66,99,7,14.142857142857142,1,1,3,3156,2,3,1
PhD,Married,68462.0,0,0,6,561,64,785,84,128,48,1,3,3,8,1,0,0,0,0,0,0,0,52,1670,15,111.33333333333333,1,0,2,3306,4,3,0
Master,Married,65073.0,0,0,65,629,17,177,69,0,8,1,5,3,5,2,0,0,0,0,0,1,0,78,900,14,64.28571428571429,1,0,2,3055,3,3,0
PhD,Together,46681.0,0,2,52,269,15,69,15,19,38,2,4,6,4,5,0,0,0,0,0,0,0,73,425,16,26.5625,1,2,4,3006,4,5,2
Graduation,Married,78618.0,0,0,87,736,163,818,212,163,61,1,4,7,10,2,0,1,0,0,0,0,0,64,2153,22,97.86363636363636,1,0,2,3381,2,3,0
PhD,Widow,62187.0,0,1,38,512,0,83,0,0,41,3,6,2,10,4,0,0,0,0,0,0,0,52,636,21,30.285714285714285,0,1,2,2841,4,6,2
Graduation,Married,28442.0,2,0,53,19,3,10,11,8,6,3,2,1,4,4,0,0,0,0,0,0,0,43,57,10,5.7,1,2,4,2867,2,3,1
PhD,Married,37717.0,1,0,31,9,0,6,4,1,5,1,1,0,2,9,0,0,0,0,0,0,0,43,25,4,6.25,1,1,3,3325,4,3,1
Graduation,Married,51479.0,1,1,67,247,8,160,6,8,65,7,6,3,6,7,0,0,0,0,0,0,0,54,494,22,22.454545454545453,1,2,4,3290,2,3,2
Graduation,Single,54803.0,0,1,65,404,0,92,28,27,142,2,6,2,9,4,0,0,0,0,0,0,0,52,693,19,36.473684210526315,0,1,2,3419,2,4,2
Graduation,Married,79530.0,0,0,64,333,0,815,129,42,29,1,4,10,11,2,0,0,0,0,0,0,0,61,1348,26,51.84615384615385,1,0,2,3150,2,3,0
Graduation,Divorced,31615.0,1,0,82,2,3,20,6,11,9,2,2,0,3,7,0,0,0,0,0,0,0,45,51,7,7.285714285714286,0,1,2,3212,2,2,1
Graduation,Together,72025.0,0,0,27,833,33,549,151,133,233,1,4,3,8,3,0,0,0,0,0,0,0,59,1932,16,120.75,1,0,2,3331,2,5,0
PhD,Single,52614.0,0,1,63,789,0,142,12,9,38,2,2,4,8,8,0,0,0,0,0,0,0,46,990,16,61.875,0,1,2,3317,4,4,2
2n Cycle,Married,35684.0,1,0,66,10,4,7,0,6,3,1,1,0,3,6,0,0,0,0,0,0,0,37,30,5,6.0,1,1,3,2810,0,3,1
Graduation,Married,48178.0,1,1,69,159,4,45,6,2,38,6,5,1,4,8,0,0,0,0,0,0,0,46,254,16,15.875,1,2,4,3351,2,3,1
Master,Single,29548.0,1,0,52,7,1,6,3,1,11,1,1,1,2,4,1,0,0,0,0,0,0,51,29,5,5.8,0,1,2,3046,3,4,1
Graduation,Single,63810.0,0,1,45,977,12,253,16,12,101,4,4,3,12,8,0,1,0,0,0,0,0,55,1371,23,59.608695652173914,0,1,2,3337,2,4,2
PhD,Single,38578.0,1,1,2,38,4,22,3,3,3,3,3,0,3,8,0,0,0,0,0,0,1,49,73,9,8.11111111111111,0,2,3,3114,4,4,1
Master,Single,46098.0,1,1,86,57,0,27,0,0,36,4,3,2,2,8,0,0,0,0,0,0,0,46,120,11,10.909090909090908,0,2,3,3422,3,4,1
Graduation,Single,22585.0,0,0,23,3,9,15,13,2,39,1,1,1,2,9,1,0,0,0,0,0,1,51,81,5,16.2,0,0,1,3210,2,4,1
Graduation,Single,30279.0,1,0,13,10,4,14,4,4,1,1,1,0,3,8,0,0,0,0,0,0,0,32,37,5,7.4,0,1,2,3288,2,4,1
PhD,Together,66426.0,0,1,14,1043,24,97,32,24,157,2,3,5,10,6,0,0,0,0,0,0,0,60,1377,20,68.85,1,1,3,3012,4,5,2
Graduation,Single,30822.0,1,0,92,3,9,13,2,12,12,1,1,0,3,7,0,0,0,0,0,0,0,52,51,5,10.2,0,1,2,3122,2,4,1
PhD,Married,33581.0,2,0,38,11,0,5,0,0,1,1,1,0,2,8,0,0,0,0,0,0,0,52,17,4,4.25,1,2,4,3279,4,3,1
Graduation,Married,19986.0,1,0,74,3,6,5,0,2,6,1,0,0,3,7,0,0,0,0,0,0,0,36,22,4,5.5,1,1,3,2969,2,3,1
Graduation,Widow,27421.0,0,0,14,43,12,96,78,40,55,3,4,1,6,7,0,0,0,0,0,0,0,67,324,14,23.142857142857142,0,0,1,3306,2,6,1
2n Cycle,Married,35688.0,2,1,94,73,3,90,12,1,32,7,4,1,4,8,0,0,0,0,0,0,0,48,211,16,13.1875,1,3,5,3418,0,3,1
Master,Single,36143.0,1,0,33,12,0,1,0,0,6,1,0,1,2,3,0,0,0,0,0,0,0,40,19,4,4.75,0,1,2,2833,3,4,1
Graduation,Single,10245.0,1,0,32,4,7,7,6,4,13,3,1,2,2,5,0,0,0,0,0,0,0,50,41,8,5.125,0,1,2,3152,2,4,1
Master,Together,43795.0,0,1,11,314,11,53,4,3,107,3,7,3,4,7,0,1,0,0,0,0,1,53,492,17,28.941176470588236,1,1,3,2998,3,5,2
Graduation,Together,63381.0,0,1,78,571,50,142,33,50,159,4,4,5,13,2,0,0,0,0,0,0,0,61,1005,26,38.65384615384615,1,1,3,3374,2,5,2
Graduation,Together,38823.0,0,1,56,70,0,11,2,8,23,1,2,1,3,6,0,0,0,0,0,0,0,72,114,7,16.285714285714285,1,1,3,3410,2,5,1
PhD,Divorced,83664.0,1,1,57,866,21,151,28,21,86,3,2,2,12,5,0,0,0,0,0,0,0,53,1173,19,61.73684210526316,0,2,3,3159,4,2,2
Graduation,Together,90300.0,0,0,7,594,134,786,33,134,57,0,5,6,8,1,0,0,1,0,0,0,0,42,1738,19,91.47368421052632,1,0,2,2919,2,5,0
Master,Together,62499.0,1,0,0,140,4,61,0,13,4,2,3,1,6,4,0,0,0,0,0,0,0,42,222,12,18.5,1,1,3,2944,3,5,1
Graduation,Single,74293.0,0,0,66,375,152,335,93,91,81,1,5,4,6,2,0,0,0,0,0,0,0,28,1127,16,70.4375,0,0,1,2798,2,4,0
PhD,Married,51012.0,0,0,86,102,9,63,2,9,24,1,4,1,4,6,0,0,0,0,0,0,0,75,209,10,20.9,1,0,2,3179,4,3,1
Master,Married,70777.0,0,1,80,554,35,113,0,7,78,3,5,3,12,3,0,0,0,0,0,0,0,53,787,23,34.21739130434783,1,1,3,2866,3,3,2
PhD,Together,68682.0,0,0,56,919,0,505,99,30,45,1,4,9,10,2,0,0,0,0,0,0,0,30,1598,24,66.58333333333333,1,0,2,3008,4,5,0
Graduation,Married,43824.0,1,1,18,96,1,42,12,3,32,4,3,1,4,8,0,0,0,0,0,0,0,50,186,12,15.5,1,2,4,3394,2,3,1
Graduation,Together,15345.0,1,0,51,5,2,16,3,2,19,2,1,1,2,8,0,0,0,0,0,0,1,37,47,6,7.833333333333333,1,1,3,3409,2,5,1
Graduation,Single,23442.0,1,0,71,2,0,6,8,6,5,1,1,0,3,7,0,0,0,0,0,0,0,34,27,5,5.4,0,1,2,3294,2,4,1
2n Cycle,Together,14515.0,1,0,71,6,4,9,6,36,35,4,2,2,3,7,0,0,0,0,0,0,1,41,96,11,8.727272727272727,1,1,3,3339,0,5,1
2n Cycle,Divorced,31395.0,1,1,80,23,1,25,0,8,7,4,2,1,3,6,0,0,0,0,0,0,0,65,64,10,6.4,0,2,3,3205,0,2,1
Graduation,Together,75276.0,0,0,2,610,105,125,137,42,21,1,9,4,9,5,0,0,0,0,0,0,0,56,1040,23,45.21739130434783,1,0,2,3382,2,5,0
Graduation,Single,42373.0,1,1,83,67,5,61,3,8,19,5,2,1,5,5,0,0,0,0,0,0,0,47,163,13,12.538461538461538,0,2,3,3060,2,4,1
Graduation,Together,30507.0,0,0,29,65,36,74,38,20,110,1,5,1,4,7,0,0,0,0,0,0,0,61,343,11,31.181818181818183,1,0,2,3217,2,5,1
PhD,Single,55521.0,1,2,11,416,0,26,0,0,4,9,6,3,6,7,0,1,0,0,0,0,1,66,446,24,18.583333333333332,0,3,4,2992,4,4,2
Graduation,Married,48006.0,1,1,55,23,0,11,3,2,2,1,1,0,3,6,0,0,0,0,0,0,0,56,41,5,8.2,1,2,4,2762,2,3,1
PhD,Single,27213.0,1,0,19,19,3,26,10,9,3,3,2,0,4,8,0,0,0,0,0,0,1,49,70,9,7.777777777777778,0,1,2,3410,4,4,1
PhD,Divorced,65808.0,1,1,1,155,7,80,13,7,10,3,5,1,5,6,0,0,0,0,0,0,0,50,272,14,19.428571428571427,0,2,3,2772,4,2,1
PhD,Together,30351.0,1,0,19,14,0,24,3,3,2,1,3,0,2,9,0,0,0,0,0,0,0,47,46,6,7.666666666666667,1,1,3,3130,4,5,1
Graduation,Married,50437.0,0,2,28,370,9,92,6,9,4,3,7,1,8,7,0,0,0,0,0,0,0,58,490,19,25.789473684210527,1,2,4,3362,2,3,2
2n Cycle,Single,23616.0,1,0,76,4,22,11,3,7,32,2,3,0,3,8,0,0,0,0,0,0,1,39,79,8,9.875,0,1,2,3331,0,4,1
Graduation,Married,53858.0,0,1,50,407,53,221,58,150,26,4,4,3,6,4,0,0,0,0,0,0,0,45,915,17,53.8235294117647,1,1,3,3339,2,3,2
PhD,Married,66465.0,0,1,1,1200,0,204,38,29,14,3,11,9,12,6,0,0,0,1,0,0,0,66,1485,35,42.42857142857143,1,1,3,3198,4,3,2
Graduation,Single,46923.0,1,0,90,85,44,54,102,78,6,3,5,1,7,7,0,0,0,0,0,0,0,34,369,16,23.0625,0,1,2,3418,2,4,1
Graduation,Together,75072.0,0,1,83,583,34,309,0,22,125,2,5,4,8,3,0,0,0,0,0,0,0,59,1073,19,56.473684210526315,1,1,3,3264,2,5,2
PhD,Married,75865.0,0,0,73,483,0,591,156,0,12,1,3,5,10,1,0,0,0,0,0,0,0,78,1242,19,65.36842105263158,1,0,2,2832,4,3,0
2n Cycle,Together,19789.0,1,0,24,2,5,9,28,6,28,3,2,1,3,5,1,0,0,0,0,0,0,46,78,9,8.666666666666666,1,1,3,2963,0,5,1
Graduation,Together,80134.0,0,0,11,966,26,282,52,26,26,1,2,7,11,5,0,1,1,1,1,0,0,27,1378,21,65.61904761904762,1,0,2,2877,2,5,0
Graduation,Single,91065.0,0,0,33,822,114,108,179,137,114,1,7,9,9,3,0,0,1,1,0,0,1,40,1474,26,56.69230769230769,0,0,1,3234,2,4,0
Master,Married,49505.0,1,1,4,604,0,100,19,0,28,9,10,2,8,8,0,0,0,0,0,0,0,50,751,29,25.896551724137932,1,2,4,3223,3,3,2
PhD,Married,37401.0,1,0,14,19,3,19,3,1,3,2,2,0,3,7,0,0,0,0,0,0,0,48,48,7,6.857142857142857,1,1,3,2796,4,3,1
Graduation,Married,30096.0,1,0,30,5,3,11,12,5,9,1,2,0,3,6,0,0,0,0,0,0,0,38,45,6,7.5,1,1,3,2780,2,3,1
Master,Together,18492.0,1,0,75,2,2,2,2,1,1,1,1,0,2,8,0,0,0,0,0,0,0,39,10,4,2.5,1,1,3,2766,3,5,1
Master,Married,82584.0,0,0,26,1076,68,103,29,91,68,1,3,4,8,1,0,1,1,0,0,0,1,47,1435,16,89.6875,1,0,2,3132,3,3,0
PhD,Married,93027.0,0,0,77,1285,42,716,55,0,21,0,7,10,5,2,0,0,1,0,0,0,0,80,2119,22,96.31818181818181,1,0,2,3184,4,3,0
Graduation,Married,48686.0,1,2,8,10,0,7,2,0,1,1,1,0,2,8,0,0,0,0,0,0,0,68,20,4,5.0,1,3,5,2949,2,3,1
Graduation,Married,92910.0,0,0,42,551,137,792,179,103,33,1,6,7,13,1,0,1,1,1,0,0,0,35,1795,27,66.48148148148148,1,0,2,2808,2,3,0
Graduation,Married,75433.0,1,0,28,800,0,297,0,34,57,2,2,5,10,6,0,1,0,1,0,0,0,32,1188,19,62.526315789473685,1,1,3,2827,2,3,2
2n Cycle,Together,10404.0,1,0,52,2,2,11,10,6,12,2,1,0,4,5,0,0,0,0,0,0,0,32,43,7,6.142857142857143,1,1,3,2798,0,5,1
Graduation,Married,61314.0,0,1,1,378,0,189,97,172,172,2,5,5,12,3,0,0,0,0,0,0,0,53,1008,24,42.0,1,1,3,3172,2,3,0
PhD,Single,84865.0,0,0,1,1248,16,349,43,16,16,1,2,4,9,4,0,1,1,1,1,0,1,60,1688,16,105.5,0,0,1,3158,4,4,0
Graduation,Married,42387.0,1,0,42,235,0,235,19,4,191,5,8,1,7,8,0,0,0,0,0,0,0,32,684,21,32.57142857142857,1,1,3,3350,2,3,2
2n Cycle,Together,67309.0,1,1,76,515,47,181,149,95,95,15,9,6,9,7,0,0,0,0,0,0,0,54,1082,39,27.743589743589745,1,2,4,3264,0,5,2
Graduation,Married,75236.0,0,1,27,438,66,400,12,38,114,1,8,3,13,4,0,0,0,0,0,0,0,57,1068,25,42.72,1,1,3,2958,2,3,2
Graduation,Single,30015.0,1,0,28,25,0,22,2,3,5,2,1,0,4,5,0,0,0,0,0,0,0,51,57,7,8.142857142857142,0,1,2,2889,2,4,1
Master,Together,50943.0,0,1,49,31,0,7,2,0,6,1,1,0,3,5,0,0,0,0,0,0,0,65,46,5,9.2,1,1,3,3115,3,5,1
Graduation,Divorced,67272.0,0,1,12,357,35,271,28,28,14,3,6,2,12,5,0,0,0,0,0,0,0,55,733,23,31.869565217391305,0,1,2,2932,2,2,2
Master,Widow,51529.0,0,1,14,400,4,35,6,0,22,2,9,1,5,8,0,0,0,0,0,0,0,72,467,17,27.470588235294116,0,1,2,3037,3,6,2
PhD,Married,32011.0,1,0,89,99,0,15,2,1,5,3,2,1,4,7,0,0,0,0,0,0,0,50,122,10,12.2,1,1,3,3053,4,3,1
2n Cycle,Married,7500.0,1,0,96,1,11,5,4,6,9,2,2,0,3,8,0,0,0,0,0,0,0,35,36,7,5.142857142857143,1,1,3,3249,0,3,1
Graduation,Married,28691.0,1,0,56,5,4,13,8,0,4,1,1,0,3,8,0,0,0,0,0,0,0,32,34,5,6.8,1,1,3,3102,2,3,1
PhD,Married,56223.0,0,1,72,77,28,31,16,0,4,2,2,1,5,4,0,0,0,0,0,0,0,73,156,10,15.6,1,1,3,2933,4,3,1
Graduation,Married,18100.0,0,0,14,3,1,2,4,3,1,1,0,0,3,5,0,0,0,0,0,0,0,75,14,4,3.5,1,0,2,3069,2,3,1
Graduation,Single,30279.0,1,0,13,10,4,14,4,4,1,1,1,0,3,8,0,0,0,0,0,0,0,32,37,5,7.4,0,1,2,3288,2,4,1
2n Cycle,Married,20130.0,0,0,99,0,6,3,7,6,12,1,1,0,3,8,0,0,0,0,0,0,0,47,34,5,6.8,1,0,2,2846,0,3,1
Graduation,Divorced,23295.0,0,0,72,0,0,1,2,12,5,1,1,0,2,8,0,0,0,0,0,0,0,62,20,4,5.0,0,0,1,3093,2,2,1
Master,Divorced,42618.0,1,0,92,76,14,74,13,5,10,2,5,0,4,8,0,0,0,0,0,0,0,49,192,11,17.454545454545453,0,1,2,3005,3,2,1
Graduation,Single,81246.0,0,0,87,398,190,537,61,156,37,1,4,5,7,1,1,0,0,1,0,0,0,57,1379,17,81.11764705882354,0,0,1,2924,2,4,0
Graduation,Married,24027.0,1,0,7,14,7,11,11,0,5,2,2,0,3,8,0,0,0,0,0,0,0,45,48,7,6.857142857142857,1,1,3,3127,2,3,1
PhD,Married,55707.0,0,1,91,208,7,82,30,66,35,2,3,2,9,3,0,0,0,0,0,0,0,68,428,16,26.75,1,1,3,2931,4,3,2
Graduation,Single,57959.0,0,1,71,430,16,322,43,24,33,5,4,7,11,3,0,0,0,0,0,0,0,66,868,27,32.148148148148145,0,1,2,3165,2,4,2
Graduation,Married,56796.0,0,1,24,656,38,161,62,47,37,3,8,9,7,7,0,0,0,0,0,0,0,52,1001,27,37.074074074074076,1,1,3,3240,2,3,2
Master,Single,36230.0,1,0,17,14,2,30,8,2,3,1,2,0,4,5,0,0,0,0,0,0,0,50,59,7,8.428571428571429,0,1,2,2997,3,4,1
2n Cycle,Married,70829.0,1,1,87,141,70,106,72,19,23,2,4,2,8,3,0,0,0,0,0,0,0,41,431,16,26.9375,1,2,4,2952,0,3,1
Graduation,Married,65991.0,0,1,21,507,19,364,25,47,9,3,9,5,10,7,0,0,0,0,0,0,0,45,971,27,35.96296296296296,1,1,3,3402,2,3,2
Graduation,Married,38988.0,1,2,90,164,24,103,12,3,42,7,5,1,6,8,0,0,0,0,0,0,0,49,348,19,18.31578947368421,1,3,5,3420,2,3,2
2n Cycle,Single,89572.0,0,0,44,606,24,974,197,194,64,1,7,7,9,4,0,1,0,1,0,0,1,55,2059,24,85.79166666666667,0,0,1,3394,0,4,0
Master,Married,42207.0,1,0,71,116,11,72,3,17,46,4,4,1,5,6,1,0,0,0,0,0,1,37,265,14,18.928571428571427,1,1,3,3196,3,3,1
Graduation,Married,50300.0,0,1,52,143,15,60,24,23,5,2,2,1,8,2,0,0,0,0,0,0,0,69,270,13,20.76923076923077,1,1,3,2777,2,3,1
2n Cycle,Together,66664.0,0,0,78,398,96,447,220,96,32,1,5,7,6,3,0,0,0,0,0,0,0,39,1289,19,67.84210526315789,1,0,2,3384,0,5,0
Graduation,Married,60597.0,0,1,2,522,0,257,32,16,66,4,2,2,8,7,0,0,0,1,0,0,1,57,893,16,55.8125,1,1,3,2921,2,3,2
Graduation,Widow,70165.0,0,0,60,161,0,253,199,191,122,1,3,7,11,1,0,0,0,0,0,0,0,72,926,22,42.09090909090909,0,0,1,3022,2,6,0
PhD,Widow,50520.0,0,1,25,112,0,6,2,1,14,2,3,1,3,6,0,0,0,0,0,0,0,63,135,9,15.0,0,1,2,2894,4,6,1
Graduation,Married,80124.0,0,0,47,483,84,398,205,84,241,1,3,7,8,1,1,0,0,0,0,0,0,58,1495,19,78.6842105263158,1,0,2,2745,2,3,0
Graduation,Married,33183.0,1,0,46,7,5,39,17,15,37,2,4,0,3,7,0,0,0,0,0,0,0,46,120,9,13.333333333333334,1,1,3,2867,2,3,1
PhD,Single,66582.0,0,0,83,789,25,420,16,38,0,1,2,8,9,1,0,0,0,0,0,0,0,52,1288,20,64.4,0,0,1,2860,4,4,0
PhD,Together,75261.0,0,0,17,1239,17,413,23,34,17,1,5,6,5,2,0,1,1,0,0,0,1,66,1743,17,102.52941176470588,1,0,2,3174,4,5,0
Graduation,Widow,31880.0,1,0,13,4,1,5,2,0,3,1,1,0,2,8,0,0,0,0,0,0,0,51,15,4,3.75,0,1,2,3348,2,6,1
Graduation,Married,53790.0,0,2,86,335,42,127,28,5,5,3,7,2,8,6,0,0,0,0,0,0,0,70,542,20,27.1,1,2,4,2857,2,3,2
PhD,Together,49269.0,1,0,92,639,8,166,11,8,58,3,7,3,12,7,0,0,0,0,0,0,0,50,890,25,35.6,1,1,3,3425,4,5,2
Graduation,Married,61456.0,0,1,47,563,76,384,84,192,89,4,6,10,13,4,0,0,0,0,0,0,0,46,1388,33,42.06060606060606,1,1,3,3201,2,3,0
Graduation,Married,37406.0,1,0,18,2,0,8,2,2,3,1,1,0,2,8,0,0,0,0,0,0,1,41,17,4,4.25,1,1,3,3004,2,3,1
PhD,Together,56937.0,1,0,81,746,8,125,11,8,8,7,8,6,9,6,0,1,0,0,0,0,1,40,906,30,30.2,1,1,3,3436,4,5,2
Graduation,Married,38415.0,1,1,91,22,1,13,4,0,4,2,1,0,3,7,0,0,0,0,0,0,0,43,44,6,7.333333333333333,1,2,4,3285,2,3,1
Graduation,Single,20518.0,1,0,58,4,1,6,4,1,9,1,1,1,2,5,0,0,0,0,0,0,0,33,25,5,5.0,0,1,2,2784,2,4,1
Graduation,Married,62503.0,0,1,40,478,0,193,110,75,117,4,8,3,11,5,0,0,0,0,0,0,0,65,973,26,37.42307692307692,1,1,3,3238,2,3,2
PhD,Single,41644.0,1,1,67,20,3,4,2,0,2,2,1,0,3,3,0,0,0,0,0,0,0,49,31,6,5.166666666666667,0,2,3,2793,4,4,1
Master,Married,55842.0,0,1,19,451,0,39,0,4,24,1,7,1,8,5,0,0,0,0,0,0,0,44,518,17,30.470588235294116,1,1,3,2779,3,3,2
PhD,Married,62010.0,0,1,93,371,22,39,6,0,92,4,6,2,7,5,0,0,0,0,0,0,0,49,530,19,27.894736842105264,1,1,3,3356,4,3,2
Graduation,Married,41124.0,1,0,41,281,7,84,15,0,119,7,7,3,4,8,0,0,0,0,0,0,0,44,506,21,24.095238095238095,1,1,3,3348,2,3,2
Master,Married,38961.0,1,0,60,19,7,19,0,1,24,1,2,1,2,7,0,0,0,0,0,0,0,48,70,6,11.666666666666666,1,1,3,2923,3,3,1
Master,Divorced,37760.0,1,0,54,26,3,13,2,10,0,1,2,0,3,6,0,0,0,0,0,0,0,49,54,6,9.0,0,1,2,3064,3,2,1
Graduation,Single,32233.0,1,0,26,138,15,35,25,11,72,2,6,2,2,9,1,0,0,0,0,0,1,47,296,12,24.666666666666668,0,1,2,3421,2,4,1
Graduation,Married,43057.0,0,1,30,213,2,44,0,2,5,4,4,2,5,5,0,0,0,0,0,0,0,46,266,15,17.733333333333334,1,1,3,2984,2,3,1
Master,Together,83151.0,0,0,93,407,28,100,120,74,18,1,5,9,4,3,0,0,0,0,0,0,0,61,747,19,39.31578947368421,1,0,2,3369,3,5,0
PhD,Divorced,78825.0,0,0,35,483,74,114,169,37,18,1,5,10,13,3,0,0,0,0,0,0,1,57,895,29,30.862068965517242,0,0,1,3395,4,2,0
Master,Together,65104.0,0,1,4,738,0,232,13,20,50,2,3,5,7,7,0,0,0,0,0,0,0,45,1053,17,61.94117647058823,1,1,3,2969,3,5,2
Graduation,Married,60093.0,0,1,92,502,12,109,16,6,90,2,7,2,10,6,0,0,0,0,0,0,0,47,735,21,35.0,1,1,3,3110,2,3,2
Graduation,Married,14045.0,1,0,24,11,0,5,2,1,1,1,1,0,3,7,0,0,0,0,0,0,0,52,20,5,4.0,1,1,3,2896,2,3,1
2n Cycle,Widow,28457.0,0,0,96,24,1,108,29,29,14,1,4,1,4,8,0,0,0,0,0,0,0,69,205,10,20.5,0,0,1,3351,0,6,1
PhD,Together,78952.0,0,1,11,1170,19,594,99,76,134,2,2,5,12,6,0,0,0,0,0,0,0,63,2092,21,99.61904761904762,1,1,3,3385,4,5,0
Graduation,Divorced,46310.0,1,0,99,185,2,88,15,5,14,2,6,1,5,8,0,0,0,0,0,0,0,45,309,14,22.071428571428573,0,1,2,3315,2,2,1
Graduation,Together,76005.0,0,0,72,983,20,389,240,50,40,1,3,5,13,6,0,0,0,1,0,0,0,66,1722,22,78.27272727272727,1,0,2,3234,2,5,0
Master,Single,58308.0,0,1,77,691,0,69,10,0,130,4,2,6,3,8,0,0,0,0,0,0,0,57,900,15,60.0,0,1,2,3275,3,4,2
PhD,Divorced,55614.0,0,0,85,504,13,131,8,0,26,1,9,4,6,7,0,1,0,0,0,0,0,77,682,20,34.1,0,0,1,2956,4,2,2
Master,Divorced,59432.0,0,1,88,317,25,265,25,19,12,3,5,3,11,5,0,0,0,0,0,0,0,59,663,22,30.136363636363637,0,1,2,3184,3,2,2
Graduation,Divorced,55563.0,0,1,22,29,1,9,2,0,2,1,2,0,3,3,0,0,0,0,0,0,0,43,43,6,7.166666666666667,0,1,2,2827,2,2,1
PhD,Together,78642.0,0,1,83,1396,0,322,46,35,17,1,4,9,4,6,0,0,0,0,0,0,0,50,1816,18,100.88888888888889,1,1,3,3176,4,5,0
PhD,Together,67911.0,0,1,63,529,0,356,63,28,0,3,6,7,11,3,0,0,0,0,0,0,0,72,976,27,36.148148148148145,1,1,3,2780,4,5,2
Graduation,Married,65275.0,0,0,9,388,14,218,91,14,21,1,4,3,13,2,0,0,0,0,0,0,0,77,746,21,35.523809523809526,1,0,2,3194,2,3,0
Graduation,Together,27203.0,1,1,92,13,2,21,4,0,24,2,1,1,2,8,0,0,0,0,0,0,0,71,64,6,10.666666666666666,1,2,4,3434,2,5,1
Master,Together,48330.0,0,1,2,28,0,4,0,0,0,1,1,0,3,5,0,0,0,0,0,0,0,60,32,5,6.4,1,1,3,2968,3,5,1
Basic,Married,24279.0,0,0,6,16,36,21,20,62,108,1,4,1,3,8,0,0,0,0,0,0,0,31,263,9,29.22222222222222,1,0,2,3289,1,3,1
PhD,Married,64355.0,1,0,66,1047,0,140,67,38,153,2,4,3,12,8,0,0,0,0,0,0,0,36,1445,21,68.80952380952381,1,1,3,3416,4,3,2
Master,Together,50943.0,0,1,49,31,0,7,2,0,6,1,1,0,3,5,0,0,0,0,0,0,0,65,46,5,9.2,1,1,3,3115,3,5,1
Graduation,Widow,53653.0,0,0,29,815,10,239,28,10,108,2,10,4,12,6,0,0,0,0,0,0,0,68,1210,28,43.214285714285715,0,0,1,3341,2,6,0
Graduation,Married,65665.0,0,1,77,225,162,387,106,36,29,1,5,10,8,3,0,0,0,0,0,0,0,45,945,24,39.375,1,1,3,2951,2,3,0
Graduation,Single,81217.0,0,0,77,493,70,324,146,40,84,1,3,7,11,1,0,0,0,0,0,0,0,32,1157,22,52.59090909090909,0,0,1,3087,2,4,0
Graduation,Married,34935.0,0,0,71,34,4,66,3,10,20,1,2,1,4,7,0,0,0,0,0,0,0,29,137,8,17.125,1,0,2,3115,2,3,1
Graduation,Divorced,61250.0,0,1,49,382,138,65,60,26,59,6,5,2,12,5,0,0,0,0,0,0,0,62,730,25,29.2,0,1,2,3302,2,2,2
PhD,Together,39665.0,1,0,97,127,1,56,0,1,31,3,4,2,3,7,1,0,0,0,0,0,0,40,216,12,18.0,1,1,3,3142,4,5,1
Graduation,Single,60152.0,0,1,6,325,83,300,86,58,91,1,6,4,12,3,0,0,0,0,0,0,0,42,943,23,41.0,0,1,2,3200,2,4,0
Graduation,Married,48920.0,0,2,93,238,17,68,8,10,6,3,6,2,5,7,0,1,0,0,0,0,0,57,347,16,21.6875,1,2,4,2994,2,3,2
Master,Together,89120.0,0,0,78,1168,92,408,72,129,55,1,5,6,7,1,0,0,1,0,0,0,0,62,1924,19,101.26315789473684,1,0,2,2846,3,5,0
PhD,Together,44124.0,0,1,62,284,0,55,0,6,52,4,6,2,5,8,0,0,0,0,0,0,0,75,397,17,23.352941176470587,1,1,3,3156,4,5,2
Master,Single,81169.0,0,0,47,1288,20,613,80,61,27,1,5,7,9,2,0,0,0,0,0,0,0,46,2089,22,94.95454545454545,0,0,1,3183,3,4,0
Graduation,Married,36443.0,1,1,9,65,0,46,4,3,20,4,3,1,3,8,0,0,0,0,0,0,0,60,138,11,12.545454545454545,1,2,4,3253,2,3,1
Graduation,Single,26095.0,1,0,77,11,7,9,3,1,11,1,1,0,3,7,0,0,0,0,0,0,0,31,42,5,8.4,0,1,2,3106,2,4,1
Graduation,Together,71367.0,0,0,24,227,23,389,42,21,75,1,4,5,7,2,0,0,0,0,0,0,0,62,777,17,45.705882352941174,1,0,2,3052,2,5,0
Master,Married,80184.0,0,0,19,1035,134,670,25,38,0,1,6,3,10,3,0,0,1,1,0,0,0,77,1902,20,95.1,1,0,2,2862,3,3,0
Graduation,Divorced,30630.0,1,1,67,27,1,12,2,0,10,2,2,0,3,7,0,0,0,0,0,0,0,56,52,7,7.428571428571429,0,2,3,2895,2,2,1
Master,Single,73454.0,0,0,95,982,73,351,56,14,175,1,2,4,6,5,1,0,0,0,0,0,0,34,1651,13,127.0,0,0,1,2862,3,4,0
Graduation,Married,42691.0,0,0,48,179,2,64,38,17,58,1,5,1,6,5,0,0,0,0,0,0,0,30,358,13,27.53846153846154,1,0,2,3059,2,3,1
Graduation,Married,70503.0,0,0,73,1379,33,216,0,33,66,1,2,4,9,6,0,1,1,0,0,0,0,68,1727,16,107.9375,1,0,2,3379,2,3,0
Graduation,Married,25545.0,1,0,35,32,1,64,16,12,85,3,2,2,3,6,0,0,0,0,0,0,1,34,210,10,21.0,1,1,3,3401,2,3,1
Graduation,Married,32880.0,1,0,76,8,4,15,7,6,2,1,1,0,3,8,0,0,0,0,0,0,0,35,42,5,8.4,1,1,3,3314,2,3,1
PhD,Together,77863.0,0,0,20,881,38,319,16,25,12,1,4,5,10,2,0,0,0,0,0,0,0,63,1291,20,64.55,1,0,2,2956,4,5,0
Master,Married,50353.0,0,0,72,141,15,153,67,31,35,1,4,4,6,3,0,0,0,0,0,0,0,44,442,15,29.466666666666665,1,0,2,2763,3,3,2
Graduation,Single,61839.0,0,0,20,1000,155,379,224,17,120,1,4,8,4,8,0,0,0,0,0,0,0,57,1895,17,111.47058823529412,0,0,1,3428,2,4,0
PhD,Married,49154.0,1,1,69,206,10,67,30,27,71,6,4,1,8,6,0,0,0,0,0,0,0,61,411,19,21.63157894736842,1,2,4,2980,4,3,2
2n Cycle,Widow,47682.0,0,1,80,162,61,83,97,57,61,4,4,3,8,5,0,0,0,0,0,0,0,46,521,19,27.42105263157895,0,1,2,3241,0,6,2
Graduation,Single,72679.0,0,1,65,619,54,260,127,54,54,1,4,7,5,1,0,0,0,0,0,0,0,52,1168,17,68.70588235294117,0,1,2,3026,2,4,0
Master,Together,57954.0,1,1,52,456,4,24,0,0,9,7,8,2,6,7,0,1,0,0,0,0,0,44,493,23,21.434782608695652,1,2,4,2753,3,5,2
Graduation,Married,65316.0,1,1,65,112,6,92,3,9,38,2,3,2,5,4,0,0,0,0,0,0,0,59,260,12,21.666666666666668,1,2,4,3173,2,3,1
Graduation,Single,28567.0,1,0,57,11,3,22,2,2,6,2,2,0,3,6,0,0,0,0,0,0,0,39,46,7,6.571428571428571,0,1,2,3119,2,4,1
Master,Together,47352.0,0,1,70,172,12,112,8,0,15,4,6,1,5,7,0,0,0,0,0,0,0,70,319,16,19.9375,1,1,3,3186,3,5,2
Graduation,Together,44931.0,0,1,0,78,0,11,0,0,7,1,2,1,3,5,0,0,0,0,0,0,0,54,96,7,13.714285714285714,1,1,3,2904,2,5,1
Graduation,Divorced,76982.0,0,0,19,464,151,292,65,60,30,1,8,3,4,4,0,0,1,0,0,0,1,54,1062,16,66.375,0,0,1,2876,2,2,0
2n Cycle,Together,57247.0,0,1,50,99,4,32,37,54,6,2,2,1,7,2,0,0,0,0,0,0,0,69,232,12,19.333333333333332,1,1,3,3067,0,5,1
Master,Single,22944.0,1,0,67,19,3,19,4,5,26,3,3,0,3,7,0,0,0,0,0,0,0,40,76,9,8.444444444444445,0,1,2,2930,3,4,1
2n Cycle,Together,25315.0,1,0,46,1,9,8,11,3,22,3,3,0,3,8,0,0,0,0,0,0,0,44,54,9,6.0,1,1,3,2976,0,5,1
Graduation,Widow,43638.0,0,1,37,63,10,83,7,19,19,2,4,1,4,7,0,0,0,0,0,0,0,52,201,11,18.272727272727273,0,1,2,3434,2,6,1
PhD,Single,42710.0,1,0,38,252,3,42,4,3,102,2,4,5,3,6,0,0,0,0,0,0,0,37,406,14,29.0,0,1,2,3320,4,4,1
PhD,Married,84169.0,0,0,9,1478,19,403,0,19,0,1,7,6,6,3,0,1,1,0,0,0,1,39,1919,20,95.95,1,0,2,3068,4,3,0
Graduation,Together,54058.0,0,1,56,198,18,252,32,108,54,2,4,6,8,3,0,0,0,0,0,0,0,45,662,20,33.1,1,1,3,3132,2,5,2
2n Cycle,Married,24683.0,1,0,98,8,4,10,6,7,6,2,2,0,4,5,0,0,0,0,0,0,0,31,41,8,5.125,1,1,3,2855,0,3,1
Graduation,Widow,85620.0,0,0,68,416,46,925,60,107,46,1,3,6,4,1,0,0,0,0,0,0,1,57,1600,14,114.28571428571429,0,0,1,2915,2,6,0
Graduation,Married,47850.0,1,0,72,42,7,43,20,12,10,1,3,0,4,6,0,0,0,0,0,0,0,41,134,8,16.75,1,1,3,2950,2,3,1
Graduation,Married,19514.0,1,1,47,14,3,21,2,1,28,4,3,1,2,8,1,0,0,0,0,0,1,53,69,10,6.9,1,2,4,2896,2,3,1
Master,Married,27159.0,1,1,33,17,0,3,0,0,1,2,1,0,3,6,0,0,0,0,0,0,0,48,21,6,3.5,1,2,4,2834,3,3,1
2n Cycle,Single,39548.0,1,1,87,15,4,10,3,4,18,2,1,1,3,3,0,0,0,0,0,0,0,58,54,7,7.714285714285714,0,2,3,2832,0,4,1
Graduation,Single,21474.0,1,0,0,6,16,24,11,0,34,2,3,1,2,7,1,0,0,0,0,0,1,32,91,8,11.375,0,1,2,2824,2,4,1
PhD,Single,60504.0,0,1,73,458,0,24,6,4,34,2,6,2,8,6,0,0,0,0,0,0,0,50,526,18,29.22222222222222,0,1,2,2884,4,4,2
Graduation,Married,22419.0,0,0,74,30,3,47,19,21,42,1,3,2,2,8,0,0,0,0,0,0,0,58,162,8,20.25,1,0,2,3179,2,3,1
Master,Married,81698.0,0,0,4,179,28,520,111,123,47,1,3,8,13,1,0,0,0,0,0,0,1,72,1008,25,40.32,1,0,2,2977,3,3,0
Graduation,Together,43462.0,1,1,50,90,17,97,15,6,15,6,4,1,5,8,0,0,0,0,0,0,0,69,240,16,15.0,1,2,4,3397,2,5,1
PhD,Single,54880.0,1,0,57,308,85,137,102,45,118,2,6,2,11,5,0,0,0,0,0,0,0,43,795,21,37.857142857142854,0,1,2,3227,4,4,2
Graduation,Married,79908.0,0,0,30,557,129,761,29,185,111,1,5,6,7,2,0,0,1,0,0,0,0,39,1772,19,93.26315789473684,1,0,2,3192,2,3,0
2n Cycle,Married,15315.0,0,0,27,7,4,13,15,8,17,2,2,0,4,5,0,0,0,0,0,0,0,51,64,8,8.0,1,0,2,3072,0,3,1
Graduation,Together,87771.0,0,1,61,1492,38,287,50,57,33,1,5,10,4,6,0,1,1,1,1,0,1,62,1957,20,97.85,1,1,3,3145,2,5,0
Graduation,Married,33039.0,1,0,4,30,8,12,8,8,12,1,2,0,4,5,0,0,0,0,0,0,0,43,78,7,11.142857142857142,1,1,3,3035,2,3,1
Graduation,Single,81741.0,0,0,75,249,153,940,58,134,38,0,6,6,7,2,0,0,0,0,0,0,0,41,1572,19,82.73684210526316,0,0,1,3120,2,4,0
Master,Together,71499.0,0,1,12,465,25,132,136,0,37,2,8,3,13,4,0,0,0,0,0,0,0,50,795,26,30.576923076923077,1,1,3,3111,3,5,2
2n Cycle,Married,62466.0,0,1,13,129,129,259,168,121,83,5,6,3,12,4,0,0,0,0,0,0,0,51,889,26,34.19230769230769,1,1,3,2907,0,3,0
PhD,Divorced,48799.0,0,1,9,174,18,81,28,6,24,3,3,2,7,3,0,0,0,0,0,0,0,58,331,15,22.066666666666666,0,1,2,2978,4,2,2
PhD,Together,52157.0,0,1,48,189,2,29,3,2,40,2,3,2,5,4,0,0,0,0,0,0,0,71,265,12,22.083333333333332,1,1,3,2764,4,5,2
Graduation,Single,66565.0,0,1,80,747,10,161,65,40,42,4,4,2,9,8,0,0,0,0,0,0,0,59,1065,19,56.05263157894737,0,1,2,3313,2,4,2
Master,Together,29298.0,1,1,60,6,0,2,2,0,1,1,1,0,2,5,0,0,0,0,0,0,0,70,11,4,2.75,1,2,4,3037,3,5,1
Graduation,Single,47691.0,0,1,43,14,0,3,0,0,4,1,1,0,2,6,0,0,0,0,0,0,0,42,21,4,5.25,0,1,2,3101,2,4,1
Graduation,Together,38200.0,1,1,19,12,0,4,0,0,1,1,1,0,2,7,0,0,0,0,0,0,0,51,17,4,4.25,1,2,4,3311,2,5,1
Graduation,Married,44989.0,0,1,26,98,0,106,49,10,106,5,5,1,5,6,0,0,0,0,0,0,0,47,369,16,23.0625,1,1,3,3397,2,3,2
PhD,Married,38443.0,1,1,58,32,0,5,0,0,1,2,1,0,3,7,0,0,0,0,0,0,0,53,38,6,6.333333333333333,1,2,4,2895,4,3,1
2n Cycle,Single,38593.0,1,0,42,51,12,49,17,24,24,3,4,1,3,8,0,0,0,0,0,0,0,43,177,11,16.09090909090909,0,1,2,3031,0,4,1
PhD,Together,64413.0,0,1,27,200,5,44,0,10,20,1,5,1,5,5,0,0,0,0,0,0,0,51,279,12,23.25,1,1,3,3074,4,5,2
Master,Married,36959.0,1,0,56,25,6,25,6,0,0,2,2,0,3,8,0,0,0,0,0,0,0,40,62,7,8.857142857142858,1,1,3,3012,3,3,1
PhD,Married,61996.0,0,1,27,1050,12,144,0,0,24,3,6,4,8,5,0,1,0,1,1,0,1,44,1230,21,58.57142857142857,1,1,3,3256,4,3,2
Graduation,Married,51287.0,1,1,10,117,0,22,13,0,30,3,4,1,3,7,0,0,0,0,0,0,0,53,182,11,16.545454545454547,1,2,4,2831,2,3,1
Graduation,Married,13260.0,1,1,48,9,4,17,10,2,7,4,3,0,3,8,0,0,0,0,0,0,0,51,49,10,4.9,1,2,4,3052,2,3,1
PhD,Together,47472.0,1,1,39,56,0,11,0,0,8,2,2,0,4,5,0,0,0,0,0,0,0,55,75,8,9.375,1,2,4,3028,4,5,1
Master,Together,54603.0,1,1,85,145,13,46,17,2,4,6,4,2,4,7,0,0,0,0,0,0,0,65,227,16,14.1875,1,2,4,3097,3,5,1
PhD,Married,45207.0,1,1,64,203,0,10,0,0,2,5,3,1,6,6,0,1,0,0,0,0,0,47,215,15,14.333333333333334,1,2,4,3338,4,3,1
Graduation,Together,40689.0,0,1,69,270,3,27,39,6,99,7,7,1,5,8,0,0,0,0,0,0,0,70,444,20,22.2,1,1,3,3210,2,5,2
2n Cycle,Together,47821.0,1,1,54,9,0,16,6,6,10,1,1,0,3,8,0,0,0,0,0,0,0,54,47,5,9.4,1,2,4,2994,0,5,1
Master,Married,27450.0,0,0,57,37,12,23,8,11,52,1,2,1,3,7,0,0,0,0,0,0,0,70,143,7,20.428571428571427,1,0,2,3182,3,3,1
Graduation,Together,39453.0,1,0,64,46,0,7,0,0,2,2,2,0,3,6,0,0,0,0,0,0,0,38,55,7,7.857142857142857,1,1,3,2829,2,5,1
2n Cycle,Together,26850.0,1,1,10,31,1,13,7,2,9,4,2,1,4,4,0,0,0,0,0,0,0,50,63,11,5.7272727272727275,1,2,4,2814,0,5,1
Graduation,Widow,79800.0,0,0,65,1060,21,530,32,0,224,1,5,11,5,3,1,0,1,1,0,0,1,66,1867,22,84.86363636363636,0,0,1,3386,2,6,0
Master,Married,61794.0,0,1,74,264,47,188,54,47,11,2,4,4,10,2,0,0,0,0,0,0,0,60,611,20,30.55,1,1,3,3030,3,3,2
Graduation,Together,53863.0,0,1,4,399,4,30,6,4,30,3,7,1,7,7,0,1,0,0,0,0,0,66,473,18,26.27777777777778,1,1,3,2785,2,5,2
Graduation,Together,24221.0,0,0,94,8,9,9,2,5,22,1,1,1,3,4,0,0,0,0,0,0,0,62,55,6,9.166666666666666,1,0,2,3055,2,5,1
PhD,Single,39684.0,1,0,41,19,0,35,6,4,17,2,2,1,2,7,0,0,0,0,0,1,1,37,81,7,11.571428571428571,0,1,2,3367,4,4,1
Master,Married,92163.0,0,0,25,817,183,797,106,163,20,0,5,11,5,2,0,0,1,1,0,0,1,46,2086,21,99.33333333333333,1,0,2,3306,3,3,0
Master,Single,69882.0,0,0,94,292,127,635,132,127,165,1,3,7,9,1,0,0,0,0,0,0,0,56,1478,20,73.9,0,0,1,2973,3,4,0
Graduation,Together,33178.0,1,0,9,12,6,2,11,2,16,1,1,0,3,4,0,0,0,0,0,0,0,44,49,5,9.8,1,1,3,2892,2,5,1
PhD,Married,59973.0,0,0,47,130,30,168,20,34,0,1,3,4,7,1,0,0,0,0,0,0,0,49,382,15,25.466666666666665,1,0,2,3033,4,3,2
Master,Together,17459.0,1,0,12,6,4,16,3,10,30,3,3,1,2,7,0,0,0,0,0,0,1,46,69,9,7.666666666666667,1,1,3,3025,3,5,1
Graduation,Divorced,23910.0,1,0,80,16,12,18,7,1,13,1,2,0,3,7,0,0,0,0,0,0,0,52,67,6,11.166666666666666,0,1,2,3353,2,2,1
Master,Married,42169.0,1,1,20,19,0,9,0,0,2,2,1,0,3,8,0,0,0,0,0,0,0,52,30,6,5.0,1,2,4,2995,3,3,1
2n Cycle,Married,26224.0,1,0,39,4,7,15,13,9,15,3,2,1,3,6,0,0,0,0,0,0,0,43,63,9,7.0,1,1,3,3132,0,3,1
Graduation,Together,31089.0,1,0,57,31,3,31,2,8,4,3,3,0,4,8,0,0,0,0,0,0,0,40,79,10,7.9,1,1,3,3423,2,5,1
Graduation,Single,30081.0,0,1,27,36,0,2,0,0,4,1,1,0,3,7,0,0,0,0,0,0,0,60,42,5,8.4,0,1,2,3235,2,4,1
Graduation,Together,62807.0,0,1,83,526,28,135,10,21,99,3,5,3,12,5,0,0,0,0,0,0,0,61,819,23,35.608695652173914,1,1,3,3409,2,5,2
Graduation,Single,72906.0,0,0,79,400,32,519,71,75,54,1,3,4,9,1,0,0,0,0,0,0,0,66,1151,17,67.70588235294117,0,0,1,3027,2,4,0
PhD,Married,61467.0,0,2,69,410,16,114,0,5,49,3,5,2,10,5,0,0,0,0,0,0,0,73,594,20,29.7,1,2,4,3309,4,3,2
Master,Together,49618.0,1,1,77,80,3,26,4,2,14,4,3,1,3,7,0,0,0,0,0,0,0,55,129,11,11.727272727272727,1,2,4,3261,3,5,1
Master,Single,21888.0,1,0,15,88,10,46,2,3,64,4,5,1,2,10,0,0,0,0,0,0,1,35,213,12,17.75,0,1,2,3289,3,4,1
Graduation,Widow,42429.0,0,1,99,55,0,6,2,0,4,2,1,1,3,5,0,0,0,0,0,0,0,48,67,7,9.571428571428571,0,1,2,2880,2,6,1
Graduation,Divorced,26150.0,2,1,61,5,1,13,3,5,1,1,1,0,3,7,0,0,0,0,0,0,0,65,28,5,5.6,0,3,4,3217,2,2,1
Basic,Married,30801.0,0,1,23,8,4,5,15,2,11,2,1,0,3,7,0,0,0,0,0,0,0,46,45,6,7.5,1,1,3,3353,1,3,1
Graduation,Married,81168.0,0,0,84,410,0,592,147,22,22,1,6,4,7,3,0,0,0,1,0,0,0,56,1193,18,66.27777777777777,1,0,2,2795,2,3,0
Master,Single,26877.0,0,0,74,101,13,76,20,18,40,2,3,1,6,6,0,0,0,0,0,0,0,52,268,12,22.333333333333332,0,0,1,3056,3,4,1
Master,Widow,45006.0,0,0,90,162,25,53,16,0,10,1,3,1,7,3,0,0,0,0,0,0,0,77,266,12,22.166666666666668,0,0,1,3088,3,6,1
Basic,Married,18978.0,1,0,41,2,8,1,4,7,15,1,1,0,3,8,0,0,0,0,0,0,0,48,37,5,7.4,1,1,3,3307,1,3,1
Graduation,Married,22574.0,2,1,28,25,0,8,2,0,2,2,2,0,3,7,0,0,0,0,0,0,0,54,37,7,5.285714285714286,1,3,5,2986,2,3,1
PhD,Single,48240.0,0,0,73,389,91,248,64,49,41,3,6,3,13,5,0,0,0,0,0,0,1,52,882,25,35.28,0,0,1,3339,4,4,0
Graduation,Married,45837.0,1,1,88,215,13,87,17,17,24,5,6,2,5,7,0,0,0,0,0,0,0,47,373,18,20.72222222222222,1,2,4,3080,2,3,2
Master,Single,35791.0,2,1,94,27,0,5,0,0,3,2,1,0,3,8,0,0,0,0,0,0,0,56,35,6,5.833333333333333,0,3,4,3161,3,4,1
Graduation,Widow,54162.0,1,1,31,5,6,10,6,5,10,1,1,0,3,4,0,0,0,0,0,0,0,43,42,5,8.4,0,2,3,3210,2,6,1
Master,Married,30522.0,0,1,6,179,8,83,19,11,26,5,1,2,9,2,0,0,0,0,0,0,0,61,326,17,19.176470588235293,1,1,3,3423,3,3,2
PhD,Married,54456.0,0,1,23,352,0,27,10,0,15,3,6,1,7,6,0,0,0,0,0,0,0,60,404,17,23.764705882352942,1,1,3,3095,4,3,2
Graduation,Single,31632.0,0,0,92,17,8,12,11,15,32,1,2,1,2,7,0,0,0,0,0,0,0,50,95,6,15.833333333333334,0,0,1,3092,2,4,1
Graduation,Widow,72298.0,0,0,52,625,35,169,58,17,35,1,4,3,6,1,0,1,1,0,0,0,0,72,939,14,67.07142857142857,0,0,1,2853,2,6,0
2n Cycle,Single,36975.0,1,0,50,10,6,11,0,4,2,1,1,0,3,7,0,0,0,0,0,0,0,43,33,5,6.6,0,1,2,2925,0,4,1
2n Cycle,Married,72635.0,0,0,54,390,22,323,104,35,107,1,6,8,6,3,0,0,0,1,0,0,0,66,981,21,46.714285714285715,1,0,2,3133,0,3,0
Graduation,Married,13624.0,1,0,93,10,2,15,2,1,6,2,2,0,3,6,0,0,0,0,0,0,0,45,36,7,5.142857142857143,1,1,3,3267,2,3,1
Graduation,Single,84196.0,0,1,56,215,63,507,231,31,190,1,8,4,7,3,0,0,0,0,0,0,0,46,1237,20,61.85,0,1,2,3133,2,4,0
Graduation,Together,70971.0,0,1,28,1001,17,572,93,125,17,7,11,11,5,7,0,0,0,0,0,0,1,61,1825,34,53.6764705882353,1,1,3,3388,2,5,2
PhD,Divorced,34487.0,1,1,94,19,18,33,24,1,8,3,3,0,3,9,0,0,0,0,0,0,0,44,103,9,11.444444444444445,0,2,3,3403,4,2,1
Graduation,Single,28769.0,1,0,76,41,5,129,10,3,3,3,4,1,4,9,0,0,0,0,0,0,0,44,191,12,15.916666666666666,0,1,2,3300,2,4,1
PhD,Married,69084.0,1,0,43,1181,107,199,39,30,30,2,7,3,13,8,0,0,0,0,0,0,0,51,1586,25,63.44,1,1,3,2964,4,3,2
PhD,Together,65488.0,0,0,46,603,45,207,36,18,54,1,3,4,6,1,0,0,0,0,0,0,0,63,963,14,68.78571428571429,1,0,2,2758,4,5,0
2n Cycle,Married,62466.0,0,1,13,129,129,259,168,121,83,5,6,3,12,4,0,0,0,0,0,0,0,51,889,26,34.19230769230769,1,1,3,2907,0,3,0
2n Cycle,Single,32218.0,0,0,27,10,24,15,13,1,30,1,2,1,3,7,1,0,0,0,0,0,1,61,93,7,13.285714285714286,0,0,1,2876,0,4,1
Graduation,Single,83917.0,0,0,12,514,22,732,42,198,79,1,6,7,7,3,0,0,0,0,0,0,1,48,1587,21,75.57142857142857,0,0,1,3179,2,4,0
Graduation,Divorced,46102.0,2,1,3,14,0,1,0,0,1,1,1,0,2,7,0,0,0,0,0,0,0,59,16,4,4.0,0,3,4,2853,2,2,1
Graduation,Single,84574.0,0,0,72,387,20,713,38,54,163,1,9,11,11,5,0,0,0,0,0,0,0,69,1375,32,42.96875,0,0,1,3132,2,4,0
Graduation,Married,56181.0,0,1,6,121,103,69,8,44,48,1,4,2,7,4,0,0,0,0,0,0,0,59,393,14,28.071428571428573,1,1,3,3279,2,3,2
Master,Divorced,63120.0,0,1,53,965,69,279,54,41,69,5,8,4,9,7,0,0,0,0,0,0,1,71,1477,26,56.80769230769231,0,1,2,3381,3,2,2
Graduation,Married,73691.0,0,1,58,707,21,250,85,43,73,2,6,2,8,2,1,0,0,0,0,0,0,50,1179,18,65.5,1,1,3,2977,2,3,2
Graduation,Together,63381.0,0,1,78,571,50,142,33,50,159,4,4,5,13,2,0,0,0,0,0,0,0,61,1005,26,38.65384615384615,1,1,3,3374,2,5,2
PhD,Together,76140.0,0,0,57,586,66,653,17,0,26,1,5,9,6,2,0,0,0,0,0,0,0,73,1348,21,64.19047619047619,1,0,2,2789,4,5,0
PhD,Divorced,62859.0,0,1,37,1063,89,102,16,12,25,4,9,4,6,6,0,0,0,0,0,0,0,62,1307,23,56.82608695652174,0,1,2,3288,4,2,2
Graduation,Single,45906.0,0,1,20,305,3,27,4,3,144,2,5,4,4,5,1,0,0,0,0,0,0,57,486,15,32.4,0,1,2,3160,2,4,2
Master,Together,77632.0,0,0,73,1200,105,758,0,42,147,1,4,2,6,2,0,1,1,0,0,0,1,74,2252,13,173.23076923076923,1,0,2,3218,3,5,0
PhD,Married,46463.0,1,1,56,163,2,40,8,11,11,7,3,1,6,6,0,0,0,0,0,0,0,50,235,17,13.823529411764707,1,2,4,3057,4,3,2
Graduation,Together,105471.0,0,0,36,1009,181,104,202,21,207,0,9,8,13,3,0,0,1,1,0,0,1,51,1724,30,57.46666666666667,1,0,2,3266,2,5,0
Master,Divorced,55282.0,1,0,9,125,6,73,8,4,19,1,3,1,6,4,0,0,0,0,0,0,0,51,235,11,21.363636363636363,0,1,2,2940,3,2,1
Master,Married,78710.0,0,1,42,721,0,152,119,50,50,3,7,6,12,4,0,0,0,0,0,0,0,44,1092,28,39.0,1,1,3,2779,3,3,2
Graduation,Together,66886.0,0,1,28,315,4,62,41,31,146,2,7,1,7,5,0,0,0,0,0,0,0,63,599,17,35.23529411764706,1,1,3,3028,2,5,2
Master,Single,98777.0,0,0,23,1000,19,711,125,115,38,0,4,6,9,1,0,1,0,0,0,0,0,61,2008,19,105.6842105263158,0,0,1,2874,3,4,0
Graduation,Together,29103.0,1,0,38,16,0,17,6,3,6,2,1,0,3,9,0,0,0,0,0,0,0,36,48,6,8.0,1,1,3,3413,2,5,1
Graduation,Married,67445.0,0,1,63,757,80,217,29,80,11,5,9,6,12,6,0,0,0,0,0,0,0,47,1174,32,36.6875,1,1,3,3428,2,3,2
PhD,Together,50616.0,0,1,71,30,2,25,0,1,9,1,1,1,4,2,0,0,0,0,0,0,0,71,67,7,9.571428571428571,1,1,3,2819,4,5,1
Graduation,Divorced,49431.0,0,1,9,219,3,100,26,0,17,2,7,1,5,8,0,0,0,0,0,0,0,66,365,15,24.333333333333332,0,1,2,3437,2,2,2
Graduation,Together,61278.0,0,1,87,111,3,28,2,6,15,2,3,1,4,6,0,0,0,0,0,0,0,68,165,10,16.5,1,1,3,2918,2,5,1
2n Cycle,Together,26490.0,0,0,92,45,47,52,21,20,25,2,3,1,5,6,0,0,0,0,0,0,0,63,210,11,19.09090909090909,1,0,2,3387,0,5,1
PhD,Together,73059.0,0,1,36,410,112,420,0,82,71,1,9,3,13,4,0,0,0,0,0,0,0,74,1095,26,42.11538461538461,1,1,3,3044,4,5,2
PhD,Single,46734.0,1,2,86,100,1,39,6,1,76,4,3,2,3,6,1,0,0,0,0,0,0,55,223,12,18.583333333333332,0,3,4,2993,4,4,1
Graduation,Together,56253.0,0,1,83,509,0,65,7,11,5,4,7,2,9,6,0,0,0,0,0,0,0,58,597,22,27.136363636363637,1,1,3,3311,2,5,2
Graduation,Married,19986.0,1,0,74,3,6,5,0,2,6,1,0,0,3,7,0,0,0,0,0,0,0,36,22,4,5.5,1,1,3,2969,2,3,1
Graduation,Widow,58330.0,0,1,87,445,53,213,104,98,151,1,6,4,13,4,0,0,0,0,0,0,0,46,1064,24,44.333333333333336,0,1,2,2928,2,6,0
Basic,Married,25965.0,0,0,29,2,2,11,41,7,11,1,2,0,3,8,0,0,0,0,0,0,0,41,74,6,12.333333333333334,1,0,2,3402,1,3,1
Master,Together,14661.0,0,0,88,4,1,11,6,2,2,1,1,0,3,6,0,0,0,0,0,0,0,65,26,5,5.2,1,0,2,3286,3,5,1
Graduation,Married,18690.0,0,0,77,6,1,7,23,4,19,1,1,1,2,8,0,0,0,0,0,0,0,62,60,5,12.0,1,0,2,3290,2,3,1
PhD,Together,45068.0,0,1,25,14,0,3,0,0,3,1,1,0,2,7,0,0,0,0,0,0,0,47,20,4,5.0,1,1,3,3151,4,5,1
Basic,Single,21063.0,1,0,34,1,10,11,19,3,15,2,2,0,3,6,0,0,0,0,0,0,0,34,59,7,8.428571428571429,0,1,2,3019,1,4,1
PhD,Married,29187.0,1,0,43,26,0,6,0,0,2,1,1,0,3,8,0,0,0,0,0,0,0,53,34,5,6.8,1,1,3,3158,4,3,1
2n Cycle,Married,54690.0,1,1,76,111,16,37,7,9,18,3,3,1,5,3,0,0,0,0,0,0,0,50,198,12,16.5,1,2,4,2976,0,3,1
PhD,Married,59304.0,0,1,81,418,61,428,80,51,10,3,7,8,10,5,0,0,0,0,0,0,0,57,1048,28,37.42857142857143,1,1,3,3077,4,3,2
Master,Single,59247.0,0,2,87,327,9,122,19,14,83,5,5,2,9,6,0,0,0,0,0,0,0,59,574,21,27.333333333333332,0,2,3,2975,3,4,2
Graduation,Widow,66731.0,0,1,33,371,159,194,58,106,141,4,4,3,6,3,0,0,0,0,0,0,0,51,1029,17,60.529411764705884,0,1,2,3397,2,6,0
Graduation,Married,77353.0,0,1,38,275,59,107,69,101,59,2,6,4,8,4,0,0,0,0,0,0,0,41,670,20,33.5,1,1,3,2937,2,3,2
PhD,Single,52614.0,0,1,63,789,0,142,12,9,38,2,2,4,8,8,0,0,0,0,0,0,0,46,990,16,61.875,0,1,2,3317,4,4,2
Graduation,Married,26751.0,2,0,26,1,1,5,0,3,1,1,1,0,2,8,0,0,0,0,0,0,0,47,11,4,2.75,1,2,4,2780,2,3,1
PhD,Married,81300.0,0,1,17,1004,12,145,32,12,36,3,10,3,5,5,0,0,0,1,0,0,1,58,1241,21,59.095238095238095,1,1,3,3349,4,3,2
Graduation,Single,70337.0,0,0,75,187,81,149,25,43,91,1,2,2,12,1,0,0,0,0,0,0,0,42,576,17,33.88235294117647,0,0,1,2920,2,4,0
2n Cycle,Married,36145.0,1,0,13,56,4,76,17,1,18,4,4,1,3,9,1,0,0,0,0,0,1,36,172,12,14.333333333333334,1,1,3,3120,0,3,1
PhD,Single,65295.0,0,0,19,365,32,117,34,110,6,1,3,3,13,2,0,0,0,0,0,0,0,41,664,20,33.2,0,0,1,2930,4,4,0
Graduation,Divorced,68118.0,0,1,51,595,23,123,10,23,154,2,8,9,4,6,0,0,0,0,0,0,0,58,928,23,40.34782608695652,0,1,2,2996,2,2,2
Graduation,Divorced,68743.0,0,0,81,1132,134,384,175,134,115,1,11,5,13,7,0,0,0,0,0,0,0,54,2074,30,69.13333333333334,0,0,1,3410,2,2,0
2n Cycle,Together,41039.0,0,0,32,34,11,137,179,61,45,1,8,1,5,8,0,0,0,0,0,0,0,39,467,15,31.133333333333333,1,0,2,3081,0,5,1
Graduation,Together,38946.0,0,1,84,116,6,82,6,6,41,2,3,1,6,5,0,0,0,0,0,0,0,66,257,12,21.416666666666668,1,1,3,2990,2,5,1
Graduation,Together,65777.0,0,0,87,565,32,435,28,32,54,1,2,8,6,1,0,0,0,0,0,0,0,54,1146,17,67.41176470588235,1,0,2,2934,2,5,0
PhD,Divorced,66476.0,0,1,99,372,18,126,47,48,78,2,5,2,11,4,0,0,0,0,0,0,0,45,689,20,34.45,0,1,2,3221,4,2,2
PhD,Single,86857.0,0,0,96,899,102,838,133,102,40,1,5,6,10,2,0,0,0,0,0,0,1,49,2114,22,96.0909090909091,0,0,1,3397,4,4,0
PhD,Together,77845.0,0,0,40,760,40,480,0,40,26,1,3,5,12,1,0,0,1,1,0,0,0,32,1346,21,64.0952380952381,1,0,2,2786,4,5,0
PhD,Together,69476.0,0,0,3,260,86,559,63,9,67,1,4,6,4,2,0,0,0,0,0,0,0,52,1044,15,69.6,1,0,2,3014,4,5,0
PhD,Divorced,50611.0,0,1,98,459,0,24,6,0,4,6,4,5,7,6,0,1,0,0,0,0,1,61,493,22,22.40909090909091,0,1,2,3375,4,2,2
Graduation,Single,61209.0,0,0,73,466,0,224,119,49,99,1,5,3,4,2,0,0,0,0,0,0,0,51,957,13,73.61538461538461,0,0,1,3050,2,4,0
Master,Together,42315.0,0,1,90,67,15,80,17,11,80,3,1,4,4,3,0,0,0,0,0,0,0,63,270,12,22.5,1,1,3,3094,3,5,1
Basic,Together,13084.0,0,0,29,2,0,7,3,7,10,1,1,0,3,6,0,0,0,0,0,0,0,69,29,5,5.8,1,0,2,2981,1,5,1
Master,Widow,47570.0,1,1,3,67,1,20,0,2,31,3,2,2,2,7,0,0,0,0,0,0,1,72,121,9,13.444444444444445,0,2,3,3138,3,6,1
Master,Married,61923.0,0,2,94,92,4,18,3,3,6,1,2,1,4,3,0,0,0,0,0,0,0,60,126,8,15.75,1,2,4,3080,3,3,1
Graduation,Single,34824.0,0,0,65,4,2,11,2,0,4,1,1,0,2,6,0,0,0,0,0,0,0,26,23,4,5.75,0,0,1,2837,2,4,1
PhD,Single,26518.0,1,1,33,20,1,28,3,3,2,3,2,0,3,8,0,0,0,0,0,0,1,72,57,8,7.125,0,2,3,3189,4,4,1
Graduation,Single,45938.0,0,0,46,273,11,178,62,83,29,2,8,4,6,6,0,0,0,0,0,0,0,60,636,20,31.8,0,0,1,2980,2,4,2
Graduation,Together,78468.0,0,0,29,434,22,388,104,22,34,1,10,7,10,4,0,0,0,1,0,0,0,61,1004,28,35.857142857142854,1,0,2,2823,2,5,0
Graduation,Divorced,78901.0,0,1,99,321,11,309,33,26,34,3,9,3,5,4,0,0,0,0,0,0,0,48,734,20,36.7,0,1,2,3027,2,2,2
Graduation,Married,71427.0,2,0,26,212,123,177,15,64,23,2,8,2,8,4,0,0,0,0,0,0,0,43,614,20,30.7,1,2,4,2851,2,3,2
Graduation,Divorced,71022.0,0,1,30,909,12,278,0,12,242,3,5,2,11,8,1,0,0,0,0,0,0,43,1453,21,69.19047619047619,0,1,2,2880,2,2,2
Master,Single,90247.0,0,0,27,1184,32,352,21,16,16,1,3,4,7,1,0,1,1,1,0,0,1,33,1621,15,108.06666666666666,0,0,1,2803,3,4,0
Master,Divorced,41335.0,1,0,24,112,19,21,16,14,5,3,4,1,4,7,0,0,0,0,0,0,0,53,187,12,15.583333333333334,0,1,2,2927,3,2,1
Graduation,Married,71952.0,1,0,93,656,80,455,52,107,93,2,8,4,8,4,1,0,1,0,0,0,0,35,1443,22,65.5909090909091,1,1,3,3277,2,3,0
PhD,Divorced,35682.0,1,0,34,23,0,8,6,2,18,1,1,1,3,2,0,0,0,0,0,0,0,51,57,6,9.5,0,1,2,2744,4,2,1
Graduation,Divorced,43185.0,0,1,88,537,6,42,16,6,30,2,9,3,6,8,0,0,0,0,0,0,0,70,637,20,31.85,0,1,2,3187,2,2,2
PhD,Together,66375.0,0,1,96,712,0,45,0,0,191,3,2,4,5,7,1,0,0,0,0,0,0,73,948,14,67.71428571428571,1,1,3,2962,4,5,2
Master,Married,35178.0,1,0,10,23,1,13,2,2,18,1,1,1,2,7,1,0,0,0,0,0,1,50,59,5,11.8,1,1,3,3277,3,3,1
Graduation,Married,25252.0,1,0,26,1,3,4,2,2,6,1,1,0,2,8,0,0,0,0,0,0,0,35,18,4,4.5,1,1,3,3094,2,3,1
Master,Single,55250.0,0,1,49,664,58,83,32,0,66,4,7,5,10,5,0,0,0,0,0,0,0,56,903,26,34.73076923076923,0,1,2,3358,3,4,2
Graduation,Single,33249.0,1,0,11,6,10,21,19,14,42,2,2,1,3,6,0,0,0,0,0,0,0,46,112,8,14.0,0,1,2,3236,2,4,1
Graduation,Together,58398.0,0,0,44,299,5,201,21,21,49,3,5,4,8,4,0,0,0,0,0,0,0,68,596,20,29.8,1,0,2,3153,2,5,2
Graduation,Together,50272.0,1,0,75,99,13,66,43,8,4,3,4,1,5,7,0,0,0,0,0,0,0,39,233,13,17.923076923076923,1,1,3,3068,2,5,1
PhD,Married,76618.0,0,0,64,749,40,294,121,160,147,1,3,2,5,1,0,0,0,0,0,0,0,46,1511,11,137.36363636363637,1,0,2,3311,4,3,0
2n Cycle,Divorced,87305.0,0,0,19,345,25,501,63,138,80,1,5,3,8,2,0,0,1,0,0,0,1,61,1152,17,67.76470588235294,0,0,1,3386,0,2,0
Graduation,Together,25851.0,1,0,45,9,4,18,7,5,5,2,2,0,3,7,0,0,0,0,0,0,0,43,48,7,6.857142857142857,1,1,3,3245,2,5,1
Graduation,Divorced,58710.0,0,1,77,440,81,368,0,122,174,6,11,5,9,6,0,0,0,0,0,0,0,51,1185,31,38.225806451612904,0,1,2,3197,2,2,2
Graduation,Single,45160.0,1,1,9,8,2,5,3,0,3,1,1,0,2,7,0,0,0,0,0,0,0,63,21,4,5.25,0,2,3,2834,2,4,1
Master,Married,74806.0,0,1,1,670,9,249,0,28,9,2,5,4,5,4,0,0,0,0,0,0,0,56,965,16,60.3125,1,1,3,3299,3,3,2
Graduation,Married,59111.0,0,0,90,524,0,134,28,28,155,1,11,1,8,7,0,0,0,0,0,0,0,67,869,21,41.38095238095238,1,0,2,3165,2,3,2
PhD,Married,18988.0,1,0,43,6,0,6,2,1,1,2,1,0,3,7,0,0,0,0,0,0,0,37,16,6,2.6666666666666665,1,1,3,2779,4,3,1
Graduation,Married,72190.0,0,0,79,597,166,597,172,166,249,1,5,6,4,3,0,0,0,0,0,0,0,56,1947,16,121.6875,1,0,2,3243,2,3,0
Graduation,Married,7500.0,1,0,19,7,0,12,13,7,32,5,4,1,2,9,1,0,0,0,0,0,1,45,71,12,5.916666666666667,1,1,3,3439,2,3,1
Graduation,Married,44794.0,0,1,99,54,0,7,0,0,4,1,2,0,3,6,0,0,0,0,0,0,0,55,65,6,10.833333333333334,1,1,3,2763,2,3,1
Graduation,Married,80395.0,0,0,62,445,25,706,80,76,48,1,6,5,12,2,0,0,0,1,0,0,0,66,1380,24,57.5,1,0,2,2960,2,3,0
Master,Divorced,75012.0,0,0,41,294,142,218,164,58,151,1,3,8,11,1,0,0,0,0,0,0,0,45,1027,23,44.65217391304348,0,0,1,2897,3,2,0
Master,Married,56962.0,2,1,60,292,3,77,10,3,26,7,6,3,5,7,0,0,0,0,0,0,0,56,411,21,19.571428571428573,1,3,5,3003,3,3,2
Graduation,Together,89891.0,0,0,17,412,22,132,59,28,183,1,11,6,8,4,0,0,1,0,0,0,0,30,836,26,32.15384615384615,1,0,2,3182,2,5,0
PhD,Divorced,35946.0,1,1,24,8,0,3,0,0,0,1,0,0,3,5,0,0,0,0,0,0,0,72,11,4,2.75,0,2,3,3017,4,2,1
PhD,Together,53593.0,1,1,60,349,4,78,6,0,43,8,7,2,6,8,0,0,0,0,0,0,0,68,480,23,20.869565217391305,1,2,4,3433,4,5,2
Graduation,Married,66373.0,1,1,57,328,9,124,12,24,109,7,4,2,10,3,0,0,0,0,0,0,0,43,606,23,26.347826086956523,1,2,4,3124,2,3,2
PhD,Divorced,45072.0,1,2,74,144,2,99,7,2,30,5,6,1,4,8,0,0,0,0,0,0,0,73,284,16,17.75,0,3,4,2998,4,2,2
Graduation,Divorced,89694.0,1,1,22,1126,28,211,37,28,42,3,4,3,4,5,0,1,1,1,0,0,0,48,1472,14,105.14285714285714,0,2,3,3005,2,2,2
Graduation,Married,72025.0,0,0,46,967,0,617,43,50,0,1,4,8,13,2,0,1,1,1,0,0,1,72,1677,26,64.5,1,0,2,2803,2,3,0
Graduation,Married,67432.0,0,1,69,432,79,341,177,136,170,2,8,5,4,4,0,0,0,0,0,0,0,48,1335,19,70.26315789473684,1,1,3,3199,2,3,0
Master,Together,70545.0,0,1,29,138,39,63,55,18,21,1,4,1,7,2,0,0,0,0,0,0,0,69,334,13,25.692307692307693,1,1,3,2768,3,5,2
Basic,Married,17487.0,1,0,37,0,0,1,7,4,6,1,1,0,2,7,0,0,0,0,0,0,0,32,18,4,4.5,1,1,3,3210,1,3,1
Graduation,Together,62882.0,0,1,26,509,133,497,78,24,97,2,7,5,6,4,0,0,0,0,0,0,0,52,1338,20,66.9,1,1,3,3431,2,5,0
PhD,Single,64108.0,0,1,8,948,10,86,13,21,21,4,6,9,11,5,0,0,0,0,0,0,0,68,1099,30,36.63333333333333,0,1,2,3205,4,4,2
Master,Together,34941.0,1,1,26,39,2,25,4,3,24,2,3,0,3,8,0,0,0,0,0,0,0,65,97,8,12.125,1,2,4,3222,3,5,1
PhD,Single,48767.0,1,2,79,28,1,21,3,0,10,3,2,1,3,5,0,0,0,0,0,0,0,71,63,9,7.0,0,3,4,2921,4,4,1
2n Cycle,Together,38702.0,1,0,71,13,11,24,13,8,40,2,3,0,4,6,0,0,0,0,0,0,0,43,109,9,12.11111111111111,1,1,3,3074,0,5,1
Graduation,Married,82224.0,0,0,83,307,26,360,138,31,40,1,6,9,5,3,0,0,0,1,0,0,0,57,902,21,42.95238095238095,1,0,2,2897,2,3,0
Graduation,Together,83844.0,0,0,57,901,31,345,75,31,191,1,4,4,11,1,0,0,1,0,0,0,0,69,1574,20,78.7,1,0,2,3155,2,5,0
2n Cycle,Married,17003.0,1,0,37,2,5,12,4,8,7,3,2,0,4,5,0,0,0,0,0,0,0,46,38,9,4.222222222222222,1,1,3,2944,0,3,1
Graduation,Single,71163.0,0,0,30,283,17,372,138,106,44,1,3,8,12,1,0,0,0,0,0,0,0,26,960,24,40.0,0,0,1,2854,2,4,0
Graduation,Single,33697.0,1,0,34,4,3,7,0,3,11,1,1,0,2,7,1,0,0,0,0,0,0,51,28,4,7.0,0,1,2,3029,2,4,1
2n Cycle,Married,63564.0,0,0,0,769,80,252,15,34,65,1,10,10,7,6,1,0,0,0,0,0,1,67,1215,28,43.392857142857146,1,0,2,2893,0,3,0
PhD,Together,83443.0,0,0,89,518,42,742,55,56,84,1,6,10,5,2,0,0,0,0,0,0,0,49,1497,22,68.04545454545455,1,0,2,2922,4,5,0
PhD,Together,51518.0,0,1,92,350,8,66,17,4,4,2,3,2,10,3,0,0,0,0,0,0,0,63,449,17,26.41176470588235,1,1,3,3011,4,5,2
Graduation,Widow,58330.0,0,1,87,445,53,213,104,98,151,1,6,4,13,4,0,0,0,0,0,0,0,46,1064,24,44.333333333333336,0,1,2,2928,2,6,0
Graduation,Married,80952.0,0,0,20,778,178,689,41,27,44,1,8,5,11,8,0,1,1,1,0,0,1,52,1757,25,70.28,1,0,2,3228,2,3,0
Graduation,Together,75507.0,0,0,56,709,93,374,104,80,80,1,8,6,6,3,0,0,0,0,0,0,0,42,1440,21,68.57142857142857,1,0,2,2800,2,5,0
2n Cycle,Together,63855.0,0,0,28,359,35,314,93,116,89,1,7,3,13,4,0,0,0,0,0,0,0,43,1006,24,41.916666666666664,1,0,2,3247,0,5,0
PhD,Together,62220.0,0,1,55,799,12,375,16,12,12,5,7,6,5,6,0,0,0,0,0,0,1,49,1226,23,53.30434782608695,1,1,3,3429,4,5,2
Graduation,Married,58512.0,0,1,25,895,10,101,13,0,152,5,3,4,8,8,0,0,0,0,0,0,0,57,1171,20,58.55,1,1,3,3025,2,3,2
Master,Married,40662.0,1,0,0,40,2,23,0,4,23,2,2,1,3,4,0,0,0,0,0,0,0,42,92,8,11.5,1,1,3,3213,3,3,1
PhD,Married,38829.0,0,1,86,76,0,7,0,0,16,1,3,2,2,5,0,0,0,0,0,0,0,62,99,8,12.375,1,1,3,2826,4,3,1
2n Cycle,Married,35523.0,1,0,8,11,5,22,12,5,11,2,3,0,3,7,0,0,0,0,0,0,0,40,66,8,8.25,1,1,3,3011,0,3,1
Graduation,Single,79146.0,1,1,33,245,16,223,21,43,16,2,8,1,8,6,0,0,0,0,0,0,0,54,564,19,29.68421052631579,0,2,3,2808,2,4,2
Master,Married,78285.0,0,0,13,647,107,391,175,67,40,1,6,4,10,3,0,0,0,0,0,0,0,33,1427,21,67.95238095238095,1,0,2,2986,3,3,0
PhD,Single,31626.0,1,0,12,39,1,9,2,1,34,1,2,1,2,7,1,0,0,0,0,0,1,43,86,6,14.333333333333334,0,1,2,3157,4,4,1
Graduation,Single,75127.0,0,0,92,203,35,305,46,17,227,1,2,11,5,1,0,0,0,0,0,0,0,69,833,19,43.8421052631579,0,0,1,2780,2,4,0
Graduation,Married,48726.0,0,1,90,138,3,38,4,0,59,3,3,2,4,6,0,0,0,0,0,0,0,66,242,12,20.166666666666668,1,1,3,3170,2,3,1
Graduation,Married,74985.0,0,0,8,587,51,898,247,0,86,1,3,6,7,2,0,0,0,0,0,0,0,44,1869,17,109.94117647058823,1,0,2,3398,2,3,0
Graduation,Together,67430.0,0,0,6,595,97,291,127,133,121,1,11,5,12,6,0,0,0,0,0,0,0,34,1364,29,47.03448275862069,1,0,2,3404,2,5,0
2n Cycle,Married,46891.0,0,1,91,43,12,23,29,15,61,1,2,1,4,4,0,0,0,0,0,0,0,56,183,8,22.875,1,1,3,3043,0,3,1
Master,Married,62058.0,0,1,52,301,7,74,10,0,58,4,6,1,7,6,0,0,0,0,0,0,0,65,450,18,25.0,1,1,3,3141,3,3,2
Graduation,Married,72063.0,0,1,3,180,32,348,76,32,90,2,5,2,12,2,0,0,0,0,0,0,0,42,758,21,36.095238095238095,1,1,3,3103,2,3,2
PhD,Married,78939.0,0,0,57,794,115,243,150,0,205,1,8,5,6,3,0,0,0,0,0,0,0,70,1507,20,75.35,1,0,2,2941,4,3,0
Graduation,Single,42720.0,1,1,9,392,5,91,28,26,112,8,7,3,7,8,0,0,0,0,0,0,1,56,654,25,26.16,0,2,3,3173,2,4,2
Graduation,Married,33622.0,1,1,22,39,1,22,3,4,12,3,2,0,4,7,0,0,0,0,0,0,0,49,81,9,9.0,1,2,4,3184,2,3,1
PhD,Together,6835.0,0,1,76,107,2,12,2,2,12,0,0,0,1,20,0,0,0,0,0,0,0,64,137,1,137.0,1,1,3,3310,4,5,1
Graduation,Together,41452.0,1,1,86,13,0,3,0,0,0,1,1,0,2,7,0,0,0,0,0,0,0,68,16,4,4.0,1,2,4,3222,2,5,1
PhD,Single,40760.0,0,1,64,70,0,17,0,0,6,2,2,1,3,6,0,0,0,0,0,0,0,56,93,8,11.625,0,1,2,3045,4,4,1
PhD,Together,74250.0,0,0,90,680,11,392,75,0,0,1,2,11,4,1,0,0,0,0,0,0,0,63,1158,18,64.33333333333333,1,0,2,2896,4,5,0
Master,Single,51124.0,1,1,79,26,1,11,0,1,4,2,1,0,3,3,0,0,0,0,0,0,0,66,43,6,7.166666666666667,0,2,3,2935,3,4,1
Graduation,Single,72258.0,0,1,28,522,0,522,227,120,134,2,6,9,5,2,0,0,0,0,0,0,0,50,1525,22,69.31818181818181,0,1,2,3032,2,4,0
PhD,Single,71466.0,0,0,86,412,12,546,78,182,0,1,4,4,10,1,0,0,0,0,0,0,0,47,1230,19,64.73684210526316,0,0,1,2827,4,4,0
Graduation,Together,36283.0,1,1,42,6,5,5,8,0,5,2,1,0,3,4,0,0,0,0,0,0,0,45,29,6,4.833333333333333,1,2,4,2818,2,5,1
Graduation,Single,20587.0,1,0,39,2,3,6,4,1,9,1,1,1,2,7,0,0,0,0,0,0,0,51,25,5,5.0,0,1,2,2791,2,4,1
Graduation,Married,30467.0,1,0,8,1,3,8,2,5,5,1,1,0,2,7,0,0,0,0,0,0,0,49,24,4,6.0,1,1,3,2844,2,3,1
Graduation,Together,31590.0,1,0,40,6,2,15,6,6,3,1,1,0,3,8,0,0,0,0,0,0,0,49,38,5,7.6,1,1,3,3118,2,5,1
Basic,Married,20425.0,1,0,5,4,12,5,3,16,17,2,2,0,3,7,0,0,0,0,0,0,0,35,57,7,8.142857142857142,1,1,3,3350,1,3,1
Master,Together,17144.0,1,1,96,18,2,19,0,2,6,5,3,0,4,7,0,0,0,0,0,0,0,61,47,12,3.9166666666666665,1,2,4,2876,3,5,1
PhD,Divorced,42564.0,0,1,28,324,48,186,39,18,198,6,6,8,4,7,1,0,0,0,0,0,1,53,813,24,33.875,0,1,2,3285,4,2,2
Master,Married,43783.0,1,0,22,327,9,125,25,4,139,6,7,1,8,7,1,0,0,0,0,0,0,43,629,22,28.59090909090909,1,1,3,2773,3,3,2
Graduation,Divorced,40780.0,0,1,30,229,27,71,13,3,34,4,7,1,5,9,0,0,0,0,0,0,0,45,377,17,22.176470588235293,0,1,2,3401,2,2,2
Master,Together,62847.0,0,0,45,521,168,706,80,76,61,1,3,6,4,2,0,0,0,0,0,0,0,76,1612,14,115.14285714285714,1,0,2,3272,3,5,0
PhD,Married,82017.0,0,0,58,184,23,446,30,23,23,1,5,4,7,2,0,1,1,1,0,0,1,64,729,17,42.88235294117647,1,0,2,3341,4,3,0
Graduation,Single,16813.0,0,0,49,4,8,11,12,2,13,1,2,0,3,7,1,0,0,0,0,0,0,71,50,6,8.333333333333334,0,0,1,3087,2,4,1
Graduation,Married,51267.0,1,1,37,183,2,64,7,2,12,4,3,3,5,4,0,0,0,0,0,0,0,43,270,15,18.0,1,2,4,2985,2,3,1
Graduation,Single,46524.0,0,1,70,31,19,35,26,14,52,2,1,1,5,3,0,0,0,0,0,0,0,60,177,9,19.666666666666668,0,1,2,3192,2,4,1
Master,Single,45183.0,0,0,33,219,3,60,12,9,12,1,4,1,7,7,0,1,0,0,0,0,0,59,315,13,24.23076923076923,0,0,1,3267,3,4,1
PhD,Married,70421.0,0,1,98,479,28,136,75,14,35,3,10,3,7,6,0,0,0,0,0,0,0,67,767,23,33.34782608695652,1,1,3,2743,4,3,2
2n Cycle,Divorced,60161.0,0,1,17,584,44,212,46,8,177,3,11,4,8,8,0,0,0,0,0,0,0,56,1071,26,41.19230769230769,0,1,2,3356,0,2,2
Graduation,Together,73926.0,0,0,54,627,91,597,159,91,15,1,6,5,12,3,0,0,0,0,0,0,0,48,1580,24,65.83333333333333,1,0,2,3226,2,5,0
Graduation,Married,19329.0,1,0,39,24,1,16,12,2,5,3,4,0,3,8,0,0,0,0,0,0,0,53,60,10,6.0,1,1,3,2939,2,3,1
Master,Married,61872.0,0,1,81,330,5,159,36,27,16,4,4,4,9,4,0,0,0,0,0,0,0,51,573,21,27.285714285714285,1,1,3,2940,3,3,2
Graduation,Widow,46984.0,1,1,71,19,1,10,2,1,8,1,1,0,3,5,0,0,0,0,0,0,0,65,41,5,8.2,0,2,3,3202,2,6,1
Graduation,Married,34838.0,1,1,62,28,23,29,29,14,47,3,2,1,4,6,0,0,0,0,0,0,0,70,170,10,17.0,1,2,4,3268,2,3,1
PhD,Single,82716.0,0,0,8,606,148,228,15,148,22,1,6,8,13,2,0,0,0,0,0,0,0,77,1167,28,41.67857142857143,0,0,1,2978,4,4,0
Graduation,Married,48192.0,0,0,76,1039,43,204,153,58,29,3,2,8,12,8,0,1,0,1,1,0,1,63,1526,25,61.04,1,0,2,3191,2,3,0
Master,Married,49681.0,0,2,66,411,0,26,0,0,21,6,7,1,7,7,0,0,0,0,0,0,0,45,458,21,21.80952380952381,1,2,4,2979,3,3,2
Master,Married,56850.0,0,1,83,34,1,19,2,7,0,1,1,1,3,2,0,0,0,0,0,0,0,50,63,6,10.5,1,1,3,2840,3,3,1
Graduation,Married,55267.0,0,1,28,161,28,136,32,3,45,4,3,4,6,3,0,0,0,0,0,0,0,64,405,17,23.823529411764707,1,1,3,2993,2,3,2
Graduation,Married,59666.0,1,1,87,623,53,178,23,17,133,7,3,2,8,8,0,1,0,0,0,0,0,49,1027,20,51.35,1,2,4,3206,2,3,2
Graduation,Single,72504.0,0,1,43,604,26,470,123,161,94,2,5,9,6,2,0,0,0,0,0,0,0,49,1478,22,67.18181818181819,0,1,2,3191,2,4,0
Graduation,Married,26872.0,0,0,0,3,10,8,3,16,32,1,1,1,2,6,0,0,0,0,0,0,0,40,72,5,14.4,1,0,2,2998,2,3,1
Graduation,Single,21359.0,1,0,1,12,2,17,6,1,10,2,2,0,3,8,0,0,0,0,0,0,1,49,48,7,6.857142857142857,0,1,2,3177,2,4,1
Graduation,Single,73170.0,0,0,1,184,174,256,50,30,32,1,5,4,6,2,0,0,0,0,0,0,0,46,726,16,45.375,0,0,1,2771,2,4,0
Master,Married,52750.0,0,1,72,393,0,239,90,69,69,6,5,7,9,4,0,0,0,0,0,0,0,66,860,27,31.85185185185185,1,1,3,3252,3,3,2
PhD,Together,91820.0,0,0,72,410,73,747,76,161,30,0,5,5,12,1,0,0,0,0,0,0,0,35,1497,22,68.04545454545455,1,0,2,2960,4,5,0
PhD,Together,65968.0,0,1,12,376,9,83,19,4,4,2,5,4,7,3,0,0,0,0,0,0,0,51,495,18,27.5,1,1,3,2790,4,5,2
Graduation,Married,30772.0,1,1,89,7,2,4,2,1,4,1,1,0,2,6,0,0,0,0,0,0,0,45,20,4,5.0,1,2,4,2851,2,3,1
Graduation,Single,22507.0,0,0,67,68,0,226,51,157,68,3,10,2,4,9,0,0,0,0,0,0,0,67,570,19,30.0,0,0,1,3324,2,4,2
Graduation,Married,65685.0,0,1,54,642,14,49,0,7,57,1,9,2,9,5,0,0,0,0,0,0,0,49,769,21,36.61904761904762,1,1,3,2834,2,3,2
2n Cycle,Married,25804.0,1,0,34,8,7,9,13,6,12,2,2,0,3,8,0,0,0,0,0,0,0,43,55,7,7.857142857142857,1,1,3,3043,0,3,1
PhD,Single,76412.0,0,0,15,840,53,804,23,71,17,1,5,4,8,3,0,0,1,1,0,0,1,41,1808,18,100.44444444444444,0,0,1,3162,4,4,0
Graduation,Married,22063.0,1,0,43,7,10,13,3,11,11,2,2,0,3,7,0,0,0,0,0,0,0,49,55,7,7.857142857142857,1,1,3,3067,2,3,1
Graduation,Single,57091.0,0,0,0,464,5,64,7,0,37,1,7,3,7,5,0,0,0,0,1,0,1,60,577,18,32.05555555555556,0,0,1,2756,2,4,2
Graduation,Married,22419.0,0,0,74,30,3,47,19,21,42,1,3,2,2,8,0,0,0,0,0,0,0,58,162,8,20.25,1,0,2,3179,2,3,1
Graduation,Together,87771.0,0,1,61,1492,38,287,50,57,33,1,5,10,4,6,0,1,1,1,1,0,1,62,1957,20,97.85,1,1,3,3145,2,5,0
2n Cycle,Divorced,78353.0,0,1,51,752,122,476,39,153,34,1,10,2,11,8,0,0,0,0,0,0,0,62,1576,24,65.66666666666667,0,1,2,3181,0,2,0
Graduation,Married,93404.0,1,2,97,1279,15,287,20,0,15,3,3,4,7,5,0,1,1,0,0,0,0,67,1616,17,95.05882352941177,1,3,5,3160,2,3,2
Graduation,Divorced,37859.0,1,2,75,22,1,8,2,1,2,2,1,0,3,8,0,0,0,0,0,0,0,59,36,6,6.0,0,3,4,3275,2,2,1
PhD,Widow,80995.0,0,1,83,860,28,409,73,56,56,1,8,9,4,4,0,0,0,0,0,0,0,63,1482,22,67.36363636363636,0,1,2,3156,4,6,0
Graduation,Together,16529.0,1,0,23,3,0,5,13,0,1,1,1,0,3,6,0,0,0,0,0,0,0,37,22,5,4.4,1,1,3,2862,2,5,1
PhD,Divorced,55412.0,1,1,65,10,5,28,11,1,8,1,2,0,3,5,0,0,0,0,0,0,0,45,63,6,10.5,0,2,3,2961,4,2,1
Graduation,Single,48789.0,0,0,94,351,16,156,7,5,145,1,6,4,7,6,0,0,0,0,0,0,0,29,680,18,37.77777777777778,0,0,1,3399,2,4,2
PhD,Together,56575.0,0,2,42,421,5,90,0,16,10,3,7,3,7,5,0,0,0,0,0,0,0,54,542,20,27.1,1,2,4,3162,4,5,2
2n Cycle,Together,25130.0,1,0,10,2,5,7,0,18,18,2,2,0,3,7,0,0,0,0,0,0,0,41,50,7,7.142857142857143,1,1,3,3012,0,5,1
Graduation,Married,35441.0,1,1,94,25,1,9,2,1,1,2,1,0,3,8,0,0,0,0,0,0,0,54,39,6,6.5,1,2,4,3242,2,3,1
Graduation,Married,71391.0,0,1,50,336,123,274,46,123,141,5,6,5,12,3,0,0,0,0,0,0,0,65,1043,28,37.25,1,1,3,3199,2,3,2
Master,Single,49494.0,1,0,46,191,9,97,0,6,82,2,6,1,5,7,0,0,0,0,0,0,0,49,385,14,27.5,0,1,2,3172,3,4,1
Graduation,Divorced,81702.0,0,0,98,563,50,774,28,31,187,1,7,7,12,3,0,0,0,0,0,0,0,41,1633,27,60.48148148148148,0,0,1,3386,2,2,0
2n Cycle,Single,45889.0,0,1,42,31,0,6,0,1,8,1,1,0,3,6,0,0,0,0,0,0,0,41,46,5,9.2,0,1,2,3104,0,4,1
Graduation,Single,56628.0,0,1,30,479,5,82,7,17,171,2,7,6,5,5,1,0,0,0,0,0,0,44,761,20,38.05,0,1,2,2842,2,4,2
Graduation,Together,34026.0,1,1,11,18,6,15,12,8,17,3,2,1,3,5,0,0,0,0,0,0,0,71,76,9,8.444444444444445,1,2,4,3070,2,5,1
Graduation,Married,40049.0,0,1,61,91,65,52,10,44,28,3,3,2,6,5,0,0,0,0,0,0,0,47,290,14,20.714285714285715,1,1,3,3319,2,3,2
Graduation,Single,34176.0,1,0,12,5,7,24,19,14,20,4,3,0,4,6,0,0,0,0,0,0,0,33,89,11,8.090909090909092,0,1,2,2790,2,4,1
Graduation,Married,19419.0,1,0,76,2,14,28,16,3,7,4,4,0,3,9,0,0,0,0,0,0,0,40,70,11,6.363636363636363,1,1,3,3338,2,3,1
2n Cycle,Married,82504.0,0,0,2,362,50,431,134,35,54,1,3,6,7,1,0,0,0,0,0,0,0,61,1066,17,62.705882352941174,1,0,2,3079,0,3,0
Graduation,Together,81205.0,0,0,43,724,74,929,97,55,130,1,5,6,7,2,1,0,1,0,1,0,1,51,2009,19,105.73684210526316,1,0,2,2909,2,5,0
2n Cycle,Single,61618.0,0,0,27,605,91,399,0,45,205,2,3,6,8,3,0,0,0,0,0,0,0,30,1345,19,70.78947368421052,0,0,1,3380,0,4,0
Master,Single,55284.0,0,1,60,547,7,140,0,7,63,3,7,5,8,5,0,0,0,0,0,0,0,65,764,23,33.21739130434783,0,1,2,3294,3,4,2
Graduation,Single,49980.0,0,1,79,104,1,54,13,9,14,2,3,1,5,5,0,0,0,0,0,0,0,58,195,11,17.727272727272727,0,1,2,2991,2,4,1
Graduation,Married,15072.0,2,0,96,8,2,15,0,10,18,4,3,1,3,5,0,0,0,0,0,0,0,41,53,11,4.818181818181818,1,2,4,3157,2,3,1
Graduation,Single,49166.0,0,1,17,224,2,25,7,0,110,2,5,3,3,6,0,0,0,0,0,0,0,47,368,13,28.307692307692307,0,1,2,3123,2,4,2
PhD,Married,65324.0,0,1,0,384,0,102,21,32,5,3,6,2,9,4,0,0,0,0,0,0,0,67,544,20,27.2,1,1,3,2911,4,3,2
2n Cycle,Married,82347.0,0,0,38,556,54,845,202,133,63,1,7,7,10,3,1,0,0,1,0,0,0,64,1853,25,74.12,1,0,2,3342,0,3,0
PhD,Together,30843.0,1,1,43,24,0,2,0,0,9,2,1,1,2,5,1,0,0,0,0,0,0,55,35,6,5.833333333333333,1,2,4,2776,4,5,1
PhD,Married,46374.0,0,1,1,408,0,21,0,0,17,3,7,1,7,8,0,1,0,1,0,0,1,47,446,18,24.77777777777778,1,1,3,2846,4,3,2
Graduation,Single,60474.0,0,1,25,265,199,303,234,9,170,7,10,2,12,7,0,0,0,0,0,0,0,42,1180,31,38.064516129032256,0,1,2,3196,2,4,0
Master,Married,38576.0,0,1,2,34,0,7,0,0,0,1,1,0,3,7,0,0,0,0,0,0,0,48,41,5,8.2,1,1,3,2859,3,3,1
Graduation,Married,55357.0,2,0,66,374,64,116,84,25,64,3,6,2,11,5,0,0,0,0,0,0,0,36,727,22,33.04545454545455,1,2,4,3237,2,3,2
Graduation,Together,37758.0,1,1,49,27,2,10,0,0,1,2,1,0,3,8,0,0,0,0,0,0,0,55,40,6,6.666666666666667,1,2,4,3375,2,5,1
2n Cycle,Married,85710.0,0,0,5,600,20,350,29,30,33,1,6,9,10,2,0,0,1,0,0,0,0,32,1062,26,40.84615384615385,1,0,2,3162,0,3,0
Graduation,Together,23228.0,1,0,71,13,2,18,6,1,0,2,2,0,3,8,0,0,0,0,0,0,0,52,40,7,5.714285714285714,1,1,3,2896,2,5,1
Master,Together,44602.0,1,1,35,167,2,89,0,0,34,6,6,1,4,8,0,0,0,0,0,0,0,52,292,17,17.176470588235293,1,2,4,2876,3,5,1
Graduation,Married,7500.0,0,0,94,0,2,3,4,1,5,1,0,0,3,6,0,0,0,0,0,0,0,34,15,4,3.75,1,0,2,3278,2,3,1
2n Cycle,Together,38683.0,1,0,80,46,35,69,84,41,66,6,4,1,6,7,0,0,0,0,0,0,0,32,341,17,20.058823529411764,1,1,3,3375,0,5,1
2n Cycle,Single,49514.0,1,0,61,88,39,78,58,13,93,2,6,1,4,7,0,0,0,0,0,0,0,46,369,13,28.384615384615383,0,1,2,2936,0,4,1
PhD,Together,57906.0,0,1,29,243,11,119,10,3,15,3,4,2,8,4,0,0,0,0,0,0,0,48,401,17,23.58823529411765,1,1,3,3125,4,5,2
Master,Single,43456.0,0,1,0,275,11,68,25,7,7,3,5,1,8,5,0,0,0,0,0,0,0,55,393,17,23.11764705882353,0,1,2,3202,3,4,2
Master,Single,19485.0,2,0,80,6,0,4,0,0,0,1,1,0,2,7,0,0,0,0,0,0,0,35,10,4,2.5,0,2,3,3020,3,4,1
Graduation,Together,53172.0,0,1,54,121,62,90,68,20,125,3,2,3,8,3,0,0,0,0,0,0,0,43,486,16,30.375,1,1,3,3161,2,5,2
Graduation,Together,30545.0,1,0,71,4,12,15,19,7,12,2,2,0,3,7,0,0,0,0,0,0,0,42,69,7,9.857142857142858,1,1,3,3362,2,5,1
PhD,Together,70123.0,0,0,27,1308,0,396,23,0,0,1,5,7,4,3,0,1,0,0,1,0,0,38,1727,17,101.58823529411765,1,0,2,3016,4,5,0
Graduation,Single,62450.0,0,1,61,515,47,267,62,66,38,2,5,5,4,3,0,1,0,0,0,0,0,62,995,16,62.1875,0,1,2,2916,2,4,0
Graduation,Together,21675.0,1,0,55,4,0,16,17,4,4,3,4,0,3,7,0,0,0,0,0,0,0,45,45,10,4.5,1,1,3,2760,2,5,1
2n Cycle,Single,42395.0,1,1,35,48,13,57,24,15,25,4,3,1,4,7,0,0,0,0,0,0,0,40,182,12,15.166666666666666,0,2,3,2828,0,4,1
Master,Together,61346.0,1,0,34,562,58,168,43,16,142,1,5,7,10,3,0,0,0,0,0,0,0,43,989,23,43.0,1,1,3,3008,3,5,0
Graduation,Together,80812.0,0,0,95,769,22,500,210,143,33,1,4,8,5,2,1,0,1,1,0,0,0,68,1677,18,93.16666666666667,1,0,2,3027,2,5,0
Master,Divorced,42835.0,1,1,64,379,4,93,12,9,98,7,6,6,4,6,0,0,0,0,0,0,0,50,595,23,25.869565217391305,0,2,3,3106,3,2,2
Graduation,Married,39922.0,1,0,30,29,12,59,19,1,36,2,3,0,4,8,0,0,0,0,0,0,0,38,156,9,17.333333333333332,1,1,3,3242,2,3,1
Master,Single,86424.0,0,0,12,387,68,569,89,45,68,1,6,9,12,1,0,0,0,0,0,0,0,65,1226,28,43.785714285714285,0,0,1,2827,3,4,0
2n Cycle,Together,17117.0,1,0,96,12,23,38,30,18,7,4,3,1,3,9,0,0,0,0,0,0,0,43,128,11,11.636363636363637,1,1,3,3270,0,5,1
Graduation,Single,24762.0,1,0,16,6,10,12,3,15,40,3,3,1,2,8,1,0,0,0,0,0,1,49,86,9,9.555555555555555,0,1,2,2881,2,4,1
Graduation,Married,35797.0,0,1,16,27,1,14,4,1,21,2,2,0,3,8,0,0,0,0,0,0,0,46,68,7,9.714285714285714,1,1,3,3363,2,3,1
Graduation,Divorced,36627.0,2,0,78,9,1,5,0,0,1,1,0,0,3,5,0,0,0,0,0,0,0,46,16,4,4.0,0,2,3,3083,2,2,1
2n Cycle,Married,51111.0,1,1,83,22,0,19,6,5,3,2,2,0,3,6,0,0,0,0,0,0,0,40,55,7,7.857142857142857,1,2,4,2752,0,3,1
PhD,Single,86857.0,0,0,96,899,102,838,133,102,40,1,5,6,10,2,0,0,0,0,0,0,1,49,2114,22,96.0909090909091,0,0,1,3397,4,4,0
PhD,Together,82072.0,0,0,67,889,55,685,168,92,129,1,3,2,13,1,0,0,0,0,0,0,0,51,2018,19,106.21052631578948,1,0,2,3104,4,5,0
PhD,Single,46231.0,2,1,87,189,2,55,0,5,12,4,6,1,4,9,0,0,0,0,0,0,0,68,263,15,17.533333333333335,0,3,4,3322,4,4,1
Graduation,Married,42243.0,1,1,34,48,0,2,0,0,5,2,2,0,3,7,0,0,0,0,0,0,0,62,55,7,7.857142857142857,1,2,4,2942,2,3,1
Graduation,Together,51195.0,1,1,46,230,14,156,82,24,58,8,9,2,5,8,0,0,0,0,0,0,0,59,564,24,23.5,1,2,4,3196,2,5,2
Master,Single,68092.0,0,0,7,852,60,207,78,36,48,2,2,6,10,5,0,0,0,0,0,0,0,43,1281,20,64.05,0,0,1,2937,3,4,0
Graduation,Married,31814.0,1,0,73,35,3,20,4,1,20,2,2,0,3,9,1,0,0,0,0,0,0,48,83,7,11.857142857142858,1,1,3,3247,2,3,1
Master,Widow,51390.0,1,1,54,205,20,47,23,2,56,6,5,2,5,5,0,0,0,0,0,0,0,56,353,18,19.61111111111111,0,2,3,3401,3,6,2
Graduation,Married,76630.0,0,0,93,255,31,446,40,56,175,1,3,10,11,1,0,0,0,0,0,0,0,38,1003,25,40.12,1,0,2,2908,2,3,0
Basic,Single,26868.0,1,0,52,0,0,1,8,3,2,1,1,0,2,7,0,0,0,0,0,0,0,30,14,4,3.5,0,1,2,2802,1,4,1
PhD,Divorced,48948.0,0,0,53,437,8,206,160,49,42,2,7,10,5,6,1,0,0,0,0,0,1,78,902,24,37.583333333333336,0,0,1,3255,4,2,0
PhD,Single,55260.0,0,1,81,825,8,53,11,0,242,2,8,10,5,6,0,0,0,0,0,0,0,49,1139,25,45.56,0,1,2,3306,4,4,2
Graduation,Together,64090.0,0,1,8,316,58,161,76,51,135,1,6,9,4,5,0,0,0,0,0,0,1,65,797,20,39.85,1,1,3,3068,2,5,2
Graduation,Divorced,78331.0,0,1,97,756,138,354,160,169,61,2,10,6,7,4,0,0,0,0,0,0,0,63,1638,25,65.52,0,1,2,2899,2,2,0
PhD,Married,37087.0,1,0,50,194,55,134,15,0,3,3,4,2,8,6,0,0,0,0,0,0,0,47,401,17,23.58823529411765,1,1,3,3064,4,3,1
Graduation,Divorced,21846.0,1,0,38,7,17,18,6,10,26,4,4,0,3,8,0,0,0,0,0,0,0,35,84,11,7.636363636363637,0,1,2,2992,2,2,1
Graduation,Married,81320.0,0,0,61,183,33,493,59,103,57,1,4,3,10,2,0,0,0,0,0,0,0,63,928,18,51.55555555555556,1,0,2,3250,2,3,0
Graduation,Divorced,54137.0,0,1,46,171,0,11,0,1,20,2,4,1,4,6,0,0,0,0,0,0,0,51,203,11,18.454545454545453,0,1,2,3059,2,2,1
Graduation,Together,66825.0,0,0,73,243,101,405,29,40,40,1,4,5,6,2,0,0,0,0,0,0,0,54,858,16,53.625,1,0,2,3092,2,5,0
Graduation,Together,57100.0,0,0,19,181,21,69,39,3,96,1,3,3,6,3,0,0,0,0,0,0,0,48,409,13,31.46153846153846,1,0,2,2949,2,5,1
Graduation,Together,58917.0,1,2,10,151,7,89,0,7,28,5,4,1,6,5,0,0,0,0,0,0,0,52,282,16,17.625,1,3,5,3204,2,5,2
Graduation,Single,85072.0,0,0,94,494,92,391,194,11,241,1,3,4,10,0,0,0,0,0,0,0,0,44,1423,18,79.05555555555556,0,0,1,2823,2,4,0
Graduation,Single,86429.0,0,0,10,464,28,873,29,18,37,0,7,4,7,2,0,0,0,1,0,0,1,60,1449,18,80.5,0,0,1,2962,2,4,0
Graduation,Widow,45684.0,1,0,37,5,1,5,10,0,7,1,1,0,2,7,0,0,0,0,0,0,0,50,28,4,7.0,0,1,2,2951,2,6,1
Graduation,Together,47889.0,1,0,94,29,0,29,0,5,4,1,2,0,3,5,0,0,0,0,0,0,0,47,67,6,11.166666666666666,1,1,3,2918,2,5,1
PhD,Married,45921.0,0,0,23,102,9,49,24,3,12,1,2,1,6,4,0,0,0,0,0,0,0,35,199,10,19.9,1,0,2,2853,4,3,1
PhD,Single,78420.0,0,0,75,604,28,674,91,28,28,1,3,10,8,1,0,0,0,0,0,0,0,55,1453,22,66.04545454545455,0,0,1,3107,4,4,0
Graduation,Together,75114.0,0,0,40,571,12,523,63,60,24,1,3,10,5,2,0,0,0,0,0,0,0,29,1253,19,65.94736842105263,1,0,2,2976,2,5,0
PhD,Widow,52278.0,0,1,24,953,0,71,0,0,174,6,10,5,10,8,0,0,0,0,0,0,1,58,1198,31,38.645161290322584,0,1,2,3262,4,6,2
Master,Married,35641.0,1,0,11,63,3,67,8,9,28,2,3,1,4,7,0,0,0,0,0,0,1,49,178,10,17.8,1,1,3,3092,3,3,1
Graduation,Single,95529.0,0,0,29,770,29,890,250,27,24,1,7,3,7,3,0,0,1,0,0,0,1,27,1990,18,110.55555555555556,0,0,1,3315,2,4,0
Graduation,Married,62820.0,0,0,51,398,61,265,138,61,53,1,3,4,6,1,0,0,0,0,0,0,0,67,976,14,69.71428571428571,1,0,2,3156,2,3,0
Master,Together,73113.0,0,0,86,741,19,154,50,9,28,1,3,4,7,2,0,0,0,0,0,0,0,61,1001,15,66.73333333333333,1,0,2,2927,3,5,0
PhD,Married,84169.0,0,0,9,1478,19,403,0,19,0,1,7,6,6,3,0,1,1,0,0,0,1,39,1919,20,95.95,1,0,2,3068,4,3,0
2n Cycle,Single,42607.0,0,1,30,156,29,56,30,32,47,2,3,2,7,3,0,0,0,0,0,0,0,67,350,14,25.0,0,1,2,2966,0,4,1
PhD,Single,74637.0,0,0,73,960,64,464,146,0,16,1,6,9,9,3,0,0,0,1,0,0,0,67,1650,25,66.0,0,0,1,3149,4,4,0
PhD,Together,46015.0,1,1,25,38,0,2,0,0,6,1,1,0,3,7,1,0,0,0,1,0,0,66,46,5,9.2,1,2,4,2819,4,5,1
Graduation,Single,72354.0,0,0,67,315,26,473,220,12,182,1,2,10,6,1,0,0,0,0,0,0,0,28,1228,19,64.63157894736842,0,0,1,3180,2,4,0
Master,Single,39858.0,1,0,67,15,20,25,2,7,26,1,2,0,4,6,0,0,0,0,0,0,1,52,95,7,13.571428571428571,0,1,2,3263,3,4,1
PhD,Married,34469.0,1,1,58,19,6,20,0,5,12,3,1,1,4,4,0,0,0,0,0,0,0,73,62,9,6.888888888888889,1,2,4,2798,4,3,1
Graduation,Together,83033.0,1,0,82,812,99,431,237,149,33,1,11,4,10,5,0,0,0,1,0,0,0,35,1761,26,67.73076923076923,1,1,3,2784,2,5,0
Master,Together,24401.0,0,0,98,73,28,217,10,24,115,3,6,1,6,8,0,0,0,0,0,0,0,42,467,16,29.1875,1,0,2,3409,3,5,2
Graduation,Married,77583.0,0,0,93,372,23,384,250,12,108,1,4,5,9,2,0,0,0,1,0,0,0,43,1149,19,60.473684210526315,1,0,2,2881,2,3,0
2n Cycle,Single,74116.0,0,0,53,871,111,704,145,55,166,1,4,4,10,2,0,1,0,0,0,0,0,39,2052,19,108.0,0,0,1,2923,0,4,0
Graduation,Single,74293.0,0,0,66,375,152,335,93,91,81,1,5,4,6,2,0,0,0,0,0,0,0,28,1127,16,70.4375,0,0,1,2798,2,4,0
PhD,Married,68397.0,0,1,6,760,80,466,17,13,80,1,6,9,5,3,0,0,0,0,0,0,0,45,1416,21,67.42857142857143,1,1,3,2966,4,3,0
PhD,Together,79632.0,0,0,42,471,0,510,99,21,12,1,6,4,9,2,0,0,0,0,0,0,0,47,1113,20,55.65,1,0,2,2824,4,5,0
Graduation,Single,46107.0,1,0,78,31,9,27,16,9,33,1,1,1,4,3,0,0,0,0,0,0,0,32,125,7,17.857142857142858,0,1,2,2881,2,4,1
PhD,Single,64950.0,0,1,29,819,0,72,12,0,63,2,11,2,10,7,0,1,0,0,0,0,0,70,966,25,38.64,0,1,2,3428,4,4,2
Basic,Married,25443.0,1,0,82,1,4,3,8,9,7,1,1,0,3,8,0,0,0,0,0,0,0,32,32,5,6.4,1,1,3,3296,1,3,1
Graduation,Single,75127.0,0,0,92,203,35,305,46,17,227,1,2,11,5,1,0,0,0,0,0,0,0,69,833,19,43.8421052631579,0,0,1,2780,2,4,0
PhD,Together,32892.0,1,0,78,26,0,15,2,1,2,2,3,0,3,8,0,0,0,0,0,0,0,50,46,8,5.75,1,1,3,2777,4,5,1
Graduation,Together,71796.0,0,0,54,354,21,311,167,75,32,1,9,3,4,4,0,0,0,0,0,0,0,50,960,17,56.470588235294116,1,0,2,2990,2,5,0
PhD,Married,67536.0,0,1,45,1253,0,447,23,71,35,3,11,5,11,8,0,0,0,1,0,0,0,51,1829,30,60.96666666666667,1,1,3,3145,4,3,2
Graduation,Single,55239.0,0,1,59,371,17,238,23,24,106,3,7,5,11,5,0,0,0,0,0,0,0,50,779,26,29.96153846153846,0,1,2,3092,2,4,2
PhD,Divorced,60554.0,1,0,8,588,7,76,110,15,15,2,8,4,9,6,0,0,0,0,0,0,0,46,811,23,35.26086956521739,0,1,2,3066,4,2,2
2n Cycle,Single,64831.0,1,1,51,480,86,249,75,86,144,8,6,3,5,6,0,0,0,0,0,0,0,69,1120,22,50.90909090909091,0,2,3,3126,0,4,2
PhD,Together,56067.0,0,1,51,517,12,54,16,6,120,2,7,4,7,5,0,0,0,0,0,0,0,59,725,20,36.25,1,1,3,3086,4,5,2
Graduation,Divorced,82025.0,0,0,76,267,98,606,48,70,98,1,3,2,6,1,0,0,1,0,0,0,1,38,1187,12,98.91666666666667,0,0,1,3139,2,2,0
Graduation,Together,94384.0,0,0,62,1111,24,790,160,45,172,0,5,8,5,2,0,1,1,1,0,0,1,68,2302,18,127.88888888888889,1,0,2,3224,2,5,0
Basic,Single,14906.0,0,0,86,7,7,14,7,16,15,3,2,1,3,7,0,0,0,0,0,0,0,35,66,9,7.333333333333333,0,0,1,3296,1,4,1
PhD,Married,51563.0,0,0,60,1166,0,48,0,0,36,1,4,4,10,8,0,1,1,0,0,0,0,34,1250,19,65.78947368421052,1,0,2,3378,4,3,2
2n Cycle,Married,57937.0,0,1,56,261,42,144,55,48,133,3,4,4,9,3,0,0,0,0,0,0,0,39,683,20,34.15,1,1,3,2875,0,3,2
Graduation,Divorced,68274.0,1,1,83,135,25,51,23,25,46,2,4,2,5,3,0,0,0,0,0,0,0,42,305,13,23.46153846153846,0,2,3,3014,2,2,1
Graduation,Together,39771.0,1,0,92,6,2,18,2,8,14,1,2,0,3,4,0,0,0,0,0,0,0,44,50,6,8.333333333333334,1,1,3,2947,2,5,1
2n Cycle,Divorced,67893.0,0,1,31,711,28,142,49,18,47,2,3,2,9,8,0,0,0,0,0,0,0,46,995,16,62.1875,0,1,2,3378,0,2,2
PhD,Together,27922.0,1,0,80,11,0,13,2,4,11,1,2,0,3,4,0,0,0,0,0,0,0,42,41,6,6.833333333333333,1,1,3,2792,4,5,1
PhD,Together,52190.0,1,1,39,42,0,17,0,0,18,3,2,1,3,5,1,0,0,0,0,0,0,45,77,9,8.555555555555555,1,2,4,2794,4,5,1
Master,Divorced,44051.0,1,1,20,79,7,58,6,3,18,4,3,1,4,6,0,0,0,0,0,0,1,48,171,12,14.25,0,2,3,3258,3,2,1
PhD,Single,42767.0,2,0,53,20,6,43,19,5,38,1,3,1,2,8,0,0,0,0,0,0,0,50,131,7,18.714285714285715,0,2,3,3156,4,4,1
Master,Together,46106.0,1,1,84,30,0,8,2,0,14,1,1,1,2,6,0,0,0,0,0,0,0,45,54,5,10.8,1,2,4,2791,3,5,1
PhD,Married,16927.0,1,1,50,20,2,23,3,1,4,5,3,0,4,8,0,0,0,0,0,0,0,45,53,12,4.416666666666667,1,2,4,3246,4,3,1
Graduation,Married,59754.0,0,1,96,115,27,44,4,146,139,3,5,2,6,5,0,0,0,0,0,0,1,56,475,16,29.6875,1,1,3,3317,2,3,2
Graduation,Single,53700.0,0,1,94,263,5,233,69,41,83,4,5,5,8,5,0,0,0,0,0,0,0,69,694,22,31.545454545454547,0,1,2,3423,2,4,2
Graduation,Married,59041.0,1,1,25,69,2,15,2,2,6,2,2,0,4,5,0,0,0,0,0,0,0,48,96,8,12.0,1,2,4,2795,2,3,1
PhD,Divorced,54237.0,0,1,48,267,3,30,4,0,57,4,5,2,5,6,0,0,0,0,0,0,0,64,361,16,22.5625,0,1,2,3170,4,2,2
Graduation,Divorced,70647.0,0,1,65,561,85,171,25,123,114,2,4,7,13,2,0,0,0,0,0,0,0,54,1079,26,41.5,0,1,2,3388,2,2,0
PhD,Single,52597.0,0,1,69,492,0,37,7,0,42,3,6,3,8,5,0,0,0,0,0,0,0,59,578,20,28.9,0,1,2,2795,4,4,2
Master,Together,41021.0,1,0,12,14,7,9,6,16,12,2,2,0,3,6,0,0,0,0,0,0,1,52,64,7,9.142857142857142,1,1,3,3288,3,5,1
PhD,Married,40233.0,0,1,84,80,4,46,0,17,2,5,2,1,5,6,0,0,0,0,0,0,0,46,149,13,11.461538461538462,1,1,3,3000,4,3,1
Graduation,Married,50183.0,1,1,47,97,12,84,13,10,15,7,3,1,6,5,0,0,0,0,0,0,0,41,231,17,13.588235294117647,1,2,4,2746,2,3,1
Graduation,Together,54753.0,0,1,87,197,107,227,7,59,131,3,5,2,11,4,0,0,0,0,0,0,0,62,728,21,34.666666666666664,1,1,3,3032,2,5,2
Graduation,Married,92955.0,0,0,35,693,21,925,31,24,84,1,6,7,9,2,0,0,1,1,0,0,1,48,1778,23,77.30434782608695,1,0,2,3056,2,3,0
Graduation,Married,33471.0,1,0,47,43,2,27,0,9,12,3,3,0,4,7,0,0,0,0,0,0,0,48,93,10,9.3,1,1,3,3367,2,3,1
PhD,Married,34596.0,1,0,48,14,0,2,0,0,7,1,1,0,2,8,0,0,0,0,0,0,1,47,23,4,5.75,1,1,3,3184,4,3,1
Graduation,Together,44010.0,1,0,46,186,36,234,86,72,48,6,10,2,6,9,0,0,0,0,0,0,0,41,662,24,27.583333333333332,1,1,3,3366,2,5,2
Graduation,Married,84219.0,0,0,27,434,137,400,45,137,45,1,3,4,10,1,0,0,0,0,0,0,0,33,1198,18,66.55555555555556,1,0,2,2889,2,3,0
PhD,Together,40706.0,2,1,37,59,0,11,4,2,5,4,3,0,4,7,0,0,0,0,0,0,0,53,81,11,7.363636363636363,1,3,5,3270,4,5,1
2n Cycle,Married,15716.0,1,0,8,16,5,30,8,7,26,3,3,0,4,8,0,0,0,0,0,1,0,33,92,10,9.2,1,1,3,3336,0,3,1
2n Cycle,Divorced,59052.0,0,1,29,230,35,75,63,57,31,3,7,1,7,5,0,0,0,0,0,0,0,62,491,18,27.27777777777778,0,1,2,2966,0,2,2
Master,Together,80573.0,0,0,85,829,138,430,60,92,15,1,4,6,13,2,0,0,0,0,0,0,0,50,1564,24,65.16666666666667,1,0,2,3365,3,5,0
Graduation,Married,83715.0,0,0,2,318,8,407,150,35,8,1,2,8,13,0,0,0,0,0,0,0,0,59,926,24,38.583333333333336,1,0,2,2888,2,3,0
Master,Together,82576.0,0,0,66,1206,55,445,168,18,18,1,2,4,12,1,0,0,1,0,0,0,0,62,1910,19,100.52631578947368,1,0,2,3439,3,5,0
Master,Married,56962.0,2,1,60,292,3,77,10,3,26,7,6,3,5,7,0,0,0,0,0,0,0,56,411,21,19.571428571428573,1,3,5,3003,3,3,2
Graduation,Married,35704.0,1,1,54,30,9,12,2,11,30,3,2,0,4,4,0,0,0,0,0,0,0,69,94,9,10.444444444444445,1,2,4,2919,2,3,1
Graduation,Together,53103.0,0,1,70,729,17,133,11,0,195,5,10,6,7,7,1,0,0,0,0,0,0,67,1085,28,38.75,1,1,3,3032,2,5,2
2n Cycle,Widow,46779.0,1,1,55,12,1,3,0,0,7,1,0,1,2,4,0,0,0,0,0,0,0,61,23,4,5.75,0,2,3,3094,0,6,1
Graduation,Divorced,4861.0,0,0,20,2,1,1,1,0,1,0,0,0,0,14,0,0,0,0,0,0,0,56,6,0,6.0,0,0,1,2749,2,2,1
Master,Divorced,33462.0,1,0,78,22,3,18,0,0,11,1,2,0,3,7,0,0,0,0,0,0,0,42,54,6,9.0,0,1,2,3068,3,2,1
Graduation,Divorced,63693.0,0,1,63,587,43,337,42,87,54,3,11,6,9,6,0,0,0,0,0,0,0,43,1150,29,39.6551724137931,0,1,2,3000,2,2,2
Graduation,Married,80763.0,0,0,17,674,168,108,192,42,231,1,5,11,6,3,0,0,1,1,0,0,1,71,1415,23,61.52173913043478,1,0,2,3060,2,3,0
PhD,Married,65352.0,0,1,43,284,3,84,4,7,23,2,4,2,8,4,0,0,0,0,0,0,0,47,405,16,25.3125,1,1,3,3054,4,3,2
PhD,Married,82170.0,0,0,13,1023,93,651,49,55,37,1,5,6,7,2,0,0,0,0,0,0,0,43,1908,19,100.42105263157895,1,0,2,2958,4,3,0
Graduation,Married,75759.0,0,0,46,1394,22,708,89,91,182,1,9,7,9,5,1,0,1,1,0,0,1,52,2486,26,95.61538461538461,1,0,2,2989,2,3,0
2n Cycle,Single,79689.0,0,0,65,311,26,640,180,37,121,1,4,9,13,2,0,0,0,0,0,0,0,45,1315,27,48.7037037037037,0,0,1,3155,0,4,0
PhD,Widow,35340.0,1,1,1,27,0,12,0,1,5,2,2,0,3,5,0,0,0,0,0,0,0,65,45,7,6.428571428571429,0,2,3,2742,4,6,1
Graduation,Divorced,85683.0,0,0,6,1296,17,311,45,69,51,1,2,4,10,1,0,1,1,1,1,0,1,67,1789,17,105.23529411764706,0,0,1,2842,2,2,0
2n Cycle,Married,24884.0,1,0,32,3,6,7,0,0,3,1,0,0,3,7,0,0,0,0,0,0,0,49,19,4,4.75,1,1,3,3319,0,3,1
Master,Together,42021.0,1,0,34,393,5,136,7,5,27,5,10,1,6,9,1,0,0,0,0,0,0,40,573,22,26.045454545454547,1,1,3,3409,3,5,2
Graduation,Single,64449.0,1,0,70,218,63,282,137,35,70,4,5,3,12,4,0,0,0,0,0,0,0,32,805,24,33.541666666666664,0,1,2,2873,2,4,0
Graduation,Divorced,64587.0,1,1,49,66,0,16,0,6,20,2,1,1,4,3,0,0,0,0,0,0,0,67,108,8,13.5,0,2,3,2749,2,2,1
Graduation,Single,34824.0,0,0,65,4,2,11,2,0,4,1,1,0,2,6,0,0,0,0,0,0,0,26,23,4,5.75,0,0,1,2837,2,4,1
Graduation,Together,75437.0,0,0,25,795,0,545,95,58,0,1,8,4,10,6,0,0,0,1,0,0,0,43,1493,23,64.91304347826087,1,0,2,2974,2,5,0
Graduation,Together,26091.0,1,1,84,15,10,19,8,17,20,3,2,1,3,5,0,0,0,0,0,0,0,64,89,9,9.88888888888889,1,2,4,2866,2,5,1
Graduation,Married,52845.0,1,0,7,384,25,292,130,41,64,3,8,8,6,6,1,0,0,0,0,0,0,48,936,25,37.44,1,1,3,3062,2,3,2
Graduation,Divorced,46086.0,0,1,34,244,8,32,7,2,50,4,3,1,8,4,0,0,0,0,0,0,0,65,343,16,21.4375,0,1,2,2980,2,2,2
PhD,Widow,78028.0,0,1,38,158,19,288,25,0,38,1,6,4,9,7,0,1,1,0,0,0,1,65,528,20,26.4,0,1,2,3399,4,6,2
PhD,Single,95169.0,0,0,1,1285,21,449,106,20,20,1,4,3,4,1,0,0,1,1,0,0,1,34,1901,12,158.41666666666666,0,0,1,3005,4,4,0
2n Cycle,Married,56337.0,1,1,25,349,16,144,28,5,182,5,8,5,4,8,1,0,0,1,0,0,1,40,724,22,32.90909090909091,1,2,4,3201,0,3,2
Graduation,Together,22434.0,1,0,25,4,12,11,3,13,15,2,2,0,3,8,0,0,0,0,0,0,0,34,58,7,8.285714285714286,1,1,3,3243,2,5,1
PhD,Married,36930.0,0,1,50,223,2,31,0,2,39,5,5,2,4,8,0,0,0,0,0,0,0,67,297,16,18.5625,1,1,3,3150,4,3,2
Graduation,Single,36130.0,0,1,46,157,43,127,68,56,37,6,3,8,4,4,1,0,0,0,0,0,1,67,488,21,23.238095238095237,0,1,2,3254,2,4,2
Master,Married,65569.0,0,1,96,397,46,288,20,38,70,2,6,5,10,3,0,0,0,0,0,0,0,68,859,23,37.34782608695652,1,1,3,3343,3,3,2
Graduation,Together,83844.0,0,0,57,901,31,345,75,31,191,1,4,4,11,1,0,0,1,0,0,0,0,69,1574,20,78.7,1,0,2,3155,2,5,0
Graduation,Married,19514.0,1,1,47,14,3,21,2,1,28,4,3,1,2,8,1,0,0,0,0,0,0,53,69,10,6.9,1,2,4,2896,2,3,1
PhD,Single,36736.0,1,1,52,10,0,3,0,0,4,1,1,0,2,6,0,0,0,0,0,0,0,58,17,4,4.25,0,2,3,3157,4,4,1
Graduation,Together,77568.0,0,1,30,1230,0,396,232,178,158,1,10,2,8,5,0,1,1,1,0,0,0,42,2194,21,104.47619047619048,1,1,3,3415,2,5,0
PhD,Together,49187.0,0,1,63,81,1,31,2,1,0,1,1,1,5,2,0,0,0,0,0,0,0,45,116,8,14.5,1,1,3,2911,4,5,1
Graduation,Single,30168.0,1,0,51,154,20,66,0,12,27,7,6,1,4,9,0,0,0,0,0,0,0,43,279,18,15.5,0,1,2,3221,2,4,1
Master,Together,34053.0,0,1,14,63,0,21,7,0,12,1,3,0,3,8,0,0,0,0,0,0,0,53,103,7,14.714285714285714,1,1,3,3399,3,5,1
Master,Married,38196.0,1,1,20,30,0,11,0,0,3,3,2,0,4,5,0,0,0,0,0,0,0,50,44,9,4.888888888888889,1,2,4,2814,3,3,1
Master,Married,59412.0,0,0,56,90,67,165,30,43,11,1,4,2,8,3,0,0,0,0,0,0,0,70,406,15,27.066666666666666,1,0,2,2813,3,3,2
2n Cycle,Married,70924.0,0,0,41,635,114,254,132,152,76,1,6,6,7,3,0,0,1,0,0,0,0,56,1363,20,68.15,1,0,2,2825,0,3,0
Graduation,Together,54165.0,0,0,72,127,4,73,15,6,11,1,2,1,7,2,0,0,0,0,0,0,0,52,236,11,21.454545454545453,1,0,2,3139,2,5,1
Graduation,Married,32300.0,1,0,1,13,3,6,6,5,6,1,1,0,3,8,0,0,0,0,0,0,0,48,39,5,7.8,1,1,3,3284,2,3,1
Graduation,Single,20180.0,0,0,27,18,42,24,15,20,18,1,2,1,4,7,0,0,0,0,0,0,0,45,137,8,17.125,0,0,1,3236,2,4,1
Graduation,Married,34961.0,1,0,77,45,2,26,4,1,1,3,3,1,3,7,0,0,0,0,0,0,0,48,79,10,7.9,1,1,3,2752,2,3,1
PhD,Together,28440.0,1,0,87,38,1,24,0,0,0,1,2,0,3,8,0,0,0,0,0,0,0,47,63,6,10.5,1,1,3,3099,4,5,1
PhD,Together,64504.0,1,2,81,986,36,168,16,0,108,7,11,3,4,7,0,0,0,0,0,0,1,68,1314,25,52.56,1,3,5,3224,4,5,2
Master,Together,33564.0,0,1,51,61,0,3,0,0,7,1,1,1,3,5,0,0,0,0,0,0,0,55,71,6,11.833333333333334,1,1,3,2747,3,5,1
Graduation,Married,17345.0,1,0,79,4,9,16,17,0,12,2,2,1,2,8,0,0,0,0,0,0,0,43,58,7,8.285714285714286,1,1,3,3345,2,3,1
PhD,Married,56320.0,0,1,11,201,53,172,116,77,83,3,5,4,9,4,0,0,0,0,0,0,0,54,702,21,33.42857142857143,1,1,3,3189,4,3,2
Graduation,Single,28647.0,1,0,54,19,8,29,0,12,26,1,2,2,2,7,1,0,0,0,0,0,1,43,94,7,13.428571428571429,0,1,2,3054,2,4,1
Basic,Single,15038.0,1,0,93,4,8,11,19,12,26,2,2,1,2,9,0,0,0,0,0,0,0,34,80,7,11.428571428571429,0,1,2,3258,1,4,1
PhD,Divorced,32173.0,0,1,0,18,0,2,0,0,2,1,1,0,3,4,0,0,0,0,0,0,0,63,22,5,4.4,0,1,2,3074,4,2,1
2n Cycle,Together,68316.0,0,1,54,806,80,161,120,11,33,5,10,7,10,6,0,0,0,0,0,0,0,57,1211,32,37.84375,1,1,3,3344,0,5,2
Graduation,Together,74538.0,0,0,21,380,98,733,110,112,28,1,8,8,5,3,0,0,1,0,0,0,1,50,1461,22,66.4090909090909,1,0,2,3107,2,5,0
Graduation,Single,91700.0,0,0,58,576,172,961,125,115,19,1,8,6,5,3,0,0,0,0,0,0,1,50,1968,20,98.4,0,0,1,3270,2,4,0
Graduation,Together,68695.0,0,0,3,458,81,356,106,50,40,1,4,4,7,2,0,0,0,0,0,0,0,52,1091,16,68.1875,1,0,2,2746,2,5,0
2n Cycle,Married,31056.0,1,0,99,5,10,13,3,8,16,1,1,0,3,8,0,0,0,0,0,0,0,44,55,5,11.0,1,1,3,3265,0,3,1
Graduation,Married,79593.0,0,0,70,350,60,568,110,133,145,1,5,6,7,2,0,0,1,0,0,0,0,48,1366,19,71.89473684210526,1,0,2,2790,2,3,0
Graduation,Single,28071.0,0,0,65,39,33,130,41,26,44,2,5,1,5,8,0,0,0,0,0,0,0,41,313,13,24.076923076923077,0,0,1,3411,2,4,1
PhD,Together,37334.0,1,1,44,26,1,16,2,2,15,4,3,0,4,4,0,0,0,0,0,0,0,63,62,11,5.636363636363637,1,2,4,2865,4,5,1
Master,Single,46423.0,1,1,6,68,0,16,0,0,8,3,2,0,4,7,0,0,0,0,0,0,0,49,92,9,10.222222222222221,0,2,3,3026,3,4,1
PhD,Married,37126.0,1,0,9,45,3,9,4,4,7,1,1,2,2,6,1,0,0,0,0,0,1,50,72,6,12.0,1,1,3,2833,4,3,1
Graduation,Married,47703.0,0,1,95,359,0,134,13,26,123,4,6,3,8,5,0,0,0,0,0,0,0,68,655,21,31.19047619047619,1,1,3,3138,2,3,2
Graduation,Married,61180.0,0,1,70,403,24,29,6,24,218,2,5,5,6,3,1,0,0,0,0,0,0,62,704,18,39.111111111111114,1,1,3,2809,2,3,2
Graduation,Married,38998.0,1,1,92,34,1,14,0,0,5,3,2,0,3,8,0,0,0,0,0,1,0,67,54,8,6.75,1,2,4,3345,2,3,1
Graduation,Single,8028.0,0,0,62,73,18,66,7,12,2,15,0,1,0,19,0,0,0,0,0,0,0,30,178,16,11.125,0,0,1,3391,2,4,1
Graduation,Together,76081.0,0,0,85,292,30,415,63,33,200,1,4,5,4,2,0,0,0,1,0,0,0,59,1033,14,73.78571428571429,1,0,2,2779,2,5,0
Graduation,Together,34728.0,1,0,2,14,0,16,0,0,6,1,1,1,2,6,0,0,0,0,0,0,1,35,36,5,7.2,1,1,3,3076,2,5,1
Master,Single,33168.0,0,1,0,80,1,37,0,1,3,3,2,1,4,7,0,0,0,0,0,0,0,56,122,10,12.2,0,1,2,3366,3,4,1
Master,Married,33585.0,0,1,91,30,11,33,13,6,29,1,2,0,4,4,0,0,0,0,0,0,0,55,122,7,17.428571428571427,1,1,3,3019,3,3,1
PhD,Married,77037.0,0,1,3,463,96,333,168,53,10,1,7,7,12,3,0,0,0,0,0,0,0,61,1123,27,41.592592592592595,1,1,3,3001,4,3,0
Graduation,Together,35196.0,1,0,68,75,12,141,43,39,187,6,6,1,5,8,0,0,0,0,0,0,1,37,497,18,27.61111111111111,1,1,3,3335,2,5,2
Graduation,Married,44529.0,0,1,98,538,13,91,17,6,26,6,6,2,11,5,0,1,0,0,0,0,0,55,691,25,27.64,1,1,3,3101,2,3,2
2n Cycle,Married,70924.0,0,0,41,635,114,254,132,152,76,1,6,6,7,3,0,0,1,0,0,0,0,56,1363,20,68.15,1,0,2,2825,0,3,0
PhD,Together,28764.0,1,1,16,8,0,3,0,0,1,1,1,0,2,8,1,0,0,0,0,0,0,55,12,4,3.0,1,2,4,2766,4,5,1
PhD,Married,69098.0,0,0,82,1315,22,780,145,0,178,1,7,8,9,5,0,0,0,0,0,0,0,72,2440,25,97.6,1,0,2,3240,4,3,0
2n Cycle,Divorced,25959.0,1,1,1,4,2,12,7,5,26,2,1,2,2,6,0,0,0,0,0,0,1,51,56,7,8.0,0,2,3,3242,0,2,1
Master,Married,27100.0,1,0,64,12,0,13,2,0,10,1,1,0,3,7,0,0,0,0,0,0,0,38,37,5,7.4,1,1,3,3192,3,3,1
Graduation,Single,70596.0,0,0,68,347,44,534,17,0,26,1,3,5,12,2,0,0,0,0,0,0,0,36,968,21,46.095238095238095,0,0,1,3374,2,4,0
Graduation,Married,42557.0,0,1,98,192,5,53,0,5,15,4,6,1,4,8,0,0,0,0,0,0,0,47,270,15,18.0,1,1,3,3411,2,3,2
PhD,Married,53312.0,0,0,32,241,0,12,0,0,25,1,5,1,5,7,0,0,0,0,0,0,0,70,278,12,23.166666666666668,1,0,2,3066,4,3,1
Graduation,Single,72228.0,0,0,87,631,28,491,30,14,56,1,6,7,8,3,0,0,0,0,0,0,0,69,1250,22,56.81818181818182,0,0,1,3321,2,4,0
Graduation,Together,67605.0,0,0,84,336,28,282,184,54,54,1,2,8,6,1,0,0,0,0,0,0,0,34,938,17,55.1764705882353,1,0,2,3197,2,5,0
Master,Married,62845.0,1,1,3,1099,0,45,0,0,34,11,3,4,10,8,0,1,0,0,0,0,0,72,1178,28,42.07142857142857,1,2,4,3378,3,3,2
Graduation,Together,65196.0,0,2,34,743,19,181,12,0,200,2,7,6,11,5,1,0,0,0,0,0,0,63,1155,26,44.42307692307692,1,2,4,3081,2,5,2
PhD,Single,42000.0,0,0,23,124,83,267,85,59,35,2,5,2,11,5,0,0,0,0,0,0,1,34,653,20,32.65,0,0,1,3277,4,4,0
PhD,Divorced,35860.0,1,1,37,15,0,8,4,2,20,2,1,1,2,5,1,0,0,0,0,0,0,48,49,6,8.166666666666666,0,2,3,2783,4,2,1
PhD,Married,65526.0,0,1,22,397,19,69,12,0,9,1,4,4,8,2,0,0,0,0,0,0,0,57,506,17,29.764705882352942,1,1,3,2821,4,3,2
Graduation,Married,16860.0,1,1,19,10,4,4,3,3,14,3,1,1,3,7,0,0,0,0,0,0,0,60,38,8,4.75,1,2,4,3397,2,3,1
Graduation,Single,83528.0,0,0,7,530,117,678,134,44,147,1,4,10,8,1,1,0,0,1,0,0,1,29,1650,23,71.73913043478261,0,0,1,2801,2,4,0
2n Cycle,Divorced,64176.0,0,1,52,1215,33,249,64,116,149,8,8,9,8,6,0,0,0,0,0,0,0,56,1826,33,55.333333333333336,0,1,2,3437,0,2,2
Graduation,Divorced,22304.0,0,0,91,3,2,7,0,4,2,1,1,0,2,8,0,0,0,0,0,0,0,65,18,4,4.5,0,0,1,3436,2,2,1
Graduation,Married,67023.0,0,0,93,444,44,382,11,8,17,1,3,7,13,2,0,0,0,0,0,1,0,43,906,24,37.75,1,0,2,2859,2,3,0
PhD,Together,32892.0,1,0,78,26,0,15,2,1,2,2,3,0,3,8,0,0,0,0,0,0,0,50,46,8,5.75,1,1,3,2777,4,5,1
Graduation,Together,70713.0,0,1,23,736,114,279,82,76,190,6,5,6,8,3,0,0,0,0,0,0,0,55,1477,25,59.08,1,1,3,3315,2,5,0
Graduation,Together,59925.0,0,1,83,473,21,176,19,21,56,3,9,2,9,6,0,0,0,0,0,0,0,66,766,23,33.30434782608695,1,1,3,3318,2,5,2
Graduation,Married,39722.0,0,1,92,32,0,5,2,0,8,2,2,0,3,5,0,0,0,0,0,0,0,68,47,7,6.714285714285714,1,1,3,2867,2,3,1
Graduation,Together,46610.0,0,0,4,288,10,30,4,10,125,1,6,1,6,6,0,0,0,0,0,0,0,63,467,14,33.357142857142854,1,0,2,3088,2,5,2
Graduation,Together,88347.0,0,0,32,1050,178,555,77,138,118,1,4,7,9,1,0,0,0,1,0,0,0,60,2116,21,100.76190476190476,1,0,2,3103,2,5,0
PhD,Married,87171.0,0,0,27,1001,44,107,58,44,44,1,6,7,11,2,1,0,1,0,0,0,0,40,1298,25,51.92,1,0,2,3166,4,3,0
2n Cycle,Together,26907.0,1,1,10,9,1,7,0,3,2,2,1,0,3,7,0,0,0,0,0,0,0,45,22,6,3.6666666666666665,1,2,4,3055,0,5,1
Master,Single,50014.0,1,0,9,234,14,77,19,10,42,2,4,1,8,5,0,0,0,0,0,0,0,53,396,15,26.4,0,1,2,2900,3,4,1
PhD,Married,41014.0,1,0,65,7,2,6,2,0,3,1,1,0,2,7,0,0,0,0,0,0,0,43,20,4,5.0,1,1,3,3175,4,3,1
Graduation,Single,66294.0,0,0,68,251,108,334,65,92,117,1,4,3,5,2,0,0,0,0,0,0,0,56,967,13,74.38461538461539,0,0,1,2846,2,4,0
Graduation,Married,36715.0,1,0,16,172,10,125,21,13,16,6,7,2,4,9,0,0,0,0,0,0,1,50,357,19,18.789473684210527,1,1,3,3331,2,3,1
Graduation,Married,79456.0,0,0,12,565,42,548,64,83,99,1,5,6,4,3,0,0,0,0,0,0,1,65,1401,16,87.5625,1,0,2,3418,2,3,0
Graduation,Together,40479.0,1,0,95,5,0,8,2,0,0,1,0,0,3,4,0,0,0,0,0,0,0,39,15,4,3.75,1,1,3,3058,2,5,1
Master,Single,75345.0,0,0,16,918,57,842,99,38,133,1,5,8,6,3,0,0,0,1,0,0,1,51,2087,20,104.35,0,0,1,3254,3,4,0
Graduation,Married,54233.0,0,1,46,652,8,158,21,0,142,4,11,6,5,8,0,0,0,0,0,0,0,44,981,26,37.73076923076923,1,1,3,3252,2,3,2
Graduation,Single,24163.0,1,1,3,4,1,7,2,1,2,2,1,0,3,4,0,0,0,0,0,0,0,51,17,6,2.8333333333333335,0,2,3,3002,2,4,1
PhD,Together,84460.0,0,0,80,152,27,103,106,54,81,0,9,9,4,5,0,1,1,1,1,0,1,63,523,22,23.772727272727273,1,0,2,3283,4,5,0
Graduation,Together,43776.0,1,0,77,8,0,9,2,1,3,1,1,0,2,6,0,0,0,0,0,0,0,38,23,4,5.75,1,1,3,2799,2,5,1
PhD,Single,71691.0,0,0,0,336,130,411,240,32,43,1,4,7,5,2,0,0,0,0,0,0,1,63,1192,17,70.11764705882354,0,0,1,2846,4,4,0
PhD,Married,85844.0,0,0,62,938,19,843,25,95,38,1,6,6,7,2,0,0,1,0,0,0,0,48,1958,20,97.9,1,0,2,2773,4,3,0
PhD,Single,39190.0,1,0,91,68,8,18,19,8,12,2,2,1,4,5,0,0,0,0,0,0,0,47,133,9,14.777777777777779,0,1,2,2806,4,4,1
Graduation,Together,71367.0,0,0,24,227,23,389,42,21,75,1,4,5,7,2,0,0,0,0,0,0,0,62,777,17,45.705882352941174,1,0,2,3052,2,5,0
PhD,Single,38578.0,1,1,2,38,4,22,3,3,3,3,3,0,3,8,0,0,0,0,0,0,0,49,73,9,8.11111111111111,0,2,3,3114,4,4,1
PhD,Married,57236.0,1,1,22,105,0,9,2,1,4,3,2,1,4,3,0,0,0,0,0,0,0,56,121,10,12.1,1,2,4,2851,4,3,1
Graduation,Single,61825.0,0,1,56,162,50,100,55,30,27,1,4,2,8,4,0,0,0,0,0,0,0,42,424,15,28.266666666666666,0,1,2,3068,2,4,2
Graduation,Divorced,79803.0,0,1,54,574,8,216,21,16,33,1,4,3,5,1,0,0,0,0,0,0,0,63,868,13,66.76923076923077,0,1,2,2769,2,2,2
2n Cycle,Single,80910.0,0,0,71,160,80,369,67,39,41,1,3,3,8,1,0,0,0,0,0,0,0,35,756,15,50.4,0,0,1,3348,0,4,0
Master,Together,27590.0,1,0,38,6,0,5,0,0,1,1,1,0,2,7,0,0,0,0,0,0,0,39,12,4,3.0,1,1,3,3174,3,5,1
Graduation,Married,56775.0,0,1,62,614,35,160,58,35,35,2,5,8,10,5,0,0,0,0,0,0,0,42,937,25,37.48,1,1,3,3285,2,3,2
Graduation,Divorced,83829.0,0,0,78,897,161,430,186,161,27,0,4,7,6,1,1,0,1,1,0,0,1,46,1862,17,109.52941176470588,0,0,1,3006,2,2,0
2n Cycle,Married,54210.0,0,1,18,70,54,109,80,9,45,2,4,1,7,5,0,0,0,0,0,0,0,42,367,14,26.214285714285715,1,1,3,3147,0,3,1
Graduation,Married,38508.0,1,0,95,120,19,206,25,19,54,6,7,2,5,8,0,0,0,0,0,0,0,35,443,20,22.15,1,1,3,3073,2,3,2
Graduation,Together,53187.0,1,0,66,211,2,30,7,7,10,2,4,1,6,5,0,0,0,0,0,0,0,51,267,13,20.53846153846154,1,1,3,2988,2,5,1
Graduation,Married,30023.0,1,0,28,11,0,16,7,6,21,1,2,0,3,8,0,0,0,0,0,0,0,49,61,6,10.166666666666666,1,1,3,2839,2,3,1
PhD,Single,76045.0,0,0,78,760,53,400,17,93,0,1,4,5,11,2,0,0,0,1,0,0,0,61,1323,21,63.0,0,0,1,2968,4,4,0
PhD,Married,50870.0,0,1,13,53,0,8,0,0,2,1,2,0,3,5,0,0,0,0,0,0,0,69,63,6,10.5,1,1,3,2752,4,3,1
2n Cycle,Married,15315.0,0,0,27,7,4,13,15,8,17,2,2,0,4,5,0,0,0,0,0,0,0,51,64,8,8.0,1,0,2,3072,0,3,1
2n Cycle,Married,65463.0,1,0,17,391,32,70,21,32,16,2,6,2,9,5,0,1,0,0,0,0,0,47,562,19,29.57894736842105,1,1,3,2892,0,3,2
Graduation,Married,66480.0,1,1,71,199,9,57,20,21,6,7,4,1,7,4,0,0,0,0,0,0,0,56,312,19,16.42105263157895,1,2,4,2771,2,3,2
Graduation,Divorced,76773.0,0,0,79,516,56,449,86,33,16,1,2,2,11,1,0,0,0,0,0,0,0,67,1156,16,72.25,0,0,1,3231,2,2,0
2n Cycle,Single,81698.0,0,0,1,709,45,115,30,160,45,1,8,2,5,5,0,0,0,1,0,0,1,38,1104,16,69.0,0,0,1,3227,0,4,0
PhD,Single,54466.0,1,1,78,12,0,4,0,0,0,1,1,0,2,5,0,0,0,0,0,0,0,48,16,4,4.0,0,2,3,2882,4,4,1
Master,Single,98777.0,0,0,23,1000,19,711,125,115,38,0,4,6,9,1,0,1,0,0,0,0,0,61,2008,19,105.6842105263158,0,0,1,2874,3,4,0
PhD,Single,16269.0,1,0,75,19,3,18,3,1,0,3,3,0,3,8,0,0,0,0,0,0,0,37,44,9,4.888888888888889,0,1,2,3045,4,4,1
Graduation,Together,71819.0,0,1,70,1224,28,140,0,14,168,3,3,3,5,6,0,1,1,0,0,0,0,50,1574,14,112.42857142857143,1,1,3,3047,2,5,2
PhD,Married,33569.0,1,0,10,16,2,18,3,0,24,1,1,1,2,8,1,0,0,0,0,0,1,38,63,5,12.6,1,1,3,2998,4,3,1
Master,Married,36262.0,0,0,24,88,39,54,64,28,153,1,3,5,3,6,1,0,0,0,0,0,1,38,426,12,35.5,1,0,2,3024,3,3,1
Basic,Together,22634.0,0,0,47,2,23,11,8,6,46,1,2,1,2,8,0,0,0,0,0,0,0,55,96,6,16.0,1,0,2,3271,1,5,1
2n Cycle,Married,47025.0,0,1,98,508,11,59,23,5,29,5,11,1,6,9,0,0,0,0,0,0,0,43,635,23,27.608695652173914,1,1,3,3032,0,3,2
Graduation,Single,70566.0,0,1,4,381,28,215,84,28,21,2,6,5,9,3,0,0,0,0,0,0,0,53,757,22,34.40909090909091,0,1,2,3008,2,4,2
PhD,Married,31605.0,1,0,15,74,0,42,2,1,6,2,2,1,4,7,0,0,0,0,0,0,0,42,125,9,13.88888888888889,1,1,3,3326,4,3,1
Master,Divorced,52034.0,1,1,67,146,0,93,7,13,73,5,4,2,5,7,0,0,0,0,0,0,0,48,332,16,20.75,0,2,3,3150,3,2,2
Graduation,Single,48526.0,1,0,32,23,17,23,43,20,9,1,2,1,4,3,0,0,0,0,0,0,0,42,135,8,16.875,0,1,2,2929,2,4,1
Graduation,Married,46734.0,0,1,40,110,5,137,26,23,29,2,6,1,5,7,0,0,0,0,0,0,0,67,330,14,23.571428571428573,1,1,3,3330,2,3,2
Graduation,Divorced,39552.0,1,1,54,165,3,147,4,24,41,7,6,2,5,8,0,0,0,0,0,0,1,59,384,20,19.2,0,2,3,3300,2,2,2
Graduation,Single,86358.0,1,1,78,957,47,494,82,47,95,4,5,3,6,8,0,0,0,0,0,0,0,55,1722,18,95.66666666666667,0,2,3,3432,2,4,2
Graduation,Together,46931.0,2,1,94,41,0,17,3,1,16,2,1,1,3,3,0,0,0,0,0,0,0,44,78,7,11.142857142857142,1,3,5,2808,2,5,1
Basic,Single,16581.0,0,0,51,1,3,4,2,3,11,1,0,0,3,4,0,0,0,0,0,0,0,36,24,4,6.0,0,0,1,3275,1,4,1
2n Cycle,Divorced,63998.0,0,0,42,176,29,818,0,33,112,1,7,6,11,4,0,0,0,0,0,0,1,69,1168,25,46.72,0,0,1,2933,0,2,0
Master,Married,67381.0,0,1,67,815,8,53,11,0,70,4,2,2,9,7,0,1,0,0,0,0,0,70,957,17,56.294117647058826,1,1,3,3272,3,3,2
Graduation,Single,25930.0,1,1,87,6,1,2,2,0,4,1,1,0,2,7,0,0,0,0,0,0,0,54,15,4,3.75,0,2,3,3004,2,4,1
Graduation,Married,42693.0,1,0,29,8,4,20,6,3,16,1,1,0,3,5,0,0,0,0,0,0,0,43,57,5,11.4,1,1,3,2764,2,3,1
Graduation,Together,85606.0,0,1,89,717,42,864,219,30,84,2,6,7,9,3,0,0,0,1,0,0,0,45,1956,24,81.5,1,1,3,3336,2,5,0
Graduation,Single,72903.0,0,0,74,1067,138,750,0,19,39,1,7,5,8,4,0,1,1,1,0,0,1,36,2013,21,95.85714285714286,0,0,1,2985,2,4,0
2n Cycle,Together,49669.0,1,0,97,166,5,107,11,8,29,2,5,1,6,6,0,0,0,0,0,0,0,47,326,14,23.285714285714285,1,1,3,2778,0,5,1
PhD,Married,36778.0,1,1,63,29,4,34,2,4,4,3,3,0,3,9,0,0,0,0,0,0,0,53,77,9,8.555555555555555,1,2,4,3435,4,3,1
PhD,Divorced,85696.0,0,0,88,714,76,395,116,0,12,1,4,6,9,1,0,0,0,0,0,0,1,59,1313,20,65.65,0,0,1,3164,4,2,0
Master,Divorced,10979.0,0,0,34,8,4,10,2,2,4,2,3,0,3,5,0,0,0,0,0,0,0,32,30,8,3.75,0,0,1,2780,3,2,1
Graduation,Married,49678.0,0,1,81,229,5,56,3,2,20,2,6,2,4,7,0,0,0,0,0,0,0,60,315,14,22.5,1,1,3,3254,2,3,2
Master,Together,56129.0,0,1,65,320,48,133,39,72,48,4,6,2,10,4,0,0,0,0,0,0,0,68,660,22,30.0,1,1,3,3116,3,5,2
Graduation,Married,37155.0,1,0,51,23,0,26,7,15,3,1,2,0,4,5,0,0,0,0,0,0,0,32,74,7,10.571428571428571,1,1,3,3256,2,3,1
2n Cycle,Divorced,21282.0,1,0,76,1,5,8,4,8,20,2,2,1,2,6,0,0,0,0,0,0,0,43,46,7,6.571428571428571,0,1,2,2791,0,2,1
PhD,Single,33419.0,0,1,76,56,0,12,0,0,18,2,2,0,4,7,0,0,0,0,0,0,0,59,86,8,10.75,0,1,2,3058,4,4,1
Graduation,Widow,63285.0,0,0,84,508,124,249,50,38,134,1,6,5,13,3,0,0,0,0,0,0,0,76,1103,25,44.12,0,0,1,2978,2,6,0
Master,Together,21255.0,1,0,56,29,0,25,2,2,3,4,2,1,4,4,0,0,0,0,0,0,0,47,61,11,5.545454545454546,1,1,3,2901,3,5,1
Graduation,Together,42162.0,1,0,31,46,7,59,2,4,27,2,3,1,3,6,1,0,0,0,0,0,1,40,145,9,16.11111111111111,1,1,3,2964,2,5,1
Graduation,Together,54450.0,1,1,0,454,0,171,8,19,32,12,9,2,8,8,0,0,0,0,0,0,0,65,684,31,22.06451612903226,1,2,4,3395,2,5,2
PhD,Married,57744.0,0,1,91,350,3,39,0,0,19,2,9,1,4,8,0,0,0,0,0,0,0,67,411,16,25.6875,1,1,3,2971,4,3,2
Graduation,Single,26576.0,1,0,40,10,0,8,0,0,9,1,1,0,2,9,1,0,0,0,0,0,1,35,27,4,6.75,0,1,2,3366,2,4,1
PhD,Widow,57513.0,0,0,59,735,40,183,52,20,30,2,9,3,13,6,0,0,0,0,0,0,0,78,1060,27,39.25925925925926,0,0,1,3100,4,6,2
Graduation,Together,68142.0,0,1,96,897,126,196,91,112,37,3,10,4,7,6,0,0,0,0,0,0,0,57,1459,24,60.791666666666664,1,1,3,3411,2,5,0
Graduation,Married,7500.0,0,1,61,5,2,3,3,0,5,1,1,0,2,8,0,0,0,0,0,0,0,42,18,4,4.5,1,1,3,3411,2,3,1
Graduation,Together,83145.0,0,0,14,777,35,731,39,137,114,1,5,9,11,2,0,0,1,0,0,0,1,47,1833,26,70.5,1,0,2,3387,2,5,0
Master,Married,54197.0,0,1,16,162,6,37,6,13,13,2,1,3,6,1,0,0,0,0,0,0,0,61,237,12,19.75,1,1,3,2829,3,3,1
PhD,Single,23091.0,1,1,98,35,0,11,0,0,2,4,2,1,3,7,0,0,0,0,0,0,0,58,48,10,4.8,0,2,3,2774,4,4,1
Graduation,Married,46049.0,1,1,11,342,9,112,19,14,19,10,5,2,9,7,0,0,0,0,0,0,1,45,515,26,19.807692307692307,1,2,4,3085,2,3,2
Graduation,Together,56715.0,0,0,52,258,105,239,237,172,9,1,7,3,4,4,0,0,0,0,0,0,0,47,1020,15,68.0,1,0,2,3313,2,5,0
Graduation,Married,79410.0,0,0,19,658,80,483,123,13,13,1,3,2,5,1,0,0,0,0,0,0,0,60,1370,11,124.54545454545455,1,0,2,2773,2,3,0
Graduation,Married,57304.0,0,1,61,356,80,329,138,17,106,2,7,6,10,5,0,0,0,0,0,0,0,70,1026,25,41.04,1,1,3,3217,2,3,2
Graduation,Married,44375.0,0,1,73,213,5,28,7,7,41,1,4,1,6,5,0,0,0,0,0,0,0,56,301,12,25.083333333333332,1,1,3,2840,2,3,1
Graduation,Together,54450.0,1,1,0,454,0,171,8,19,32,12,9,2,8,8,0,0,0,0,0,0,0,65,684,31,22.06451612903226,1,2,4,3395,2,5,2
Graduation,Married,59594.0,0,1,74,457,4,29,0,0,9,1,8,1,7,7,0,1,0,0,0,0,0,56,499,17,29.352941176470587,1,1,3,3359,2,3,2
Graduation,Together,80685.0,0,0,55,241,45,604,34,26,54,1,6,4,10,2,0,0,0,0,0,0,0,27,1004,21,47.80952380952381,1,0,2,3418,2,5,0
PhD,Married,40344.0,0,1,48,210,0,6,0,0,2,2,4,1,5,7,0,0,0,0,0,0,0,47,218,12,18.166666666666668,1,1,3,3001,4,3,1
Graduation,Married,62710.0,0,1,53,441,35,83,7,29,11,4,4,2,12,4,0,0,0,0,0,0,0,49,606,22,27.545454545454547,1,1,3,3144,2,3,2
2n Cycle,Married,48985.0,0,1,13,19,13,18,10,7,8,1,1,1,3,3,0,0,0,0,0,0,0,53,75,6,12.5,1,1,3,3101,0,3,1
Graduation,Together,35322.0,1,2,34,28,9,37,12,7,13,3,2,0,4,8,0,0,0,0,0,0,0,53,106,9,11.777777777777779,1,3,5,3418,2,5,1
Graduation,Married,77142.0,0,0,54,476,75,162,29,151,97,1,4,4,8,2,0,0,0,0,0,0,0,73,990,17,58.23529411764706,1,0,2,3138,2,3,0
Graduation,Single,81657.0,0,0,69,364,40,425,158,60,50,1,3,4,8,1,0,0,0,0,0,0,0,52,1097,16,68.5625,0,0,1,2900,2,4,0
Basic,Married,14421.0,0,0,81,0,0,2,3,3,8,1,1,0,2,5,1,0,0,0,0,0,0,25,16,4,4.0,1,0,2,2874,1,3,1
2n Cycle,Married,20130.0,0,0,99,0,6,3,7,6,12,1,1,0,3,8,0,0,0,0,0,0,0,47,34,5,6.8,1,0,2,2846,0,3,1
PhD,Married,74214.0,0,0,3,863,83,547,86,99,33,1,8,2,5,5,0,0,0,0,0,0,0,31,1711,16,106.9375,1,0,2,3414,4,3,0
Master,Married,66726.0,1,1,61,349,7,35,0,0,47,3,8,2,4,7,0,1,0,0,0,0,0,64,438,17,25.764705882352942,1,2,4,2910,3,3,2
Basic,Together,23724.0,1,0,65,5,23,15,0,18,14,2,2,0,3,8,0,0,0,0,0,0,0,42,75,7,10.714285714285714,1,1,3,3279,1,5,1
Master,Married,47353.0,0,1,93,184,2,19,8,8,4,3,2,2,6,5,0,0,0,0,0,0,0,61,225,13,17.307692307692307,1,1,3,2970,3,3,1
Master,Married,33444.0,1,1,24,8,0,8,0,0,2,1,1,0,2,8,0,0,0,0,0,0,0,69,18,4,4.5,1,2,4,3345,3,3,1
Graduation,Married,54386.0,0,1,8,277,21,64,62,21,25,2,3,2,10,3,0,0,0,0,0,0,0,40,470,17,27.647058823529413,1,1,3,3150,2,3,2
Graduation,Divorced,28510.0,1,1,72,44,5,19,0,4,19,3,2,0,4,5,0,0,0,0,0,0,0,40,91,9,10.11111111111111,0,2,3,3184,2,2,1
Master,Single,90638.0,0,0,29,1156,120,915,94,144,96,1,3,4,10,1,0,0,1,0,0,0,0,30,2525,18,140.27777777777777,0,0,1,2878,3,4,0
Graduation,Together,48070.0,0,1,33,373,14,83,6,9,19,3,8,2,6,7,0,0,0,0,0,1,0,71,504,19,26.526315789473685,1,1,3,3274,2,5,2
Graduation,Married,43140.0,0,1,68,134,8,76,6,0,11,1,4,1,5,6,0,0,0,0,0,0,0,64,235,11,21.363636363636363,1,1,3,3282,2,3,1
PhD,Divorced,54959.0,0,1,55,1148,0,60,0,0,24,3,9,5,4,7,0,1,0,0,0,0,1,60,1232,21,58.666666666666664,0,1,2,3268,4,2,2
Basic,Single,15056.0,1,1,76,6,12,3,21,6,40,5,2,2,3,5,0,0,0,0,0,0,0,63,88,12,7.333333333333333,0,2,3,3164,1,4,1
Graduation,Single,26954.0,1,0,17,4,1,11,0,0,1,1,1,0,2,7,0,0,0,0,0,0,0,50,17,4,4.25,0,1,2,2794,2,4,1
Graduation,Single,22327.0,1,0,94,5,4,8,2,0,5,1,1,0,3,5,0,0,0,0,0,0,0,36,24,5,4.8,0,1,2,3073,2,4,1
Graduation,Married,44393.0,1,1,86,24,2,20,2,2,10,2,1,0,4,4,0,0,0,0,0,0,0,56,60,7,8.571428571428571,1,2,4,3053,2,3,1
PhD,Single,62000.0,0,1,25,899,0,101,0,0,20,1,6,6,13,4,0,0,0,1,0,0,0,69,1020,26,39.23076923076923,0,1,2,3050,4,4,2
PhD,Together,31497.0,0,1,22,108,1,28,13,1,4,2,3,1,4,8,0,0,0,0,0,0,0,59,155,10,15.5,1,1,3,3312,4,5,1
2n Cycle,Married,45894.0,0,2,15,27,2,7,0,2,13,1,1,0,3,5,0,0,0,0,0,0,0,47,51,5,10.2,1,2,4,2864,0,3,1
Master,Divorced,78579.0,0,0,35,816,66,549,216,66,99,1,5,6,4,3,0,0,0,0,0,0,1,51,1812,16,113.25,0,0,1,3296,3,2,0
Master,Widow,67369.0,0,1,81,1298,0,70,37,14,42,4,7,4,10,4,0,1,1,0,0,0,1,52,1461,25,58.44,0,1,2,3331,3,6,2
Graduation,Divorced,58401.0,0,1,55,10,0,11,17,29,29,1,1,2,2,4,0,0,0,0,0,0,0,61,96,6,16.0,0,1,2,2812,2,2,1
Graduation,Single,62307.0,0,1,94,87,13,34,10,6,10,1,4,0,4,5,0,0,0,0,0,0,0,69,160,9,17.77777777777778,0,1,2,2874,2,4,1
Master,Married,43641.0,1,1,50,57,2,51,4,2,23,3,2,1,4,6,0,0,0,0,0,0,0,52,139,10,13.9,1,2,4,3175,3,3,1
Master,Divorced,63841.0,0,1,64,635,15,100,20,7,131,1,9,3,9,6,0,0,0,0,0,0,0,53,908,22,41.27272727272727,0,1,2,3176,3,2,2
2n Cycle,Married,46891.0,0,1,91,43,12,23,29,15,61,1,2,1,4,4,0,0,0,0,0,0,0,56,183,8,22.875,1,1,3,3043,0,3,1
Master,Married,70091.0,1,0,11,964,34,137,15,0,11,2,5,2,10,8,0,1,0,0,0,0,0,52,1161,19,61.10526315789474,1,1,3,3197,3,3,2
PhD,Married,78075.0,0,0,72,572,8,259,34,35,80,1,3,5,5,1,0,0,0,0,0,0,0,49,988,14,70.57142857142857,1,0,2,2827,4,3,0
2n Cycle,Widow,59184.0,0,1,6,341,142,113,259,151,66,3,6,6,12,5,0,0,0,0,0,0,0,60,1072,27,39.7037037037037,0,1,2,3400,0,6,0
Graduation,Married,54809.0,1,1,0,63,6,57,13,13,22,4,2,1,5,4,0,0,0,0,0,0,0,44,174,12,14.5,1,2,4,3033,2,3,1
Graduation,Married,58113.0,0,1,66,221,104,169,102,78,84,3,9,2,8,7,0,0,0,0,0,1,0,62,758,22,34.45454545454545,1,1,3,3262,2,3,2
Master,Married,51412.0,0,1,42,140,3,29,4,5,14,2,3,2,4,4,0,0,0,0,0,0,0,63,195,11,17.727272727272727,1,1,3,2922,3,3,1
Graduation,Divorced,15287.0,1,0,60,1,2,8,4,3,13,2,1,1,2,7,1,0,0,0,0,0,1,42,31,6,5.166666666666667,0,1,2,3369,2,2,1
Master,Together,66636.0,0,0,64,291,10,689,84,10,0,1,3,4,9,1,0,0,0,0,0,0,0,64,1084,17,63.76470588235294,1,0,2,3058,3,5,0
Master,Married,50965.0,0,1,87,544,13,85,8,6,29,3,10,4,5,8,1,0,0,0,0,0,0,65,685,22,31.136363636363637,1,1,3,3236,3,3,2
PhD,Married,84618.0,0,0,96,684,100,801,21,66,0,1,6,9,10,2,0,0,1,0,0,0,0,56,1672,26,64.3076923076923,1,0,2,2961,4,3,0
Graduation,Married,18351.0,0,0,1,1,12,9,0,14,7,1,2,0,3,7,0,0,0,0,0,0,0,31,43,6,7.166666666666667,1,0,2,2985,2,3,1
PhD,Together,40451.0,0,2,54,35,0,4,0,0,10,1,1,1,2,5,1,0,0,0,0,0,0,64,49,5,9.8,1,2,4,2875,4,5,1
Graduation,Together,36317.0,0,1,53,87,3,25,3,2,13,2,3,0,4,7,0,0,0,0,0,0,0,56,133,9,14.777777777777779,1,1,3,3145,2,5,1
Graduation,Together,42213.0,0,1,96,309,3,24,4,3,20,2,5,1,7,7,0,1,0,0,0,0,0,64,363,15,24.2,1,1,3,3002,2,5,2
Graduation,Together,65748.0,0,1,58,172,73,93,95,78,34,2,2,4,10,1,0,0,0,0,0,1,0,66,545,18,30.27777777777778,1,1,3,3182,2,5,2
Graduation,Together,77044.0,0,1,12,625,38,242,50,34,76,2,7,11,11,4,1,0,0,0,0,0,0,49,1065,31,34.354838709677416,1,1,3,2987,2,5,2
Graduation,Together,74918.0,0,0,78,972,59,913,25,19,59,1,5,9,6,3,0,0,1,0,0,0,0,52,2047,21,97.47619047619048,1,0,2,3216,2,5,0
Graduation,Married,56721.0,1,1,64,157,6,39,6,13,75,5,4,1,5,6,0,0,0,0,0,0,0,49,296,15,19.733333333333334,1,2,4,3348,2,3,2
Graduation,Single,42160.0,1,1,26,48,9,45,3,15,20,4,2,1,4,6,0,0,0,0,0,0,1,46,140,11,12.727272727272727,0,2,3,3108,2,4,1
Graduation,Single,61559.0,0,1,8,279,83,88,32,14,34,1,4,2,10,3,0,0,0,0,0,0,0,56,530,17,31.176470588235293,0,1,2,3089,2,4,2
PhD,Together,33629.0,1,1,49,132,0,16,0,0,4,5,3,1,4,9,0,0,0,0,0,0,0,58,152,13,11.692307692307692,1,2,4,3432,4,5,1
PhD,Together,68682.0,0,0,56,919,0,505,99,30,45,1,4,9,10,2,0,0,0,0,0,0,0,30,1598,24,66.58333333333333,1,0,2,3008,4,5,0
Graduation,Single,34377.0,0,1,55,62,0,22,3,1,26,2,2,2,2,7,0,0,0,0,0,0,0,58,114,8,14.25,0,1,2,3268,2,4,1
Basic,Single,8940.0,1,0,25,1,45,3,4,6,42,3,3,1,3,8,0,0,0,0,0,0,0,35,101,10,10.1,0,1,2,3418,1,4,1
Graduation,Married,26228.0,1,0,50,2,6,4,3,1,9,1,1,0,2,8,0,0,0,0,0,0,0,48,25,4,6.25,1,1,3,3022,2,3,1
2n Cycle,Divorced,77297.0,0,0,84,408,61,109,48,122,41,1,5,7,9,4,0,0,0,1,0,0,0,64,789,22,35.86363636363637,0,0,1,3261,0,2,0
Graduation,Married,40211.0,1,1,30,51,1,7,2,1,25,2,2,1,2,8,1,0,0,0,0,0,0,40,87,7,12.428571428571429,1,2,4,3076,2,3,1
PhD,Widow,33438.0,1,1,81,62,1,16,3,2,6,4,2,1,4,5,0,0,0,0,0,0,0,63,90,11,8.181818181818182,0,2,3,3022,4,6,1
PhD,Married,75032.0,0,1,74,952,12,180,47,12,12,2,5,4,9,3,0,0,0,0,0,0,0,62,1215,20,60.75,1,1,3,3169,4,3,2
PhD,Single,61284.0,0,0,76,618,15,106,20,7,45,1,11,2,8,6,0,1,0,0,0,0,0,66,811,22,36.86363636363637,0,0,1,3002,4,4,2
Graduation,Married,22518.0,1,0,36,11,7,12,2,2,27,2,2,1,2,5,1,0,0,0,0,0,1,35,61,7,8.714285714285714,1,1,3,3357,2,3,1
Master,Married,54730.0,0,1,64,318,3,17,4,7,56,5,4,1,8,4,0,0,0,0,0,0,0,46,405,18,22.5,1,1,3,3060,3,3,2
Master,Married,38452.0,1,1,62,56,0,14,0,0,2,3,3,0,3,7,0,0,0,0,0,0,0,66,72,9,8.0,1,2,4,2833,3,3,1
Graduation,Divorced,44421.0,1,1,53,110,5,59,7,1,7,5,5,0,4,8,0,0,0,0,0,0,0,50,189,14,13.5,0,2,3,3241,2,2,1
PhD,Together,38197.0,1,0,86,23,0,11,2,1,3,1,1,0,3,5,0,0,0,0,0,0,0,35,40,5,8.0,1,1,3,3107,4,5,1
Graduation,Divorced,41986.0,0,1,15,27,5,8,8,3,12,3,3,0,4,4,0,0,0,0,0,0,0,43,63,10,6.3,0,1,2,2882,2,2,1
Graduation,Together,28427.0,1,0,67,18,3,19,3,3,6,2,2,0,3,8,0,0,0,0,0,0,0,38,52,7,7.428571428571429,1,1,3,3207,2,5,1
PhD,Together,37395.0,1,0,47,18,0,9,0,1,11,1,1,0,3,6,0,0,0,0,0,0,0,45,39,5,7.8,1,1,3,2800,4,5,1
Graduation,Married,64722.0,1,0,47,303,0,280,60,147,15,4,8,2,11,6,0,0,0,0,0,0,0,50,805,25,32.2,1,1,3,2776,2,3,2
Master,Together,55249.0,0,1,81,97,1,19,2,0,11,1,2,1,4,3,0,0,0,0,0,0,0,65,130,8,16.25,1,1,3,2815,3,5,1
Graduation,Together,84906.0,0,0,98,997,15,414,99,30,76,1,5,6,12,2,0,1,1,0,1,0,0,49,1631,24,67.95833333333333,1,0,2,3010,2,5,0
Graduation,Married,28691.0,1,0,56,5,4,13,8,0,4,1,1,0,3,8,0,0,0,0,0,0,0,32,34,5,6.8,1,1,3,3102,2,3,1
Graduation,Single,44213.0,1,1,48,95,11,35,0,4,7,4,2,1,5,6,0,0,0,0,0,0,0,69,152,12,12.666666666666666,0,2,3,2954,2,4,1
Basic,Single,25707.0,1,0,18,1,6,2,3,6,3,1,1,0,3,7,0,0,0,0,0,0,0,37,21,5,4.2,0,1,2,2904,1,4,1
PhD,Married,59062.0,2,1,74,46,1,12,3,0,9,2,2,0,3,4,0,0,0,0,0,0,0,54,71,7,10.142857142857142,1,3,5,3011,4,3,1
Graduation,Single,76624.0,0,1,68,411,106,147,54,115,66,1,5,10,7,1,1,0,0,0,0,0,0,59,899,23,39.08695652173913,0,1,2,2778,2,4,0
Master,Together,66000.0,0,0,36,244,51,270,101,0,45,1,1,3,5,1,0,0,0,0,0,0,0,74,711,10,71.1,1,0,2,2812,3,5,0
PhD,Together,27683.0,1,0,90,152,9,121,12,12,45,4,6,2,4,8,0,0,0,0,0,0,0,43,351,16,21.9375,1,1,3,3436,4,5,1
Graduation,Divorced,1730.0,0,0,65,1,1,3,1,1,1,15,0,0,0,20,0,0,0,0,0,0,0,50,8,15,0.5333333333333333,0,0,1,2784,2,2,1
Basic,Single,7500.0,1,0,63,10,17,18,8,26,40,4,3,2,2,9,0,0,0,0,0,0,0,29,119,11,10.818181818181818,0,1,2,3315,1,4,1
Graduation,Together,40521.0,1,1,82,12,0,5,0,0,4,1,0,1,2,5,0,0,0,0,0,0,0,53,21,4,5.25,1,2,4,3192,2,5,1
PhD,Together,20427.0,1,0,63,5,0,4,0,0,1,1,1,0,2,8,0,0,0,0,0,0,0,48,10,4,2.5,1,1,3,2839,4,5,1
Graduation,Married,65106.0,0,1,55,790,19,133,12,0,19,3,8,3,13,6,0,1,0,0,0,0,0,46,973,27,36.03703703703704,1,1,3,2778,2,3,2
PhD,Married,69969.0,0,0,64,882,29,514,38,29,44,1,4,2,6,3,0,0,1,1,0,0,1,56,1536,13,118.15384615384616,1,0,2,3048,4,3,0
Graduation,Married,67433.0,0,2,51,615,28,259,12,48,30,4,6,5,13,4,0,1,0,0,0,0,0,69,992,28,35.42857142857143,1,2,4,3090,2,3,2
PhD,Married,77766.0,0,1,97,1004,59,265,115,59,27,2,11,10,11,6,1,0,0,0,0,0,1,54,1529,34,44.970588235294116,1,1,3,3234,4,3,2
Graduation,Married,74716.0,0,1,92,133,27,421,13,195,71,2,7,3,5,4,0,0,0,0,0,0,0,49,860,17,50.588235294117645,1,1,3,3032,2,3,2
Graduation,Divorced,68118.0,0,1,51,595,23,123,10,23,154,2,8,9,4,6,0,0,0,0,0,0,0,58,928,23,40.34782608695652,0,1,2,2996,2,2,2
PhD,Married,55158.0,1,1,72,293,0,87,4,11,23,4,7,2,5,7,0,0,0,0,0,0,1,51,418,18,23.22222222222222,1,2,4,3441,4,3,2
2n Cycle,Married,62972.0,0,1,39,313,15,47,20,0,192,2,7,4,3,6,0,0,0,0,0,0,1,66,587,16,36.6875,1,1,3,3437,0,3,2
Graduation,Married,74190.0,0,1,49,151,81,86,168,91,64,2,4,2,11,2,0,0,0,0,0,0,0,46,641,19,33.73684210526316,1,1,3,2790,2,3,0
Graduation,Married,39356.0,1,1,21,15,0,2,0,0,6,1,1,0,2,6,1,0,0,0,0,0,0,45,23,4,5.75,1,2,4,2844,2,3,1
Graduation,Together,76653.0,0,0,91,736,63,946,219,189,126,1,4,7,11,2,0,0,1,1,0,0,0,52,2279,23,99.08695652173913,1,0,2,3059,2,5,0
PhD,Divorced,35860.0,1,1,37,15,0,8,4,2,20,2,1,1,2,5,1,0,0,0,0,0,0,48,49,6,8.166666666666666,0,2,3,2783,4,2,1
PhD,Divorced,90687.0,0,0,98,982,17,672,23,34,51,1,6,2,8,2,0,0,1,0,0,0,1,38,1779,17,104.6470588235294,0,0,1,3145,4,2,0
Master,Together,73450.0,0,0,85,1142,51,415,90,69,37,1,7,8,11,3,1,0,0,1,0,0,0,39,1804,27,66.81481481481481,1,0,2,2948,3,5,0
Graduation,Married,31454.0,1,1,40,28,0,11,0,0,9,3,2,0,3,8,0,0,0,0,0,0,0,61,48,8,6.0,1,2,4,3100,2,3,1
Graduation,Single,47139.0,1,1,2,46,0,12,0,2,23,2,2,1,2,7,0,0,0,0,0,0,1,69,83,7,11.857142857142858,0,2,3,2857,2,4,1
Graduation,Divorced,83829.0,0,0,78,897,161,430,186,161,27,0,4,7,6,1,1,0,1,1,0,0,1,46,1862,17,109.52941176470588,0,0,1,3006,2,2,0
PhD,Married,53378.0,1,1,41,489,6,152,8,6,132,10,9,4,6,8,0,0,0,0,0,0,1,58,793,29,27.344827586206897,1,2,4,3385,4,3,2
Graduation,Together,19656.0,1,0,94,25,4,9,6,8,32,3,2,1,3,7,0,0,0,0,0,0,0,51,84,9,9.333333333333334,1,1,3,3248,2,5,1
PhD,Married,45579.0,0,1,10,145,1,33,2,1,1,1,4,1,4,6,0,0,0,0,0,0,0,73,183,10,18.3,1,1,3,3055,4,3,1
2n Cycle,Single,85485.0,0,0,73,630,26,611,44,18,54,1,6,6,6,2,0,0,0,0,0,0,0,63,1383,19,72.78947368421052,0,0,1,2750,0,4,0
Graduation,Married,55956.0,0,0,22,760,38,104,50,9,38,2,7,3,4,4,0,1,0,0,0,0,0,77,999,16,62.4375,1,0,2,2825,2,3,2
Master,Single,64191.0,0,1,30,420,15,186,151,38,15,3,5,3,13,3,0,0,0,0,0,0,0,58,825,24,34.375,0,1,2,3265,3,4,2
Graduation,Single,38808.0,1,0,21,125,17,52,3,19,30,4,5,1,4,8,1,0,0,0,0,0,1,49,246,14,17.571428571428573,0,1,2,3414,2,4,1
Master,Married,57183.0,1,1,51,464,5,64,7,0,70,8,9,1,7,8,0,0,0,0,0,0,0,55,610,25,24.4,1,2,4,3209,3,3,2
Master,Divorced,23748.0,1,0,97,6,6,29,12,15,8,3,2,1,3,8,0,0,0,0,0,0,0,53,76,9,8.444444444444445,0,1,2,3327,3,2,1
Graduation,Married,66303.0,0,1,56,1090,12,96,16,12,60,4,3,4,11,8,0,1,0,0,0,0,0,50,1286,22,58.45454545454545,1,1,3,3230,2,3,2
Master,Married,37368.0,1,0,4,3,2,11,2,2,10,1,1,0,2,6,1,0,0,0,0,0,0,46,30,4,7.5,1,1,3,2937,3,3,1
Graduation,Married,40800.0,1,2,77,24,0,27,8,30,10,2,3,0,3,7,0,0,0,0,0,1,0,57,99,8,12.375,1,3,5,3286,2,3,1
Graduation,Divorced,71847.0,0,0,95,737,21,106,55,63,210,0,6,7,9,3,0,0,0,1,0,0,0,43,1192,22,54.18181818181818,0,0,1,3388,2,2,0
Graduation,Married,46149.0,0,1,36,254,6,71,4,0,27,5,5,1,7,5,0,0,0,0,0,0,0,46,362,18,20.11111111111111,1,1,3,2954,2,3,2
Graduation,Together,78687.0,0,0,13,817,185,687,145,55,241,1,4,6,8,2,0,0,1,0,0,0,1,38,2130,19,112.10526315789474,1,0,2,3431,2,5,0
2n Cycle,Divorced,49118.0,0,0,90,620,54,239,99,98,119,2,9,7,10,7,0,1,0,0,1,0,1,50,1229,28,43.892857142857146,0,0,1,3422,0,2,0
PhD,Married,37633.0,1,1,49,13,4,20,0,0,1,2,1,0,3,9,0,0,0,0,0,0,0,64,38,6,6.333333333333333,1,2,4,3389,4,3,1
Master,Together,39767.0,0,0,18,113,61,204,34,26,47,2,7,1,7,8,0,0,0,0,0,0,0,70,485,17,28.529411764705884,1,0,2,3085,3,5,2
Basic,Married,26997.0,0,0,89,7,23,78,133,49,144,2,4,2,5,7,0,0,0,0,0,0,0,70,434,13,33.38461538461539,1,0,2,3343,1,3,2
Graduation,Divorced,33986.0,1,0,43,16,2,18,2,1,5,1,1,0,3,7,0,0,0,0,0,0,0,51,44,5,8.8,0,1,2,3214,2,2,1
PhD,Married,57091.0,0,1,82,462,0,24,6,0,4,2,9,2,5,7,0,1,0,0,0,0,1,49,496,18,27.555555555555557,1,1,3,3325,4,3,2
2n Cycle,Married,46831.0,1,1,84,22,2,10,6,4,34,2,1,2,2,4,0,0,0,0,0,0,0,52,78,7,11.142857142857142,1,2,4,3128,0,3,1
Master,Married,83151.0,0,0,80,968,147,842,137,42,210,1,5,7,10,2,1,0,1,1,0,0,1,49,2346,23,102.0,1,0,2,3246,3,3,0
Graduation,Married,52531.0,0,0,68,283,112,151,51,72,125,2,7,2,10,6,0,0,0,0,0,0,0,50,794,21,37.80952380952381,1,0,2,3288,2,3,0
Graduation,Married,15759.0,0,0,12,1,2,5,6,0,3,1,1,0,2,7,0,0,0,0,0,0,0,65,17,4,4.25,1,0,2,3039,2,3,1
Graduation,Single,22804.0,1,0,75,14,1,7,2,1,1,1,2,0,2,9,0,0,0,0,0,0,0,50,26,5,5.2,0,1,2,3075,2,4,1
2n Cycle,Married,43050.0,1,0,10,30,5,24,6,3,8,2,2,0,4,5,0,0,0,0,0,0,0,48,76,8,9.5,1,1,3,2845,0,3,1
PhD,Single,42997.0,1,1,91,4,0,5,0,1,5,1,1,0,2,7,0,0,0,0,0,0,0,44,15,4,3.75,0,2,3,2946,4,4,1
PhD,Single,48918.0,1,1,21,52,0,9,0,0,1,2,1,0,4,4,0,0,0,0,0,0,0,58,62,7,8.857142857142858,0,2,3,2820,4,4,1
Master,Together,60033.0,0,1,28,62,1,57,19,11,48,2,2,1,5,2,0,0,0,0,0,0,0,67,198,10,19.8,1,1,3,2834,3,5,1
PhD,Together,34043.0,1,0,97,20,2,14,3,0,10,1,2,0,2,9,0,0,0,0,0,0,0,43,49,5,9.8,1,1,3,2989,4,5,1
Graduation,Together,57811.0,0,1,49,545,7,114,37,21,78,5,7,2,11,5,0,1,0,0,0,0,0,55,802,25,32.08,1,1,3,3112,2,5,2
Graduation,Married,78569.0,0,0,14,558,79,622,207,175,95,1,4,6,4,1,0,0,1,0,0,0,1,75,1736,15,115.73333333333333,1,0,2,2872,2,3,0
Graduation,Single,7500.0,1,1,5,6,5,4,13,4,25,4,2,1,3,6,0,0,0,0,0,0,0,43,57,10,5.7,0,2,3,3291,2,4,1
Graduation,Together,94384.0,0,0,62,1111,24,790,160,45,172,0,5,8,5,2,0,1,1,1,0,0,1,68,2302,18,127.88888888888889,1,0,2,3224,2,5,0
2n Cycle,Married,23148.0,0,0,83,4,6,8,6,3,10,1,2,0,3,7,0,0,0,0,0,0,0,36,37,6,6.166666666666667,1,0,2,2873,0,3,1
Graduation,Divorced,44267.0,1,1,48,183,5,65,3,5,49,5,5,2,4,9,0,0,0,0,0,0,0,51,310,16,19.375,0,2,3,3231,2,2,1
Graduation,Married,71626.0,0,0,94,546,72,376,94,145,72,1,5,5,8,3,0,1,0,0,0,0,0,42,1305,19,68.6842105263158,1,0,2,3347,2,3,0
Graduation,Together,60894.0,0,1,61,606,7,155,10,0,54,5,10,3,8,7,0,0,0,0,0,0,0,55,832,26,32.0,1,1,3,3108,2,5,2
Graduation,Together,50200.0,1,1,70,266,6,51,8,6,64,6,7,1,5,8,0,0,0,0,0,0,0,45,401,19,21.105263157894736,1,2,4,3194,2,5,2
PhD,Married,81051.0,0,0,43,1142,29,249,38,29,14,1,5,5,12,2,0,1,1,0,0,0,0,56,1501,23,65.26086956521739,1,0,2,2779,4,3,0
Graduation,Married,65169.0,0,0,23,1074,0,69,0,0,46,1,10,4,13,6,1,0,1,1,1,0,1,39,1189,28,42.464285714285715,1,0,2,2908,2,3,2
Graduation,Together,59868.0,0,1,37,771,51,154,54,10,154,7,11,2,12,6,0,0,0,0,0,0,0,49,1194,32,37.3125,1,1,3,3084,2,5,2
PhD,Married,65695.0,0,1,50,371,32,189,0,58,6,2,5,4,10,4,0,0,0,0,0,0,0,61,656,21,31.238095238095237,1,1,3,2891,4,3,2
Master,Single,64857.0,0,0,78,556,14,717,210,0,43,1,7,5,10,4,0,0,0,0,0,0,0,65,1540,23,66.95652173913044,0,0,1,3325,3,4,0
Master,Together,45143.0,0,1,74,202,5,74,11,5,14,3,6,1,5,7,0,0,0,0,0,0,0,56,311,15,20.733333333333334,1,1,3,3049,3,5,2
2n Cycle,Together,74805.0,0,1,14,209,162,209,41,162,37,5,4,7,10,2,0,0,0,0,0,0,0,66,820,26,31.53846153846154,1,1,3,2977,0,5,0
2n Cycle,Married,59060.0,1,0,77,35,40,111,36,40,12,3,3,1,7,4,0,0,0,0,0,0,0,32,274,14,19.571428571428573,1,1,3,2911,0,3,1
PhD,Single,27238.0,1,1,39,37,0,17,0,0,3,3,3,0,3,9,0,0,0,0,0,0,0,59,57,9,6.333333333333333,0,2,3,3177,4,4,1
Graduation,Together,47009.0,0,1,89,171,45,73,59,10,90,4,3,2,8,4,0,0,0,0,0,0,0,56,448,17,26.352941176470587,1,1,3,3013,2,5,2
2n Cycle,Married,46094.0,1,1,62,12,2,20,3,2,5,1,1,0,3,7,0,0,0,0,0,0,0,48,44,5,8.8,1,2,4,2761,0,3,1
Graduation,Married,40321.0,1,1,59,44,4,21,6,0,27,2,3,0,3,7,0,0,0,0,0,0,0,49,102,8,12.75,1,2,4,3077,2,3,1
Graduation,Together,37235.0,1,0,68,20,2,9,4,6,20,1,1,1,2,4,0,0,0,0,0,0,0,37,61,5,12.2,1,1,3,2890,2,5,1
Master,Married,81843.0,0,0,13,779,86,537,34,69,138,1,5,9,12,3,0,0,0,0,0,0,0,61,1643,27,60.851851851851855,1,0,2,3175,3,3,0
Master,Together,46692.0,0,1,37,170,6,97,24,12,88,3,6,1,5,6,0,0,0,0,0,0,0,63,397,15,26.466666666666665,1,1,3,3130,3,5,2
Graduation,Together,77382.0,0,1,36,491,48,231,112,105,134,2,5,7,12,1,0,0,1,0,0,0,0,53,1121,26,43.11538461538461,1,1,3,2915,2,5,0
Graduation,Single,37774.0,2,0,28,173,8,107,7,2,176,4,7,2,3,9,1,0,0,0,0,1,1,44,473,16,29.5625,0,2,3,3406,2,4,1
Basic,Married,18393.0,1,0,2,7,10,13,16,0,4,2,3,0,3,8,0,0,0,0,0,0,0,47,50,8,6.25,1,1,3,2834,1,3,1
Master,Married,72828.0,0,1,17,1205,0,235,19,14,205,6,6,3,13,7,0,0,0,0,0,0,0,59,1678,28,59.92857142857143,1,1,3,3242,3,3,2
Graduation,Married,24711.0,0,0,86,10,7,25,6,3,7,1,3,0,3,7,0,0,0,0,0,0,0,39,58,7,8.285714285714286,1,0,2,2814,2,3,1
PhD,Married,45503.0,1,0,54,97,4,44,6,1,18,1,3,1,4,5,0,0,0,0,0,0,0,46,170,9,18.88888888888889,1,1,3,3019,4,3,1
Master,Single,6560.0,0,0,2,67,11,26,4,3,262,0,1,0,1,17,0,0,0,0,0,0,0,39,373,2,186.5,0,0,1,2941,3,4,1
PhD,Together,71604.0,0,0,3,345,53,528,98,75,97,1,8,3,5,4,1,0,0,0,0,0,1,76,1196,17,70.3529411764706,1,0,2,2966,4,5,0
Graduation,Married,27244.0,1,0,84,6,5,17,3,24,46,2,2,2,2,7,0,0,0,0,0,0,0,42,101,8,12.625,1,1,3,2856,2,3,1
Graduation,Married,48752.0,1,1,8,73,57,100,71,15,0,5,6,1,5,9,0,0,0,0,0,0,1,52,316,17,18.58823529411765,1,2,4,3306,2,3,2
Graduation,Married,71434.0,0,1,4,711,36,217,172,96,168,3,7,4,7,4,0,1,0,1,0,0,0,59,1400,21,66.66666666666667,1,1,3,3026,2,3,0
Graduation,Single,90842.0,0,0,57,774,70,118,182,187,93,1,4,9,13,1,0,0,0,0,0,0,0,73,1424,27,52.74074074074074,0,0,1,3077,2,4,0
Master,Married,88097.0,1,0,24,163,0,480,0,126,75,1,6,5,8,9,0,1,1,1,0,0,1,43,844,20,42.2,1,1,3,3422,3,3,2
Graduation,Married,51948.0,0,1,51,82,33,54,71,30,41,2,5,2,4,5,0,0,0,0,0,0,0,46,311,13,23.923076923076923,1,1,3,3027,2,3,2
Graduation,Together,71853.0,0,0,29,358,108,413,141,97,32,1,2,8,6,1,0,0,0,0,0,0,0,39,1149,17,67.58823529411765,1,0,2,3159,2,5,0
Master,Married,35876.0,0,0,13,66,2,40,4,3,14,1,3,1,3,6,0,0,0,0,0,0,0,38,129,8,16.125,1,0,2,2812,3,3,1
Graduation,Widow,40049.0,0,1,23,13,6,7,0,3,3,1,1,0,3,6,0,0,0,0,0,0,0,69,32,5,6.4,0,1,2,2998,2,6,1
Graduation,Single,39660.0,1,0,36,139,13,78,20,13,36,3,7,1,3,9,0,0,0,0,0,0,1,39,299,14,21.357142857142858,0,1,2,3432,2,4,1
Graduation,Together,50127.0,0,1,88,274,0,21,4,6,15,1,5,1,6,6,0,1,0,0,0,0,0,59,320,13,24.615384615384617,1,1,3,2773,2,5,1
Master,Married,43263.0,0,1,2,262,6,61,0,10,102,3,5,2,6,5,0,0,0,0,0,0,0,44,441,16,27.5625,1,1,3,3327,3,3,2
Master,Married,62845.0,1,1,3,1099,0,45,0,0,34,11,3,4,10,8,0,1,0,0,0,0,1,72,1178,28,42.07142857142857,1,2,4,3378,3,3,2
Graduation,Married,18929.0,0,0,15,32,0,8,23,4,18,1,1,0,4,6,0,0,0,0,0,0,0,31,85,6,14.166666666666666,1,0,2,3240,2,3,1
Basic,Single,24367.0,1,0,58,2,4,2,0,11,5,1,1,0,2,9,0,0,0,0,0,0,0,39,24,4,6.0,0,1,2,3208,1,4,1
Graduation,Single,33249.0,1,0,11,6,10,21,19,14,42,2,2,1,3,6,0,0,0,0,0,0,0,46,112,8,14.0,0,1,2,3236,2,4,1
2n Cycle,Married,26887.0,0,1,27,6,7,4,3,4,6,1,1,0,3,6,0,0,0,0,0,0,0,62,30,5,6.0,1,1,3,3246,0,3,1
PhD,Married,50150.0,0,0,32,135,46,92,65,61,11,2,5,2,7,5,0,0,0,0,0,0,0,38,410,16,25.625,1,0,2,3116,4,3,2
Graduation,Together,62061.0,0,1,12,641,7,84,0,30,38,3,10,4,7,6,0,1,0,0,0,0,0,45,800,24,33.333333333333336,1,1,3,3044,2,5,2
PhD,Divorced,85696.0,0,0,88,714,76,395,116,0,12,1,4,6,9,1,0,0,0,0,0,0,1,59,1313,20,65.65,0,0,1,3164,4,2,0
PhD,Together,76542.0,0,0,91,794,73,573,0,29,14,1,4,8,10,2,0,0,0,0,0,0,0,65,1483,23,64.47826086956522,1,0,2,3198,4,5,0
Graduation,Single,70515.0,0,0,12,420,0,452,182,64,140,1,6,6,4,2,0,0,0,0,0,0,1,28,1258,17,74.0,0,0,1,2993,2,4,0
Graduation,Together,18227.0,1,0,21,1,2,7,4,3,11,1,0,1,2,8,0,0,0,0,0,0,0,34,28,4,7.0,1,1,3,3340,2,5,1
Graduation,Married,69139.0,0,1,23,86,12,75,33,15,6,1,4,1,5,4,0,0,0,0,0,0,0,56,227,11,20.636363636363637,1,1,3,2895,2,3,1
Graduation,Married,69109.0,0,0,10,823,25,459,124,29,95,1,6,6,7,4,0,0,1,0,0,0,1,39,1555,20,77.75,1,0,2,3339,2,3,0
Graduation,Single,69627.0,0,1,35,231,161,215,171,30,53,2,8,2,11,5,0,0,0,0,0,0,0,59,861,23,37.43478260869565,0,1,2,3211,2,4,0
Graduation,Married,38136.0,1,0,69,8,15,27,0,20,33,2,3,1,2,8,1,0,0,0,0,0,0,43,103,8,12.875,1,1,3,3175,2,3,1
PhD,Single,62159.0,0,0,68,182,17,259,77,70,29,1,6,2,10,4,0,0,0,0,0,0,0,75,634,19,33.36842105263158,0,0,1,2804,4,4,0
Graduation,Single,80695.0,0,0,85,557,129,984,193,37,18,1,5,8,5,2,0,0,0,0,0,0,0,58,1918,19,100.94736842105263,0,0,1,2924,2,4,0
Master,Single,33316.0,1,1,34,79,1,31,4,4,12,3,2,1,4,6,0,0,0,0,0,0,0,50,131,10,13.1,0,2,3,3010,3,4,1
Graduation,Together,58554.0,1,1,55,368,24,68,38,0,88,6,8,2,6,7,0,0,0,0,0,0,0,53,586,22,26.636363636363637,1,2,4,3383,2,5,2
Basic,Married,17256.0,1,0,10,6,4,14,8,8,22,2,2,1,2,8,1,0,0,0,0,0,0,29,62,7,8.857142857142858,1,1,3,2960,1,3,1
Graduation,Divorced,53034.0,1,1,30,160,15,196,15,11,50,8,6,1,7,8,0,0,0,0,0,0,0,47,447,22,20.318181818181817,0,2,3,3137,2,2,2
2n Cycle,Together,52203.0,0,0,36,488,21,238,56,108,28,1,8,7,11,6,0,0,0,0,0,0,0,71,939,27,34.77777777777778,1,0,2,3440,0,5,0
2n Cycle,Divorced,59601.0,0,1,14,691,7,69,0,7,23,4,2,2,7,8,0,1,0,0,0,0,0,44,797,15,53.13333333333333,0,1,2,3081,0,2,2
Master,Single,75154.0,0,1,79,543,10,205,160,143,82,1,6,3,6,3,0,0,0,0,0,0,1,63,1143,16,71.4375,0,1,2,3405,3,4,0
Graduation,Single,47025.0,0,1,52,254,7,108,20,0,26,3,6,3,5,6,0,0,0,0,0,0,0,45,415,17,24.41176470588235,0,1,2,2976,2,4,2
Graduation,Married,37971.0,1,0,97,5,4,10,2,2,7,1,1,0,3,8,0,0,0,0,0,0,0,48,30,5,6.0,1,1,3,2958,2,3,1
Master,Divorced,41335.0,1,0,24,112,19,21,16,14,5,3,4,1,4,7,0,0,0,0,0,0,0,53,187,12,15.583333333333334,0,1,2,2927,3,2,1
Graduation,Married,67267.0,0,1,0,134,11,59,15,2,30,1,3,2,5,2,0,0,0,0,0,0,0,63,251,11,22.818181818181817,1,1,3,2789,2,3,1
Graduation,Single,57338.0,0,1,96,143,6,52,11,8,17,2,4,1,5,5,0,0,0,0,0,0,0,46,237,12,19.75,0,1,2,2803,2,4,1
2n Cycle,Together,50523.0,1,1,89,51,4,24,4,7,1,2,2,0,4,6,0,0,0,0,0,0,0,61,91,8,11.375,1,2,4,2928,0,5,1
Master,Single,35791.0,2,1,94,27,0,5,0,0,3,2,1,0,3,8,0,0,0,0,0,0,0,56,35,6,5.833333333333333,0,3,4,3161,3,4,1
PhD,Divorced,50611.0,0,1,98,459,0,24,6,0,4,6,4,5,7,6,0,1,0,0,0,0,0,61,493,22,22.40909090909091,0,1,2,3375,4,2,2
PhD,Married,56242.0,0,1,72,689,8,167,11,8,88,5,8,4,11,6,0,0,0,0,0,0,0,52,971,28,34.67857142857143,1,1,3,3225,4,3,2
Graduation,Single,48904.0,0,1,1,283,10,38,0,13,27,4,7,2,4,8,0,0,0,0,0,0,0,61,371,17,21.823529411764707,0,1,2,3316,2,4,2
Graduation,Single,56243.0,1,2,26,347,0,35,4,3,7,6,4,2,8,5,0,0,0,0,0,0,0,46,396,20,19.8,0,3,4,2923,2,4,2
Graduation,Married,21355.0,1,0,5,5,13,14,0,5,31,2,2,1,2,6,1,0,0,0,0,0,1,36,68,7,9.714285714285714,1,1,3,3055,2,3,1
Master,Together,57420.0,0,1,22,280,0,18,0,0,24,3,5,1,6,7,0,1,0,0,0,0,0,50,322,15,21.466666666666665,1,1,3,3111,3,5,2
Master,Divorced,46390.0,0,1,56,95,14,64,2,9,38,1,4,2,3,7,0,0,0,0,0,0,0,66,222,10,22.2,0,1,2,2797,3,2,1
2n Cycle,Together,54342.0,1,1,74,84,10,34,11,10,28,4,3,1,4,6,0,0,0,0,0,0,0,65,177,12,14.75,1,2,4,3103,0,5,1
Graduation,Married,20895.0,1,0,24,18,3,17,3,0,4,1,2,0,3,9,0,0,0,0,0,0,0,48,45,6,7.5,1,1,3,3373,2,3,1
Graduation,Married,92344.0,0,0,9,992,24,694,51,19,119,0,5,10,5,1,1,0,1,0,0,0,0,73,1899,20,94.95,1,0,2,2907,2,3,0
2n Cycle,Together,26907.0,1,1,10,9,1,7,0,3,2,2,1,0,3,7,0,0,0,0,0,0,0,45,22,6,3.6666666666666665,1,2,4,3055,0,5,1
Graduation,Together,44964.0,1,1,35,19,1,17,2,0,2,1,1,0,3,8,0,0,0,0,0,0,0,41,41,5,8.2,1,2,4,3302,2,5,1
Graduation,Together,75507.0,0,0,56,709,93,374,104,80,80,1,8,6,6,3,0,0,0,0,0,0,0,42,1440,21,68.57142857142857,1,0,2,2800,2,5,0
Master,Married,53761.0,1,1,7,158,0,76,13,7,71,6,4,4,3,5,0,0,0,0,0,0,0,49,325,17,19.11764705882353,1,2,4,3003,3,3,2
Graduation,Together,22682.0,1,0,51,10,14,29,4,2,36,3,2,1,4,4,0,0,0,0,0,0,0,48,95,10,9.5,1,1,3,3011,2,5,1
PhD,Together,38887.0,1,0,17,25,1,13,0,0,3,1,1,0,3,7,0,0,0,0,0,0,0,49,42,5,8.4,1,1,3,2861,4,5,1
2n Cycle,Single,41658.0,1,1,30,8,4,12,15,4,29,2,1,1,2,4,0,0,0,0,0,0,0,46,72,6,12.0,0,2,3,3339,0,4,1
PhD,Married,29791.0,1,0,21,14,0,6,0,0,0,2,2,0,3,5,0,0,0,0,0,0,0,49,20,7,2.857142857142857,1,1,3,2787,4,3,1
Master,Married,63915.0,0,2,2,622,7,115,30,0,15,2,6,3,12,5,0,0,0,0,0,0,0,65,789,23,34.30434782608695,1,2,4,3076,3,3,2
Graduation,Divorced,39996.0,1,1,85,11,0,3,0,0,1,1,1,0,2,6,0,0,0,0,0,0,0,47,15,4,3.75,0,2,3,2780,2,2,1
Graduation,Divorced,26759.0,1,0,65,25,3,16,8,5,2,2,2,1,3,6,0,0,0,0,0,0,0,49,59,8,7.375,0,1,2,2884,2,2,1
Master,Divorced,63841.0,0,1,64,635,15,100,20,7,131,1,9,3,9,6,0,0,0,0,0,0,0,53,908,22,41.27272727272727,0,1,2,3176,3,2,2
PhD,Married,51039.0,1,1,11,100,64,79,65,0,109,2,6,2,4,7,0,0,0,0,0,0,0,52,417,14,29.785714285714285,1,2,4,3308,4,3,2
Graduation,Married,60544.0,1,1,92,201,2,43,3,5,35,4,5,1,5,6,0,0,0,0,0,0,0,60,289,15,19.266666666666666,1,2,4,3415,2,3,2
Graduation,Married,65685.0,0,1,54,642,14,49,0,7,57,1,9,2,9,5,0,0,0,0,0,0,0,49,769,21,36.61904761904762,1,1,3,2834,2,3,2
Graduation,Married,37716.0,0,1,4,97,1,41,6,2,41,2,4,1,3,7,0,0,0,0,0,0,0,68,188,10,18.8,1,1,3,2811,2,3,1
Graduation,Single,36864.0,0,1,53,204,5,39,17,0,89,3,5,2,4,8,0,0,0,0,0,0,1,64,354,14,25.285714285714285,0,1,2,3427,2,4,2
Master,Married,44511.0,1,0,39,513,7,133,46,14,14,6,8,4,8,8,0,0,0,0,0,0,0,51,727,26,27.96153846153846,1,1,3,3367,3,3,2
PhD,Married,36947.0,1,1,49,88,3,21,4,1,29,4,3,0,4,9,0,0,0,0,0,0,0,54,146,11,13.272727272727273,1,2,4,3433,4,3,1
Master,Together,47352.0,0,1,70,172,12,112,8,0,15,4,6,1,5,7,0,0,0,0,0,0,0,70,319,16,19.9375,1,1,3,3186,3,5,2
Master,Married,67087.0,0,1,40,329,35,222,130,35,43,2,7,5,8,4,0,0,0,0,0,0,0,68,794,22,36.09090909090909,1,1,3,2936,3,3,2
Graduation,Married,57045.0,0,1,40,296,13,104,11,13,17,3,4,2,9,3,0,0,0,0,0,0,0,71,454,18,25.22222222222222,1,1,3,3401,2,3,2
PhD,Divorced,36957.0,1,1,43,100,2,16,2,1,31,4,3,2,2,9,0,0,0,0,0,0,1,68,152,11,13.818181818181818,0,2,3,3403,4,2,1
PhD,Married,69389.0,0,1,17,422,7,238,69,46,15,1,7,2,12,4,0,0,0,0,0,0,0,44,797,22,36.22727272727273,1,1,3,3381,4,3,2
Graduation,Married,80134.0,1,0,40,1218,16,272,104,0,80,2,5,3,6,6,0,1,1,1,0,0,1,49,1690,16,105.625,1,1,3,3147,2,3,0
Master,Married,43142.0,1,1,84,5,1,7,2,1,4,1,1,0,2,7,0,0,0,0,0,0,0,52,20,4,5.0,1,2,4,2873,3,3,1
Graduation,Married,80589.0,0,0,25,507,93,520,242,40,26,1,5,10,5,1,0,0,0,1,0,0,1,77,1428,21,68.0,1,0,2,2900,2,3,0
Graduation,Single,34412.0,1,0,62,52,12,50,4,36,55,3,5,0,3,9,0,0,0,0,0,0,0,31,209,11,19.0,0,1,2,3243,2,4,1
Graduation,Single,57537.0,1,0,83,191,56,139,51,8,100,4,4,3,8,4,0,0,0,0,0,0,0,42,545,19,28.68421052631579,0,1,2,3126,2,4,2
Basic,Together,22634.0,0,0,47,2,23,11,8,6,46,1,2,1,2,8,0,0,0,0,0,0,0,55,96,6,16.0,1,0,2,3271,1,5,1
Graduation,Together,51315.0,0,0,45,68,28,39,16,30,41,1,2,2,5,2,0,0,0,0,0,0,0,73,222,10,22.2,1,0,2,2868,2,5,1
Graduation,Married,36026.0,2,1,34,20,4,10,6,4,17,2,2,0,3,6,0,0,0,0,0,0,0,49,61,7,8.714285714285714,1,3,5,2847,2,3,1
Graduation,Married,24639.0,1,1,3,20,3,16,0,4,1,3,2,0,4,6,0,0,0,0,0,0,0,48,44,9,4.888888888888889,1,2,4,2894,2,3,1
PhD,Together,34578.0,2,1,1,7,0,1,0,0,0,1,1,0,2,6,0,0,0,0,0,0,0,49,8,4,2.0,1,3,5,2821,4,5,1
2n Cycle,Single,65704.0,0,0,18,279,172,74,38,8,246,1,2,10,10,1,0,0,0,0,0,0,0,49,817,23,35.52173913043478,0,0,1,3001,0,4,0
Graduation,Single,63810.0,0,1,45,977,12,253,16,12,101,4,4,3,12,8,0,1,0,0,0,0,0,55,1371,23,59.608695652173914,0,1,2,3337,2,4,2
PhD,Together,54132.0,0,1,81,30,1,8,0,0,3,1,1,0,3,7,0,0,0,0,0,0,0,52,42,5,8.4,1,1,3,2875,4,5,1
Graduation,Married,18690.0,0,0,77,6,1,7,23,4,19,1,1,1,2,8,0,0,0,0,0,0,0,62,60,5,12.0,1,0,2,3290,2,3,1
Graduation,Married,28164.0,1,0,23,3,18,26,11,8,12,3,2,0,4,7,0,0,0,0,0,0,0,51,78,9,8.666666666666666,1,1,3,3163,2,3,1
PhD,Married,34596.0,1,0,48,14,0,2,0,0,7,1,1,0,2,8,0,0,0,0,0,0,0,47,23,4,5.75,1,1,3,3184,4,3,1
PhD,Married,43269.0,1,0,61,10,1,7,0,0,1,1,1,0,2,8,0,0,0,0,0,0,0,49,19,4,4.75,1,1,3,3028,4,3,1
2n Cycle,Single,38741.0,1,1,60,7,10,17,8,6,13,2,2,0,3,7,0,0,0,0,0,0,0,63,61,7,8.714285714285714,0,2,3,2833,0,4,1
Graduation,Single,31907.0,0,0,75,33,87,64,175,16,74,1,6,1,6,7,0,0,0,0,0,0,0,49,449,14,32.07142857142857,0,0,1,3224,2,4,0
Master,Married,27100.0,1,0,64,12,0,13,2,0,10,1,1,0,3,7,0,0,0,0,0,0,0,38,37,5,7.4,1,1,3,3192,3,3,1
2n Cycle,Divorced,31163.0,1,0,54,2,3,10,11,2,10,1,1,0,3,6,0,0,0,0,0,0,0,48,38,5,7.6,0,1,2,2878,0,2,1
Graduation,Married,92533.0,0,0,84,693,21,118,110,147,42,1,6,5,11,2,0,0,1,1,0,0,0,36,1131,23,49.17391304347826,1,0,2,2934,2,3,0
Graduation,Single,34853.0,1,1,75,9,3,15,2,3,2,2,2,0,3,6,0,0,0,0,0,0,0,48,34,7,4.857142857142857,0,2,3,2930,2,4,1
Graduation,Divorced,70844.0,1,1,16,129,26,67,3,67,2,5,6,1,5,7,0,0,0,0,0,0,0,54,294,17,17.294117647058822,0,2,3,2984,2,2,2
2n Cycle,Married,31086.0,1,1,79,16,2,11,3,0,16,2,1,1,2,8,1,0,0,0,0,0,0,42,48,6,8.0,1,2,4,3163,0,3,1
Graduation,Married,60544.0,1,1,92,201,2,43,3,5,35,4,5,1,5,6,0,0,0,0,0,0,0,60,289,15,19.266666666666666,1,2,4,3415,2,3,2
2n Cycle,Together,20491.0,0,0,16,5,4,5,4,2,10,1,0,1,2,7,0,0,0,0,0,0,0,35,30,4,7.5,1,0,2,3262,0,5,1
Graduation,Married,42523.0,0,0,96,14,36,11,3,26,35,1,1,1,4,2,0,0,0,0,0,0,0,57,125,7,17.857142857142858,1,0,2,2809,2,3,1
Graduation,Married,39922.0,1,0,30,29,12,59,19,1,36,2,3,0,4,8,0,0,0,0,0,0,0,38,156,9,17.333333333333332,1,1,3,3242,2,3,1
Graduation,Together,33402.0,1,1,60,26,2,19,10,5,8,3,2,1,3,8,0,0,0,0,0,0,0,69,70,9,7.777777777777778,1,2,4,3088,2,5,1
Master,Married,36408.0,1,1,11,9,1,4,3,2,3,1,1,0,2,6,0,0,0,0,0,0,0,72,22,4,5.5,1,2,4,3023,3,3,1
Graduation,Together,21645.0,1,0,75,14,0,23,4,5,19,3,3,0,3,9,0,0,0,0,0,0,1,42,65,9,7.222222222222222,1,1,3,3406,2,5,1
Master,Widow,78427.0,0,0,36,972,19,595,180,26,138,3,3,7,10,3,0,0,0,1,0,0,1,73,1930,23,83.91304347826087,0,0,1,3355,3,6,0
Graduation,Together,82657.0,0,0,71,966,168,672,246,105,126,1,7,5,10,4,0,1,0,1,0,0,0,75,2283,23,99.26086956521739,1,0,2,3017,2,5,0
Graduation,Married,51876.0,0,0,88,99,27,102,28,48,6,1,2,2,8,1,0,0,0,0,0,0,0,63,310,13,23.846153846153847,1,0,2,2999,2,3,1
2n Cycle,Married,78041.0,0,0,93,482,35,553,72,160,17,1,4,4,9,2,0,0,0,0,0,0,0,50,1319,18,73.27777777777777,1,0,2,3302,0,3,0
Graduation,Married,52852.0,0,1,93,714,8,99,11,0,47,4,10,7,5,8,1,0,0,0,0,0,0,64,879,26,33.80769230769231,1,1,3,3317,2,3,2
PhD,Together,70038.0,0,0,54,587,54,348,71,54,130,1,4,4,8,2,0,0,0,0,0,0,0,39,1244,17,73.17647058823529,1,0,2,2989,4,5,0
2n Cycle,Together,69401.0,0,1,41,399,27,159,58,8,39,4,4,4,5,2,0,0,0,0,0,0,0,48,690,17,40.588235294117645,1,1,3,2840,0,5,2
Graduation,Together,46053.0,1,0,46,56,10,92,19,7,25,3,3,2,4,5,0,0,0,0,0,0,0,49,209,12,17.416666666666668,1,1,3,3239,2,5,1
Graduation,Married,77343.0,0,0,28,227,151,573,98,54,31,1,3,4,9,1,0,0,0,0,0,0,0,56,1134,17,66.70588235294117,1,0,2,2762,2,3,0
Graduation,Single,73892.0,0,0,40,703,102,601,0,58,43,1,3,11,8,1,0,0,0,0,0,0,1,68,1507,23,65.52173913043478,0,0,1,2970,2,4,0
PhD,Single,40304.0,1,0,82,37,0,17,0,0,3,1,2,0,3,7,0,0,0,0,0,0,0,54,57,6,9.5,0,1,2,3014,4,4,1
PhD,Together,32727.0,0,0,38,167,13,180,86,13,70,2,7,3,5,8,0,0,0,0,0,0,0,56,529,17,31.11764705882353,1,0,2,3412,4,5,2
Graduation,Together,68695.0,0,0,3,458,81,356,106,50,40,1,4,4,7,2,0,0,0,0,0,0,0,52,1091,16,68.1875,1,0,2,2746,2,5,0
Graduation,Divorced,43300.0,0,1,87,91,3,52,2,1,31,3,4,0,4,8,0,0,0,0,0,0,1,50,180,11,16.363636363636363,0,1,2,3366,2,2,1
Graduation,Together,26290.0,1,1,49,15,8,16,11,5,22,4,2,0,4,6,0,0,0,0,0,0,0,49,77,10,7.7,1,2,4,3275,2,5,1
Graduation,Single,93790.0,0,0,16,1302,68,731,89,114,45,0,6,7,12,2,0,1,1,1,0,0,1,51,2349,25,93.96,0,0,1,2879,2,4,0
PhD,Married,38410.0,0,0,65,153,64,123,116,64,14,2,5,2,9,6,0,0,0,0,0,0,1,47,534,18,29.666666666666668,1,0,2,3395,4,3,2
Master,Widow,64866.0,0,1,9,508,5,21,7,5,10,4,7,3,7,5,0,1,0,0,0,0,0,71,556,21,26.476190476190474,0,1,2,2896,3,6,2
Graduation,Together,57957.0,0,1,24,290,59,177,77,5,29,7,4,6,8,3,0,0,0,0,0,1,0,62,637,25,25.48,1,1,3,3056,2,5,2
PhD,Together,46015.0,1,1,25,38,0,2,0,0,6,1,1,0,3,7,1,0,0,0,1,0,0,66,46,5,9.2,1,2,4,2819,4,5,1
Graduation,Together,16531.0,1,0,43,2,13,6,7,5,11,3,3,0,3,7,0,0,0,0,0,0,0,43,44,9,4.888888888888889,1,1,3,2753,2,5,1
Master,Married,28072.0,1,0,10,30,0,10,2,0,5,1,1,0,3,7,0,0,0,0,0,0,0,35,47,5,9.4,1,1,3,3098,3,3,1
Master,Divorced,49476.0,0,1,29,386,23,95,54,41,196,4,2,11,5,2,0,0,0,0,0,0,0,58,795,22,36.13636363636363,0,1,2,3116,3,2,2
Graduation,Married,50725.0,0,1,45,443,10,75,0,10,48,4,8,1,8,8,0,0,0,0,0,0,0,68,586,21,27.904761904761905,1,1,3,3243,2,3,2
Graduation,Together,83844.0,0,0,57,901,31,345,75,31,191,1,4,4,11,1,0,0,1,0,0,0,0,69,1574,20,78.7,1,0,2,3155,2,5,0
PhD,Married,41145.0,1,1,20,9,0,3,0,0,1,1,0,0,3,3,0,0,0,0,0,0,0,71,13,4,3.25,1,2,4,2883,4,3,1
Graduation,Together,67419.0,0,1,29,846,84,352,91,56,42,4,9,4,8,5,0,0,0,0,0,0,0,51,1471,25,58.84,1,1,3,3271,2,5,2
2n Cycle,Married,23162.0,1,1,82,8,3,9,19,4,22,3,1,1,3,6,0,0,0,0,0,0,0,51,65,8,8.125,1,2,4,2932,0,3,1
Graduation,Married,34380.0,1,0,68,72,7,58,13,1,24,4,4,1,3,8,0,0,0,0,0,0,0,44,175,12,14.583333333333334,1,1,3,3165,2,3,1
Graduation,Single,34704.0,0,1,65,29,0,5,0,1,5,1,1,0,3,5,0,0,0,0,0,0,0,55,40,5,8.0,0,1,2,3170,2,4,1
PhD,Married,94871.0,0,2,99,169,24,553,188,0,144,1,8,5,4,7,0,1,1,0,0,0,1,52,1078,18,59.888888888888886,1,2,4,3408,4,3,2
Graduation,Married,65148.0,0,1,9,460,35,422,33,12,153,2,6,6,7,4,0,0,0,0,0,0,0,63,1115,21,53.095238095238095,1,1,3,3332,2,3,2
Graduation,Together,39898.0,0,1,20,69,8,26,12,7,12,2,3,0,4,7,0,0,0,0,0,0,0,67,134,9,14.88888888888889,1,1,3,3244,2,5,1
Master,Single,64857.0,0,0,78,556,14,717,210,0,43,1,7,5,10,4,0,0,0,0,0,0,0,65,1540,23,66.95652173913044,0,0,1,3325,3,4,0
PhD,Married,59892.0,0,1,26,73,0,13,0,1,0,1,2,1,3,3,0,0,0,0,0,0,0,51,87,7,12.428571428571429,1,1,3,2981,4,3,1
Master,Single,41020.0,0,0,68,112,1,54,7,7,36,1,3,2,4,3,0,0,0,0,0,0,0,34,217,10,21.7,0,0,1,2986,3,4,1
PhD,Married,57072.0,0,1,79,944,0,60,0,0,30,2,7,5,13,5,1,0,0,0,0,0,0,60,1034,27,38.2962962962963,1,1,3,2898,4,3,2
Graduation,Single,60474.0,0,1,25,265,199,303,234,9,170,7,10,2,12,7,0,0,0,0,0,0,0,42,1180,31,38.064516129032256,0,1,2,3196,2,4,0
Graduation,Together,62807.0,0,1,83,526,28,135,10,21,99,3,5,3,12,5,0,0,0,0,0,0,0,61,819,23,35.608695652173914,1,1,3,3409,2,5,2
2n Cycle,Together,19414.0,1,0,32,2,3,12,3,5,7,1,1,0,3,8,0,0,0,0,0,0,0,40,32,5,6.4,1,1,3,2998,0,5,1
Graduation,Married,19107.0,1,0,49,2,4,9,10,5,16,2,1,0,3,7,0,0,0,0,0,0,0,41,46,6,7.666666666666667,1,1,3,3053,2,3,1
2n Cycle,Together,75484.0,0,1,50,378,97,259,197,194,34,2,7,3,6,4,0,0,0,0,0,0,0,45,1159,18,64.38888888888889,1,1,3,3438,0,5,0
Master,Single,70379.0,0,1,84,553,25,142,65,67,8,3,6,3,13,4,0,0,0,0,0,0,0,45,860,25,34.4,0,1,2,3225,3,4,2
Master,Together,79419.0,0,0,96,751,127,687,20,15,31,1,4,6,4,2,0,0,0,0,0,0,0,51,1631,15,108.73333333333333,1,0,2,2749,3,5,0
PhD,Together,64014.0,2,1,56,406,0,30,0,0,8,7,8,2,5,7,0,0,0,1,0,0,0,75,444,22,20.181818181818183,1,3,5,2761,4,5,2
Graduation,Married,76998.0,0,1,85,1449,89,161,69,35,107,2,11,8,8,6,0,0,1,0,0,0,0,66,1910,29,65.86206896551724,1,1,3,3276,2,3,0
Master,Together,49854.0,1,0,63,123,17,171,39,0,30,5,6,2,5,6,0,0,0,0,0,0,0,49,380,18,21.11111111111111,1,1,3,2973,3,5,1
PhD,Married,60585.0,1,1,17,267,42,309,55,42,21,10,7,4,9,5,0,0,0,0,0,0,1,50,736,30,24.533333333333335,1,2,4,3112,4,3,2
PhD,Divorced,42873.0,1,1,11,209,0,40,3,2,15,4,6,1,4,8,0,0,0,0,0,0,0,71,269,15,17.933333333333334,0,2,3,3266,4,2,2
Graduation,Together,87679.0,0,0,62,1259,172,815,97,148,33,1,7,11,10,4,1,0,1,1,0,0,1,33,2524,29,87.03448275862068,1,0,2,3079,2,5,0
Graduation,Together,57867.0,1,0,48,344,35,178,15,23,17,7,7,2,9,6,0,0,0,0,0,0,0,43,612,25,24.48,1,1,3,3013,2,5,2
Graduation,Married,35765.0,1,0,86,22,3,30,0,5,15,2,2,0,4,6,0,0,0,0,0,0,0,31,75,8,9.375,1,1,3,2942,2,3,1
Graduation,Married,65492.0,0,0,73,247,161,295,210,85,47,2,4,7,13,2,0,0,0,0,0,0,0,62,1045,26,40.19230769230769,1,0,2,2896,2,3,0
Graduation,Divorced,32952.0,1,0,36,38,0,12,3,1,1,1,2,0,3,7,0,0,0,0,0,0,0,44,55,6,9.166666666666666,0,1,2,2952,2,2,1
PhD,Together,53374.0,0,1,34,896,10,101,13,10,34,6,4,2,9,9,1,0,0,0,0,0,1,52,1064,21,50.666666666666664,1,1,3,3424,4,5,2
Graduation,Together,71706.0,0,1,16,931,56,253,91,98,14,4,9,5,7,5,0,0,0,0,0,0,0,62,1443,25,57.72,1,1,3,3335,2,5,2
Graduation,Married,68487.0,0,0,48,758,12,385,33,89,89,1,9,7,13,4,0,0,0,0,0,0,0,33,1366,30,45.53333333333333,1,0,2,3274,2,3,0
Master,Together,53253.0,1,1,61,216,9,57,20,9,125,7,4,3,5,5,0,0,0,0,0,0,0,46,436,19,22.94736842105263,1,2,4,3245,3,5,2
2n Cycle,Divorced,31163.0,1,0,54,2,3,10,11,2,10,1,1,0,3,6,0,0,0,0,0,0,0,48,38,5,7.6,0,1,2,2878,0,2,1
Graduation,Married,42014.0,1,0,56,244,15,108,4,15,50,6,7,1,6,8,0,0,0,0,0,0,1,44,436,20,21.8,1,1,3,3423,2,3,2
Master,Married,54108.0,1,1,74,539,6,91,8,6,97,13,8,2,9,8,0,0,0,0,0,0,0,48,747,32,23.34375,1,2,4,3343,3,3,2
PhD,Single,49667.0,0,0,35,1181,26,120,17,13,39,2,5,10,5,8,1,0,0,0,0,0,1,66,1396,22,63.45454545454545,0,0,1,3420,4,4,0
Master,Married,63206.0,0,0,65,750,8,125,11,8,26,1,4,3,6,2,0,0,1,0,0,0,0,47,928,14,66.28571428571429,1,0,2,2843,3,3,0
Master,Married,57136.0,1,1,48,306,5,109,21,109,92,9,5,2,10,6,0,0,0,0,0,0,0,49,642,26,24.692307692307693,1,2,4,3097,3,3,2
2n Cycle,Together,46772.0,0,1,88,350,104,189,197,151,57,6,11,8,5,8,1,0,0,0,0,0,0,46,1048,30,34.93333333333333,1,1,3,3341,0,5,2
PhD,Married,78931.0,0,0,19,331,197,170,58,152,35,1,2,8,13,1,0,0,0,0,0,0,0,50,943,24,39.291666666666664,1,0,2,2989,4,3,0
Graduation,Together,53977.0,0,1,21,620,16,165,0,24,82,5,5,5,12,5,0,0,0,0,0,0,0,63,907,27,33.592592592592595,1,1,3,3128,2,5,2
Graduation,Married,84219.0,0,0,27,434,137,400,45,137,45,1,3,4,10,1,0,0,0,0,0,0,0,33,1198,18,66.55555555555556,1,0,2,2889,2,3,0
Master,Single,46098.0,1,1,86,57,0,27,0,0,36,4,3,2,2,8,0,0,0,0,0,0,0,46,120,11,10.909090909090908,0,2,3,3422,3,4,1
Graduation,Married,73538.0,0,1,92,811,76,428,99,137,107,3,10,4,9,7,0,0,0,0,0,0,0,56,1658,26,63.76923076923077,1,1,3,3323,2,3,0
Graduation,Married,79529.0,0,0,1,423,42,706,73,197,197,1,4,8,9,2,0,0,0,0,0,0,0,35,1638,22,74.45454545454545,1,0,2,2805,2,3,0
2n Cycle,Together,20981.0,0,0,14,2,12,10,6,13,30,1,3,1,2,8,0,0,0,0,0,0,1,44,73,7,10.428571428571429,1,0,2,3167,0,5,1
Graduation,Single,51766.0,1,0,74,60,51,87,6,20,51,2,4,2,4,5,0,0,0,0,0,0,0,41,275,12,22.916666666666668,0,1,2,2852,2,4,1
Graduation,Married,55759.0,0,1,84,675,0,85,10,7,77,5,10,3,8,8,0,0,0,0,0,0,0,59,854,26,32.84615384615385,1,1,3,3320,2,3,2
Graduation,Married,33039.0,1,0,4,30,8,12,8,8,12,1,2,0,4,5,0,0,0,0,0,0,0,43,78,7,11.142857142857142,1,1,3,3035,2,3,1
Master,Married,37787.0,1,0,50,40,1,40,4,3,18,1,3,0,3,8,0,0,0,0,0,0,0,49,106,7,15.142857142857142,1,1,3,3024,3,3,1
Graduation,Single,27242.0,1,0,2,3,17,26,20,1,39,2,2,0,3,9,0,0,0,0,0,0,1,51,106,7,15.142857142857142,0,1,2,3337,2,4,1
PhD,Single,87188.0,0,0,73,910,111,724,49,74,55,1,10,2,6,3,0,0,0,0,0,0,1,38,1923,19,101.21052631578948,0,0,1,3133,4,4,0
Graduation,Together,69930.0,0,0,21,252,98,827,219,70,196,1,4,5,12,3,0,0,0,0,0,0,0,50,1662,22,75.54545454545455,1,0,2,3141,2,5,0
Graduation,Single,37697.0,1,0,82,34,6,21,11,4,8,1,2,1,3,6,0,0,0,0,0,0,0,45,84,7,12.0,0,1,2,2884,2,4,1
PhD,Married,37401.0,1,0,14,19,3,19,3,1,3,2,2,0,3,7,0,0,0,0,0,0,0,48,48,7,6.857142857142857,1,1,3,2796,4,3,1
Graduation,Single,3502.0,1,0,56,2,1,1,0,0,1,0,0,0,0,14,0,0,0,0,0,0,0,48,5,0,5.0,0,1,2,3184,2,4,1
Graduation,Married,58597.0,1,1,20,490,0,184,10,28,21,12,7,4,9,7,0,0,0,0,0,0,0,45,733,32,22.90625,1,2,4,3328,2,3,2
PhD,Widow,82032.0,0,0,54,332,194,377,149,125,57,0,4,6,7,1,0,0,0,0,0,0,0,73,1234,17,72.58823529411765,0,0,1,2827,4,6,0
Graduation,Together,28087.0,1,1,77,53,8,17,13,0,21,3,2,2,2,7,0,0,0,0,0,0,0,63,112,9,12.444444444444445,1,2,4,3307,2,5,1
PhD,Single,74004.0,0,0,5,784,48,560,42,176,48,1,4,6,4,3,0,0,1,1,0,0,1,34,1658,15,110.53333333333333,0,0,1,2867,4,4,0
Graduation,Together,19740.0,0,1,65,7,11,3,10,4,20,2,1,1,3,5,0,0,0,0,0,0,0,61,55,7,7.857142857142857,1,1,3,3204,2,5,1
2n Cycle,Married,57036.0,0,1,33,1171,43,219,19,14,47,4,6,3,13,9,1,0,0,0,0,0,0,46,1513,26,58.19230769230769,1,1,3,3307,0,3,2
2n Cycle,Together,53083.0,1,1,65,215,7,33,3,0,13,6,5,1,5,7,0,1,0,0,0,0,0,63,271,17,15.941176470588236,1,2,4,3152,0,5,1
PhD,Married,69283.0,0,1,41,674,62,134,0,26,8,4,7,3,13,5,0,0,0,0,0,0,0,46,904,27,33.48148148148148,1,1,3,2757,4,3,2
Master,Single,46098.0,1,1,86,57,0,27,0,0,36,4,3,2,2,8,0,0,0,0,0,0,1,46,120,11,10.909090909090908,0,2,3,3422,3,4,1
2n Cycle,Married,23331.0,1,0,92,5,36,7,0,10,45,2,3,0,3,8,0,0,0,0,0,0,0,33,103,8,12.875,1,1,3,3405,0,3,1
2n Cycle,Single,23331.0,1,0,97,104,20,101,24,15,5,6,5,1,5,9,0,0,0,0,0,0,0,33,269,17,15.823529411764707,0,1,2,3374,0,4,1
Graduation,Single,9255.0,1,0,91,9,0,7,2,0,4,1,1,1,2,8,0,0,0,0,0,0,0,32,22,5,4.4,0,1,2,2933,2,4,1
PhD,Widow,67786.0,0,0,0,431,82,441,80,20,102,1,3,6,6,1,0,0,0,0,0,0,1,62,1156,16,72.25,0,0,1,2946,4,6,0
PhD,Married,71969.0,0,1,59,1000,0,76,0,0,10,3,3,4,9,8,0,1,0,0,0,0,0,50,1086,19,57.1578947368421,1,1,3,3363,4,3,2
Master,Single,59235.0,1,0,4,448,40,469,80,0,91,3,11,2,12,7,0,0,0,0,0,0,0,54,1128,28,40.285714285714285,0,1,2,3275,3,4,2
Graduation,Together,31928.0,1,0,5,33,4,24,4,2,5,2,3,0,4,7,0,0,0,0,0,0,0,32,72,9,8.0,1,1,3,2835,2,5,1
Master,Together,74881.0,1,1,48,505,72,270,36,27,54,4,9,2,12,5,0,0,0,0,0,0,0,60,964,27,35.7037037037037,1,2,4,3220,3,5,2
Graduation,Married,65819.0,0,0,99,267,38,701,149,165,63,1,5,4,10,3,0,0,0,0,0,0,0,43,1383,20,69.15,1,0,2,3319,2,3,0
PhD,Single,51411.0,1,2,81,14,0,3,0,0,1,1,0,0,3,5,0,0,0,0,0,0,0,68,18,4,4.5,0,3,4,3141,4,4,1
Graduation,Divorced,51983.0,0,1,95,631,0,115,10,7,30,3,9,2,10,7,0,0,0,0,0,0,0,57,793,24,33.041666666666664,0,1,2,3409,2,2,2
Master,Together,42386.0,1,0,43,65,4,16,0,4,11,1,3,0,3,8,0,0,0,0,0,0,0,35,100,7,14.285714285714286,1,1,3,3274,3,5,1
2n Cycle,Married,30390.0,0,0,5,10,12,12,25,1,20,1,2,0,3,6,0,0,0,0,0,0,0,34,80,6,13.333333333333334,1,0,2,3042,0,3,1
Graduation,Single,30983.0,0,0,50,51,4,50,12,1,49,1,4,0,3,8,0,0,0,0,0,0,1,58,167,8,20.875,0,0,1,3339,2,4,1
Graduation,Widow,66033.0,0,1,76,293,35,179,46,59,65,2,8,3,7,7,0,0,0,0,0,0,0,64,677,20,33.85,0,1,2,3267,2,6,2
2n Cycle,Married,37284.0,1,1,46,11,1,2,2,1,6,1,0,0,3,6,0,0,0,0,0,0,0,46,23,4,5.75,1,2,4,3199,0,3,1
Master,Divorced,57530.0,0,1,68,50,1,27,6,7,1,1,1,1,4,1,0,0,0,0,0,0,0,70,92,7,13.142857142857142,0,1,2,3002,3,2,1
2n Cycle,Married,76800.0,0,0,33,173,26,255,35,71,81,1,4,4,7,1,0,0,0,0,0,0,0,56,641,16,40.0625,1,0,2,2855,0,3,0
Graduation,Married,63943.0,0,1,50,423,184,368,13,97,21,1,6,4,6,5,0,0,0,0,0,0,0,65,1106,17,65.05882352941177,1,1,3,3407,2,3,0
Graduation,Together,76081.0,0,0,85,292,30,415,63,33,200,1,4,5,4,2,0,0,0,1,0,0,0,59,1033,14,73.78571428571429,1,0,2,2779,2,5,0
Graduation,Married,67445.0,0,1,63,757,80,217,29,80,11,5,9,6,12,6,0,0,0,0,0,0,0,47,1174,32,36.6875,1,1,3,3428,2,3,2
Master,Married,37054.0,1,1,89,12,1,6,0,1,5,2,1,0,3,7,0,0,0,0,0,0,0,54,25,6,4.166666666666667,1,2,4,3029,3,3,1
Master,Together,47175.0,1,1,81,167,2,44,6,2,19,7,4,2,4,8,1,0,0,0,0,0,1,59,240,17,14.117647058823529,1,2,4,3351,3,5,2
Graduation,Divorced,31859.0,1,0,77,3,1,3,8,0,5,1,1,0,2,7,0,0,0,0,0,0,0,45,20,4,5.0,0,1,2,3122,2,2,1
Graduation,Divorced,27215.0,2,1,50,30,5,22,8,9,28,4,2,1,4,6,0,0,0,0,0,0,0,60,102,11,9.272727272727273,0,3,4,3264,2,2,1
PhD,Divorced,70179.0,0,1,10,532,88,168,69,44,133,3,7,3,13,5,0,0,0,0,0,0,0,45,1034,26,39.76923076923077,0,1,2,3085,4,2,2
Graduation,Married,39922.0,1,0,30,29,12,59,19,1,36,2,3,0,4,8,0,0,0,0,0,0,0,38,156,9,17.333333333333332,1,1,3,3242,2,3,1
Master,Married,49681.0,0,2,66,411,0,26,0,0,21,6,7,1,7,7,0,0,0,0,0,0,0,45,458,21,21.80952380952381,1,2,4,2979,3,3,2
Graduation,Married,24645.0,1,0,16,5,3,4,4,1,0,1,1,0,2,8,0,0,0,0,0,0,0,33,17,4,4.25,1,1,3,3347,2,3,1
Graduation,Divorced,79865.0,0,1,12,71,99,278,185,121,38,1,5,10,5,1,0,0,0,0,0,0,0,67,792,21,37.714285714285715,0,1,2,2753,2,2,0
Graduation,Married,44322.0,1,0,30,46,0,40,3,0,3,2,3,0,3,8,0,0,0,0,0,0,0,36,92,8,11.5,1,1,3,2755,2,3,1
Graduation,Single,47958.0,0,1,8,268,11,88,15,3,22,2,6,3,5,5,0,0,0,0,0,0,0,69,407,16,25.4375,0,1,2,3268,2,4,2
Master,Single,63972.0,0,1,93,928,63,254,0,12,12,4,5,4,10,4,0,1,0,0,0,0,0,57,1269,23,55.17391304347826,0,1,2,3316,3,4,2
Graduation,Together,75315.0,0,1,14,459,15,171,142,23,31,2,5,4,12,2,0,0,0,0,0,0,0,67,841,23,36.56521739130435,1,1,3,2817,2,5,2
PhD,Married,55517.0,1,1,53,483,0,108,0,6,36,5,11,1,6,9,0,0,0,0,0,0,1,71,633,23,27.52173913043478,1,2,4,3382,4,3,2
PhD,Married,75283.0,1,2,26,733,9,180,12,19,66,11,6,3,5,4,0,0,0,0,0,0,0,64,1019,25,40.76,1,3,5,3201,4,3,2
PhD,Single,82800.0,0,0,23,1006,22,115,59,68,45,1,7,6,12,3,0,0,1,1,0,0,1,75,1315,26,50.57692307692308,0,0,1,3324,4,4,0
Graduation,Married,38998.0,1,1,92,34,1,14,0,0,5,3,2,0,3,8,0,0,0,0,0,1,0,67,54,8,6.75,1,2,4,3345,2,3,1
Master,Single,90638.0,0,0,29,1156,120,915,94,144,96,1,3,4,10,1,0,0,1,0,0,0,1,30,2525,18,140.27777777777777,0,0,1,2878,3,4,0
Master,Married,27161.0,1,0,41,7,4,23,7,0,11,1,1,0,3,7,0,0,0,0,0,0,0,35,52,5,10.4,1,1,3,2986,3,3,1
Graduation,Married,42014.0,1,0,56,244,15,108,4,15,50,6,7,1,6,8,0,0,0,0,0,0,1,44,436,20,21.8,1,1,3,3423,2,3,2
PhD,Together,38201.0,0,1,19,233,0,23,0,0,12,4,5,1,5,8,0,0,0,0,0,0,0,61,268,15,17.866666666666667,1,1,3,3199,4,5,2
Graduation,Together,45203.0,2,0,4,35,3,67,10,8,24,1,3,1,3,6,0,0,0,0,0,0,1,39,147,8,18.375,1,2,4,2840,2,5,1
PhD,Together,81574.0,0,0,89,1252,0,465,46,35,0,1,4,5,8,1,0,1,1,0,0,0,0,74,1798,18,99.88888888888889,1,0,2,2804,4,5,0
Graduation,Married,34935.0,0,0,71,34,4,66,3,10,20,1,2,1,4,7,0,0,0,0,0,0,0,29,137,8,17.125,1,0,2,3115,2,3,1
Master,Single,60482.0,0,1,81,255,43,134,37,14,24,1,7,2,7,7,0,0,0,0,0,0,0,45,507,17,29.823529411764707,0,1,2,3264,3,4,2
Graduation,Together,34633.0,2,1,31,8,1,5,0,0,1,1,1,0,2,6,0,0,0,0,0,0,0,65,15,4,3.75,1,3,5,2899,2,5,1
Master,Together,78093.0,0,0,53,368,32,639,13,43,10,1,4,7,5,1,0,0,0,0,0,0,0,74,1105,17,65.0,1,0,2,2942,3,5,0
Graduation,Divorced,82460.0,0,0,78,255,47,573,52,32,15,1,5,3,6,1,0,0,0,0,0,0,0,71,974,15,64.93333333333334,0,0,1,2951,2,2,0
Master,Together,45903.0,0,1,80,33,8,10,2,10,3,2,2,1,3,4,0,0,0,0,0,0,0,55,66,8,8.25,1,1,3,2809,3,5,1
Graduation,Divorced,81361.0,0,0,18,163,23,424,27,65,76,1,3,10,13,1,0,0,0,0,0,0,1,34,778,27,28.814814814814813,0,0,1,2866,2,2,0
PhD,Divorced,35860.0,1,1,37,15,0,8,4,2,20,2,1,1,2,5,1,0,0,0,0,0,1,48,49,6,8.166666666666666,0,2,3,2783,4,2,1
Master,Together,40442.0,1,1,52,45,12,52,25,22,13,4,3,1,4,7,0,0,0,0,0,0,1,69,169,12,14.083333333333334,1,2,4,3421,3,5,1
Graduation,Married,61482.0,0,0,39,48,58,68,16,66,43,1,3,2,6,2,0,0,0,0,0,0,0,56,299,12,24.916666666666668,1,0,2,2744,2,3,1
Graduation,Married,34968.0,1,0,11,158,6,45,8,2,2,7,3,2,5,7,0,0,0,0,0,0,0,41,221,17,13.0,1,1,3,3187,2,3,1
Graduation,Married,75794.0,0,0,33,754,160,625,63,32,48,1,7,5,12,3,0,0,0,1,0,0,0,34,1682,25,67.28,1,0,2,2929,2,3,0
PhD,Together,31497.0,0,1,22,108,1,28,13,1,4,2,3,1,4,8,0,0,0,0,0,0,0,59,155,10,15.5,1,1,3,3312,4,5,1
Graduation,Married,74268.0,0,0,83,199,66,315,97,174,41,1,4,3,5,2,0,0,0,0,0,0,0,66,892,13,68.61538461538461,1,0,2,3242,2,3,0
Basic,Together,13724.0,1,0,43,2,7,5,2,15,27,1,2,0,2,9,1,0,0,0,0,0,0,33,58,5,11.6,1,1,3,3409,1,5,1
Master,Together,45143.0,0,1,74,202,5,74,11,5,14,3,6,1,5,7,0,0,0,0,0,0,0,56,311,15,20.733333333333334,1,1,3,3049,3,5,2
PhD,Single,52569.0,0,1,54,85,0,3,0,0,7,1,2,0,4,3,0,0,0,0,0,0,0,54,95,7,13.571428571428571,0,1,2,2827,4,4,1
PhD,Single,48432.0,0,1,3,322,3,50,4,3,42,5,7,1,6,8,0,0,0,0,0,0,1,48,424,19,22.31578947368421,0,1,2,3361,4,4,2
Master,Together,17144.0,1,1,96,18,2,19,0,2,6,5,3,0,4,7,0,0,0,0,0,0,0,61,47,12,3.9166666666666665,1,2,4,2876,3,5,1
Graduation,Single,36108.0,1,0,68,141,8,129,3,11,47,3,7,1,4,9,1,0,0,0,0,0,0,37,339,15,22.6,0,1,2,2999,2,4,1
Graduation,Married,76445.0,1,0,2,739,107,309,140,80,35,1,2,5,13,6,0,0,0,0,0,0,0,50,1410,21,67.14285714285714,1,1,3,3381,2,3,0
PhD,Married,36663.0,1,0,40,18,0,6,3,3,5,1,1,1,3,2,0,0,0,0,0,0,0,46,35,6,5.833333333333333,1,1,3,2807,4,3,1
Master,Married,53843.0,0,1,64,378,0,88,19,4,73,4,8,5,3,7,0,0,0,0,0,0,0,56,562,20,28.1,1,1,3,3109,3,3,2
Master,Married,90226.0,0,0,26,1083,108,649,253,151,108,1,4,7,12,2,0,0,0,1,0,0,0,65,2352,24,98.0,1,0,2,3383,3,3,0
Master,Divorced,70638.0,0,0,69,1016,12,215,16,12,63,1,4,5,10,3,0,1,0,0,0,0,0,66,1334,20,66.7,0,0,1,3135,3,2,0
Graduation,Together,44512.0,1,1,57,23,1,6,0,0,2,2,1,0,3,4,0,0,0,0,0,0,0,61,32,6,5.333333333333333,1,2,4,3045,2,5,1
Graduation,Married,27116.0,1,1,78,12,1,21,2,2,3,2,2,0,3,7,0,0,0,0,0,0,0,60,41,7,5.857142857142857,1,2,4,2861,2,3,1
PhD,Married,54072.0,1,1,71,35,0,4,0,0,0,1,2,0,2,8,0,0,0,0,0,0,0,58,39,5,7.8,1,2,4,3079,4,3,1
Graduation,Married,71855.0,0,1,59,548,31,422,0,112,28,4,5,5,11,3,0,0,0,0,0,0,0,44,1141,25,45.64,1,1,3,3271,2,3,2
2n Cycle,Single,51250.0,1,0,28,342,32,230,34,32,40,5,10,5,4,9,1,0,0,0,0,0,0,31,710,24,29.583333333333332,0,1,2,3198,0,4,2
Master,Married,60432.0,0,1,61,365,3,15,4,3,11,5,7,2,5,6,0,0,0,0,0,0,0,48,401,19,21.105263157894736,1,1,3,2854,3,3,2
PhD,Married,65526.0,0,1,22,397,19,69,12,0,9,1,4,4,8,2,0,0,0,0,0,0,0,57,506,17,29.764705882352942,1,1,3,2821,4,3,2
Graduation,Single,68655.0,0,0,95,456,19,832,75,118,38,1,4,5,11,3,0,0,0,0,0,0,0,33,1538,21,73.23809523809524,0,0,1,3430,2,4,0
2n Cycle,Married,12393.0,0,0,38,5,6,15,11,7,13,1,2,0,3,9,0,0,0,0,0,0,0,43,57,6,9.5,1,0,2,3314,0,3,1
Graduation,Single,64509.0,0,0,19,836,185,575,24,25,77,1,6,3,9,4,1,0,0,0,0,0,1,31,1722,19,90.63157894736842,0,0,1,3058,2,4,0
Graduation,Single,33955.0,1,0,92,100,2,128,23,7,10,4,5,1,5,8,0,0,0,0,0,0,0,46,270,15,18.0,0,1,2,3066,2,4,1
Graduation,Married,31353.0,1,1,24,10,0,10,3,1,7,2,1,1,2,8,0,0,0,0,0,0,1,44,31,6,5.166666666666667,1,2,4,2924,2,3,1
Graduation,Married,55434.0,1,0,21,238,115,215,169,69,76,3,5,3,13,4,0,0,0,0,0,0,0,37,882,24,36.75,1,1,3,3009,2,3,0
Graduation,Together,28359.0,1,0,35,6,0,5,2,1,2,1,1,0,2,7,0,0,0,0,0,0,0,38,16,4,4.0,1,1,3,2987,2,5,1
Graduation,Single,57100.0,1,0,9,158,11,99,15,11,17,2,3,2,7,3,0,0,0,0,0,0,0,34,311,14,22.214285714285715,0,1,2,2784,2,4,1
Graduation,Married,69139.0,0,1,23,86,12,75,33,15,6,1,4,1,5,4,0,0,0,0,0,0,0,56,227,11,20.636363636363637,1,1,3,2895,2,3,1
Master,Married,52973.0,0,1,92,856,0,76,12,9,199,7,9,6,9,8,0,0,0,0,0,0,0,65,1152,31,37.16129032258065,1,1,3,3340,3,3,2
PhD,Together,51717.0,0,1,55,98,1,17,0,1,5,1,3,0,4,7,0,1,0,0,0,0,0,56,122,8,15.25,1,1,3,3055,4,5,1
Graduation,Married,18793.0,1,0,14,4,16,20,0,17,20,3,2,0,4,8,0,0,0,0,0,0,0,50,77,9,8.555555555555555,1,1,3,3275,2,3,1
2n Cycle,Together,66664.0,0,0,78,398,96,447,220,96,32,1,5,7,6,3,0,0,0,0,0,0,0,39,1289,19,67.84210526315789,1,0,2,3384,0,5,0
Graduation,Single,50664.0,1,1,64,313,8,104,6,4,126,9,8,1,6,9,0,0,0,0,0,0,0,62,561,24,23.375,0,2,3,3271,2,4,2
Graduation,Together,54414.0,1,1,49,109,18,16,24,26,18,4,3,1,5,4,0,0,0,0,0,0,0,58,211,13,16.23076923076923,1,2,4,3264,2,5,1
PhD,Married,54549.0,0,1,8,216,2,6,0,0,9,2,5,1,4,7,0,0,0,0,0,0,0,69,233,12,19.416666666666668,1,1,3,2860,4,3,2
PhD,Widow,47111.0,0,1,35,595,71,153,120,112,41,6,3,2,10,9,0,0,0,0,0,0,0,50,1092,21,52.0,0,1,2,3401,4,6,2
PhD,Divorced,41003.0,0,0,11,123,133,142,71,44,88,1,6,2,8,6,0,0,0,0,0,0,0,58,601,17,35.35294117647059,0,0,1,3211,4,2,0
Graduation,Together,19444.0,1,0,8,16,0,23,3,2,10,3,4,1,2,7,0,0,0,0,0,0,1,39,54,10,5.4,1,1,3,2869,2,5,1
2n Cycle,Together,36301.0,1,0,53,11,12,35,3,5,12,1,3,0,3,7,0,0,0,0,0,0,0,45,78,7,11.142857142857142,1,1,3,2989,0,5,1
PhD,Together,73059.0,0,1,36,410,112,420,0,82,71,1,9,3,13,4,0,0,0,0,0,0,0,74,1095,26,42.11538461538461,1,1,3,3044,4,5,2
PhD,Together,42731.0,1,0,64,159,2,51,6,2,24,3,4,1,5,5,0,0,0,0,0,0,0,52,244,13,18.76923076923077,1,1,3,2993,4,5,1
PhD,Married,52854.0,1,1,43,105,0,10,0,1,0,2,2,1,4,5,0,0,0,0,0,0,0,62,116,9,12.88888888888889,1,2,4,2839,4,3,1
Graduation,Together,22775.0,1,0,40,5,1,8,0,0,1,1,1,0,2,8,0,0,0,0,0,0,0,43,15,4,3.75,1,1,3,3117,2,5,1
PhD,Together,46681.0,0,2,52,269,15,69,15,19,38,2,4,6,4,5,0,0,0,0,0,0,0,73,425,16,26.5625,1,2,4,3006,4,5,2
PhD,Married,59821.0,0,1,11,629,0,70,0,0,35,6,11,2,7,8,0,0,0,0,0,0,0,66,734,26,28.23076923076923,1,1,3,3185,4,3,2
Graduation,Divorced,50002.0,0,1,21,443,5,71,21,16,82,2,8,2,7,7,0,0,0,0,0,0,0,67,638,19,33.578947368421055,0,1,2,3119,2,2,2
Graduation,Married,69755.0,0,0,23,217,77,373,111,23,93,1,3,6,12,1,0,0,0,0,0,0,0,76,894,22,40.63636363636363,1,0,2,3012,2,3,0
Graduation,Married,44078.0,1,1,17,24,1,10,2,0,4,2,2,0,3,5,0,0,0,0,0,0,0,52,41,7,5.857142857142857,1,2,4,2752,2,3,1
Master,Together,30560.0,1,0,6,9,1,5,4,5,7,1,1,0,3,7,0,0,0,0,0,0,0,45,31,5,6.2,1,1,3,3109,3,5,1
Master,Together,35924.0,1,1,56,8,0,14,2,3,7,1,1,0,3,5,0,0,0,0,0,0,0,52,34,5,6.8,1,2,4,2840,3,5,1
PhD,Divorced,64140.0,0,2,71,1459,0,61,0,15,215,5,2,5,6,5,1,0,1,0,1,0,1,57,1750,18,97.22222222222223,0,2,3,3021,4,2,2
Graduation,Together,56386.0,1,1,51,230,48,214,13,32,75,8,9,1,7,9,0,0,0,0,0,0,0,40,612,25,24.48,1,2,4,3352,2,5,2
Basic,Together,24594.0,1,0,94,1,3,6,10,0,9,1,1,0,3,5,0,0,0,0,0,0,0,42,29,5,5.8,1,1,3,2943,1,5,1
2n Cycle,Together,75774.0,1,0,27,340,21,134,258,14,56,1,7,5,8,4,0,0,0,0,0,0,0,40,823,21,39.19047619047619,1,1,3,2800,0,5,0
Master,Divorced,39228.0,0,0,1,7,1,6,0,3,3,1,0,0,3,4,0,0,0,0,0,0,0,61,20,4,5.0,0,0,1,3157,3,2,1
Master,Married,58494.0,0,1,56,298,7,68,4,0,19,2,6,2,6,6,0,0,0,0,0,0,0,47,396,16,24.75,1,1,3,2941,3,3,2
Graduation,Single,58684.0,0,0,71,479,35,179,28,7,85,1,5,3,12,2,0,1,0,0,0,0,0,40,813,21,38.714285714285715,0,0,1,2755,2,4,0
Graduation,Divorced,57136.0,0,0,18,267,140,599,34,12,127,1,7,5,7,6,0,0,0,0,0,0,1,54,1179,20,58.95,0,0,1,3149,2,2,0
PhD,Widow,56551.0,1,1,48,67,4,32,17,2,16,3,2,1,4,4,0,0,0,0,0,0,0,71,138,10,13.8,0,2,3,2795,4,6,1
Graduation,Married,22448.0,1,0,86,3,1,8,23,2,18,3,2,1,3,3,0,0,0,0,0,0,0,39,55,9,6.111111111111111,1,1,3,2865,2,3,1
Graduation,Single,82014.0,0,0,48,980,37,265,35,163,31,1,3,6,12,6,0,0,0,0,0,0,1,60,1511,22,68.68181818181819,0,0,1,3420,2,4,0
Graduation,Widow,34213.0,1,1,2,50,4,28,6,3,26,3,3,1,2,9,0,0,0,0,0,0,1,58,117,9,13.0,0,2,3,3402,2,6,1
PhD,Widow,25358.0,0,1,57,19,0,5,0,0,8,2,1,0,3,6,0,0,0,0,0,0,0,74,32,6,5.333333333333333,0,1,2,3084,4,6,1
Master,Single,35544.0,1,0,77,30,5,23,4,1,4,1,2,0,3,7,0,0,0,0,0,0,0,43,67,6,11.166666666666666,0,1,2,2855,3,4,1
Master,Together,36634.0,0,1,0,213,9,76,4,3,30,3,5,2,5,7,0,0,0,0,0,0,0,67,335,15,22.333333333333332,1,1,3,3139,3,5,2
PhD,Married,62670.0,0,1,57,539,30,92,80,46,38,1,5,3,13,3,0,0,0,0,0,0,0,67,825,22,37.5,1,1,3,2889,4,3,2
2n Cycle,Together,50334.0,0,1,24,284,16,160,84,16,134,6,7,4,6,6,0,0,0,0,0,0,0,49,694,23,30.17391304347826,1,1,3,3082,0,5,2
Graduation,Single,72066.0,0,0,55,1003,34,536,134,51,34,1,4,6,6,2,0,0,1,1,0,0,1,40,1792,17,105.41176470588235,0,0,1,2748,2,4,0
PhD,Single,50729.0,1,1,62,239,13,143,45,4,52,9,6,2,7,6,0,0,0,0,0,0,0,63,496,24,20.666666666666668,0,2,3,3165,4,4,2
Graduation,Together,34916.0,2,0,89,51,23,82,33,0,42,4,5,1,3,9,0,0,0,0,0,0,0,53,231,13,17.76923076923077,1,2,4,3152,2,5,1
Graduation,Divorced,64892.0,0,1,77,527,24,230,32,24,65,2,6,4,12,4,0,0,0,0,0,0,0,45,902,24,37.583333333333336,0,1,2,2773,2,2,2
Graduation,Single,43602.0,1,1,45,19,5,12,10,3,19,3,3,1,2,6,0,0,0,0,0,0,0,55,68,9,7.555555555555555,0,2,3,2912,2,4,1
PhD,Single,33996.0,0,0,46,40,2,15,8,0,6,1,1,1,3,4,0,0,0,0,0,0,0,32,71,6,11.833333333333334,0,0,1,3033,4,4,1
2n Cycle,Single,41473.0,1,0,80,21,8,20,15,3,9,1,2,0,3,7,0,0,0,0,0,0,0,36,76,6,12.666666666666666,0,1,2,3117,0,4,1
PhD,Married,63246.0,0,2,60,593,30,91,29,22,7,1,6,3,12,4,0,0,0,0,0,0,0,54,772,22,35.09090909090909,1,2,4,3055,4,3,2
PhD,Married,36732.0,1,1,71,21,5,3,10,1,7,3,1,1,4,2,0,0,0,0,0,0,0,62,47,9,5.222222222222222,1,2,4,2924,4,3,1
PhD,Married,69084.0,1,0,43,1181,107,199,39,30,30,2,7,3,13,8,0,0,0,0,0,0,0,51,1586,25,63.44,1,1,3,2964,4,3,2
PhD,Married,77766.0,0,1,97,1004,59,265,115,59,27,2,11,10,11,6,1,0,0,0,0,0,1,54,1529,34,44.970588235294116,1,1,3,3234,4,3,2
PhD,Single,37929.0,0,0,49,202,2,46,3,2,10,2,4,2,5,7,0,1,0,1,0,0,1,36,265,13,20.384615384615383,0,0,1,3076,4,4,1
Graduation,Together,86610.0,0,0,66,446,107,768,33,196,53,1,5,6,6,2,0,0,0,0,0,0,0,70,1603,18,89.05555555555556,1,0,2,3039,2,5,0
Master,Married,80141.0,0,0,20,1184,102,673,52,40,40,1,7,4,10,6,0,0,1,0,0,0,1,35,2091,22,95.04545454545455,1,0,2,3276,3,3,0
2n Cycle,Married,72635.0,0,0,54,390,22,323,104,35,107,1,6,8,6,3,0,0,0,1,0,0,0,66,981,21,46.714285714285715,1,0,2,3133,0,3,0
Graduation,Married,69016.0,0,1,61,726,53,363,123,107,161,4,8,9,13,5,0,0,0,0,0,0,0,51,1533,34,45.088235294117645,1,1,3,3326,2,3,0
2n Cycle,Together,20193.0,0,0,18,8,8,22,24,11,9,1,1,1,4,4,0,0,0,0,0,0,0,30,82,7,11.714285714285714,1,0,2,3320,0,5,1
Graduation,Married,27573.0,1,0,45,50,15,110,39,15,15,4,5,1,4,8,0,0,0,0,0,0,0,46,244,14,17.428571428571427,1,1,3,3203,2,3,1
Basic,Single,15862.0,1,0,26,1,1,4,11,9,10,1,1,0,3,8,0,0,0,0,0,0,0,42,36,5,7.2,0,1,2,3109,1,4,1
PhD,Married,49544.0,1,0,0,308,0,73,0,0,23,2,5,1,8,7,0,0,0,0,0,0,0,45,404,16,25.25,1,1,3,3244,4,3,1
Graduation,Married,33228.0,1,0,28,22,2,31,7,4,5,1,2,0,3,7,0,0,0,0,0,0,0,41,71,6,11.833333333333334,1,1,3,2899,2,3,1
Graduation,Together,70440.0,0,0,49,690,117,499,76,102,88,1,5,10,7,3,0,0,0,1,0,0,0,43,1572,23,68.34782608695652,1,0,2,3006,2,5,0
Graduation,Together,38232.0,1,1,84,43,5,28,7,6,33,4,3,1,3,5,0,0,0,0,0,0,0,50,122,11,11.090909090909092,1,2,4,2905,2,5,1
PhD,Married,22554.0,1,1,38,27,0,10,0,0,4,4,2,0,4,5,0,0,0,0,0,0,0,66,41,10,4.1,1,2,4,3345,4,3,1
PhD,Married,23536.0,1,0,53,6,0,3,0,0,1,1,0,0,3,3,0,0,0,0,0,0,0,38,10,4,2.5,1,1,3,2767,4,3,1
Graduation,Married,49413.0,0,1,88,205,7,41,3,2,46,2,4,2,5,5,0,0,0,0,0,0,0,69,304,13,23.384615384615383,1,1,3,2989,2,3,2
Graduation,Married,42231.0,1,1,99,24,0,8,0,1,4,1,1,0,3,5,0,0,0,0,0,0,0,52,37,5,7.4,1,2,4,2838,2,3,1
Master,Divorced,78789.0,0,0,12,667,50,850,21,83,83,1,4,6,5,2,0,0,0,0,0,0,1,41,1754,16,109.625,0,0,1,3432,3,2,0
Graduation,Together,56534.0,0,1,35,691,7,61,10,0,46,4,10,4,7,8,0,1,0,0,1,0,1,53,815,25,32.6,1,1,3,3083,2,5,2
Graduation,Single,58350.0,0,1,5,493,26,206,116,80,80,4,8,3,12,6,0,0,0,0,0,0,0,50,1001,27,37.074074074074076,0,1,2,3283,2,4,2
Graduation,Single,81217.0,0,0,77,493,70,324,146,40,84,1,3,7,11,1,0,0,0,0,0,0,0,32,1157,22,52.59090909090909,0,0,1,3087,2,4,0
Graduation,Single,49090.0,0,1,45,494,5,82,7,0,100,3,7,2,9,7,0,0,0,0,0,0,0,70,688,21,32.76190476190476,0,1,2,3087,2,4,2
Master,Divorced,61787.0,0,0,71,621,73,414,78,48,85,1,8,4,6,5,0,0,0,0,0,0,0,34,1319,19,69.42105263157895,0,0,1,3100,3,2,0
PhD,Married,18169.0,1,0,40,9,0,5,0,0,7,1,1,0,2,8,0,0,0,0,0,0,0,36,21,4,5.25,1,1,3,3237,4,3,1
2n Cycle,Single,24336.0,1,0,82,1,6,2,8,2,12,1,1,0,2,7,0,0,0,0,0,0,0,40,31,4,7.75,0,1,2,3413,0,4,1
Graduation,Married,18222.0,0,0,70,12,4,19,12,6,14,1,2,0,3,8,0,0,0,0,0,0,0,31,67,6,11.166666666666666,1,0,2,3287,2,3,1
Graduation,Divorced,62335.0,0,1,87,243,131,217,85,6,26,2,3,3,13,2,0,0,0,0,0,0,0,69,708,21,33.714285714285715,0,1,2,3144,2,2,2
2n Cycle,Together,42033.0,1,1,95,11,1,4,2,0,7,1,1,0,2,7,0,0,0,0,0,0,0,50,25,4,6.25,1,2,4,3390,0,5,1
PhD,Married,86580.0,0,0,72,532,21,127,26,20,20,0,4,2,5,1,0,0,1,0,0,0,0,38,746,11,67.81818181818181,1,0,2,3229,4,3,0
PhD,Divorced,41437.0,1,1,5,29,0,2,0,0,1,1,1,0,3,7,0,0,0,0,0,0,0,64,32,5,6.4,0,2,3,3387,4,2,1
Master,Widow,73705.0,0,2,86,612,91,520,258,107,107,2,9,6,8,5,0,0,0,0,0,0,0,70,1695,25,67.8,0,2,3,2858,3,6,0
Graduation,Married,61064.0,0,1,80,387,126,342,0,45,180,5,8,4,11,6,0,0,0,0,0,0,0,45,1080,28,38.57142857142857,1,1,3,3409,2,3,2
Master,Married,38452.0,1,1,62,56,0,14,0,0,2,3,3,0,3,7,0,0,0,0,0,0,0,66,72,9,8.0,1,2,4,2833,3,3,1
Graduation,Single,18358.0,1,0,49,6,8,19,16,4,4,3,3,0,4,7,0,0,0,0,0,0,0,32,57,10,5.7,0,1,2,2963,2,4,1
PhD,Together,55012.0,0,1,85,582,0,65,0,0,13,6,8,2,9,5,0,0,0,0,0,0,0,48,660,25,26.4,1,1,3,2842,4,5,2
Basic,Together,9722.0,1,0,7,6,17,16,6,16,42,4,3,1,3,8,0,0,0,0,0,0,1,48,103,11,9.363636363636363,1,1,3,3377,1,5,1
PhD,Married,38175.0,1,0,6,70,6,69,2,3,3,3,3,1,4,7,0,0,0,0,0,0,0,37,153,11,13.909090909090908,1,1,3,3021,4,3,1
Master,Together,58656.0,0,1,25,962,12,194,16,24,12,4,7,8,13,6,0,0,1,0,0,0,0,65,1220,32,38.125,1,1,3,3389,3,5,2
Graduation,Together,52117.0,0,1,55,112,10,107,30,0,20,2,5,2,4,7,0,0,0,0,0,0,0,56,279,13,21.46153846153846,1,1,3,3424,2,5,1
Graduation,Married,64813.0,1,0,81,293,0,124,179,97,52,1,7,2,10,5,0,0,0,0,0,0,0,43,745,20,37.25,1,1,3,2920,2,3,2
PhD,Married,54222.0,0,1,98,199,12,31,3,12,7,1,3,3,5,3,0,0,0,0,0,0,0,48,264,12,22.0,1,1,3,2862,4,3,1
Graduation,Married,83512.0,0,0,31,1060,61,835,80,20,101,1,4,7,10,1,1,0,1,1,1,0,1,35,2157,22,98.04545454545455,1,0,2,2754,2,3,0
Master,Married,77520.0,0,1,30,940,44,396,0,88,58,1,8,7,7,4,1,0,1,1,0,0,1,62,1526,23,66.34782608695652,1,1,3,3047,3,3,0
Graduation,Together,41154.0,0,1,98,44,2,11,2,3,7,1,1,0,4,5,0,0,0,0,0,0,0,43,69,6,11.5,1,1,3,3188,2,5,1
Graduation,Married,80398.0,0,0,92,342,51,936,207,35,26,1,5,8,12,3,0,0,1,0,0,0,0,55,1597,26,61.42307692307692,1,0,2,3338,2,3,0
Basic,Single,18746.0,1,0,41,2,10,11,12,9,20,2,3,0,3,6,0,0,0,0,0,0,0,29,64,8,8.0,0,1,2,2773,1,4,1
Graduation,Together,35196.0,1,0,68,75,12,141,43,39,187,6,6,1,5,8,0,0,0,0,0,0,0,37,497,18,27.61111111111111,1,1,3,3335,2,5,2
Graduation,Single,60230.0,0,1,78,520,20,367,39,81,40,2,6,3,6,5,0,0,0,0,0,0,0,65,1067,17,62.76470588235294,0,1,2,3147,2,4,2
Graduation,Married,22108.0,1,1,46,5,3,9,6,2,6,2,2,0,3,7,0,0,0,0,0,0,0,44,31,7,4.428571428571429,1,2,4,2794,2,3,1
Graduation,Together,44392.0,1,1,71,87,5,71,7,12,29,5,4,1,4,7,0,0,0,0,0,0,0,47,211,14,15.071428571428571,1,2,4,3039,2,5,1
PhD,Married,55424.0,0,1,6,462,61,184,10,53,107,4,7,5,9,6,1,0,0,0,0,0,1,45,877,25,35.08,1,1,3,3323,4,3,2
Graduation,Married,17688.0,1,0,82,2,2,1,3,1,2,1,1,0,2,8,0,0,0,0,0,1,0,42,11,4,2.75,1,1,3,3274,2,3,1
PhD,Married,92491.0,0,0,71,979,44,935,29,25,22,1,7,5,12,3,0,1,1,1,0,0,1,38,2034,25,81.36,1,0,2,3166,4,3,0
Graduation,Single,90273.0,0,0,32,704,129,853,120,74,111,1,5,6,7,2,0,1,1,1,0,0,1,30,1991,19,104.78947368421052,0,0,1,2939,2,4,0
PhD,Widow,82571.0,0,0,28,861,31,558,62,95,79,0,6,5,13,2,0,0,1,0,0,0,0,59,1686,24,70.25,0,0,1,2830,4,6,0
PhD,Single,38513.0,1,0,20,172,3,115,16,0,18,5,6,1,5,8,0,0,0,0,0,0,1,39,324,17,19.058823529411764,0,1,2,2894,4,4,1
Master,Single,16653.0,1,0,10,5,7,31,15,4,7,3,2,1,3,6,0,0,0,0,0,0,1,42,69,9,7.666666666666667,0,1,2,2814,3,4,1
Graduation,Together,42586.0,1,1,7,194,2,56,0,0,0,5,4,1,6,8,0,0,0,0,0,0,1,66,252,16,15.75,1,2,4,3350,2,5,1
Basic,Single,23529.0,0,1,67,9,7,13,3,2,20,1,1,1,2,6,0,0,0,0,0,0,0,56,54,5,10.8,0,1,2,3280,1,4,1
Master,Together,74881.0,1,1,48,505,72,270,36,27,54,4,9,2,12,5,0,0,0,0,0,0,0,60,964,27,35.7037037037037,1,2,4,3220,3,5,2
Graduation,Married,71107.0,0,1,61,533,10,217,198,174,195,2,7,6,13,4,0,0,0,0,0,0,0,70,1327,28,47.392857142857146,1,1,3,3239,2,3,0
PhD,Together,46910.0,1,1,36,48,0,14,0,0,6,2,2,0,3,6,0,0,0,0,0,0,0,57,68,7,9.714285714285714,1,2,4,2840,4,5,1
Graduation,Married,18690.0,0,0,77,6,1,7,23,4,19,1,1,1,2,8,0,0,0,0,0,0,0,62,60,5,12.0,1,0,2,3290,2,3,1
Graduation,Divorced,37244.0,1,1,90,18,2,10,0,0,25,1,1,1,2,7,1,0,0,0,0,0,0,66,55,5,11.0,0,2,3,3170,2,2,1
Graduation,Together,82427.0,0,0,35,482,147,509,104,107,107,1,3,5,12,1,0,0,1,0,0,0,0,55,1456,21,69.33333333333333,1,0,2,2851,2,5,0
2n Cycle,Single,75342.0,0,1,38,204,97,97,21,118,26,1,5,2,10,4,0,0,0,0,0,0,0,63,563,18,31.27777777777778,0,1,2,3161,0,4,2
Graduation,Divorced,70044.0,0,1,46,1073,0,250,153,14,14,4,7,10,5,5,0,0,0,0,0,0,0,67,1504,26,57.84615384615385,0,1,2,3238,2,2,2
Graduation,Single,79146.0,1,1,33,245,16,223,21,43,16,2,8,1,8,6,0,0,0,0,0,0,0,54,564,19,29.68421052631579,0,2,3,2808,2,4,2
Graduation,Married,77437.0,0,0,70,560,21,442,29,44,29,1,4,5,13,1,0,0,1,0,0,0,0,58,1125,23,48.91304347826087,1,0,2,2957,2,3,0
Graduation,Married,54984.0,0,1,51,173,13,131,32,3,6,4,6,1,6,7,0,0,0,1,0,0,0,62,358,17,21.058823529411764,1,1,3,2778,2,3,2
PhD,Married,42403.0,1,0,18,22,1,11,0,5,3,1,1,0,3,8,0,0,0,0,0,0,0,50,42,5,8.4,1,1,3,2942,4,3,1
Graduation,Together,55761.0,0,1,97,136,1,12,0,3,32,2,4,1,3,6,0,1,0,0,0,0,0,57,184,10,18.4,1,1,3,2808,2,5,1
Graduation,Together,37292.0,1,0,32,275,0,86,10,23,66,5,6,3,5,8,0,0,0,0,0,0,0,38,460,19,24.210526315789473,1,1,3,3179,2,5,1
PhD,Single,45576.0,0,0,9,56,19,29,2,14,25,1,3,1,3,8,0,0,0,0,0,0,1,76,145,8,18.125,0,0,1,2774,4,4,1
Graduation,Together,70321.0,0,0,6,303,23,751,82,26,191,1,6,5,13,4,0,0,0,0,0,0,1,74,1376,25,55.04,1,0,2,3271,2,5,0
PhD,Divorced,58086.0,0,1,80,708,7,62,0,0,15,2,11,3,7,8,0,0,0,0,0,0,0,52,792,23,34.43478260869565,0,1,2,3267,4,2,2
Graduation,Married,81795.0,0,0,74,324,132,693,27,118,88,1,4,11,7,2,0,0,0,0,0,0,0,69,1382,23,60.08695652173913,1,0,2,3353,2,3,0
Basic,Together,28389.0,0,0,49,1,5,3,7,4,8,1,1,0,2,7,0,0,0,0,0,0,0,74,28,4,7.0,1,0,2,3328,1,5,1
Master,Married,66835.0,0,0,21,620,26,195,34,17,141,1,6,4,13,2,0,0,0,0,0,0,0,75,1033,24,43.041666666666664,1,0,2,3016,3,3,0
Graduation,Divorced,69901.0,0,1,95,312,21,206,102,92,149,3,7,3,10,5,0,0,0,0,0,0,0,52,882,23,38.34782608695652,0,1,2,3138,2,2,2
PhD,Married,80360.0,0,0,56,1493,86,454,112,43,43,2,4,4,5,2,0,1,1,1,0,0,0,72,2231,15,148.73333333333332,1,0,2,3225,4,3,0
PhD,Together,63342.0,0,1,48,918,21,118,13,10,21,3,8,3,5,6,0,1,0,0,0,0,1,60,1101,19,57.94736842105263,1,1,3,3363,4,5,2
Graduation,Married,44989.0,0,1,26,98,0,106,49,10,106,5,5,1,5,6,0,0,0,0,0,0,0,47,369,16,23.0625,1,1,3,3397,2,3,2
2n Cycle,Single,31859.0,1,0,3,3,4,7,15,8,11,1,1,0,3,7,0,0,0,0,0,0,0,41,48,5,9.6,0,1,2,2864,0,4,1
PhD,Widow,51569.0,0,1,39,380,0,47,6,0,34,4,7,1,7,8,0,1,0,0,0,0,1,72,467,19,24.57894736842105,0,1,2,3244,4,6,2
Graduation,Widow,30372.0,1,1,33,15,0,12,7,3,7,3,2,0,3,7,0,0,0,0,0,0,0,50,44,8,5.5,0,2,3,3293,2,6,1
Basic,Single,16014.0,1,1,42,3,9,4,7,8,7,4,1,1,4,3,0,0,0,0,0,0,0,42,38,10,3.8,0,2,3,3211,1,4,1
Graduation,Married,41120.0,1,1,80,24,2,23,0,8,24,3,2,1,3,6,0,0,0,0,0,0,0,53,81,9,9.0,1,2,4,2977,2,3,1
Master,Single,39763.0,1,0,9,80,1,60,4,6,16,2,5,1,2,9,0,0,0,0,0,0,1,50,167,10,16.7,0,1,2,3071,3,4,1
PhD,Married,38725.0,1,1,52,31,0,6,2,1,5,2,1,0,4,4,0,0,0,0,0,0,0,66,45,7,6.428571428571429,1,2,4,2792,4,3,1
Graduation,Married,77981.0,1,0,78,138,120,204,16,126,60,3,7,4,7,5,0,0,0,0,0,0,0,49,664,21,31.61904761904762,1,1,3,3141,2,3,2
2n Cycle,Married,62905.0,0,1,68,166,75,96,119,107,59,3,7,2,8,4,0,0,0,0,0,0,0,57,622,20,31.1,1,1,3,3034,0,3,2
2n Cycle,Divorced,13533.0,1,0,45,12,3,8,8,0,17,2,2,0,3,7,0,0,0,0,0,0,0,42,48,7,6.857142857142857,0,1,2,3218,0,2,1
Graduation,Together,59481.0,0,1,47,178,3,85,71,66,58,2,3,3,8,2,0,0,0,0,0,0,0,46,461,16,28.8125,1,1,3,2991,2,5,2
Graduation,Married,72117.0,0,1,34,707,20,171,65,60,50,1,9,7,9,5,0,0,0,0,0,0,0,44,1073,26,41.26923076923077,1,1,3,3055,2,3,2
2n Cycle,Married,21955.0,1,0,81,5,1,7,17,14,11,2,2,1,3,6,0,0,0,0,0,0,0,35,55,8,6.875,1,1,3,3037,0,3,1
Graduation,Married,67131.0,0,1,72,465,71,250,93,35,62,3,9,2,12,6,0,0,0,0,0,0,0,65,976,26,37.53846153846154,1,1,3,3202,2,3,2
PhD,Single,36802.0,1,0,23,16,1,2,0,0,1,1,1,0,3,5,0,0,0,0,0,0,0,41,20,5,4.0,0,1,2,2755,4,4,1
Graduation,Together,71853.0,0,0,29,358,108,413,141,97,32,1,2,8,6,1,0,0,0,0,0,0,0,39,1149,17,67.58823529411765,1,0,2,3159,2,5,0
Basic,Married,28249.0,0,0,80,1,9,7,2,14,10,1,2,0,3,6,0,0,0,0,0,0,0,60,43,6,7.166666666666667,1,0,2,2756,1,3,1
Master,Married,47808.0,0,1,30,123,1,26,2,0,72,2,3,2,3,7,1,0,0,0,0,0,0,46,224,10,22.4,1,1,3,2994,3,3,1
PhD,Divorced,25509.0,1,0,15,40,3,30,10,7,11,3,3,0,3,9,0,0,0,0,0,0,1,47,101,9,11.222222222222221,0,1,2,3391,4,2,1
PhD,Married,51012.0,0,0,86,102,9,63,2,9,24,1,4,1,4,6,0,0,0,0,0,0,0,75,209,10,20.9,1,0,2,3179,4,3,1
Graduation,Single,70596.0,0,0,68,347,44,534,17,0,26,1,3,5,12,2,0,0,0,0,0,0,0,36,968,21,46.095238095238095,0,0,1,3374,2,4,0
PhD,Together,85431.0,0,0,54,376,53,462,168,53,53,1,2,7,7,0,0,0,0,0,0,0,0,69,1165,17,68.52941176470588,1,0,2,3128,4,5,0
Graduation,Married,42664.0,0,1,44,21,0,3,0,0,0,1,1,0,3,6,0,0,0,0,0,0,0,54,24,5,4.8,1,1,3,2845,2,3,1
Graduation,Together,42586.0,1,1,7,194,2,56,0,0,0,5,4,1,6,8,0,0,0,0,0,0,1,66,252,16,15.75,1,2,4,3350,2,5,1
Graduation,Single,29760.0,1,0,87,64,4,68,7,5,17,4,3,1,4,8,0,0,0,0,0,0,0,36,165,12,13.75,0,1,2,3411,2,4,1
PhD,Married,28973.0,0,0,59,206,0,46,3,2,12,2,5,1,5,8,0,0,0,0,0,0,0,44,269,13,20.692307692307693,1,0,2,3366,4,3,1
PhD,Together,39435.0,1,0,16,71,0,18,0,0,13,1,3,1,2,7,0,0,0,0,0,0,0,48,102,7,14.571428571428571,1,1,3,3069,4,5,1
2n Cycle,Married,65370.0,0,0,1,71,22,112,138,89,29,1,2,3,13,1,0,0,0,0,0,0,0,37,461,19,24.263157894736842,1,0,2,3074,0,3,0
Basic,Single,20194.0,1,0,64,0,4,7,11,10,15,2,2,0,3,6,0,0,0,0,0,0,0,42,47,7,6.714285714285714,0,1,2,3301,1,4,1
PhD,Single,42473.0,1,1,72,93,1,21,0,4,25,3,2,1,4,5,0,0,0,0,0,0,0,45,144,10,14.4,0,2,3,2874,4,4,1
Graduation,Married,64590.0,0,0,98,920,138,168,36,46,30,1,9,4,10,6,0,0,0,0,0,0,0,53,1338,24,55.75,1,0,2,3365,2,3,0
Graduation,Together,71232.0,0,1,91,653,17,170,34,26,17,2,11,2,10,7,0,0,0,0,0,0,0,62,917,25,36.68,1,1,3,2955,2,5,2
Graduation,Together,34600.0,1,1,8,199,33,60,8,3,15,5,5,2,5,8,0,0,0,0,0,0,1,50,318,17,18.705882352941178,1,2,4,3286,2,5,1
Graduation,Single,46904.0,1,1,20,153,4,56,0,9,31,4,5,1,4,8,0,0,0,0,0,0,0,54,253,14,18.071428571428573,0,2,3,3345,2,4,1
Graduation,Married,49094.0,0,1,6,376,0,38,11,8,69,5,6,3,6,6,0,0,0,0,0,0,0,48,502,20,25.1,1,1,3,3388,2,3,2
Graduation,Together,36075.0,1,0,54,46,0,30,12,1,30,1,2,0,4,6,0,0,0,0,0,0,0,38,119,7,17.0,1,1,3,2944,2,5,1
2n Cycle,Together,60839.0,1,1,72,600,21,128,223,150,128,13,2,2,12,8,0,0,0,0,0,0,0,42,1250,29,43.10344827586207,1,2,4,3412,0,5,2
Graduation,Together,77298.0,0,1,46,425,115,292,23,35,79,1,6,6,11,3,0,0,0,0,0,0,0,42,969,24,40.375,1,1,3,2981,2,5,0
Graduation,Together,34026.0,1,1,11,18,6,15,12,8,17,3,2,1,3,5,0,0,0,0,0,0,0,71,76,9,8.444444444444445,1,2,4,3070,2,5,1
PhD,Single,48918.0,1,1,21,52,0,9,0,0,1,2,1,0,4,4,0,0,0,0,0,0,0,58,62,7,8.857142857142858,0,2,3,2820,4,4,1
2n Cycle,Together,82122.0,0,0,89,734,22,350,151,25,100,1,3,9,13,1,0,0,1,0,0,0,0,59,1382,26,53.15384615384615,1,0,2,3060,0,5,0
Graduation,Single,37697.0,1,0,82,34,6,21,11,4,8,1,2,1,3,6,0,0,0,0,0,0,0,45,84,7,12.0,0,1,2,2884,2,4,1
Graduation,Together,34074.0,1,1,69,135,1,41,10,1,67,5,3,3,3,6,1,0,0,0,0,0,0,69,255,14,18.214285714285715,1,2,4,3093,2,5,1
Master,Married,28520.0,1,1,55,11,0,10,0,2,20,1,1,1,2,6,0,0,0,0,0,0,0,61,43,5,8.6,1,2,4,3122,3,3,1
Graduation,Single,62535.0,0,1,13,163,48,90,0,45,52,1,3,2,8,3,0,0,0,0,0,0,0,66,398,14,28.428571428571427,0,1,2,3011,2,4,2
Master,Single,36273.0,1,0,80,29,3,30,3,2,9,2,3,0,3,6,0,0,0,0,0,0,0,44,76,8,9.5,0,1,2,2816,3,4,1
Graduation,Together,63404.0,0,2,97,734,26,70,11,44,17,2,6,3,4,4,0,0,0,1,0,0,0,57,902,15,60.13333333333333,1,2,4,2765,2,5,2
2n Cycle,Together,75774.0,1,0,27,340,21,134,258,14,56,1,7,5,8,4,0,0,0,0,0,0,0,40,823,21,39.19047619047619,1,1,3,2800,0,5,0
Graduation,Together,78416.0,0,1,99,453,38,279,188,38,183,2,7,7,10,3,0,0,0,0,0,0,0,45,1179,26,45.34615384615385,1,1,3,2744,2,5,0
Graduation,Together,75702.0,0,1,87,1073,0,629,145,37,37,1,10,5,13,6,0,0,1,0,0,0,0,47,1921,29,66.24137931034483,1,1,3,3365,2,5,0
Master,Together,59385.0,1,1,85,135,0,10,0,4,36,2,3,1,4,5,0,0,0,0,0,0,0,70,185,10,18.5,1,2,4,3169,3,5,1
Graduation,Single,37070.0,1,1,30,231,7,137,4,15,39,9,5,1,8,7,0,0,0,0,0,0,1,55,433,23,18.82608695652174,0,2,3,3208,2,4,2
Graduation,Married,44689.0,1,1,82,18,0,5,0,0,11,2,1,1,2,7,1,0,0,0,0,0,0,70,34,6,5.666666666666667,1,2,4,2912,2,3,1
Graduation,Together,53977.0,0,1,21,620,16,165,0,24,82,5,5,5,12,5,0,0,0,0,0,0,0,63,907,27,33.592592592592595,1,1,3,3128,2,5,2
PhD,Single,7144.0,0,2,92,81,4,33,5,2,291,0,23,1,1,0,0,0,0,0,0,0,0,55,416,25,16.64,0,2,3,2946,4,4,2
Graduation,Single,18701.0,1,1,95,12,4,2,10,6,10,4,2,0,4,5,0,0,0,0,0,0,0,57,44,10,4.4,0,2,3,3132,2,4,1
Graduation,Married,90369.0,0,0,2,292,51,981,224,23,17,1,4,6,6,1,0,0,0,0,0,0,1,65,1588,17,93.41176470588235,1,0,2,2804,2,3,0
PhD,Single,63159.0,0,0,74,965,34,586,89,86,37,1,3,5,8,3,1,0,0,0,0,0,0,47,1797,17,105.70588235294117,0,0,1,3343,4,4,0
Graduation,Together,37758.0,1,1,49,27,2,10,0,0,1,2,1,0,3,8,0,0,0,0,0,0,0,55,40,6,6.666666666666667,1,2,4,3375,2,5,1
PhD,Single,46757.0,0,1,71,777,30,163,0,51,122,6,4,4,7,9,0,0,0,0,0,0,0,58,1143,21,54.42857142857143,0,1,2,3332,4,4,2
Master,Married,79734.0,0,0,72,572,8,232,23,62,17,1,4,3,6,1,0,0,0,1,0,0,0,52,914,14,65.28571428571429,1,0,2,2743,3,3,0
Graduation,Together,63207.0,0,0,68,438,169,565,91,169,70,1,2,3,6,7,0,0,0,1,0,0,0,29,1502,12,125.16666666666667,1,0,2,3267,2,5,0
Graduation,Divorced,72071.0,0,1,4,531,69,300,150,138,150,3,5,4,8,2,0,0,0,0,0,0,0,67,1338,20,66.9,0,1,2,3242,2,2,0
PhD,Together,21840.0,1,0,80,17,0,9,0,0,1,1,1,0,3,9,0,0,0,0,0,0,0,38,27,5,5.4,1,1,3,3085,4,5,1
2n Cycle,Together,58582.0,0,1,15,402,35,106,101,77,42,2,9,2,9,5,0,1,0,0,0,0,0,39,763,22,34.68181818181818,1,1,3,3016,0,5,2
Graduation,Single,72282.0,0,0,70,503,27,419,90,139,153,1,5,7,9,7,0,0,0,0,0,0,1,70,1331,22,60.5,0,0,1,3087,2,4,0
Graduation,Married,50387.0,0,2,91,369,9,87,12,14,34,3,6,2,8,5,0,0,0,0,0,0,0,65,525,19,27.63157894736842,1,2,4,3044,2,3,2
PhD,Together,32583.0,1,1,10,5,0,3,0,0,1,1,1,0,2,7,0,0,0,0,0,0,0,60,9,4,2.25,1,2,4,2756,4,5,1
Graduation,Together,62568.0,0,1,99,362,17,398,80,35,61,3,5,3,5,4,0,0,0,1,0,0,0,59,953,16,59.5625,1,1,3,2825,2,5,2
Master,Divorced,44635.0,1,1,25,56,0,9,0,0,3,2,2,0,3,7,0,0,0,0,0,0,0,50,68,7,9.714285714285714,0,2,3,3003,3,2,1
Master,Single,33316.0,1,1,34,79,1,31,4,4,12,3,2,1,4,6,0,0,0,0,0,0,0,50,131,10,13.1,0,2,3,3010,3,4,1
Graduation,Married,63967.0,0,1,57,387,84,141,73,35,162,3,4,4,12,2,0,0,0,0,0,0,0,53,882,23,38.34782608695652,1,1,3,3066,2,3,2
2n Cycle,Together,52513.0,0,0,84,367,17,241,104,188,232,2,9,5,9,7,0,0,0,0,0,0,0,43,1149,25,45.96,1,0,2,3405,0,5,0
Graduation,Married,25293.0,1,0,51,15,0,11,0,2,9,1,1,1,2,8,0,0,0,0,0,0,0,52,37,5,7.4,1,1,3,3029,2,3,1
PhD,Widow,54111.0,0,1,97,267,6,54,8,3,50,2,5,2,6,5,0,0,0,0,0,0,0,56,388,15,25.866666666666667,0,1,2,3050,4,6,2
Graduation,Together,78394.0,0,0,13,298,27,697,216,24,166,1,4,6,5,2,0,0,0,0,0,0,1,35,1428,16,89.25,1,0,2,3241,2,5,0
Master,Married,80739.0,0,0,92,674,92,736,39,0,92,1,3,11,9,1,0,0,0,0,0,0,0,63,1633,24,68.04166666666667,1,0,2,3144,3,3,0
Master,Together,22669.0,1,0,30,16,14,36,37,22,48,3,4,1,2,9,0,0,0,0,0,0,1,46,173,10,17.3,1,1,3,3145,3,5,1
Graduation,Single,29236.0,1,0,30,37,4,24,16,9,9,2,4,0,3,9,0,0,0,0,0,0,0,34,99,9,11.0,0,1,2,3006,2,4,1
Graduation,Together,44911.0,0,1,11,159,0,22,2,1,31,3,4,1,4,7,0,0,0,0,0,0,0,62,215,12,17.916666666666668,1,1,3,3213,2,5,1
PhD,Married,54693.0,0,1,72,686,17,142,23,26,35,8,6,4,13,6,0,0,0,0,0,0,0,59,929,31,29.967741935483872,1,1,3,3239,4,3,2
Graduation,Together,48186.0,1,0,39,97,3,66,12,7,34,3,4,1,4,7,0,0,0,0,0,0,0,47,219,12,18.25,1,1,3,2843,2,5,1
Graduation,Married,54809.0,1,1,0,63,6,57,13,13,22,4,2,1,5,4,0,0,0,0,0,0,1,44,174,12,14.5,1,2,4,3033,2,3,1
Graduation,Together,41580.0,1,1,15,56,5,24,4,0,3,3,2,1,3,5,0,0,0,0,0,0,0,43,92,9,10.222222222222221,1,2,4,3308,2,5,1
PhD,Married,80336.0,0,0,12,209,19,456,160,142,66,1,2,9,13,1,0,0,0,0,0,0,0,51,1052,25,42.08,1,0,2,3035,4,3,0
Graduation,Married,47743.0,0,1,56,198,2,43,0,12,20,3,4,1,6,6,0,1,0,0,0,0,0,64,275,14,19.642857142857142,1,1,3,3206,2,3,2
2n Cycle,Married,62972.0,0,1,39,313,15,47,20,0,192,2,7,4,3,6,0,0,0,0,0,0,0,66,587,16,36.6875,1,1,3,3437,0,3,2
PhD,Divorced,57333.0,0,1,55,941,14,397,76,58,176,11,8,5,9,6,0,0,0,0,0,0,1,67,1662,33,50.36363636363637,0,1,2,3387,4,2,2
PhD,Together,32313.0,1,0,60,86,4,56,2,4,7,3,4,0,4,9,0,0,0,0,0,0,0,39,159,11,14.454545454545455,1,1,3,3245,4,5,1
Master,Widow,84953.0,0,0,73,167,48,602,63,72,72,1,3,10,4,2,0,1,1,1,0,0,1,68,1024,18,56.888888888888886,0,0,1,3133,3,6,0
Master,Divorced,27071.0,1,0,90,8,3,19,0,2,3,2,2,0,3,6,0,0,0,0,0,0,0,53,35,7,5.0,0,1,2,2809,3,2,1
Master,Together,68148.0,0,0,86,389,66,408,37,57,85,1,4,4,6,2,0,0,0,0,0,0,0,64,1042,15,69.46666666666667,1,0,2,3044,3,5,0
Master,Together,65735.0,1,1,37,239,7,119,4,15,11,5,6,2,6,7,0,0,0,0,0,0,0,56,395,19,20.789473684210527,1,2,4,2946,3,5,2
PhD,Married,86836.0,0,0,7,179,21,273,0,21,63,1,6,10,6,5,1,0,1,1,0,0,1,46,557,23,24.217391304347824,1,0,2,3397,4,3,2
PhD,Married,4023.0,1,1,29,5,0,1,1,1,1,15,0,0,0,19,0,0,0,0,0,0,0,58,9,15,0.6,1,2,4,2748,4,3,1
Graduation,Married,30093.0,0,0,19,2,6,28,13,4,16,1,2,0,3,7,0,0,0,0,0,0,0,31,69,6,11.5,1,0,2,3098,2,3,1
PhD,Married,57705.0,0,1,14,383,0,53,6,4,40,3,8,1,6,6,0,0,0,0,0,0,0,55,486,18,27.0,1,1,3,2911,4,3,2
Graduation,Single,25008.0,1,0,72,2,8,8,6,1,9,2,1,0,3,8,0,0,0,0,0,0,0,33,34,6,5.666666666666667,0,1,2,2889,2,4,1
2n Cycle,Single,83257.0,0,0,56,536,27,590,38,107,67,1,5,10,12,6,1,0,1,0,0,1,1,26,1365,28,48.75,0,0,1,3391,0,4,0
Graduation,Together,22280.0,1,0,85,2,1,4,3,1,2,1,1,0,2,8,0,0,0,0,0,0,0,46,13,4,3.25,1,1,3,3148,2,5,1
PhD,Married,72159.0,0,0,62,322,53,899,34,40,53,1,4,6,10,2,0,0,0,0,0,0,0,43,1401,21,66.71428571428571,1,0,2,3350,4,3,0
Graduation,Together,64260.0,0,0,1,539,169,816,20,0,30,1,4,5,4,3,0,0,0,0,0,0,1,60,1574,14,112.42857142857143,1,0,2,3276,2,5,0
PhD,Single,82733.0,0,0,28,712,50,420,65,38,38,1,8,4,7,4,0,0,0,0,0,0,1,37,1323,20,66.15,0,0,1,3034,4,4,0
Master,Divorced,74290.0,0,1,70,1121,0,72,0,12,12,4,10,8,10,6,0,1,0,1,0,0,0,50,1217,32,38.03125,0,1,2,3063,3,2,2
Master,Single,58217.0,2,1,84,68,1,13,3,5,13,1,2,0,4,6,0,0,0,0,0,0,0,70,103,7,14.714285714285714,0,3,4,3331,3,4,1
Master,Together,21024.0,0,0,89,36,4,18,6,2,18,1,2,0,4,7,0,0,0,0,0,0,0,45,84,7,12.0,1,0,2,3102,3,5,1
PhD,Married,70116.0,0,0,73,707,44,603,95,58,29,1,2,8,12,1,0,0,0,0,0,0,0,49,1536,23,66.78260869565217,1,0,2,3261,4,3,0
Graduation,Together,54006.0,1,0,42,174,77,203,6,24,97,2,8,1,7,7,0,0,0,0,0,0,0,36,581,18,32.27777777777778,1,1,3,3391,2,5,2
PhD,Married,69063.0,0,1,16,666,35,124,69,8,26,1,5,3,5,3,0,0,0,0,0,0,0,55,928,14,66.28571428571429,1,1,3,3341,4,3,2
2n Cycle,Divorced,11448.0,0,0,16,0,0,0,6,2,6,1,1,0,2,6,0,0,0,0,0,0,0,46,14,4,3.5,0,0,1,2938,0,2,1
Graduation,Single,61825.0,0,1,56,162,50,100,55,30,27,1,4,2,8,4,0,0,0,0,0,0,0,42,424,15,28.266666666666666,0,1,2,3068,2,4,2
Graduation,Married,70886.0,1,0,65,407,70,239,103,88,53,1,5,4,4,2,0,0,0,0,0,0,0,50,960,14,68.57142857142857,1,1,3,3000,2,3,0
Graduation,Married,69109.0,0,0,10,823,25,459,124,29,95,1,6,6,7,4,0,0,1,0,0,0,1,39,1555,20,77.75,1,0,2,3339,2,3,0
Graduation,Widow,60208.0,1,1,13,488,23,71,15,0,59,11,8,3,7,7,0,1,0,0,0,0,1,48,656,29,22.620689655172413,0,2,3,3372,2,6,2
Master,Together,32889.0,1,1,78,28,0,13,4,2,8,3,2,1,3,5,0,0,0,0,0,0,0,53,55,9,6.111111111111111,1,2,4,3038,3,5,1
Graduation,Single,34738.0,1,0,51,3,2,10,3,0,2,1,1,0,3,6,0,0,0,0,0,0,0,37,20,5,4.0,0,1,2,2791,2,4,1
Master,Together,30538.0,1,0,27,284,0,52,8,3,20,4,9,0,4,10,0,0,0,0,0,0,0,50,367,17,21.58823529411765,1,1,3,3378,3,5,1
2n Cycle,Together,82326.0,0,0,30,938,142,754,159,81,183,1,5,10,6,2,0,1,1,1,0,0,1,44,2257,22,102.5909090909091,1,0,2,2853,0,5,0
PhD,Divorced,26642.0,1,0,71,13,2,15,2,2,8,2,2,0,3,6,0,0,0,0,0,0,0,54,42,7,6.0,0,1,2,2862,4,2,1
Graduation,Divorced,69932.0,0,1,97,412,172,153,150,105,57,2,7,6,11,4,0,0,0,0,0,0,0,57,1049,26,40.34615384615385,0,1,2,3124,2,2,0
Graduation,Single,44503.0,1,1,83,31,1,8,0,0,8,2,2,0,3,6,0,0,0,0,0,0,0,49,48,7,6.857142857142857,0,2,3,2816,2,4,1
PhD,Single,60200.0,0,1,3,502,19,132,0,6,26,6,6,2,11,6,0,0,0,0,0,0,0,73,685,25,27.4,0,1,2,3285,4,4,2
Graduation,Divorced,49638.0,0,1,71,18,10,3,3,5,0,1,1,0,3,2,0,0,0,0,0,0,0,69,39,5,7.8,0,1,2,2813,2,2,1
2n Cycle,Single,23830.0,0,0,3,1,8,6,4,8,16,1,1,0,3,7,0,0,0,0,0,0,0,34,43,5,8.6,0,0,1,2884,0,4,1
Master,Widow,33051.0,0,0,15,100,71,243,108,94,219,3,9,1,8,9,0,0,0,0,0,0,1,62,835,21,39.76190476190476,0,0,1,3424,3,6,0
Graduation,Married,72905.0,0,0,52,407,114,445,181,165,203,1,3,7,9,1,0,0,0,1,0,0,0,63,1515,20,75.75,1,0,2,2901,2,3,0
PhD,Together,69702.0,0,1,8,664,9,240,50,19,57,2,7,7,10,4,0,0,0,0,0,0,0,70,1039,26,39.96153846153846,1,1,3,3237,4,5,2
Graduation,Divorced,70300.0,1,0,89,1045,61,338,60,46,46,3,5,5,13,8,0,0,0,0,0,0,0,46,1596,26,61.38461538461539,0,1,2,3091,2,2,0
PhD,Married,70643.0,0,0,66,1218,107,304,23,143,33,1,5,8,4,6,0,0,0,0,0,0,1,37,1828,18,101.55555555555556,1,0,2,3364,4,3,0
PhD,Married,30396.0,1,0,22,15,0,6,0,1,12,2,1,1,2,7,1,0,0,0,0,0,1,52,34,6,5.666666666666667,1,1,3,2802,4,3,1
PhD,Divorced,50616.0,0,1,56,128,0,16,0,1,4,2,4,0,4,7,0,0,0,0,0,0,0,53,149,10,14.9,0,1,2,2814,4,2,1
Master,Single,62772.0,0,1,74,581,49,157,43,8,108,1,5,6,11,2,0,1,0,0,0,0,0,52,946,23,41.130434782608695,0,1,2,3148,3,4,2
PhD,Single,30298.0,0,0,48,6,3,12,6,1,0,1,1,1,3,3,0,0,0,0,0,0,0,36,28,6,4.666666666666667,0,0,1,2783,4,4,1
Graduation,Single,52413.0,1,0,67,185,8,133,56,56,12,2,7,1,7,7,0,0,0,0,0,0,0,37,450,17,26.470588235294116,0,1,2,3345,2,4,1
PhD,Married,44155.0,1,1,24,22,1,9,0,0,14,1,1,1,2,4,0,0,0,0,0,0,0,64,46,5,9.2,1,2,4,2903,4,3,1
PhD,Divorced,86979.0,0,0,67,584,100,835,65,83,35,1,5,5,5,2,1,0,0,0,0,0,1,50,1702,16,106.375,0,0,1,2976,4,2,0
Graduation,Together,76532.0,1,1,38,355,30,177,90,138,30,4,9,5,7,5,0,0,0,0,0,0,0,46,820,25,32.8,1,2,4,3035,2,5,2
Graduation,Married,42081.0,1,0,86,175,10,110,54,6,27,2,6,3,4,6,1,0,0,0,0,0,0,39,382,15,25.466666666666665,1,1,3,3230,2,3,1
PhD,Married,67546.0,0,0,90,864,134,768,150,38,172,1,4,10,5,3,0,0,0,0,0,0,0,33,2126,20,106.3,1,0,2,3409,4,3,0
Master,Together,88420.0,0,0,87,957,153,612,99,95,153,1,4,7,8,1,1,0,1,1,0,0,0,32,2069,20,103.45,1,0,2,2800,3,5,0
Graduation,Married,31158.0,1,0,62,25,6,16,20,0,5,2,2,0,3,8,0,0,0,0,0,0,0,36,72,7,10.285714285714286,1,1,3,3260,2,3,1
Graduation,Divorced,61671.0,0,1,23,641,7,56,0,0,28,8,10,4,6,8,0,1,0,1,0,0,0,53,732,28,26.142857142857142,0,1,2,2768,2,2,2
Graduation,Single,69719.0,0,0,99,273,86,208,177,14,43,1,2,3,5,1,0,0,0,0,0,0,0,47,801,11,72.81818181818181,0,0,1,2776,2,4,0
Graduation,Divorced,49160.0,0,1,29,122,21,43,25,10,15,2,3,1,6,6,0,0,0,0,0,0,0,72,236,12,19.666666666666668,0,1,2,2994,2,2,1
Basic,Together,24882.0,1,0,52,1,4,10,29,0,36,1,1,1,2,6,1,0,0,0,0,0,0,43,80,5,16.0,1,1,3,3400,1,5,1
PhD,Single,90933.0,0,0,90,1020,31,430,62,63,79,1,4,6,4,1,0,0,1,0,0,0,0,67,1685,15,112.33333333333333,0,0,1,2832,4,4,0
PhD,Single,113734.0,0,0,9,6,2,3,1,262,3,0,27,0,0,1,0,0,0,0,0,0,0,76,277,27,10.25925925925926,0,0,1,2774,4,4,2
PhD,Together,59292.0,0,1,71,378,14,68,19,14,14,2,3,5,8,3,0,0,0,0,0,0,0,71,507,18,28.166666666666668,1,1,3,3123,4,5,2
PhD,Married,45759.0,1,1,13,42,1,18,3,0,4,2,2,0,3,7,0,0,0,0,0,0,0,57,68,7,9.714285714285714,1,2,4,3233,4,3,1
Graduation,Single,22148.0,0,0,16,15,5,14,0,4,11,1,1,0,3,7,0,0,0,0,0,0,0,38,49,5,9.8,0,0,1,2819,2,4,1
Master,Married,73395.0,0,0,94,272,7,80,20,7,11,1,4,4,6,2,0,0,0,0,0,0,0,34,397,15,26.466666666666665,1,0,2,2845,3,3,2
Graduation,Divorced,29819.0,1,0,77,9,1,24,2,1,2,3,3,0,3,6,0,0,0,0,0,0,0,50,39,9,4.333333333333333,0,1,2,2990,2,2,1
Graduation,Married,45688.0,0,1,20,279,0,18,0,0,9,2,3,1,8,4,0,1,0,0,0,0,0,53,306,14,21.857142857142858,1,1,3,2897,2,3,1
Graduation,Married,62820.0,0,0,51,398,61,265,138,61,53,1,3,4,6,1,0,0,0,0,0,0,0,67,976,14,69.71428571428571,1,0,2,3156,2,3,0
PhD,Married,60491.0,0,1,81,637,47,237,12,19,76,4,6,11,7,5,0,0,0,0,0,0,0,50,1028,28,36.714285714285715,1,1,3,3038,4,3,2
Graduation,Together,33235.0,1,0,71,45,0,16,2,1,6,1,3,0,3,7,0,0,0,0,0,0,0,35,70,7,10.0,1,1,3,2886,2,5,1
Graduation,Married,35701.0,0,0,36,21,1,9,7,3,5,1,1,0,3,6,0,0,0,0,0,0,0,62,46,5,9.2,1,0,2,3209,2,3,1
Master,Married,31535.0,1,0,95,15,4,13,0,0,19,1,1,1,2,7,1,0,0,0,0,0,0,41,51,5,10.2,1,1,3,3018,3,3,1
2n Cycle,Together,92556.0,0,0,32,493,183,352,184,23,28,0,3,5,13,0,0,0,0,0,0,0,0,61,1263,21,60.142857142857146,1,0,2,2812,0,5,0
Graduation,Single,67384.0,0,1,32,957,40,175,158,53,107,2,7,8,5,5,0,1,0,0,0,0,0,51,1490,22,67.72727272727273,0,1,2,3338,2,4,0
Master,Together,80573.0,0,0,85,829,138,430,60,92,15,1,4,6,13,2,0,0,0,0,0,0,0,50,1564,24,65.16666666666667,1,0,2,3365,3,5,0
Graduation,Married,77870.0,0,1,93,1017,50,500,65,50,133,3,5,5,5,8,0,1,0,1,0,0,1,54,1815,18,100.83333333333333,1,1,3,3418,2,3,0
PhD,Widow,52278.0,0,1,24,953,0,71,0,0,174,6,10,5,10,8,0,0,0,0,0,0,0,58,1198,31,38.645161290322584,0,1,2,3262,4,6,2
Graduation,Single,57107.0,0,1,44,159,0,120,0,0,137,7,4,4,8,8,0,1,0,0,1,0,1,53,416,23,18.08695652173913,0,1,2,3416,2,4,2
Graduation,Married,18929.0,0,0,15,32,0,8,23,4,18,1,1,0,4,6,0,0,0,0,0,0,0,31,85,6,14.166666666666666,1,0,2,3240,2,3,1
PhD,Single,36038.0,1,0,82,23,0,15,0,2,7,2,3,0,3,6,0,0,0,0,0,0,0,40,47,8,5.875,0,1,2,3136,4,4,1
Graduation,Single,20180.0,0,0,27,18,42,24,15,20,18,1,2,1,4,7,0,0,0,0,0,0,0,45,137,8,17.125,0,0,1,3236,2,4,1
PhD,Together,34230.0,1,1,72,15,0,4,0,0,2,1,1,0,2,7,0,0,0,0,0,0,0,56,21,4,5.25,1,2,4,3292,4,5,1
2n Cycle,Single,31878.0,0,1,7,23,4,5,10,5,23,1,1,0,4,3,0,0,0,0,0,0,0,44,70,6,11.666666666666666,0,1,2,2749,0,4,1
2n Cycle,Married,70932.0,0,1,57,200,193,100,46,185,185,2,6,2,12,3,0,0,0,0,0,0,0,49,909,22,41.31818181818182,1,1,3,2903,0,3,0
Graduation,Single,91249.0,0,0,84,1324,27,119,71,108,27,0,7,9,6,4,0,1,1,1,1,0,1,65,1676,22,76.18181818181819,0,0,1,3359,2,4,0
Master,Single,77598.0,0,0,53,1193,33,281,129,66,33,1,7,5,13,3,0,0,1,0,0,0,0,78,1735,26,66.73076923076923,0,0,1,3013,3,4,0
Graduation,Single,80982.0,1,1,48,505,137,401,104,22,22,3,11,5,11,5,0,0,0,0,0,1,0,62,1191,30,39.7,0,2,3,3279,2,4,2
Master,Married,22701.0,1,0,2,2,4,9,0,4,5,1,1,0,3,5,0,0,0,0,0,0,0,44,24,5,4.8,1,1,3,3039,3,3,1
PhD,Married,55212.0,0,1,65,1103,0,45,0,0,34,3,4,2,11,8,0,1,0,0,1,0,0,52,1182,20,59.1,1,1,3,3325,4,3,2
Graduation,Married,70617.0,0,0,45,353,61,753,40,46,27,1,3,3,7,2,0,0,0,0,0,0,0,51,1280,14,91.42857142857143,1,0,2,3113,2,3,0
Graduation,Single,64849.0,0,0,42,652,48,350,94,84,108,1,9,3,6,5,0,0,0,0,0,0,1,64,1336,19,70.3157894736842,0,0,1,3335,2,4,0
Master,Married,62694.0,1,1,29,379,6,157,25,91,91,5,9,3,7,7,0,0,0,0,0,0,0,56,749,24,31.208333333333332,1,2,4,3119,3,3,2
PhD,Married,61917.0,1,1,83,46,4,36,2,2,1,1,2,0,4,5,0,0,0,0,0,0,0,47,91,7,13.0,1,2,4,2963,4,3,1
PhD,Married,67472.0,0,1,93,162,31,127,8,17,69,2,4,2,7,3,0,0,0,0,0,0,0,74,414,15,27.6,1,1,3,3016,4,3,2
Master,Married,21059.0,1,0,40,8,3,19,3,3,8,3,3,0,3,6,0,0,0,0,0,0,0,39,44,9,4.888888888888889,1,1,3,2915,3,3,1
Master,Married,29543.0,2,0,47,17,3,18,3,4,18,2,3,1,2,7,0,0,0,0,0,0,0,53,63,8,7.875,1,2,4,2831,3,3,1
Graduation,Married,75903.0,0,1,50,340,108,185,130,38,100,2,6,6,9,3,0,0,0,0,0,0,0,70,901,23,39.17391304347826,1,1,3,3189,2,3,2
2n Cycle,Together,34984.0,1,1,40,8,4,15,3,5,3,2,1,0,3,7,0,0,0,0,0,0,0,46,38,6,6.333333333333333,1,2,4,3403,0,5,1
PhD,Single,54998.0,0,1,3,154,22,202,39,30,8,5,4,2,9,4,0,0,0,0,0,0,1,65,455,20,22.75,0,1,2,3218,4,4,2
PhD,Widow,54356.0,0,1,62,710,15,30,20,0,0,3,11,2,8,8,0,0,0,0,0,0,1,72,775,24,32.291666666666664,0,1,2,3329,4,6,2
Master,Married,34242.0,0,1,25,8,2,4,0,0,1,1,0,0,3,5,0,0,0,0,0,0,0,62,15,4,3.75,1,1,3,2840,3,3,1
Graduation,Married,25410.0,1,0,48,2,2,4,13,13,4,1,1,0,4,4,0,0,0,0,0,0,0,48,38,6,6.333333333333333,1,1,3,3044,2,3,1
PhD,Married,73356.0,0,0,56,1050,14,322,0,14,112,1,5,11,5,2,1,0,1,1,0,0,1,37,1512,22,68.72727272727273,1,0,2,2885,4,3,0
Graduation,Together,28320.0,0,1,68,19,1,14,3,2,4,1,1,0,3,8,0,0,0,0,0,0,0,71,43,5,8.6,1,1,3,3273,2,5,1
Graduation,Single,23763.0,1,0,64,22,0,6,6,2,6,1,1,0,3,7,0,0,0,0,0,0,0,44,42,5,8.4,0,1,2,3433,2,4,1
Graduation,Married,72570.0,0,0,67,274,83,216,151,141,224,1,4,6,12,1,0,0,0,0,0,0,0,37,1089,23,47.34782608695652,1,0,2,2807,2,3,0
Master,Married,34529.0,1,0,94,68,6,38,3,6,41,2,2,2,3,7,0,0,0,0,0,0,0,45,162,9,18.0,1,1,3,3395,3,3,1
Graduation,Widow,70792.0,0,0,82,344,45,654,104,11,114,2,3,4,10,3,0,0,0,0,0,0,0,70,1272,19,66.94736842105263,0,0,1,3250,2,6,0
Graduation,Married,63211.0,0,0,3,145,193,459,205,26,145,2,3,8,7,2,0,0,0,0,0,0,1,39,1173,20,58.65,1,0,2,3346,2,3,0
Master,Married,83891.0,0,1,24,217,38,350,111,85,15,1,4,7,10,1,0,0,0,0,0,0,0,47,816,22,37.09090909090909,1,1,3,2751,3,3,0
Graduation,Single,36065.0,1,1,54,18,7,34,10,2,3,3,3,0,3,8,0,0,0,0,0,0,0,53,74,9,8.222222222222221,0,2,3,3197,2,4,1
Graduation,Together,39898.0,0,1,20,69,8,26,12,7,12,2,3,0,4,7,0,0,0,0,0,0,0,67,134,9,14.88888888888889,1,1,3,3244,2,5,1
PhD,Single,51141.0,0,0,96,144,0,7,0,0,6,1,3,1,4,5,0,0,0,0,0,0,0,81,157,9,17.444444444444443,0,0,1,3098,4,4,1
Graduation,Married,56939.0,0,1,19,256,34,103,90,29,49,2,3,3,10,3,0,0,0,0,0,0,0,45,561,18,31.166666666666668,1,1,3,3026,2,3,2
Graduation,Single,80872.0,0,0,60,483,72,567,94,12,108,1,4,4,10,1,0,0,0,0,0,0,0,70,1336,19,70.3157894736842,0,0,1,2790,2,4,0
PhD,Together,72335.0,0,0,2,1285,105,653,28,21,0,1,10,4,8,8,0,0,0,0,0,0,1,45,2092,23,90.95652173913044,1,0,2,3427,4,5,0
PhD,Single,61798.0,0,0,13,338,4,89,11,8,13,1,4,2,9,4,0,0,0,0,0,0,0,57,463,16,28.9375,0,0,1,2960,4,4,2
PhD,Widow,76842.0,0,0,37,605,10,345,84,54,32,1,1,8,7,0,0,0,0,0,0,0,0,71,1130,17,66.47058823529412,0,0,1,2799,4,6,0
Graduation,Together,29478.0,1,0,59,8,0,7,3,1,1,1,1,0,3,6,0,0,0,0,0,0,0,45,20,5,4.0,1,1,3,2905,2,5,1
Graduation,Single,46998.0,0,1,55,172,41,86,45,6,27,5,5,3,5,7,1,0,0,0,0,0,0,65,377,18,20.944444444444443,0,1,2,3357,2,4,2
Graduation,Single,96843.0,0,0,60,448,71,951,40,17,17,1,6,11,10,2,0,0,1,0,0,0,1,31,1544,28,55.142857142857146,0,0,1,3174,2,4,0
PhD,Widow,56551.0,1,1,48,67,4,32,17,2,16,3,2,1,4,4,0,0,0,0,0,0,0,71,138,10,13.8,0,2,3,2795,4,6,1
Master,Married,70053.0,0,1,38,512,53,98,81,179,89,3,8,5,10,5,0,0,0,0,0,0,0,56,1012,26,38.92307692307692,1,1,3,3103,3,3,2
PhD,Widow,71670.0,0,0,8,1462,16,128,0,0,160,1,5,3,6,6,0,1,1,0,1,0,1,59,1766,15,117.73333333333333,0,0,1,3097,4,6,0
Graduation,Married,44359.0,1,1,19,20,0,14,7,3,1,3,2,0,4,3,0,0,0,0,0,0,0,43,45,9,5.0,1,2,4,2754,2,3,1
Graduation,Single,40887.0,1,1,32,50,4,44,10,10,43,3,3,1,3,9,0,0,0,0,0,0,1,69,161,10,16.1,0,2,3,3161,2,4,1
Graduation,Divorced,48877.0,0,1,27,102,1,15,2,0,24,1,3,0,4,7,0,0,0,0,0,0,0,55,144,8,18.0,0,1,2,2917,2,2,1
Graduation,Together,74485.0,0,0,58,499,149,815,173,49,49,1,6,7,12,3,0,0,0,0,0,0,0,74,1734,26,66.6923076923077,1,0,2,3051,2,5,0
Graduation,Together,64474.0,0,1,59,381,35,172,56,86,93,2,8,2,10,5,0,0,0,0,0,0,0,49,823,22,37.40909090909091,1,1,3,2992,2,5,2
Graduation,Together,77226.0,0,1,29,631,43,239,128,76,21,2,6,8,12,3,0,0,0,0,0,0,0,58,1138,28,40.642857142857146,1,1,3,2863,2,5,0
Graduation,Widow,72643.0,0,0,60,526,80,553,123,94,53,1,3,10,7,2,0,0,0,1,0,0,1,72,1429,21,68.04761904761905,0,0,1,3229,2,6,0
Master,Together,85738.0,0,0,41,913,26,376,17,26,13,1,3,6,11,1,0,1,1,0,0,0,0,43,1371,21,65.28571428571429,1,0,2,2899,3,5,0
Graduation,Divorced,55686.0,0,1,27,673,0,199,37,47,26,2,6,3,5,4,1,0,0,0,0,0,0,55,982,16,61.375,0,1,2,3242,2,2,2
Graduation,Single,39062.0,1,0,28,23,0,9,0,0,12,1,1,0,3,4,1,0,0,0,0,0,0,38,44,5,8.8,0,1,2,2838,2,4,1
Graduation,Together,34600.0,1,1,8,199,33,60,8,3,15,5,5,2,5,8,0,0,0,0,0,0,1,50,318,17,18.705882352941178,1,2,4,3286,2,5,1
Graduation,Married,40794.0,0,1,18,261,23,73,4,23,50,2,6,3,5,7,0,0,0,0,0,0,0,46,434,16,27.125,1,1,3,3190,2,3,2
2n Cycle,Married,54690.0,1,1,76,111,16,37,7,9,18,3,3,1,5,3,0,0,0,0,0,0,0,50,198,12,16.5,1,2,4,2976,0,3,1
Graduation,Married,4428.0,0,1,0,16,4,12,2,4,321,0,25,0,0,1,0,0,0,0,0,0,0,52,359,25,14.36,1,1,3,3009,2,3,2
2n Cycle,Married,32632.0,0,0,32,63,151,137,153,19,53,2,4,4,8,5,0,0,0,0,0,0,0,58,576,18,32.0,1,0,2,3438,0,3,0
PhD,Single,38236.0,1,1,2,58,0,18,2,0,10,4,3,0,4,7,0,0,0,0,0,0,0,53,88,11,8.0,0,2,3,3024,4,4,1
Graduation,Married,36781.0,1,0,16,29,1,17,0,3,13,1,2,1,2,8,0,0,0,0,0,0,1,42,63,6,10.5,1,1,3,2822,2,3,1
Master,Single,31385.0,1,0,56,3,2,12,0,1,9,1,1,0,2,8,1,0,0,0,0,0,1,37,27,4,6.75,0,1,2,3313,3,4,1
Graduation,Married,24570.0,1,0,97,28,34,62,11,14,44,3,4,0,4,9,0,0,0,0,0,0,0,37,193,11,17.545454545454547,1,1,3,3229,2,3,1
PhD,Divorced,25509.0,1,0,15,40,3,30,10,7,11,3,3,0,3,9,0,0,0,0,0,0,1,47,101,9,11.222222222222221,0,1,2,3391,4,2,1
Graduation,Married,94642.0,0,0,35,879,143,797,106,143,143,0,5,7,9,1,0,0,1,1,0,0,0,70,2211,21,105.28571428571429,1,0,2,2879,2,3,0
Master,Married,58646.0,0,1,3,62,1,44,6,5,22,1,2,1,4,4,0,0,0,0,0,0,0,59,140,8,17.5,1,1,3,3126,3,3,1
Graduation,Single,53201.0,1,1,49,280,7,81,20,0,27,8,6,3,5,7,0,0,0,0,0,0,0,46,415,22,18.863636363636363,0,2,3,3244,2,4,2
Graduation,Together,21994.0,0,1,4,9,0,6,3,1,3,1,0,0,3,5,0,0,0,0,0,0,0,64,22,4,5.5,1,1,3,3294,2,5,1
Graduation,Married,57113.0,1,1,45,182,4,33,0,2,42,6,4,1,5,7,0,0,0,0,0,0,0,43,263,16,16.4375,1,2,4,3250,2,3,1
Graduation,Married,51373.0,0,0,37,83,2,101,64,26,117,1,3,5,3,4,0,0,0,0,0,0,0,30,393,12,32.75,1,0,2,3114,2,3,1
Graduation,Married,23477.0,1,0,39,38,15,54,3,8,29,3,3,0,4,8,0,0,0,0,0,0,0,35,147,10,14.7,1,1,3,2993,2,3,1
Graduation,Married,58116.0,0,1,38,228,19,130,4,11,51,2,3,3,8,2,0,0,0,0,0,0,0,65,443,16,27.6875,1,1,3,2819,2,3,2
PhD,Divorced,72968.0,0,0,8,1092,37,592,145,37,55,1,5,5,8,3,0,0,0,1,0,0,1,58,1958,19,103.05263157894737,0,0,1,2937,4,2,0
Master,Married,39791.0,0,1,89,85,15,27,13,13,21,2,3,1,4,7,0,0,0,0,0,0,0,50,174,10,17.4,1,1,3,3200,3,3,1
Master,Single,91712.0,0,0,47,1276,24,746,94,29,48,0,9,7,11,3,0,0,1,0,0,0,1,74,2217,27,82.11111111111111,0,0,1,2997,3,4,0
Graduation,Single,94472.0,0,1,75,1017,33,417,108,100,16,1,5,5,5,5,0,1,1,0,0,0,0,63,1691,16,105.6875,0,1,2,2829,2,4,0
Graduation,Together,13672.0,1,1,86,6,2,9,2,1,5,2,1,0,3,8,0,0,0,0,0,0,0,61,25,6,4.166666666666667,1,2,4,3180,2,5,1
2n Cycle,Married,96547.0,0,0,4,448,21,125,52,101,62,0,7,6,8,2,1,0,1,1,0,0,1,41,809,21,38.523809523809526,1,0,2,2779,0,3,0
Graduation,Married,79205.0,0,0,73,504,23,117,179,28,44,1,6,5,4,4,0,0,0,1,0,0,1,46,895,16,55.9375,1,0,2,3411,2,3,0
PhD,Together,56559.0,0,1,46,226,22,133,41,31,31,3,4,3,8,4,0,0,0,0,0,0,0,46,484,18,26.88888888888889,1,1,3,3293,4,5,2
PhD,Married,32644.0,1,0,38,239,3,141,0,7,23,4,7,1,6,8,1,0,0,0,0,0,0,48,413,18,22.944444444444443,1,1,3,3271,4,3,2
2n Cycle,Single,67506.0,0,1,73,90,38,67,33,36,67,1,4,1,6,3,0,0,0,0,0,0,0,41,331,12,27.583333333333332,0,1,2,2920,0,4,1
Graduation,Single,24206.0,1,0,66,7,2,8,3,2,3,1,1,0,3,6,0,0,0,0,0,0,0,51,25,5,5.0,0,1,2,3220,2,4,1
PhD,Divorced,28420.0,1,0,36,4,2,5,2,0,0,1,1,0,2,6,0,0,0,0,0,0,0,54,13,4,3.25,0,1,2,2929,4,2,1
Graduation,Married,22979.0,1,0,29,16,17,19,20,21,22,3,3,2,2,8,0,0,0,0,0,0,1,51,115,10,11.5,1,1,3,3403,2,3,1
Graduation,Single,33279.0,0,0,29,10,3,3,0,0,0,1,0,0,3,3,0,0,0,0,0,0,0,55,16,4,4.0,0,0,1,2759,2,4,1
Master,Single,46423.0,1,1,6,68,0,16,0,0,8,3,2,0,4,7,0,0,0,0,0,0,0,49,92,9,10.222222222222221,0,2,3,3026,3,4,1
Graduation,Married,30368.0,0,1,97,35,0,13,2,0,2,2,2,0,3,8,0,0,0,0,0,0,0,44,52,7,7.428571428571429,1,1,3,2976,2,3,1
Graduation,Married,63684.0,0,1,61,575,80,428,208,93,80,3,8,4,8,5,0,0,0,0,0,0,0,51,1464,23,63.65217391304348,1,1,3,3322,2,3,0
Graduation,Divorced,41638.0,0,1,68,315,0,31,4,0,91,4,5,5,3,8,1,0,0,0,0,0,0,57,441,17,25.941176470588236,0,1,2,3243,2,2,2
PhD,Divorced,68805.0,0,1,73,182,2,49,17,13,20,1,3,1,7,2,0,0,0,0,0,0,0,62,283,12,23.583333333333332,0,1,2,3027,4,2,2
PhD,Together,65814.0,0,1,90,561,14,113,10,14,35,3,8,2,10,5,0,0,0,0,0,0,0,55,747,23,32.47826086956522,1,1,3,2861,4,5,2
Graduation,Divorced,71964.0,0,0,81,587,51,932,180,34,86,1,5,6,5,3,0,0,0,0,0,0,0,63,1870,17,110.0,0,0,1,3147,2,2,0
Graduation,Single,39146.0,1,0,1,94,1,33,13,12,12,3,4,0,4,8,0,0,0,0,0,0,0,35,165,11,15.0,0,1,2,3242,2,4,1
Graduation,Together,96876.0,0,0,79,908,43,735,40,194,21,1,7,7,9,2,0,1,1,1,0,0,1,44,1941,24,80.875,1,0,2,3069,2,5,0
Basic,Married,34445.0,0,0,92,228,122,122,208,129,30,6,11,2,8,9,0,0,0,0,0,0,0,40,839,27,31.074074074074073,1,0,2,3260,1,3,0
Graduation,Single,68281.0,0,0,31,995,112,417,42,48,41,1,2,9,13,5,0,0,0,0,0,0,1,63,1655,25,66.2,0,0,1,3433,2,4,0
2n Cycle,Married,37284.0,1,1,46,11,1,2,2,1,6,1,0,0,3,6,0,0,0,0,0,0,0,46,23,4,5.75,1,2,4,3199,0,3,1
Graduation,Married,36790.0,0,0,14,3,3,14,15,21,10,1,2,1,2,9,0,0,0,0,0,0,1,38,66,6,11.0,1,0,2,3227,2,3,1
Graduation,Together,27943.0,1,1,89,12,1,16,4,1,3,3,2,0,3,8,0,0,0,0,0,0,0,54,37,8,4.625,1,2,4,3182,2,5,1
Graduation,Divorced,22263.0,1,1,31,17,0,2,0,0,2,2,1,0,3,6,0,0,0,0,0,1,0,70,21,6,3.5,0,2,3,2833,2,2,1
Graduation,Together,30261.0,1,2,75,8,0,5,0,3,6,1,0,0,3,8,0,0,0,0,0,0,0,49,22,4,5.5,1,3,5,3384,2,5,1
Graduation,Together,28587.0,1,0,42,22,4,17,12,10,13,3,2,0,4,6,0,0,0,0,0,0,0,43,78,9,8.666666666666666,1,1,3,2879,2,5,1
Master,Married,43815.0,1,0,53,14,10,29,4,7,15,1,2,0,3,6,0,0,0,0,0,0,0,39,79,6,13.166666666666666,1,1,3,3192,3,3,1
Graduation,Married,48195.0,1,1,53,106,27,68,52,7,5,6,4,2,5,6,0,0,0,0,0,0,0,65,265,17,15.588235294117647,1,2,4,2901,2,3,1
Master,Married,77027.0,0,1,23,820,57,242,45,0,11,2,8,3,6,4,0,0,0,0,0,0,0,69,1175,19,61.8421052631579,1,1,3,2886,3,3,2
PhD,Married,71322.0,0,1,57,753,43,226,69,10,204,2,8,5,13,4,0,0,0,0,0,0,0,56,1305,28,46.607142857142854,1,1,3,3240,4,3,2
Master,Married,32765.0,1,0,49,13,3,17,7,3,3,2,2,0,4,5,0,0,0,0,0,0,0,42,46,8,5.75,1,1,3,2868,3,3,1
Graduation,Together,29672.0,1,1,6,9,1,3,0,4,8,1,0,0,3,6,0,0,0,0,0,0,0,56,25,4,6.25,1,2,4,3216,2,5,1
Graduation,Divorced,23272.0,0,0,29,19,3,6,4,2,12,1,1,0,3,4,0,0,0,0,0,0,0,68,46,5,9.2,0,0,1,2997,2,2,1
Master,Together,49912.0,0,1,5,520,8,223,32,49,42,4,10,5,7,8,1,0,0,0,0,0,1,72,874,26,33.61538461538461,1,1,3,3402,3,5,2
2n Cycle,Together,7500.0,1,0,98,5,17,17,13,14,34,4,2,1,3,9,0,0,0,0,0,0,0,36,100,10,10.0,1,1,3,3439,0,5,1
PhD,Widow,68117.0,0,1,80,618,44,215,0,17,36,2,11,8,4,6,1,0,0,0,0,0,1,74,930,25,37.2,0,1,2,3218,4,6,2
Graduation,Married,67225.0,0,1,4,315,35,322,46,7,143,3,7,2,11,5,0,0,0,0,0,0,0,66,868,23,37.73913043478261,1,1,3,2957,2,3,2
Graduation,Married,17649.0,1,0,70,15,1,23,0,5,1,3,3,0,3,8,0,0,0,0,0,0,0,45,45,9,5.0,1,1,3,2971,2,3,1
Graduation,Together,55914.0,0,1,32,384,60,364,119,101,232,4,11,6,8,7,0,0,0,0,0,0,0,46,1260,29,43.44827586206897,1,1,3,3168,2,5,2
Graduation,Married,40059.0,1,0,82,110,29,92,28,10,145,1,6,2,3,8,1,0,0,0,0,0,0,37,414,12,34.5,1,1,3,3016,2,3,1
Graduation,Together,60905.0,0,1,27,208,17,76,36,17,38,2,3,3,7,2,0,0,0,0,0,0,0,71,392,15,26.133333333333333,1,1,3,2948,2,5,2
Graduation,Married,75330.0,1,1,94,555,82,257,93,61,61,4,10,3,12,6,0,0,0,0,0,0,0,44,1109,29,38.241379310344826,1,2,4,3375,2,3,2
Graduation,Single,60689.0,0,1,23,240,90,216,63,6,24,4,4,4,10,3,0,0,0,0,0,0,0,70,639,22,29.045454545454547,0,1,2,3135,2,4,2
Graduation,Married,38680.0,1,0,97,11,0,36,15,5,12,1,2,0,3,7,0,0,0,0,0,0,0,37,79,6,13.166666666666666,1,1,3,3200,2,3,1
Graduation,Together,61416.0,0,0,25,848,154,323,201,61,78,1,10,3,10,6,1,0,0,0,0,0,0,39,1665,24,69.375,1,0,2,3248,2,5,0
Graduation,Single,49767.0,0,0,92,202,47,197,55,42,149,1,5,4,8,4,0,0,0,0,0,0,0,30,692,18,38.44444444444444,0,0,1,3165,2,4,0
Graduation,Single,83273.0,1,2,98,433,89,650,16,102,102,10,4,6,9,7,0,0,0,0,0,0,0,51,1392,29,48.0,0,3,4,3384,2,4,2
Graduation,Married,29009.0,1,0,19,6,6,15,10,5,2,2,2,0,3,6,0,0,0,0,0,0,0,40,44,7,6.285714285714286,1,1,3,2954,2,3,1
Master,Married,45057.0,1,0,80,37,0,7,3,0,3,1,2,0,3,5,0,0,0,0,0,0,0,42,50,6,8.333333333333334,1,1,3,2952,3,3,1
Graduation,Married,37150.0,1,0,80,167,37,64,49,34,116,8,4,3,6,7,0,0,0,0,0,0,0,50,467,21,22.238095238095237,1,1,3,3398,2,3,2
Graduation,Single,43020.0,1,0,79,45,7,99,4,25,43,3,4,1,4,6,0,0,0,0,0,0,0,51,223,12,18.583333333333332,0,1,2,2953,2,4,1
Graduation,Married,53154.0,0,1,50,129,0,21,0,1,7,1,3,1,4,4,0,0,0,0,0,0,0,62,158,9,17.555555555555557,1,1,3,2762,2,3,1
Graduation,Married,65308.0,0,0,60,713,0,264,120,80,34,1,7,8,12,4,0,0,1,1,0,0,0,48,1211,28,43.25,1,0,2,3033,2,3,0
Graduation,Single,76467.0,1,0,44,676,161,426,210,44,58,2,2,5,5,6,0,0,0,0,0,0,1,51,1575,14,112.5,0,1,2,3423,2,4,0
2n Cycle,Married,81044.0,0,0,0,450,26,535,73,98,26,1,5,6,10,1,0,0,0,0,0,0,0,74,1208,22,54.90909090909091,1,0,2,2926,0,3,0
Graduation,Married,32871.0,1,1,28,22,2,12,0,2,5,1,1,0,3,4,0,0,0,0,0,0,0,70,43,5,8.6,1,2,4,3219,2,3,1
Graduation,Single,55801.0,1,1,35,367,4,51,6,4,95,6,7,2,6,7,0,0,0,1,0,0,0,46,527,21,25.095238095238095,0,2,3,3022,2,4,2
Graduation,Widow,76320.0,0,1,49,526,35,214,69,53,35,2,6,3,4,2,0,0,0,0,0,0,0,62,932,15,62.13333333333333,0,1,2,2749,2,6,0
Master,Single,36927.0,1,1,46,51,0,16,0,0,4,2,3,0,3,8,0,0,0,0,0,0,0,66,71,8,8.875,0,2,3,2769,3,4,1
Graduation,Together,48794.0,1,1,97,25,0,11,3,0,15,1,1,0,3,4,0,0,0,0,0,0,0,68,54,5,10.8,1,2,4,2745,2,5,1
Graduation,Single,23478.0,0,0,51,28,6,27,12,17,39,1,3,0,3,8,0,0,0,0,0,0,0,56,129,7,18.428571428571427,0,0,1,3209,2,4,1
Graduation,Divorced,71128.0,1,0,80,958,159,447,20,0,31,3,2,10,12,7,0,0,0,0,0,0,0,48,1615,27,59.81481481481482,0,1,2,3373,2,2,0
PhD,Divorced,70179.0,0,1,10,532,88,168,69,44,133,3,7,3,13,5,0,0,0,0,0,0,0,45,1034,26,39.76923076923077,0,1,2,3085,4,2,2
Graduation,Married,59462.0,0,1,29,724,17,143,0,8,196,2,9,2,12,7,0,0,0,0,0,0,0,71,1088,25,43.52,1,1,3,3282,2,3,2
Graduation,Together,38361.0,1,0,74,39,0,56,20,8,14,3,3,1,3,7,0,0,0,0,0,0,0,52,137,10,13.7,1,1,3,2926,2,5,1
PhD,Together,70038.0,0,0,54,587,54,348,71,54,130,1,4,4,8,2,0,0,0,0,0,0,0,39,1244,17,73.17647058823529,1,0,2,2989,4,5,0
Graduation,Together,42554.0,1,1,93,29,1,11,0,0,0,2,2,0,3,4,0,0,0,0,0,0,0,43,41,7,5.857142857142857,1,2,4,3275,2,5,1
Graduation,Married,67445.0,0,1,63,757,80,217,29,80,11,5,9,6,12,6,0,0,0,0,0,0,0,47,1174,32,36.6875,1,1,3,3428,2,3,2
Graduation,Widow,67046.0,0,1,92,544,35,133,23,151,107,2,4,5,4,2,0,0,0,0,0,0,0,70,993,15,66.2,0,1,2,3281,2,6,0
Graduation,Married,42192.0,0,0,40,40,15,15,17,6,7,1,2,1,3,4,0,0,0,0,0,0,0,73,100,7,14.285714285714286,1,0,2,3038,2,3,1
PhD,Married,77610.0,0,1,70,1245,33,332,21,33,16,2,4,7,4,7,0,0,0,0,0,0,0,69,1680,17,98.82352941176471,1,1,3,3350,4,3,2
Graduation,Married,31761.0,1,0,96,19,1,20,16,14,28,2,3,0,4,5,0,0,0,0,0,0,0,37,98,9,10.88888888888889,1,1,3,2827,2,3,1
Graduation,Together,34350.0,1,0,81,16,3,15,2,1,11,1,1,0,3,7,0,0,0,0,0,0,0,42,48,5,9.6,1,1,3,2995,2,5,1
Graduation,Together,54591.0,0,1,63,376,4,94,12,9,24,3,6,2,8,5,0,0,0,0,0,0,0,72,519,19,27.31578947368421,1,1,3,3070,2,5,2
Graduation,Married,71866.0,0,1,85,184,178,178,103,39,33,1,6,3,10,3,0,0,0,0,0,0,0,65,715,20,35.75,1,1,3,2928,2,3,0
Graduation,Married,25293.0,1,0,51,15,0,11,0,2,9,1,1,1,2,8,0,0,0,0,0,0,0,52,37,5,7.4,1,1,3,3029,2,3,1
PhD,Single,42000.0,0,0,23,124,83,267,85,59,35,2,5,2,11,5,0,0,0,0,0,0,1,34,653,20,32.65,0,0,1,3277,4,4,0
Graduation,Married,69520.0,0,0,95,627,120,414,121,80,93,1,9,6,5,5,0,0,0,0,0,0,0,38,1455,21,69.28571428571429,1,0,2,3099,2,3,0
Graduation,Divorced,64713.0,1,0,11,180,60,241,13,54,54,2,5,5,7,4,0,0,0,0,0,0,1,51,602,19,31.68421052631579,0,1,2,2884,2,2,2
Master,Married,27889.0,1,0,42,14,0,4,0,0,8,1,1,1,2,6,0,0,0,0,0,0,0,44,26,5,5.2,1,1,3,3101,3,3,1
Basic,Widow,22123.0,0,0,77,3,3,24,34,7,31,1,2,1,3,5,0,0,0,0,0,0,0,61,102,7,14.571428571428571,0,0,1,2836,1,6,1
Graduation,Married,27803.0,1,0,40,8,26,46,38,9,49,2,3,0,4,8,0,0,0,0,0,0,0,48,176,9,19.555555555555557,1,1,3,3414,2,3,1
Graduation,Married,51651.0,0,1,32,293,6,23,13,6,92,4,6,2,5,8,0,0,0,0,0,0,0,61,433,17,25.470588235294116,1,1,3,3341,2,3,2
Graduation,Married,68487.0,0,0,48,758,12,385,33,89,89,1,9,7,13,4,0,0,0,0,0,0,0,33,1366,30,45.53333333333333,1,0,2,3274,2,3,0
Graduation,Married,56796.0,0,1,24,656,38,161,62,47,37,3,8,9,7,7,0,0,0,0,0,0,0,52,1001,27,37.074074074074076,1,1,3,3240,2,3,2
2n Cycle,Married,87000.0,0,0,61,196,25,607,67,17,49,1,4,6,7,2,0,0,0,0,0,0,0,29,961,18,53.388888888888886,1,0,2,3303,0,3,0
Graduation,Married,79823.0,0,1,6,835,73,380,114,73,43,1,6,9,7,2,0,1,0,0,0,0,0,62,1518,23,66.0,1,1,3,2832,2,3,0
Graduation,Single,30828.0,1,0,16,16,11,15,2,0,12,2,1,1,4,3,0,0,0,0,0,0,0,41,56,8,7.0,0,1,2,3010,2,4,1
Master,Married,34109.0,0,1,39,9,1,5,2,1,4,1,0,0,3,4,0,0,0,0,0,0,0,50,22,4,5.5,1,1,3,2977,3,3,1
Master,Divorced,53367.0,1,1,2,229,7,140,10,3,11,7,5,1,8,7,0,0,0,0,0,0,1,47,400,21,19.047619047619047,0,2,3,3044,3,2,2
Basic,Together,22390.0,0,0,49,0,1,4,15,1,5,1,1,0,2,7,0,0,0,0,0,0,0,52,26,4,6.5,1,0,2,2993,1,5,1
Graduation,Together,71322.0,0,1,31,121,24,124,24,15,42,1,4,1,7,2,0,0,0,0,0,0,0,45,350,13,26.923076923076923,1,1,3,2800,2,5,2
Graduation,Absurd,79244.0,0,0,58,471,102,125,212,61,245,1,4,10,7,1,0,0,1,1,0,0,1,28,1216,22,55.27272727272727,0,0,1,3299,2,0,0
Master,Together,49912.0,0,1,5,520,8,223,32,49,42,4,10,5,7,8,1,0,0,0,0,0,1,72,874,26,33.61538461538461,1,1,3,3402,3,5,2
PhD,Married,48699.0,1,1,90,26,1,10,2,0,1,1,1,0,3,5,0,0,0,0,0,0,0,71,40,5,8.0,1,2,4,3146,4,3,1
Graduation,Together,80144.0,0,0,47,240,132,445,250,192,108,1,3,7,8,1,0,0,0,0,0,0,0,46,1367,19,71.94736842105263,1,0,2,3014,2,5,0
Graduation,Single,54252.0,1,1,25,178,4,26,8,4,44,5,4,1,5,6,0,0,0,0,0,0,0,65,264,15,17.6,0,2,3,3139,2,4,1
Master,Married,81929.0,1,0,60,1486,55,278,49,0,185,2,4,4,10,6,1,0,1,0,0,0,1,45,2053,20,102.65,1,1,3,3380,3,3,0
Graduation,Married,76068.0,0,1,67,1115,12,128,33,12,76,1,2,3,4,6,0,1,0,0,1,0,0,46,1376,10,137.6,1,1,3,3319,2,3,2
Master,Married,53204.0,1,1,40,29,0,8,2,0,6,1,1,0,3,4,0,0,0,0,0,0,0,45,45,5,9.0,1,2,4,2843,3,3,1
PhD,Together,67911.0,0,1,63,529,0,356,63,28,0,3,6,7,11,3,0,0,0,0,0,0,0,72,976,27,36.148148148148145,1,1,3,2780,4,5,2
2n Cycle,Married,14796.0,1,0,1,13,3,8,7,4,16,2,1,0,3,9,0,0,0,0,0,0,1,37,51,6,8.5,1,1,3,3392,0,3,1
PhD,Married,78128.0,0,1,89,934,24,230,16,24,36,2,8,4,6,3,0,1,1,0,0,0,0,47,1264,20,63.2,1,1,3,2872,4,3,2
Basic,Married,14188.0,0,0,40,2,7,11,16,12,27,1,2,0,4,6,0,0,0,0,0,0,0,49,75,7,10.714285714285714,1,0,2,3228,1,3,1
Basic,Married,20425.0,1,0,5,4,12,5,3,16,17,2,2,0,3,7,0,0,0,0,0,0,0,35,57,7,8.142857142857142,1,1,3,3350,1,3,1
Master,Married,58646.0,0,1,3,62,1,44,6,5,22,1,2,1,4,4,0,0,0,0,0,0,0,59,140,8,17.5,1,1,3,3126,3,3,1
Graduation,Divorced,72967.0,0,1,1,158,35,179,0,0,125,2,7,2,8,5,1,0,0,0,0,0,1,51,497,19,26.157894736842106,0,1,2,3303,2,2,2
Master,Married,48150.0,0,1,24,173,2,39,3,2,47,3,5,1,4,7,0,0,0,0,0,0,0,72,266,13,20.46153846153846,1,1,3,3128,3,3,2
Graduation,Single,82332.0,0,0,89,830,59,968,51,79,19,1,5,3,12,2,0,0,1,0,0,0,1,60,2006,21,95.52380952380952,0,0,1,3392,2,4,0
Graduation,Widow,58275.0,1,1,48,189,10,253,56,43,64,6,8,2,7,7,0,0,0,0,0,0,0,66,615,23,26.73913043478261,0,2,3,3134,2,6,2
PhD,Together,44953.0,0,0,31,728,17,133,11,8,124,1,7,3,13,6,1,0,0,0,0,0,0,40,1021,24,42.541666666666664,1,0,2,3297,4,5,2
Graduation,Together,34587.0,1,1,68,7,2,9,2,0,2,2,1,0,3,4,0,0,0,0,0,0,0,68,22,6,3.6666666666666665,1,2,4,2786,2,5,1
Master,Together,43018.0,0,1,46,35,4,17,7,6,64,1,2,2,2,5,0,0,0,0,0,0,0,47,133,7,19.0,1,1,3,2982,3,5,1
Master,Married,45736.0,0,1,92,188,3,180,20,3,43,5,7,1,6,7,0,0,0,0,0,0,0,67,437,19,23.0,1,1,3,3082,3,3,2
Master,Together,66476.0,0,1,80,742,28,152,25,9,57,2,6,8,10,4,0,0,0,0,0,0,0,52,1013,26,38.96153846153846,1,1,3,2949,3,5,2
2n Cycle,Married,27733.0,1,0,16,0,7,5,26,2,17,2,2,0,3,7,0,0,0,0,0,0,0,40,57,7,8.142857142857142,1,1,3,3049,0,3,1
PhD,Together,69805.0,0,1,50,750,71,174,13,10,20,2,6,8,11,2,0,0,0,0,0,0,0,69,1038,27,38.44444444444444,1,1,3,2901,4,5,2
Master,Single,72217.0,0,0,93,816,42,450,55,56,154,1,3,10,8,2,0,0,0,0,0,0,0,59,1573,22,71.5,0,0,1,3187,3,4,0
Graduation,Divorced,25818.0,1,0,51,5,2,8,2,2,9,1,0,1,2,7,0,0,0,0,0,0,0,50,28,4,7.0,0,1,2,3361,2,2,1
Master,Together,37509.0,1,0,24,37,5,56,12,8,5,2,3,0,4,7,0,0,0,0,0,0,0,45,123,9,13.666666666666666,1,1,3,3397,3,5,1
2n Cycle,Together,25176.0,1,1,79,4,0,4,0,0,5,1,1,0,2,7,0,0,0,0,0,0,0,45,13,4,3.25,1,2,4,3065,0,5,1
Graduation,Married,43586.0,0,1,26,99,2,11,4,0,16,3,3,0,4,8,0,0,0,0,0,0,0,41,132,10,13.2,1,1,3,3410,2,3,1
2n Cycle,Married,53230.0,0,1,86,176,72,98,136,21,229,4,5,2,12,5,0,0,0,0,0,0,0,65,732,23,31.82608695652174,1,1,3,3437,0,3,2
Graduation,Together,50116.0,1,1,68,54,0,10,0,0,2,2,1,0,4,5,0,1,0,0,0,0,0,64,66,7,9.428571428571429,1,2,4,2751,2,5,1
Graduation,Together,84906.0,0,0,98,997,15,414,99,30,76,1,5,6,12,2,0,1,1,0,1,0,0,49,1631,24,67.95833333333333,1,0,2,3010,2,5,0
Graduation,Married,61286.0,0,1,34,356,0,107,19,9,117,2,7,1,8,5,0,0,0,0,0,0,0,55,608,18,33.77777777777778,1,1,3,3073,2,3,2
PhD,Married,82333.0,0,0,60,1311,0,359,46,89,17,1,4,3,10,2,0,0,1,0,0,0,1,35,1822,18,101.22222222222223,1,0,2,3198,4,3,0
PhD,Together,65220.0,0,0,3,890,63,292,0,25,12,4,8,4,7,6,0,0,0,0,0,0,1,56,1282,23,55.73913043478261,1,0,2,3406,4,5,2
Graduation,Together,33590.0,2,1,65,4,0,2,0,0,2,1,1,0,2,7,0,0,0,0,0,0,0,47,8,4,2.0,1,3,5,2980,2,5,1
Graduation,Divorced,30992.0,1,0,83,17,0,14,7,3,2,1,1,0,3,7,0,0,0,0,0,0,0,45,43,5,8.6,0,1,2,3175,2,2,1
Master,Single,72309.0,0,0,64,960,0,883,50,38,0,1,5,6,8,3,0,0,0,1,0,0,1,45,1931,20,96.55,0,0,1,3217,3,4,0
Basic,Married,16005.0,1,0,69,1,3,2,20,30,47,3,2,1,2,8,0,0,0,0,0,0,0,41,103,8,12.875,1,1,3,3426,1,3,1
Master,Absurd,65487.0,0,0,48,240,67,500,199,0,163,3,3,5,6,2,0,0,0,0,0,0,0,64,1169,17,68.76470588235294,0,0,1,2912,3,0,0
Graduation,Married,58692.0,0,1,21,301,11,61,4,7,11,1,8,2,4,7,0,0,0,0,0,0,0,56,395,15,26.333333333333332,1,1,3,2826,2,3,2
Graduation,Widow,40590.0,1,1,30,154,0,50,6,11,37,5,3,4,3,6,1,0,0,0,0,0,0,52,258,15,17.2,0,2,3,3012,2,6,1
Graduation,Single,20587.0,1,0,39,2,3,6,4,1,9,1,1,1,2,7,0,0,0,0,0,0,0,51,25,5,5.0,0,1,2,2791,2,4,1
Master,Divorced,62637.0,0,1,76,104,12,48,4,12,5,1,2,2,5,2,0,0,0,0,0,0,0,67,185,10,18.5,0,1,2,2862,3,2,1
Master,Divorced,29435.0,1,1,11,70,3,37,4,2,64,4,3,2,2,9,0,0,0,0,0,0,1,55,180,11,16.363636363636363,0,2,3,3434,3,2,1
Graduation,Divorced,19346.0,1,0,26,2,0,9,3,6,2,1,1,0,3,8,0,0,0,0,0,0,0,47,22,5,4.4,0,1,2,2892,2,2,1
Graduation,Married,35788.0,1,1,34,23,2,11,3,1,4,2,2,0,3,6,0,0,0,0,0,0,0,50,44,7,6.285714285714286,1,2,4,2899,2,3,1
Graduation,Divorced,36997.0,1,1,72,43,4,12,8,0,27,5,2,1,4,5,0,0,0,0,0,0,0,53,94,12,7.833333333333333,0,2,3,3255,2,2,1
Graduation,Married,23539.0,0,0,13,4,24,11,16,1,25,1,2,0,4,6,0,0,0,0,0,0,0,64,81,7,11.571428571428571,1,0,2,2863,2,3,1
Graduation,Single,65333.0,0,1,58,654,7,92,0,15,30,7,9,4,8,6,0,1,1,0,0,0,0,48,798,28,28.5,0,1,2,2905,2,4,2
Graduation,Single,78499.0,0,0,12,912,72,170,47,36,97,1,11,3,4,4,0,0,1,0,0,0,1,64,1334,19,70.21052631578948,0,0,1,2960,2,4,0
PhD,Together,29732.0,1,0,23,25,0,8,0,1,4,1,2,0,2,9,0,0,0,0,0,0,0,50,38,5,7.6,1,1,3,2838,4,5,1
Master,Together,41275.0,1,2,33,24,4,22,0,2,9,4,3,1,3,5,0,0,0,0,0,0,0,61,61,11,5.545454545454546,1,3,5,2839,3,5,1
PhD,Together,63516.0,1,1,30,141,11,114,15,14,5,4,4,1,7,5,0,0,0,0,0,0,0,48,300,16,18.75,1,2,4,3100,4,5,2
PhD,Married,42769.0,0,1,15,71,0,13,3,1,0,2,1,1,4,4,0,0,0,0,0,0,0,59,88,8,11.0,1,1,3,3002,4,3,1
Master,Married,49572.0,1,1,25,35,1,16,0,1,1,2,2,0,3,7,0,0,0,0,0,0,0,63,54,7,7.714285714285714,1,2,4,2938,3,3,1
Graduation,Married,69209.0,0,0,4,496,32,849,229,48,128,2,5,3,6,4,0,0,0,1,0,0,0,49,1782,16,111.375,1,0,2,3392,2,3,0
Graduation,Married,17148.0,1,0,80,9,9,11,13,10,16,4,3,1,3,8,0,0,0,0,0,0,0,45,68,11,6.181818181818182,1,1,3,2894,2,3,1
Graduation,Widow,40590.0,1,1,30,154,0,50,6,11,37,5,3,4,3,6,1,0,0,0,0,0,0,52,258,15,17.2,0,2,3,3012,2,6,1
Master,Together,30560.0,1,0,6,9,1,5,4,5,7,1,1,0,3,7,0,0,0,0,0,0,0,45,31,5,6.2,1,1,3,3109,3,5,1
2n Cycle,Married,32146.0,1,0,16,26,3,23,4,7,3,2,2,0,4,6,0,0,0,0,0,0,0,38,66,8,8.25,1,1,3,2790,0,3,1
2n Cycle,Divorced,41713.0,1,1,57,77,8,44,10,10,25,5,3,1,4,6,0,0,0,0,0,0,0,57,174,13,13.384615384615385,0,2,3,2803,0,2,1
Master,Together,34176.0,0,1,9,11,2,7,4,2,2,1,1,0,3,3,0,0,0,0,0,0,0,46,28,5,5.6,1,1,3,2900,3,5,1
PhD,Married,58482.0,0,1,59,576,7,115,19,7,7,2,7,4,9,6,0,1,0,0,0,0,0,66,731,22,33.22727272727273,1,1,3,2851,4,3,2
Graduation,Single,59686.0,0,1,78,89,15,89,34,42,5,1,4,1,6,4,0,0,0,0,0,0,0,56,274,12,22.833333333333332,0,1,2,2897,2,4,1
PhD,Married,60896.0,0,1,90,1013,30,399,60,46,153,3,9,10,4,6,0,0,0,0,0,0,1,57,1701,26,65.42307692307692,1,1,3,3368,4,3,2
Graduation,Together,62994.0,1,0,74,224,12,48,4,12,12,1,6,2,4,6,0,0,0,0,0,0,0,41,312,13,24.0,1,1,3,2859,2,5,1
Graduation,Together,47320.0,0,1,10,200,19,111,50,15,19,6,5,1,8,6,0,0,0,0,0,0,0,64,414,20,20.7,1,1,3,3074,2,5,2
2n Cycle,Widow,74859.0,0,0,63,570,73,614,133,102,73,1,6,5,11,3,0,0,0,1,0,0,0,72,1565,23,68.04347826086956,0,0,1,3133,0,6,0
Basic,Single,15253.0,1,0,13,1,3,3,8,1,13,2,1,0,3,7,0,0,0,0,0,0,0,29,29,6,4.833333333333333,0,1,2,2986,1,4,1
PhD,Single,31560.0,1,0,98,62,1,20,4,0,7,2,2,1,3,8,0,0,0,0,0,0,0,47,94,8,11.75,0,1,2,3112,4,4,1
Graduation,Divorced,72071.0,0,1,4,531,69,300,150,138,150,3,5,4,8,2,0,0,0,0,0,0,0,67,1338,20,66.9,0,1,2,3242,2,2,0
Master,Single,91172.0,0,0,94,162,28,818,0,28,56,0,4,3,7,3,1,0,1,1,1,0,1,31,1092,14,78.0,0,0,1,3201,3,4,0
Graduation,Married,90000.0,0,0,91,675,144,133,94,192,241,1,4,8,5,1,1,0,1,1,0,0,0,37,1479,18,82.16666666666667,1,0,2,2930,2,3,0
Graduation,Single,41967.0,1,1,66,23,4,10,0,2,15,1,1,0,3,4,0,0,0,0,0,0,0,40,54,5,10.8,0,2,3,2960,2,4,1
Graduation,Single,69263.0,0,1,14,492,5,32,13,5,21,1,9,1,7,6,0,1,0,0,0,0,0,56,568,18,31.555555555555557,0,1,2,2858,2,4,2
2n Cycle,Divorced,65706.0,0,0,77,918,10,129,13,0,129,1,11,3,12,7,0,1,1,0,1,0,1,51,1199,27,44.407407407407405,0,0,1,3108,0,2,0
Graduation,Together,60934.0,0,1,41,224,155,155,192,93,54,2,6,4,11,4,0,0,0,0,0,0,0,46,873,23,37.95652173913044,1,1,3,2905,2,5,0
Graduation,Married,71965.0,0,1,21,572,19,286,50,38,248,3,6,3,5,3,0,0,0,0,0,0,0,70,1213,17,71.3529411764706,1,1,3,3077,2,3,2
Graduation,Married,65210.0,0,1,25,626,0,70,0,7,28,2,9,3,8,6,0,1,0,1,0,0,0,66,731,22,33.22727272727273,1,1,3,2853,2,3,2
PhD,Married,79174.0,0,0,2,1074,37,518,193,92,129,1,5,6,7,2,0,0,1,1,0,0,1,46,2043,19,107.52631578947368,1,0,2,3276,4,3,0
Master,Divorced,81380.0,0,0,51,741,68,689,224,68,103,1,4,2,10,2,0,0,0,0,0,0,0,54,1893,17,111.3529411764706,0,0,1,3296,3,2,0
PhD,YOLO,48432.0,0,1,3,322,3,50,4,3,42,5,7,1,6,8,0,0,0,0,0,0,0,48,424,19,22.31578947368421,0,1,2,3361,4,7,2
Graduation,Married,52914.0,0,1,32,254,10,44,30,10,227,2,7,3,3,7,1,0,0,0,0,0,0,50,575,15,38.333333333333336,1,1,3,3280,2,3,2
Graduation,Together,38946.0,0,1,84,116,6,82,6,6,41,2,3,1,6,5,0,0,0,0,0,0,0,66,257,12,21.416666666666668,1,1,3,2990,2,5,1
Graduation,Married,26067.0,1,0,49,22,2,18,0,2,12,3,3,0,3,8,0,0,0,0,0,0,0,47,56,9,6.222222222222222,1,1,3,2979,2,3,1
PhD,Married,44325.0,0,1,69,516,0,21,0,0,5,4,8,2,7,8,0,1,0,0,0,0,0,49,542,21,25.80952380952381,1,1,3,3221,4,3,2
Graduation,Married,42523.0,0,0,96,14,36,11,3,26,35,1,1,1,4,2,0,0,0,0,0,0,0,57,125,7,17.857142857142858,1,0,2,2809,2,3,1
Basic,Single,26487.0,1,0,23,2,8,10,12,14,23,3,2,1,3,5,0,0,0,0,0,0,0,43,69,9,7.666666666666667,0,1,2,3147,1,4,1
2n Cycle,Married,53233.0,0,1,18,28,0,9,3,0,0,1,1,0,3,4,0,0,0,0,0,0,0,64,40,5,8.0,1,1,3,2845,0,3,1
Graduation,Married,67716.0,0,1,8,530,142,217,62,9,56,4,7,4,13,5,0,1,0,0,0,0,0,61,1016,28,36.285714285714285,1,1,3,3277,2,3,2
Master,Married,76234.0,0,1,21,519,50,167,130,0,41,1,8,3,11,3,0,1,0,0,0,0,0,49,907,23,39.43478260869565,1,1,3,2885,3,3,2
PhD,Married,84117.0,0,0,60,611,76,749,59,45,26,1,7,10,6,2,0,0,1,0,0,0,0,65,1566,24,65.25,1,0,2,2791,4,3,0
Master,Together,65487.0,0,0,48,240,67,500,199,0,163,3,3,5,6,2,0,0,0,0,0,0,0,64,1169,17,68.76470588235294,1,0,2,2912,3,5,0
Basic,Married,25224.0,1,0,36,4,9,12,11,2,8,2,1,1,3,3,0,0,0,0,0,0,0,49,46,7,6.571428571428571,1,1,3,2847,1,3,1
Master,Single,89616.0,0,0,36,671,47,655,145,111,15,1,7,5,12,2,0,0,0,0,0,0,1,38,1644,25,65.76,0,0,1,3231,3,4,0
Graduation,Divorced,40851.0,1,1,63,23,1,7,0,4,24,1,1,1,2,7,0,0,0,0,0,0,0,50,59,5,11.8,0,2,3,3235,2,2,1
Graduation,Married,27469.0,0,0,2,9,1,2,3,2,0,1,0,0,3,6,0,0,0,0,0,0,0,74,17,4,4.25,1,0,2,3438,2,3,1
2n Cycle,Married,82347.0,0,0,38,556,54,845,202,133,63,1,7,7,10,3,1,0,0,1,0,0,1,64,1853,25,74.12,1,0,2,3342,0,3,0
Graduation,Married,73803.0,0,1,61,833,80,363,52,26,174,2,9,5,6,6,1,0,0,0,0,0,1,64,1528,22,69.45454545454545,1,1,3,3439,2,3,2
Master,Single,8820.0,1,1,52,12,0,13,4,2,4,4,3,0,3,8,0,0,0,0,0,0,0,69,35,10,3.5,0,2,3,3206,3,4,1
Graduation,Single,43322.0,0,0,25,56,7,48,10,2,18,1,3,0,4,7,0,0,0,0,0,0,0,47,141,8,17.625,0,0,1,2811,2,4,1
Graduation,Together,55593.0,0,1,63,293,8,124,11,4,106,2,6,6,3,6,1,0,0,0,0,0,0,48,546,17,32.11764705882353,1,1,3,3054,2,5,2
Graduation,Married,50501.0,1,1,10,297,0,38,13,0,152,7,5,4,4,6,1,0,0,0,0,0,1,67,500,20,25.0,1,2,4,3118,2,3,2
Graduation,Married,37085.0,1,1,65,39,1,16,2,0,3,4,3,0,3,8,0,0,0,0,0,0,0,46,61,10,6.1,1,2,4,2745,2,3,1
Basic,Single,16185.0,1,0,71,5,11,16,21,8,45,2,2,2,2,8,0,0,0,0,0,0,0,31,106,8,13.25,0,1,2,3070,1,4,1
Graduation,Single,57731.0,0,1,0,266,21,300,65,8,44,4,8,8,6,6,0,0,0,0,0,0,0,52,704,26,27.076923076923077,0,1,2,3325,2,4,2
PhD,YOLO,48432.0,0,1,3,322,3,50,4,3,42,5,7,1,6,8,0,0,0,0,0,0,1,48,424,19,22.31578947368421,0,1,2,3361,4,7,2
Graduation,Married,73807.0,0,1,88,366,124,156,71,78,54,2,5,5,11,2,0,0,0,0,0,0,0,43,849,23,36.91304347826087,1,1,3,3285,2,3,0
Graduation,Married,18929.0,0,0,15,32,0,8,23,4,18,1,1,0,4,6,0,0,0,0,0,0,0,31,85,6,14.166666666666666,1,0,2,3240,2,3,1
Graduation,Single,35893.0,1,1,80,158,0,23,0,0,18,6,3,1,5,8,0,0,0,0,0,0,0,53,199,15,13.266666666666667,0,2,3,3364,2,4,1
Graduation,Married,61014.0,0,1,17,269,129,495,182,43,29,4,9,3,4,7,0,0,0,0,0,0,0,41,1147,20,57.35,1,1,3,3429,2,3,2
Graduation,Together,32144.0,1,1,76,41,0,10,0,0,3,4,2,1,3,7,0,1,0,0,0,0,0,67,54,10,5.4,1,2,4,2840,2,5,1
Basic,Together,14918.0,0,1,52,3,3,3,15,4,15,1,1,0,3,6,0,0,0,0,0,0,0,58,43,5,8.6,1,1,3,3311,1,5,1
Graduation,Divorced,45146.0,1,1,28,33,0,5,0,0,15,2,1,1,2,4,0,0,0,0,0,0,0,58,53,6,8.833333333333334,0,2,3,3091,2,2,1
2n Cycle,Divorced,41769.0,0,1,31,302,29,131,32,0,27,6,8,1,7,8,0,0,0,0,0,0,0,66,521,22,23.681818181818183,0,1,2,3243,0,2,2
Graduation,Together,88325.0,0,0,42,519,71,860,93,27,53,1,6,2,9,2,0,0,0,0,0,0,0,40,1623,18,90.16666666666667,1,0,2,2886,2,5,0
Master,Divorced,38054.0,1,1,24,23,2,17,2,1,0,2,2,0,3,7,0,0,0,0,0,0,0,71,45,7,6.428571428571429,0,2,3,2801,3,2,1
2n Cycle,Single,80617.0,0,0,42,594,51,631,72,55,32,1,4,6,8,2,0,0,0,0,0,0,0,26,1435,19,75.52631578947368,0,0,1,3367,0,4,0
Graduation,Married,5305.0,0,1,12,12,4,7,1,3,5,0,1,0,0,13,0,0,0,0,0,0,0,45,32,1,32.0,1,1,3,3076,2,3,1
Graduation,Together,36807.0,1,1,88,4,2,5,0,0,5,1,1,0,2,6,0,0,0,0,0,0,0,67,16,4,4.0,1,2,4,3298,2,5,1
Graduation,Together,28427.0,1,0,67,18,3,19,3,3,6,2,2,0,3,8,0,0,0,0,0,0,0,38,52,7,7.428571428571429,1,1,3,3207,2,5,1
PhD,Widow,82032.0,0,0,54,332,194,377,149,125,57,0,4,6,7,1,0,0,0,0,0,0,0,73,1234,17,72.58823529411765,0,0,1,2827,4,6,0
Graduation,Together,22775.0,1,0,40,5,1,8,0,0,1,1,1,0,2,8,0,0,0,0,0,0,0,43,15,4,3.75,1,1,3,3117,2,5,1
Master,Together,40101.0,1,0,73,171,3,129,26,24,62,4,6,1,6,7,0,0,0,0,0,0,0,36,415,17,24.41176470588235,1,1,3,3365,3,5,1
Graduation,Married,58025.0,0,1,81,270,31,88,11,48,22,3,3,2,10,4,0,0,0,0,0,0,0,42,470,18,26.11111111111111,1,1,3,2957,2,3,2
Master,Single,75777.0,0,0,12,712,26,538,69,13,80,1,3,6,11,1,0,1,1,0,0,0,1,39,1438,21,68.47619047619048,0,0,1,3102,3,4,0
2n Cycle,Together,7500.0,1,0,7,2,8,11,3,8,21,4,3,2,2,7,0,0,0,0,0,0,0,42,53,11,4.818181818181818,1,1,3,3160,0,5,1
Master,Married,33562.0,1,2,33,21,12,12,0,3,3,3,2,0,4,4,0,0,0,0,0,0,0,58,51,9,5.666666666666667,1,3,5,2746,3,3,1
PhD,Single,57642.0,0,1,24,580,6,58,8,0,27,3,7,6,6,4,1,0,0,0,0,0,0,51,679,22,30.863636363636363,0,1,2,2913,4,4,2
Graduation,Together,58554.0,1,1,55,368,24,68,38,0,88,6,8,2,6,7,0,0,0,0,0,0,0,53,586,22,26.636363636363637,1,2,4,3383,2,5,2
Graduation,Married,63777.0,1,1,87,457,5,106,15,17,53,8,11,1,6,8,0,0,0,0,0,0,0,42,653,26,25.115384615384617,1,2,4,3204,2,3,2
Graduation,Single,57967.0,0,1,39,229,7,137,4,0,91,5,4,2,8,5,0,0,0,0,0,0,0,59,468,19,24.63157894736842,0,1,2,3225,2,4,2
Graduation,Married,24434.0,2,0,9,3,2,8,20,0,17,2,2,1,2,7,0,0,0,0,0,0,0,49,50,7,7.142857142857143,1,2,4,2784,2,3,1
Graduation,Single,11012.0,1,0,82,24,3,26,7,1,23,3,3,1,2,9,1,0,0,0,0,0,0,37,84,9,9.333333333333334,0,1,2,3212,2,4,1
Master,Single,44802.0,0,0,71,853,10,143,13,10,20,2,9,4,12,8,0,0,0,0,0,0,0,51,1049,27,38.851851851851855,0,0,1,3419,3,4,2
Graduation,Single,26816.0,0,0,50,5,1,6,3,4,3,1,0,0,3,4,0,0,0,0,0,0,0,35,22,4,5.5,0,0,1,3423,2,4,1
Graduation,Married,34421.0,1,0,81,3,3,7,6,2,9,1,1,0,2,7,0,0,0,0,0,0,0,47,30,4,7.5,1,1,3,3105,2,3,1
Graduation,Married,61223.0,0,1,46,709,43,182,42,118,247,2,9,3,4,5,0,0,0,0,0,0,0,54,1341,18,74.5,1,1,3,3123,2,3,2
PhD,Together,64014.0,2,1,56,406,0,30,0,0,8,7,8,2,5,7,0,0,0,1,0,0,0,75,444,22,20.181818181818183,1,3,5,2761,4,5,2
Graduation,Divorced,56981.0,0,0,91,908,48,217,32,12,24,1,2,3,13,6,0,1,0,0,0,0,0,40,1241,19,65.3157894736842,0,0,1,2897,2,2,0
Master,Together,69245.0,0,1,8,428,30,214,80,30,61,2,6,5,10,3,0,0,0,0,0,0,0,65,843,23,36.65217391304348,1,1,3,2898,3,5,2
PhD,Married,52869.0,1,1,40,84,3,61,2,1,21,3,3,1,4,7,0,0,0,0,0,0,1,67,172,11,15.636363636363637,1,2,4,3364,4,3,1
