№ п/п,Полное наименование (прежнее наименование (в случае его изменения)) / ФИО «Псевдоним» (при наличии) (прежние ФИО (в случае их изменения)),Основания для включения,Дата принятия Минюстом России решения о включении в реестр,Дата принятия Минюстом России решения об исключении из реестра (при наличии),Доменное имя информационного ресурса (при наличии),Тип иностранного агента,Регистрационный номер,ИНН,ОГРН,СНИЛС,Дата рождения,Полное наименование или ФИО участников,Адрес (место нахождения),Дата опубликования принятого Минюстом России решения о включении в реестр,Номер специального счета,Наименование и местонахождение уполномоченного банка,Банковский идентификационный код уполномоченного банка,Номер корреспондентского счета (субсчета) уполномоченного банка (его филиала),Дата открытия специального счета,Дата заключения договора банковского счёта
1073,Проект «Обманутый Россиянин»,"Статья 7 Федерального закона от 14.07.2022 № 255-ФЗ «О контроле за деятельностью лиц, находящихся под иностранным влиянием»",12.09.2025,,https://www.youtube.com/@ОбманутыйРоссиянин,Иные объединения лиц,,,,,,[Шевцов Виталий Александрович],,12.09.2025,,,,,,
1072,Шумилова Ирина Вадимовна,"Статья 7 Федерального закона от 14.07.2022 № 255-ФЗ «О контроле за деятельностью лиц, находящихся под иностранным влиянием»",12.09.2025,,"https://vk.com/blackbookofcapitalism; https://t.me/ira_shumilova, ID: -1001690727433; https://t.me/black_book_of_capitalism, ID: -1001229028489; https://www.tiktok.com/@irina.shumilov; https://www.instagram.com/ira.shumilov",Физические лица,,440101644801,,145-882-203 80,27.12.2000,,,12.09.2025,,,,,,
1071,"Тополь Эдуард Владимирович ""Эдмон Топельберг""","Статья 7 Федерального закона от 14.07.2022 № 255-ФЗ «О контроле за деятельностью лиц, находящихся под иностранным влиянием»",12.09.2025,,"https://www.facebook.com/edward.topol/; https://t.me/TopolEdward, ID: -1002471746148",Физические лица,,,,,08.10.1938,,,12.09.2025,,,,,,
1070,Куропов Сергей Викторович,"Статья 7 Федерального закона от 14.07.2022 № 255-ФЗ «О контроле за деятельностью лиц, находящихся под иностранным влиянием»",12.09.2025,,"https://www.youtube.com/@nerussky_mir/; https://www.youtube.com/@RealTrueVietnam; https://t.me/NerusskiyMir, ID: -1001828874035; https://www.instagram.com/sergey_kuropov/; https://www.facebook.com/kuropov",Физические лица,,773312901850,,071-037-064 21,17.06.1983,,,12.09.2025,,,,,,
1069,Бороган Ирина Петровна,"Статья 7 Федерального закона от 14.07.2022 № 255-ФЗ «О контроле за деятельностью лиц, находящихся под иностранным влиянием»",12.09.2025,,https://x.com/irinaborogan; https://www.facebook.com/irina.borogan,Физические лица,,503103873359,,016-429-484 51,09.09.1974,,,12.09.2025,,,,,,
1068,Сетевой проект «Om TV»,"Статья 7 Федерального закона от 14.07.2022 № 255-ФЗ «О контроле за деятельностью лиц, находящихся под иностранным влиянием»",05.09.2025,,"https://www.youtube.com/@omtvreal; https://t.me/OmTVchannel, ID: -1001155242718; https://x.com/OmTV2015; https://www.facebook.com/YoutubeOmTV",Иные объединения лиц,,,,,,[Омельчук Сергей Сергеевич],,05.09.2025,,,,,,
1067,«Компромат 1»,"Статья 7 Федерального закона от 14.07.2022 № 255-ФЗ «О контроле за деятельностью лиц, находящихся под иностранным влиянием»",05.09.2025,,"https://kompromat1.online/; https://kompromat1.bz/; https://kmp1.info/; https://t.me/kompromat1, ID: -1001174705912; https://x.com/kompromat1_info; https://www.facebook.com/kompromat1.info/; https://vk.com/public73395270",Иные объединения лиц,,,,,,"[Черненко Константин Евгеньевич, Преснаков Алексей Сергеевич]",,05.09.2025,,,,,,
1066,Степанова Анна Васильевна,"Статья 7 Федерального закона от 14.07.2022 № 255-ФЗ «О контроле за деятельностью лиц, находящихся под иностранным влиянием»",05.09.2025,,https://t.me/markizaakarabasa; https://www.youtube.com/@user-strana; https://www.youtube.com/@markiza_karabasa/featured; https://www.tiktok.com/@markiza_karabasa?_t=ZN-8vVGyYIJY18&_r=1; https://www.tiktok.com/@ja_anyuta?_t= ZN-8vWglT bQgqs&_r=1,Физические лица,,292006666153,,079-985-287 60,28.10.1979,,,05.09.2025,40817810904007615181,Архангельское отделение №8637 ПАО Сбербанк,041117601,30101810100000000601,08.09.2025,
1065,Смолин Владимир Александрович,"Статья 7 Федерального закона от 14.07.2022 № 255-ФЗ «О контроле за деятельностью лиц, находящихся под иностранным влиянием»",05.09.2025,,https://t.me/smolin_info; https://www.facebook.com/100092456828471; https://smolin.info,Физические лица,,240701390600,,062-460-285 42,14.10.1981,,,05.09.2025,40817810559003798325,Смоленское отделение №8609 ПАО Сбербанк,046614632,30101810000000000632,08.09.2025,
1064,Ицхоки Олег Евгеньевич,"Статья 7 Федерального закона от 14.07.2022 № 255-ФЗ «О контроле за деятельностью лиц, находящихся под иностранным влиянием»",05.09.2025,,https://itskhoki.com; https://www.instagram.com/_oleg; https://x.com/itskhoki; https://www.facebook.com/itskhoki; https://www.threads.com/@_oleg,Физические лица,,771402711994,,072-632-383 56,07.01.1983,,,05.09.2025,40817810900027042237,Московский банк ПАО Сбербанк,044525225,30101810400000000225,08.09.2025,
1063,Говорун Сергей Николаевич,"Статья 7 Федерального закона от 14.07.2022 № 255-ФЗ «О контроле за деятельностью лиц, находящихся под иностранным влиянием»",05.09.2025,,https://t.me/cyrilhovorun; https://www.facebook.com/hovorun/; https://www.instagram.com/hovorun/; https://twitter.com/cyril_hovorun; https://www.youtube.com/@cyrilhovorun,Физические лица,,,,,28.01.1974,,,05.09.2025,,,,,,
1062,"Несмиян Анатолий Евгеньевич ""El Murid""","Статья 7 Федерального закона от 14.07.2022 № 255-ФЗ «О контроле за деятельностью лиц, находящихся под иностранным влиянием»",29.08.2025,,"https://t.me/anatoly_nesmiyan, ID: -1001540992315; t.me/a_nesmijan_longread, ID: -1001642623742; https://vk.com/el.murid",Физические лица,,165002994679,,038-232-757 52,08.11.1965,,,29.08.2025,40817810255193220413,Головное отделение Северо-Западного банка №9055 ПАО Сбербанк,044030653,30101810500000000653,03.09.2025,
1061,Кузнецов Борис Аврамович,"Статья 7 Федерального закона от 14.07.2022 № 255-ФЗ «О контроле за деятельностью лиц, находящихся под иностранным влиянием»",29.08.2025,,https://kuznetsovinlaw.com; https://www.facebook.com/bkuznetsov,Физические лица,,773004424169,,002-297-424 18,19.03.1944,,,29.08.2025,40817810038264679270,Московский банк ПАО Сбербанк,044525225,30101810400000000225,03.09.2025,
1060,Кротенко Евгений Андреевич,"Статья 7 Федерального закона от 14.07.2022 № 255-ФЗ «О контроле за деятельностью лиц, находящихся под иностранным влиянием»",29.08.2025,,"https://telegram.me/s/ruspress, ID: -1001107546856; https://rupres.com/; https://rupres.org/; https://www.facebook.com/russianpressa; https://x.com/RussianPressa; https://vk.com/russianpressa",Физические лица,,741805910094,,120-353-036 92,09.06.1984,,,29.08.2025,40817810338264272348,Московский банк ПАО Сбербанк,044525225,30101810400000000225,03.09.2025,
1059,Кривцова Олеся Романовна,"Статья 7 Федерального закона от 14.07.2022 № 255-ФЗ «О контроле за деятельностью лиц, находящихся под иностранным влиянием»",29.08.2025,,,Физические лица,,311005842705,,163-199-809 97,12.02.2003,,,29.08.2025,40817810504007994037,Архангельское отделение №8637 ПАО Сбербанк,041117601,30101810100000000601,03.09.2025,
1058,Везикко Ирия Валтеровна,"Статья 7 Федерального закона от 14.07.2022 № 255-ФЗ «О контроле за деятельностью лиц, находящихся под иностранным влиянием»",29.08.2025,,https://www.facebook.com/100010797161827; https://www.instagram.com/irina_vesikko; https://x.com/VesikkoIrina,Физические лица,,781439063601,,203-096-764 44,23.11.1980,,,29.08.2025,,,,,,
1057,Бобров Юрий Сергеевич,"Статья 7 Федерального закона от 14.07.2022 № 255-ФЗ «О контроле за деятельностью лиц, находящихся под иностранным влиянием»",29.08.2025,,"https://t.me/Bobr_tyda_i_obratno, ID: -1001608447990; https://www.instagram.com/bobrov_yuriy_perm/; https://www.facebook.com/BobrovPerm",Физические лица,,590609728598,,061-584-155 58,10.12.1982,,,29.08.2025,40817810349787962519,Пермское отделение №6984 ПАО Сбербанк,042202603,30101810900000000603,03.09.2025,
1056,Проект «Tamizdatproject.org»,"Статья 7 Федерального закона от 14.07.2022 № 255-ФЗ «О контроле за деятельностью лиц, находящихся под иностранным влиянием»",22.08.2025,,https://tamizdatproject.org; https://www.facebook.com/tamizdat.project; https://www.instagram.com/tamizdatproject; https://www.youtube.com/@tamizdatproject,Иные объединения лиц,,,,,,"[Клоц Яков, Наринская Анна Анатольевна, Липовецкий Марк Наумович, Барскова Полина Юрьевна, Джек Эндрю, Лэндис Гейл, Новикова Асса, Кондрат Евгения, Тамм Ева]",,22.08.2025,,,,,,
1055,Проект «Алиф ТВ»,"Статья 7 Федерального закона от 14.07.2022 № 255-ФЗ «О контроле за деятельностью лиц, находящихся под иностранным влиянием»",22.08.2025,,"https://alif.tv/; https://vk.com/aliftv; https://www.youtube.com/channel/UCp5kRhsIZS_rf2Utky47VVQ; https://t.me/aliftv, ID: -1001119480716; https://rutube.ru/channel/25104813; https://ok.ru/group/54870411968718",Иные объединения лиц,,,,,,[Евтеев Али Михайлович],,22.08.2025,,,,,,
1054,"Нюберг Дмитрий Сергеевич ""Qianti""","Статья 7 Федерального закона от 14.07.2022 № 255-ФЗ «О контроле за деятельностью лиц, находящихся под иностранным влиянием»",22.08.2025,,"https://www.youtube.com/@NybergDm; https://www.youtube.com/@NybergLive; https://www.patreon.com/nybergdm; https://boosty.to/nybergdm; https://x.com/nybergdm; https://www.twitch.tv/nybergdm; https://t.me/NybergDm, ID: -1001106522199; https://instagram.com/nybergdm; https://www.tiktok.com/@nybergdm",Физические лица,,784202604108,,203-051-372 93,15.05.1996,,,22.08.2025,40817810255193165439,Головное отделение №9055 ПАО Сбербанк,044030653,30101810500000000653,26.08.2025,
1053,Марков Сергей Александрович,"Статья 7 Федерального закона от 14.07.2022 № 255-ФЗ «О контроле за деятельностью лиц, находящихся под иностранным влиянием»",22.08.2025,,"https://www.facebook.com/sergey.markov.5; https://t.me/logikamarkova, ID: -1001324160349; https://t.me/markovchitaet, ID: -1002612166549; https://www.instagram.com/sergeymarkov_official; https://vk.com/politologmarkov",Физические лица,,771528802209,,029-812-869 84,18.04.1958,,,22.08.2025,40817810338264261809,Московский банк ПАО Сбербанк,044525225,30101810400000000225,26.08.2025,
1052,Кордочкин Андрей Борисович,"Статья 7 Федерального закона от 14.07.2022 № 255-ФЗ «О контроле за деятельностью лиц, находящихся под иностранным влиянием»",22.08.2025,,"https://www.facebook.com/natividaddecristo; https://t.me/kordochkin, ID: -1001636463007",Физические лица,,782516653913,,057-652-315 73,07.11.1977,,,22.08.2025,,,,,,
1051,Дугарова Раджана Дашинимаевна,"Статья 7 Федерального закона от 14.07.2022 № 255-ФЗ «О контроле за деятельностью лиц, находящихся под иностранным влиянием»",22.08.2025,,"https://www.facebook.com/radjana; https://www.instagram.com/radjanadugar/; https://www.threads.net/@radjanadugar; https://t.me/radjana_dugar, ID: -1001560864932; https://www.linkedin.com/in/radjana-dugar-deponte-43264b11/; https://x.com/DugarRadjana; https://radjana.livejournal.com; https://vk.com/id363936352",Физические лица,,032607261990,,137-505-478 65,05.04.1969,,,22.08.2025,40817810874003266922,Читинское отделение №8600 ПАО Сбербанк,047601637,30101810500000000637,26.08.2025,
1050,"""Револьт-Центр""","Статья 7 Федерального закона от 14.07.2022 № 255-ФЗ «О контроле за деятельностью лиц, находящихся под иностранным влиянием»",15.08.2025,,"https://revoltcenter.com/; https://studio6140.com/; https://formulakomi.com/; https://www.facebook.com/revoltcenter/; https://vk.com/revoltcentre; https://vk.com/revoltlocals; https://dzen.ru/revoltscience; https://www.instagram.com/revolt_center/; https://t.me/revoltcenter, ID:-1001429552108; https://www.youtube.com/@revoltpimenovcenter",Иные объединения лиц,,,,,,"[Андреев Павел Владимирович, Зильберг Леонид Александрович, Зезегова Елена Александровна, Ананьева Дарья Сергеевна, Лихачева Виктория Юрьевна, Ткачева Мария Николаевна, Бажукова Мария Викторовна, Кольчурина Светлана Николаевна, Заболотная Карина Дмитриевна, Сажин Игорь Валентинович, Кужель Валерия Сергеевна, Белых Наталья, Леонтьева Ирина, Мищихин Иван, Прокушев Виктор, Доброва Яска, Чернышева Дарья Владимировна]",,15.08.2025,,,,,,
1049,Солонин Марк Семенович,"Статья 7 Федерального закона от 14.07.2022 № 255-ФЗ «О контроле за деятельностью лиц, находящихся под иностранным влиянием»",15.08.2025,,https://www.patreon.com/marksolonin;  https://www.youtube.com/@Mark_Solonin1941; https://www.facebook.com/mark.solonin.7/,Физические лица,,631625645264,,112-468-205 27,29.05.1958,,,15.08.2025,40817810854102335476,Самарское отделение №6991 ПАО Сбербанк,043601607,30101810200000000607,19.08.2025,
1048,Рудников Игорь Петрович,"Статья 7 Федерального закона от 14.07.2022 № 255-ФЗ «О контроле за деятельностью лиц, находящихся под иностранным влиянием»",15.08.2025,,https://www.facebook.com/igorrudnikov; https://www.instagram.com/rudnikovigor; https://www.rudnikov.com; https://t.me/nk_live ID: -1001431240505,Физические лица,,390705816114,,067-341-398 73,04.07.1965,,,15.08.2025,40817810720863235327,Калининградское отделение №8626 ПАО Сбербанк,042748634,30101810100000000634,19.08.2025,
1047,Курмояров Иоанн Валерьевич,"Статья 7 Федерального закона от 14.07.2022 № 255-ФЗ «О контроле за деятельностью лиц, находящихся под иностранным влиянием»",15.08.2025,,"https://t.me/freeioannkurmoyarov, ID: - 1001504042253",Физические лица,,544808059403,,203-874-158 58,08.01.1968,,,15.08.2025,40817810044059005346,Новосибирское отделение №8047 ПАО Сбербанк,045004641,30101810500000000641,19.08.2025,
1046,"Кротов Марк Яковлевич ""Крутов""","Статья 7 Федерального закона от 14.07.2022 № 255-ФЗ «О контроле за деятельностью лиц, находящихся под иностранным влиянием»",15.08.2025,,https://www.facebook.com/krutovmark;  https://www.instagram.com/kromark;  https://x.com/kromark,Физические лица,,773177726775,,122-813-640 29,15.07.1977,,,15.08.2025,40817810438700736510,Московский банк ПАО Сбербанк,044525225,30101810400000000225,19.08.2025,
1045,"Проект ""Продолжение следует""","Статья 7 Федерального закона от 14.07.2022 № 255-ФЗ «О контроле за деятельностью лиц, находящихся под иностранным влиянием»",08.08.2025,,"https://prosleduet.media;  https://t.me/prosleduet_media, ID: -1001419814137;  https://www.tiktok.com/@prosleduet_media;  https://www.youtube.com/@prosleduet;  https://www.instagram.com/prosleduet_media;  https://www.threads.com/@prosleduet_media;  https://boosty.to/family_support;  https://www.patreon.com/psproject",Иные объединения лиц,,,,,,"[Каныгин Павел Юрьевич, Дорофеев Роман Олегович, Ларина Анастасия Александровна, Хисамова Венера Вазифовна, Письменков Мстислав Игоревич, Жукова Анна Андреевна]",,08.08.2025,,,,,,
1044,Сивенок Андрей Александрович,"Статья 7 Федерального закона от 14.07.2022 № 255-ФЗ «О контроле за деятельностью лиц, находящихся под иностранным влиянием»",08.08.2025,,"https://t.me/andrei_sivenok, ID: -1001942064887;  https://vk.com/andrei_sivenok;  https://www.instagram.com/sivenok;  https://www.youtube.com/@sivenok2024;  https://t.me/akadem_media, ID: -1001457499771; https://vk.com/akadem_media",Физические лица,,540822072744,,203-243-835 17,17.10.2001,,,08.08.2025,40817810744058994004,Новосибирское отделение №8047 ПАО Сбербанк,045004641,30101810500000000641,12.08.2025,
1043,Мысина Оксана Анатольевна,"Статья 7 Федерального закона от 14.07.2022 № 255-ФЗ «О контроле за деятельностью лиц, находящихся под иностранным влиянием»",08.08.2025,,https://www.instagram.com/oksanamysina;  https://www.facebook.com/oksana.mysina,Физические лица,,770504470954,,051-260-530 09,15.03.1961,,,08.08.2025,40817810038069055565,Московский банк ПАО Сбербанк,044525225,30101810400000000225,12.08.2025,
1042,Мовчан Андрей Андреевич,"Статья 7 Федерального закона от 14.07.2022 № 255-ФЗ «О контроле за деятельностью лиц, находящихся под иностранным влиянием»",08.08.2025,,https://www.facebook.com/andrei.movchan,Физические лица,,772900595615,,025-594-684 79,25.04.1968,,,08.08.2025,40817810538264244671,Московский банк ПАО Сбербанк,044525225,30101810400000000225,12.08.2025,
1041,Долиев Михаил Вячеславович,"Статья 7 Федерального закона от 14.07.2022 № 255-ФЗ «О контроле за деятельностью лиц, находящихся под иностранным влиянием»",08.08.2025,,https://www.facebook.com/mdoliev;  https://mikhail.doliev.livejournal.com;  https://mikhail-doliev.dreamwidth.org/; https://ok.ru/profile/126056343273; https://www.instagram.com/mikhaildoliev; https://t.me/+Uo45XHVQw4GQfuGv; https://x.com/tov_makarov; https://www.youtube.com/channel/UCvLnc5eoaPbflYejIt7gFZQ; https://www.threads.com/@mikhaildoliev,Физические лица,,301505288574,,036-684-524 80,25.06.1976,,,08.08.2025,40817810305001786324,Астраханское отделение №8625 ПАО Сбербанк,041203602,30101810500000000602,12.08.2025,
1040,Интернет-портал «Activatica.org»,"Статья 7 Федерального закона от 14.07.2022 № 255-ФЗ «О контроле за деятельностью лиц, находящихся под иностранным влиянием»",18.07.2025,,"https://activatica.org/; https://vk.com/public61949408; https://t.me/activatica, ID: -1001140836556; https://www.youtube.com/Activatica; https://www.youtube.com/@activaticachronicles; https://www.facebook.com/activatica.org; https://www.instagram.com/activatica_org; https://x.com/Activatica; https://www.tiktok.com/@activatica.org; https://www.linkedin.com/company/activatica/",Иные объединения лиц,,,,,,"[Чирикова Евгения Сергеевна, Матвеев Михаил Вячеславович]",,18.07.2025,,,,,,
1039,Храмцов Дмитрий Александрович,"Статья 7 Федерального закона от 14.07.2022 № 255-ФЗ «О контроле за деятельностью лиц, находящихся под иностранным влиянием»",18.07.2025,,"https://www.facebook.com/dmitrii.khramtsov; https://www.instagram.com/diamond.flux.soldering/; https://vk.com/id7111595; https://t.me/electronics_manufactoring_tech, ID: -1001646010593; https://www.youtube.com/@KhramtsovSMT/; https://www.youtube.com/@ElectronicsManufacturingTech/; https://www.linkedin.com/in/dmitrii-khramtsov/; https://www.patreon.com/electronicspcb",Физические лица,,507302640613,,079-743-926 28,04.03.1981,,,18.07.2025,40817810340150078631,Головное отделение Среднерусского банка №9040 ПАО Сбербанк,044525225,30101810400000000225,21.07.2025,
1038,Торстрем Ксения Владимировна,"Статья 7 Федерального закона от 14.07.2022 № 255-ФЗ «О контроле за деятельностью лиц, находящихся под иностранным влиянием»",18.07.2025,,"https://vk.com/id167288; https://t.me/kseniia_thorstrom, ID: -1001898200925; https://www.facebook.com/ksenia.thorstrom; https://www.youtube.com/@kseniia-thorstrom; https://x.com/kseniathorstrom; https://www.instagram.com/za_zi; https://www.threads.com/@za_zi",Физические лица,,710510508245,,133-916-865 77,05.01.1984,,,18.07.2025,40817810038264217629,Московский банк ПАО Сбербанк,044525225,30101810400000000225,21.07.2025,
1037,Резник Наталья Рэмовна,"Статья 7 Федерального закона от 14.07.2022 № 255-ФЗ «О контроле за деятельностью лиц, находящихся под иностранным влиянием»",18.07.2025,,https://www.facebook.com/natashareznik; https://t.me/rezniknatalya; https://www.youtube.com/@natalyareznik/featured; https://stiho-pletka.livejournal.com/,Физические лица,,,,,25.04.1972,,,18.07.2025,,,,,,
1036,"Ольшевец Фелицата Дмитриевна ""Маша Майерс""","Статья 7 Федерального закона от 14.07.2022 № 255-ФЗ «О контроле за деятельностью лиц, находящихся под иностранным влиянием»",18.07.2025,,https://www.youtube.com/@mmayers; https://www.instagram.com/mmayers/,Физические лица,,773403743216,,052-658-622 70,03.01.1982,,,18.07.2025,40817810738264217628,Московский банк ПАО Сбербанк,044525225,30101810400000000225,21.07.2025,
1035,Кириллова Ксения Валерьевна,"Статья 7 Федерального закона от 14.07.2022 № 255-ФЗ «О контроле за деятельностью лиц, находящихся под иностранным влиянием»",18.07.2025,,"https://www.facebook.com/people/Kseniya-Kirillova/1168615864; https://x.com/kirkseniyasf; https://t.me/Fairytalesforrefugees, ID: -1002360489401",Физические лица,,667116124010,,137-322-324 34,05.08.1984,,,18.07.2025,40820810316470289781,Свердловское отделение №7003 ПАО Сбербанк,046577674,30101810500000000674,21.07.2025,
1034,Жарков Василий Павлович,"Статья 7 Федерального закона от 14.07.2022 № 255-ФЗ «О контроле за деятельностью лиц, находящихся под иностранным влиянием»",18.07.2025,,"https://t.me/vslpchannel, ID: -1002429796428; https://www.facebook.com/jarkhon",Физические лица,,773606877173,,110-281-269 00,13.09.1974,,,18.07.2025,40817810938115649909,Московский банк ПАО Сбербанк,044525225,30101810400000000225,21.07.2025,
1033,Великий Дмитрий Сергеевич,"Статья 7 Федерального закона от 14.07.2022 № 255-ФЗ «О контроле за деятельностью лиц, находящихся под иностранным влиянием»",18.07.2025,,https://www.facebook.com/profile.php?id= 61574065426610; https://www.linkedin.com/in/dmitrii-velikii/; https://vk.com/id876138627; https://x.com/stopwarcrime1; https://bsky.app/profile/stopwarcrime.bsky.social; https://t.me/stopwarcrime1; https://stop-war-crime.net/; https://www.facebook.com/groups/1004294571062541; https://medium.com/@putinsgulag; https://putinsgulag.net/; https://x.com/putinsgulagnet; https://t.me/putinsgulag,Физические лица,,550507223169,,118-815-416 65,28.05.1984,,,18.07.2025,40817810345006466492,Омское отделение №8634 ПАО Сбербанк,045209673,30101810900000000673,21.07.2025,
1032,Общественное движение «Наш выход»,"Статья 7 Федерального закона от 14.07.2022 № 255-ФЗ «О контроле за деятельностью лиц, находящихся под иностранным влиянием»",11.07.2025,,"https://nvyhod.org; https://vk.com/dvizhenie_nashvyhod1; https://t.me/dvizhenie_nashvyhod, ID: -1002117554363; https://www.facebook.com/dvizhenie.nashvyhod; https://www.youtube.com/channel/UCm6rauHXv_VO2CHcnudQxnA; https://www.tiktok.com/@nash_vyhod","Общественные объединения, действующие без образования юридического лица",,,,,,"[Крынина Ирина Михайловна, Ивлева-Йорк Виктория Марковна, Ракова Ольга]",,11.07.2025,,,,,,
1031,Росов Николай Вячеславович,"Статья 7 Федерального закона от 14.07.2022 № 255-ФЗ «О контроле за деятельностью лиц, находящихся под иностранным влиянием»",11.07.2025,,"https://www.youtube.com/@GrozaRPV; https://vk.com/groza_rpv; https://vk.com/rus_above_all; https://vk.com/ruspatriotizm; https://vk.com/alastoren; https://t.me/Groza_Russia, ID: -1001103208295; https://t.me/groza_channel, ID: -1001343376627; https://www.youtube.com/@Rosov; https://dzen.ru/id/629e796abaebab799e7b737d; https://nikolay-rosov.github.io; https://kick.com/nrosov; https://www.twitch.tv/grozarpv; https://boosty.to/rosov; https://x.com/Groza_rpv; https://www.facebook.com/profile.php?id=100008121437093; https://www.instagram.com/nickolayrosov; https://www.threads.com/@nickolayrosov; https://www.youtube.com/@NationalD_Music; https://kick.com/rosov; https://www.tiktok.com/@grozat4ktok",Физические лица,,590424280828,,161-530-503 26,12.10.1994,,,11.07.2025,,,,,,
1030,Поташов Валерий Николаевич,"Статья 7 Федерального закона от 14.07.2022 № 255-ФЗ «О контроле за деятельностью лиц, находящихся под иностранным влиянием»",11.07.2025,,"https://www.facebook.com/valery.potashov; https://t.me/fromkareliawithfreedom, ID: -1001696361396; https://www.instagram.com/valerypotashov; https://vk.com/valerypotashov",Физические лица,,100105304200,,026-794-082 78,16.09.1970,,,11.07.2025,40817810325861851903,Карельское отделение №8628 ПАО Сбербанк,048602673,30101810600000000673,15.07.2025,
1029,Литвишко Дарья Алексеевна,"Статья 7 Федерального закона от 14.07.2022 № 255-ФЗ «О контроле за деятельностью лиц, находящихся под иностранным влиянием»",11.07.2025,,"https://t.me/litvishkod, ID: -1001717130604; https://www.instagram.com/begemotvlublon/; https://www.facebook.com/daria.litvishko.9",Физические лица,,631939084242,,152-697-945 10,29.06.1992,,,11.07.2025,40817810254102264396,Самарское отделение №6991 ПАО Сбербанк,043601607,30101810200000000607,15.07.2025,
1028,Зубарева Раиса Дмитриевна,"Статья 7 Федерального закона от 14.07.2022 № 255-ФЗ «О контроле за деятельностью лиц, находящихся под иностранным влиянием»",11.07.2025,,https://www.instagram.com/sputniza_; https://www.facebook.com/zubareva.raisa; https://www.threads.net/@sputniza_,Физические лица,,143512551212,,031-604-376 11,25.02.1977,,,11.07.2025,40817810276005637293,Якутское отделение №8603 ПАО Сбербанк,049805609,30101810400000000609,15.07.2025,
1027,Елизаров Павел Олегович,"Статья 7 Федерального закона от 14.07.2022 № 255-ФЗ «О контроле за деятельностью лиц, находящихся под иностранным влиянием»",11.07.2025,,"https://pereulki.com/; https://t.me/pereulki, ID: -1001032329863; https://www.facebook.com/pereulki; https://www.instagram.com/pelizarov/; https://www.threads.net/@pelizarov; https://www.facebook.com/pavel.elizarov; https://x.com/pelizarov",Физические лица,,771576065410,,153-258-144 53,22.10.1985,,,11.07.2025,,,,,,
1026,Трикоз Евгений Сергеевич,"Статья 7 Федерального закона от 14.07.2022 № 255-ФЗ «О контроле за деятельностью лиц, находящихся под иностранным влиянием»",27.06.2025,,"https://www.youtube.com/@trikozzi; https://www.tiktok.com/@trikozzi; https://www.tiktok.com/@trikozzi_best; https://t.me/trikozzi_2022, ID: -1001748142893; https://www.instagram.com/trikozzi; https://boosty.to/trikozzi",Физические лица,,501216839002,,162-088-464 70,04.08.1980,,,27.06.2025,40817810630856677476,Краснодарское отделение №8619 ПАО Сбербанк,040349602,30101810100000000602,30.06.2025,
1025,Клыга Артем Александрович,"Статья 7 Федерального закона от 14.07.2022 № 255-ФЗ «О контроле за деятельностью лиц, находящихся под иностранным влиянием»",27.06.2025,,https://t.me/localissues; https://www.facebook.com/profile.php?id=100005259108240; https://x.com/temaklyga; https://klyga.ru/,Физические лица,,632412807106,,173-707-361 77,05.09.1997,,,27.06.2025,40817810938115613582,Московский банк ПАО Сбербанк,044525225,30101810400000000225,30.06.2025,
1024,"Иордатий Дмитрий Николаевич ""Наум Блик, Dry Ice""","Статья 7 Федерального закона от 14.07.2022 № 255-ФЗ «О контроле за деятельностью лиц, находящихся под иностранным влиянием»",27.06.2025,,"https://naumbleek.com/; https://vk.com/id83966983; https://vk.com/naumbleek; https://www.youtube.com/@naumbleek; https://www.facebook.com/naum.bleek; https://www.instagram.com/naum_bleek; https://www.threads.net/@naum_bleek; https://t.me/naumbleekchannel, ID: -1001975281615; https://x.com/NaumBleek",Физические лица,,667110599497,,119-414-438 50,19.11.1979,,,27.06.2025,40817810416474083100,Свердловское отделение №7003 ПАО Сбербанк,046577674,30101810500000000674,07.07.2025,
1023,Иманова Тамилла Вагиф кызы,"Статья 7 Федерального закона от 14.07.2022 № 255-ФЗ «О контроле за деятельностью лиц, находящихся под иностранным влиянием»",27.06.2025,,https://www.facebook.com/share/19S227tEk7/; https://www.instagram.com/laugh_anyway; https://www.linkedin.com/in/tamilla-imanova-596785125; https://vk.com/id5864563,Физические лица,,526214210926,,163-001-099 08,25.11.1996,,,27.06.2025,,,,,,
1022,Звягин Иван Михайлович,"Статья 7 Федерального закона от 14.07.2022 № 255-ФЗ «О контроле за деятельностью лиц, находящихся под иностранным влиянием»",27.06.2025,,"https://t.me/izwijagin, ID: -1001816165396; https://vk.com/izwjagin; https://www.facebook.com/izwjagin; https://www.youtube.com/@izwjagin; https://www.instagram.com/izwjaginpsy; https://www.izwjaginpsy.de",Физические лица,,463247397900,,134-366-247 53,11.12.1992,,,27.06.2025,40817810033003971193,Курское отделение №8596 ПАО Сбербанк,043807606,30101810300000000606,30.06.2025,
1021,Егорченко Евгений Андреевич,"Статья 7 Федерального закона от 14.07.2022 № 255-ФЗ «О контроле за деятельностью лиц, находящихся под иностранным влиянием»",27.06.2025,,https://www.youtube.com/@1703; https://www.instagram.com/rubio_rubio/; https://t.me/spbI7o3; https://www.twitch.tv/spb17o3,Физические лица,,780539240901,,167-898-866 71,03.05.1994,,,27.06.2025,40817810155192868594,Головное отделение №9055 ПАО Сбербанк,044030653,30101810500000000653,30.06.2025,
1020,Медиапроект «Горби медиа»,"Статья 7 Федерального закона от 14.07.2022 № 255-ФЗ «О контроле за деятельностью лиц, находящихся под иностранным влиянием»",20.06.2025,,"https://gorby.media/; https://t.me/gorbymedia, ID: -1001917142296",Иные объединения лиц,,,,,,[Липский Андрей Евгеньевич],,20.06.2025,,,,,,
1019,Шукшин Иван Алексеевич,"Статья 7 Федерального закона от 14.07.2022 № 255-ФЗ «О контроле за деятельностью лиц, находящихся под иностранным влиянием»",20.06.2025,,"https://ishukshin.ru/; https://www.instagram.com/ishukshin; https://www.facebook.com/i.shukshin; https://x.com/ishukshin; https://t.me/nevybory, ID: -1001297399987; https://t.me/bad_list_updates",Физические лица,,614306464458,,063-526-460 56,28.06.1983,,,20.06.2025,40817810530856659057,Краснодарское отделение №8619 ПАО Сбербанк,040349602,30101810100000000602,24.06.2025,
1018,Хмелёв Александр Владимирович,"Статья 7 Федерального закона от 14.07.2022 № 255-ФЗ «О контроле за деятельностью лиц, находящихся под иностранным влиянием»",20.06.2025,,https://www.facebook.com/rev.father.alex; https://www.facebook.com/rev.alex.hmelev; https://vk.com/rev.alex; https://www.instagram.com/rev.alex.hmelev; https://www.threads.com/@rev.alex.hmelev,Физические лица,,421410925252,,181-643-808 79,06.05.1996,,,20.06.2025,40817810726008832260,Кемеровское отделение №8615 ПАО Сбербанк,043207612,30101810200000000612,24.06.2025,
1017,Стомахин Борис Владимирович,"Статья 7 Федерального закона от 14.07.2022 № 255-ФЗ «О контроле за деятельностью лиц, находящихся под иностранным влиянием»",20.06.2025,,"https://www.youtube.com/@stomahin3_0; https://x.com/stomahin_boris; https://t.me/stomahin, ID: -1001355698169; https://stomahin.com; https://mastodon.social/@stomahin; https://rumble.com/user/stomahin; https://www.instagram.com/stomakhin/",Физические лица,,971509657520,,,24.08.1974,,,20.06.2025,,,,,,
1016,Соломонов Артур Петрович,"Статья 7 Федерального закона от 14.07.2022 № 255-ФЗ «О контроле за деятельностью лиц, находящихся под иностранным влиянием»",20.06.2025,,"https://artursolomonov.ru/; https://www.facebook.com/1059555481; https://www.facebook.com/100089861079365; https://www.instagram.com/artursolomonov7; https://t.me/asolomonov, ID: -1001426925616; https://vk.com/id177000161; https://vk.com/public59427264; https://www.facebook.com/teatralnaya.istoriya",Физические лица,,771901660551,,080-185-427 52,10.04.1976,,,20.06.2025,40817810738049373279,Московский банк ПАО Сбербанк,044525225,30101810400000000225,24.06.2025,
1015,Гарина Анастасия Игоревна,"Статья 7 Федерального закона от 14.07.2022 № 255-ФЗ «О контроле за деятельностью лиц, находящихся под иностранным влиянием»",20.06.2025,,https://www.instagram.com/gargarra/,Физические лица,,526223923666,,140-363-796 45,04.04.1989,,,20.06.2025,40817810038263180045,Московский банк ПАО Сбербанк,044525225,30101810400000000225,24.06.2025,
1014,Ванюков Александр Евгеньевич,"Статья 7 Федерального закона от 14.07.2022 № 255-ФЗ «О контроле за деятельностью лиц, находящихся под иностранным влиянием»",20.06.2025,,https://www.facebook.com/alexander.vanyukov; https://www.instagram.com/alvankov/,Физические лица,,774308438503,,102-997-672 83,03.01.1981,,,20.06.2025,40817810338263180046,Московский банк ПАО Сбербанк,044525225,30101810400000000225,24.06.2025,
1013,Бобринский Николай Алексеевич,"Статья 7 Федерального закона от 14.07.2022 № 255-ФЗ «О контроле за деятельностью лиц, находящихся под иностранным влиянием»",20.06.2025,,"https://vk.com/nikolai.bobrinsky; https://t.me/bobrinsky_channel, ID: –1001562271675; https://www.facebook.com/nikolai.bobrinsky",Физические лица,,770501383799,,132-645-633 49,22.05.1986,,,20.06.2025,40817810138049373277,Московский банк ПАО Сбербанк,044525225,30101810400000000225,24.06.2025,
1012,Шедов Денис Викторович,"Статья 7 Федерального закона от 14.07.2022 № 255-ФЗ «О контроле за деятельностью лиц, находящихся под иностранным влиянием»",06.06.2025,,https://www.facebook.com/shedov,Физические лица,,324300278005,,118-100-832 10,14.05.1991,,,06.06.2025,40817810438263165178,Московский банк ПАО Сбербанк,044525225,30101810400000000225,10.06.2025,
1011,Фицнер Виолетта Юрьевна,"Статья 7 Федерального закона от 14.07.2022 № 255-ФЗ «О контроле за деятельностью лиц, находящихся под иностранным влиянием»",06.06.2025,,https://www.linkedin.com/in/violetta-fitsner-9a779a198/,Физические лица,,390505377981,,150-407-955 42,02.10.1995,,,06.06.2025,40817810438049350819,Московский банк ПАО Сбербанк,044525225,30101810400000000225,10.06.2025,
1010,Секретарева Наталия Михайловна,"Статья 7 Федерального закона от 14.07.2022 № 255-ФЗ «О контроле за деятельностью лиц, находящихся под иностранным влиянием»",06.06.2025,,https://www.facebook.com/natsekr,Физические лица,,772985568791,,171-159-787 82,11.01.1992,,,06.06.2025,40817810038115580997,Московский банк ПАО Сбербанк,044525225,30101810400000000225,10.06.2025,
1009,Пивоваров Андрей Сергеевич,"Статья 7 Федерального закона от 14.07.2022 № 255-ФЗ «О контроле за деятельностью лиц, находящихся под иностранным влиянием»",06.06.2025,,https://t.me/s/pivovarov_team; https://www.youtube.com/@AndreyPivovarov; https://vk.com/brewerov; https://x.com/brewerov; https://instagram.com/ freepivovarov?igsh=MWhuaTBndjU2enFtaQ==; https://www.facebook.com/aspivovarov; https://www.threads.com/@freepivovarov,Физические лица,,784100050330,,122-964-232 52,23.09.1981,,,06.06.2025,40817810255192772852,Головное отделение №9055 ПАО Сбербанк,044030653,30101810500000000653,10.06.2025,
1008,Кутаев Руслан Махамдиевич,"Статья 7 Федерального закона от 14.07.2022 № 255-ФЗ «О контроле за деятельностью лиц, находящихся под иностранным влиянием»",06.06.2025,,,Физические лица,,526210897377,,119-778-592 22,20.09.1957,,,06.06.2025,40817810338115580998,Московский банк ПАО Сбербанк,044525225,30101810400000000225,10.06.2025,
1007,Козловский Олег Юрьевич,"Статья 7 Федерального закона от 14.07.2022 № 255-ФЗ «О контроле за деятельностью лиц, находящихся под иностранным влиянием»",06.06.2025,,https://x.com/kozlovsky; https://www.facebook.com/kozlovsky; https://www.instagram.com/kozlovsky,Физические лица,,771986129530,,048-738-356 00,08.05.1984,,,06.06.2025,40817810938700602924,Московский банк ПАО Сбербанк,044525225,30101810400000000225,10.06.2025,
1006,"Калганов Рустам Петрович ""Рустам Солнцев""","Статья 7 Федерального закона от 14.07.2022 № 255-ФЗ «О контроле за деятельностью лиц, находящихся под иностранным влиянием»",06.06.2025,,"https://www.facebook.com/rustam.solncev; https://www.youtube.com/@RusyainAmerica; https://t.me/solncevrustam, ID: -1001294209296; https://www.instagram.com/solncevrusya",Физические лица,,771708196370,,156-388-017 89,28.12.1974,,,06.06.2025,40817810240150004174,Головное отделение Среднерусского банка №9040 ПАО Сбербанк,044525225,30101810400000000225,07.07.2025,
1005,Жемкова Елена Борисовна,"Статья 7 Федерального закона от 14.07.2022 № 255-ФЗ «О контроле за деятельностью лиц, находящихся под иностранным влиянием»",06.06.2025,,https://www.facebook.com/zhemkova; https://www.instagram.com/zhemkova/; https://twitter.com/zhemkova_elena,Физические лица,,770800317603,,022-645-036 17,06.08.1961,,,06.06.2025,40817810238700602925,Московский банк ПАО Сбербанк,044525225,30101810400000000225,10.06.2025,
1004,«Москва против мобилизации»,"Статья 7 Федерального закона от 14.07.2022 № 255-ФЗ «О контроле за деятельностью лиц, находящихся под иностранным влиянием»",30.05.2025,,"https://t.me/msk_gde, ID: -1001569069069",Иные объединения лиц,,,,,,[Ильчук Лука Игоревич],,30.05.2025,,,,,,
1003,Экслер Алексей Борисович,"Статья 7 Федерального закона от 14.07.2022 № 255-ФЗ «О контроле за деятельностью лиц, находящихся под иностранным влиянием»",30.05.2025,,"https://www.exler.ru/; https://toffler.online/; https://exler.es/; https://www.facebook.com/exler.alex; https://t.me/exler443, ID: -1001699947307; https://t.me/exler_blog_rss, ID: -1001545743300; https://www.patreon.com/alex_exler; https://x.com/alex_exler; https://www.instagram.com/alexexler; https://www.threads.com/@alexexler; https://exler.livejournal.com",Физические лица,,774310233454,,126-201-022 89,28.01.1966,,,30.05.2025,40817810238049338387,Московский банк ПАО Сбербанк,044525225,30101810400000000225,03.06.2025,
1002,Черкасов Александр Владимирович,"Статья 7 Федерального закона от 14.07.2022 № 255-ФЗ «О контроле за деятельностью лиц, находящихся под иностранным влиянием»",30.05.2025,,https://www.facebook.com/cherkasov.alexander/,Физические лица,,773400929371,,015-390-674 41,17.06.1966,,,30.05.2025,40817810638700588982,Московский банк ПАО Сбербанк,044525225,30101810400000000225,03.06.2025,
1001,Фельдман Евгений Олегович,"Статья 7 Федерального закона от 14.07.2022 № 255-ФЗ «О контроле за деятельностью лиц, находящихся под иностранным влиянием»",30.05.2025,,https://www.feldmanphotography.com; https://bsky.app/profile/evgenyfeldman.bsky.social; https://www.facebook.com/FeldmanEvgeny; https://www.instagram.com/evgenyfeldman/; https://x.com/evgenyfeldman; https://www.threads.net/@evgenyfeldman; https://lv.linkedin.com/in/evgeny-feldman-424a668a; https://www.patreon.com/evgenyfeldman; https://t.me/evgenyfeldman ID: -1001016415932; https://www.youtube.com/@evgenyfeldman; https://vk.com/evgenyfeldman,Физические лица,,773613111929,,164-871-961 10,24.02.1991,,,30.05.2025,40817810238700588984,Московский банк ПАО Сбербанк,044525225,30101810400000000225,03.06.2025,
1000,Ракша Алексей Игоревич,"Статья 7 Федерального закона от 14.07.2022 № 255-ФЗ «О контроле за деятельностью лиц, находящихся под иностранным влиянием»",30.05.2025,,https://www.facebook.com/rickky.spirewanderer; https://twitter.com/AIRaksha1; https://t.me/RakshaDemography,Физические лица,,770904785268,,014-892-280 58,14.09.1978,,,30.05.2025,40817810938700588983,Московский банк ПАО Сбербанк,044525225,30101810400000000225,03.06.2025,
999,Поливанова Александра Владимировна,"Статья 7 Федерального закона от 14.07.2022 № 255-ФЗ «О контроле за деятельностью лиц, находящихся под иностранным влиянием»",30.05.2025,,https://www.facebook.com/alexandra.polivanova; https://vk.com/id172869472; https://ok.ru/profile/625638705,Физические лица,,771402024060,,078-034-714 69,12.04.1976,,,30.05.2025,40817810538049338388,Московский банк ПАО Сбербанк,044525225,30101810400000000225,03.06.2025,
998,Охотин Григорий Никитич,"Статья 7 Федерального закона от 14.07.2022 № 255-ФЗ «О контроле за деятельностью лиц, находящихся под иностранным влиянием»",30.05.2025,,https://www.facebook.com/okhotin.grigory,Физические лица,,770408231103,,117-131-271 11,02.12.1982,,,30.05.2025,,,,,,
997,Суханов Алексей Станиславович,"Статья 7 Федерального закона от 14.07.2022 № 255-ФЗ «О контроле за деятельностью лиц, находящихся под иностранным влиянием»",23.05.2025,,https://www.facebook.com/mrsuhanov; https://www.instagram.com/suhanov.official/; https://www.threads.net/@suhanov.official; https://www.youtube.com/@govorytsukhanov,Физические лица,,771402606301,,045-371-519 49,04.01.1974,,,23.05.2025,40817810838115557573,Московский банк ПАО Сбербанк,044525225,30101810400000000225,27.05.2025,
996,"Смирнов Александр Александрович ""Дельфинов""","Статья 7 Федерального закона от 14.07.2022 № 255-ФЗ «О контроле за деятельностью лиц, находящихся под иностранным влиянием»",23.05.2025,,"https://www.facebook.com/alexander.delphinov; https://www.instagram.com/poet.delfinov; www.youtube.com/@poet.delfinov; https://vk.com/delphinov; https://t.me/poetdelfinov, ID: -1001731606673; https://x.com/delphinoff",Физические лица,,773610472050,,018-263-108 28,30.09.1971,,,23.05.2025,40817810538115557572,Московский банк ПАО Сбербанк,044525225,30101810400000000225,27.05.2025,
995,Слабых Игорь Игоревич,"Статья 7 Федерального закона от 14.07.2022 № 255-ФЗ «О контроле за деятельностью лиц, находящихся под иностранным влиянием»",23.05.2025,,"https://t.me/uslegalnews, ID: -1001469480309; https://www.youtube.com/@igorslabykh/; https://www.facebook.com/igor.slabykh; https://www.instagram.com/igorslabykh/; https://www.linkedin.com/in/igor-slabykh/; https://www.patreon.com/slabykh",Физические лица,,771770367162,,079-740-732 08,22.02.1980,,,23.05.2025,,,,,,
994,Рачинский Ян Збигневич,"Статья 7 Федерального закона от 14.07.2022 № 255-ФЗ «О контроле за деятельностью лиц, находящихся под иностранным влиянием»",23.05.2025,,https://www.facebook.com/100024890229113,Физические лица,,771200799308,,025-847-659 83,06.12.1958,,,23.05.2025,40817810838049327002,Московский банк ПАО Сбербанк,044525225,30101810400000000225,27.05.2025,
993,Пивоваров Юрий Сергеевич,"Статья 7 Федерального закона от 14.07.2022 № 255-ФЗ «О контроле за деятельностью лиц, находящихся под иностранным влиянием»",23.05.2025,,,Физические лица,,773003697981,,019-806-187 68,25.04.1950,,,23.05.2025,40817810438263148904,Московский банк ПАО Сбербанк,044525225,30101810400000000225,27.05.2025,
992,Некрасов Дмитрий Александрович,"Статья 7 Федерального закона от 14.07.2022 № 255-ФЗ «О контроле за деятельностью лиц, находящихся под иностранным влиянием»",23.05.2025,,"https://dmitry-nekrasov.com/; https://www.facebook.com/dmitry.al.nekrasov; https://t.me/dnekrasov, ID: -1001743340057; https://x.com/d_nekrasov",Физические лица,,501208139624,,031-152-527 96,14.02.1980,,,23.05.2025,40817810038700575919,Московский банк ПАО Сбербанк,044525225,30101810400000000225,27.05.2025,
991,Королёв Андрей Владимирович,"Статья 7 Федерального закона от 14.07.2022 № 255-ФЗ «О контроле за деятельностью лиц, находящихся под иностранным влиянием»",23.05.2025,,,Физические лица,,519051687807,,052-282-293 40,20.04.1963,,,23.05.2025,,,,,,
990,«Земский съезд»,"Статья 7 Федерального закона от 14.07.2022 № 255-ФЗ «О контроле за деятельностью лиц, находящихся под иностранным влиянием»",16.05.2025,,https://zemstvo-russia.ru/; https://zemstvo-russia.ru/; https://t.me/zemstvo_russia; https://www.facebook.com/zemstvoRussia/; https://vk.com/zemstvo_russia,Иные объединения лиц,,,,,,"[Дунцова Екатерина Сергеевна, Боварь Виталий Викторович, Галямина Юлия Евгеньевна, Подольская Ольга Валерьевна, Соколов Антон Сергеевич, Берг Роман Станиславович, Бондарчук Александр Николаевич, Борисова Лидия Михайловна, Коровайный Александр Евгеньевич, Ковязин Михаил Николаевич, Головина Анна Владимировна, Кравченко Илья Роальдович, Лютаев Игорь Александрович, Руфов Иван Николаевич, Сафонов Вадим Константинович, Смирнов Константин Михайлович, Сорокин Николай Валерьевич, Тикка Алексей Александрович, Уткина Светлана Анатольевна, Цукасов Сергей Сергеевич, Черепанова Анна Федоровна, Щербакова Юлия Анатольевна, Дуленков Алексей Николаевич, Финогеев Иван Денисович, Вишневецкий Виктор Владимирович]",,16.05.2025,,,,,,
989,"Общественно-политическое движение ""Европейский Петербург""","Статья 7 Федерального закона от 14.07.2022 № 255-ФЗ «О контроле за деятельностью лиц, находящихся под иностранным влиянием»",16.05.2025,,https://t.me/evro_piter  ID -1001913099863; https://www.youtube.com/@europiter2024; https://www.tiktok.com/@europiter; https://www.facebook.com/evropeyskiypeterburg,Иные объединения лиц,,,,,,"[Гуляев Сергей Владимирович, Галкина Ольга Владимировна, Васильева Людмила Николаевна, Евдокимова Наталия Леонидовна, Резник Максим Львович, Скобов Александр Валерьевич, Ковальченко Сергей Владимирович, Лушников Алексей Германович, Кунин Василий Евгеньевич, Крикун Леонид Леонидович, Васильев Денис Борисович, Кузахметов Максим Рафикович]",,16.05.2025,,,,,,
988,Международная общественная организация «Независимая ассоциация врачей»,"Статья 7 Федерального закона от 14.07.2022 № 255-ФЗ «О контроле за деятельностью лиц, находящихся под иностранным влиянием»",16.05.2025,,"https://expert-doctors.site/; https://t.me/associationofdoctors, ID -1001238102691; https://vk.com/public202391178; https://www.instagram.com/association_of_doctors/; https://www.youtube.com/@Associationsofdoctors;  https://bastyon.com/associations_doctors",Иные объединения лиц,,,,,,"[Лушавина Алина Александровна, Умарова Лилия Александровна]",,16.05.2025,,,,,,
987,"Пуркин Дмитрий Николаевич ""Дед Архимед""","Статья 7 Федерального закона от 14.07.2022 № 255-ФЗ «О контроле за деятельностью лиц, находящихся под иностранным влиянием»",16.05.2025,,"https://www.youtube.com/@satiraded; https://vk.com/dedarhimed; https://t.me/dedarhimedd, ID -1001182388217; https://instagram.com/dedarkhimed; https://vk.com/id126300153; https://vk.com/dedarkhimed; https://rutube.ru/metainfo/tv/44314; https://www.facebook.com/%Дмитрий-Пуркин-100000923387767/; https://boosty.to/dedarhimed; https://www.patreon.com/user?u=18234006",Физические лица,,370215174970,,062-348-668 69,10.04.1973,,,16.05.2025,40817810317005161016,Ивановское отделение №8639 ПАО Сбербанк,047003608,30101810300000000608,20.05.2025,
986,Лученко Ксения Валерьевна,"Статья 7 Федерального закона от 14.07.2022 № 255-ФЗ «О контроле за деятельностью лиц, находящихся под иностранным влиянием»",16.05.2025,,"https://t.me/orthozombies, ID -1001220511463; https://www.facebook.com/xenia.loutchenko; https://www.instagram.com/xeniaray; https://vk.com/id472728394; https://x.com/KseniaLuchenko; https://linkedin.com/in/ksenia-luchenko-a09074239/; https://www.patreon.com/luchenko",Физические лица,,773601292798,,126-926-975 00,13.06.1979,,,16.05.2025,40817810138115546802,Московский банк ПАО Сбербанк,044525225,30101810400000000225,20.05.2025,
985,Комин Михаил Олегович,"Статья 7 Федерального закона от 14.07.2022 № 255-ФЗ «О контроле за деятельностью лиц, находящихся под иностранным влиянием»",16.05.2025,,"https://vk.com/kominmo; https://www.facebook.com/kominmo; https://x.com/komin_mo; https://t.me/komintariy, ID -1001670501430; https://www.linkedin.com/in/mikhail-komin-418840249; https://www.facebook.com/kominmikhail",Физические лица,,440122950704,,158-061-623 63,19.04.1993,,,16.05.2025,40817810438263141587,Московский банк ПАО Сбербанк,044525225,30101810400000000225,20.05.2025,
984,Зудиева Лутфие Ремзиевна,"Статья 7 Федерального закона от 14.07.2022 № 255-ФЗ «О контроле за деятельностью лиц, находящихся под иностранным влиянием»",16.05.2025,,https://vk.com/id887294668; https://x.com/zudiyeva; https://www.facebook.com/lutfiye.zudiyeva,Физические лица,,910513690671,,187-178-516 16,16.08.1982,,,16.05.2025,,,,,,
983,Чернышев Дмитрий Александрович,"Статья 7 Федерального закона от 14.07.2022 № 255-ФЗ «О контроле за деятельностью лиц, находящихся под иностранным влиянием»",25.04.2025,,"https://t.me/ResistanceRF, ID: -1001749752140; https://www.youtube.com/@MrDchernyshev; https://www.facebook.com/dmitry.chernyshev.5; https://www.patreon.com/mi3ch; https://www.instagram.com/ficciones1944",Физические лица,,774305732659,,023-920-281 23,27.03.1966,,,25.04.2025,40817810738049283547,Московский банк ПАО Сбербанк,044525225,30101810400000000225,29.04.2025,
982,"Сусолкин Константин Александрович ""Константин Березин""","Статья 7 Федерального закона от 14.07.2022 № 255-ФЗ «О контроле за деятельностью лиц, находящихся под иностранным влиянием»",25.04.2025,,https://www.youtube.com/@berezinonline; https://www.youtube.com/@НеополитикесКонстантиномБерези/; https://vk.com/id13899071; https://www.facebook.com/100003224501131; https://www.instagram.com/berezin.ka/,Физические лица,,462900992287,,081-062-157 28,16.09.1963,,,25.04.2025,40817810538068909002,Московский банк ПАО Сбербанк,044525225,30101810400000000225,29.04.2025,
981,Смагин Никита Анатольевич,"Статья 7 Федерального закона от 14.07.2022 № 255-ФЗ «О контроле за деятельностью лиц, находящихся под иностранным влиянием»",25.04.2025,,"https://www.instagram.com/niksmagin; https://www.facebook.com/nasmagin; https://x.com/NikitaSmagin; https://vk.com/nik28; https://t.me/russbv, ID: -1001120712621; https://t.me/irandezhurniy, ID: -1001363705400",Физические лица,,590586359373,,129-487-059 98,28.11.1990,,,25.04.2025,40817810138115514520,Московский банк ПАО Сбербанк,044525225,30101810400000000225,29.04.2025,
980,Сливяк Владимир Владимирович,"Статья 7 Федерального закона от 14.07.2022 № 255-ФЗ «О контроле за деятельностью лиц, находящихся под иностранным влиянием»",25.04.2025,,https://www.facebook.com/slivyak; https://www.instagram.com/vvs191919; https://x.com/VladimirSlivyak,Физические лица,,390615459771,,123-056-919 32,30.07.1973,,,25.04.2025,40817810438049283546,Московский банк ПАО Сбербанк,044525225,30101810400000000225,29.04.2025,
979,"Гончаров Василий Владимирович ""Вася Обломов""","Статья 7 Федерального закона от 14.07.2022 № 255-ФЗ «О контроле за деятельностью лиц, находящихся под иностранным влиянием»",25.04.2025,,http://www.vasyaoblomov.ru; https://vk.com/vasyaoblomov_group; https://vk.com/id16890766; https://x.com/VS_Oblomov; https://www.instagram.com/vasyaoblomov; https://www.facebook.com/oblomov.vasya; https://www.facebook.com/vasyaoblomov; http://www.youtube.com/vasyaoblomov; https://t.me/vs_oblomov ID: -1001728538177; https://v-goncharov.livejournal.com/; https://www.patreon.com/vasyaoblomov,Физические лица,,616117992819,,062-770-609 65,21.03.1984,,,25.04.2025,40817810838068909003,Московский банк ПАО Сбербанк,044525225,30101810400000000225,29.04.2025,
978,Шпак Александр Константинович,"Статья 7 Федерального закона от 14.07.2022 № 255-ФЗ «О контроле за деятельностью лиц, находящихся под иностранным влиянием»",18.04.2025,,https://shpak.tv/; https://www.instagram.com/familyshpakinvest; https://t.me/sashashpakofficial; https://www.youtube.com/@ShpakNews; https://www.tiktok.com/@realsashashpak,Физические лица,,780154079057,,069-427-514 93,01.04.1979,,,18.04.2025,40817810638263112523,Московский банк ПАО Сбербанк,044525225,30101810400000000225,22.04.2025,
977,Ширяев Вячеслав Эдуардович,"Статья 7 Федерального закона от 14.07.2022 № 255-ФЗ «О контроле за деятельностью лиц, находящихся под иностранным влиянием»",18.04.2025,,"https://www.facebook.com/vshiryaev; https://www.youtube.com/@Viacheslav_Shiryaev; https://t.me/korotkopodelu/1702, ID: -1001202573908; https://t.me/podcastshiryaev",Физические лица,,772915294427,,027-615-587 63,23.02.1977,,,18.04.2025,40817810938263112524,Московский банк ПАО Сбербанк,044525225,30101810400000000225,22.04.2025,
976,"Чистякова Мария Владимировна ""Мари Говори""","Статья 7 Федерального закона от 14.07.2022 № 255-ФЗ «О контроле за деятельностью лиц, находящихся под иностранным влиянием»",18.04.2025,,https://music.yandex.ru/artist/19007038; https://www.youtube.com/@Marici/; https://www.youtube.com/@govorihub/; https://www.youtube.com/@MariGovori/; https://www.tiktok.com/@marigovori; https://twitter.com/mariagovori; https://t.me/marigovori_ch; https://vk.com/realmarici; https://vk.com/maricimusic; https://www.facebook.com/mariagovori/; https://www.facebook.com/marigovori/; https://www.instagram.com/mariagovori/; https://www.instagram.com/marigovori/,Физические лица,,440701846503,,123-207-846 23,24.06.1994,,,18.04.2025,40817810655192544431,Головное отделение №9055 ПАО Сбербанк,044030653,30101810500000000653,22.04.2025,
975,Баблоян Ирина Арамовна,"Статья 7 Федерального закона от 14.07.2022 № 255-ФЗ «О контроле за деятельностью лиц, находящихся под иностранным влиянием»",18.04.2025,,"https://www.instagram.com/babloyan/; https://www.facebook.com/irina.babloyan; https://t.me/IrinaBabloyan, ID: -1001598435593",Физические лица,,771974259366,,145-386-642 85,01.12.1986,,,18.04.2025,40817810438047590257,Московский банк ПАО Сбербанк,044525225,30101810400000000225,22.04.2025,
974,Общественно-политическое движение «Удмуртия против коррупции»,"Статья 7 Федерального закона от 14.07.2022 № 255-ФЗ «О контроле за деятельностью лиц, находящихся под иностранным влиянием»",11.04.2025,,"https://www.youtube.com/@udmprotiv; https://t.me/udmprotivcor, ID: -1001284719378; https://t.me/normudm, ID: -1001491586654; https://t.me/povestki_udm, ID: -1001730185705; https://x.com/udmprotiv; https://www.instagram.com/udmprotiv; https://boosty.to/udmprotiv; https://www.patreon.com/udmprotivcor; https://www.tiktok.com/@udmurtiaprotiv; https://www.facebook.com/udmprotiv",Иные объединения лиц,,,,,,[Елисеев Иван Андреевич],,11.04.2025,,,,,,
973,Эппле Николай Владимирович,"Статья 7 Федерального закона от 14.07.2022 № 255-ФЗ «О контроле за деятельностью лиц, находящихся под иностранным влиянием»",11.04.2025,,"https://www.facebook.com/nikolay.epplee; https://www.instagram.com/nikolay_epplee; https://t.me/nieundwieder, ID: -1001336800105; https://t.me/thebirdandbaby, ID: -1001646944178; https://x.com/EppleeNikolay",Физические лица,,771575993800,,079-911-392 09,31.03.1977,,,11.04.2025,40817810138049404421,Московский банк ПАО Сбербанк,044525225,30101810400000000225,12.07.2025,
972,Счастливая Дарья Владимировна,"Статья 7 Федерального закона от 14.07.2022 № 255-ФЗ «О контроле за деятельностью лиц, находящихся под иностранным влиянием»",11.04.2025,,https://www.instagram.com/dashaschastie; https://www.facebook.com/d.schastlivaya; www.youtube.com/@dashaschastlivaya,Физические лица,,,,,17.09.1991,,,11.04.2025,,,,,,
971,Козырев Андрей Владимирович,"Статья 7 Федерального закона от 14.07.2022 № 255-ФЗ «О контроле за деятельностью лиц, находящихся под иностранным влиянием»",11.04.2025,,https://x.com/andreivkozyrev,Физические лица,,770304652650,,026-985-522 92,27.03.1951,,,11.04.2025,40817810338115671328,Московский банк ПАО Сбербанк,044525225,30101810400000000225,03.08.2025,
970,Каретникова Анна Георгиевна,"Статья 7 Федерального закона от 14.07.2022 № 255-ФЗ «О контроле за деятельностью лиц, находящихся под иностранным влиянием»",11.04.2025,,"https://vk.com/id557971747; https://www.facebook.com/akaretnikova/; https://x.com/may_antiwar; https://t.me/AliceKaretnikova, ID: -1001544296372",Физические лица,,772340092782,,008-865-388 86,29.04.1970,,,11.04.2025,40817810238700686860,Московский банк ПАО Сбербанк,044525225,30101810400000000225,25.07.2025,
969,Издание «Гласная»,"Статья 7 Федерального закона от 14.07.2022 № 255-ФЗ «О контроле за деятельностью лиц, находящихся под иностранным влиянием»",04.04.2025,,"https://glasnaya.media; https://www.instagram.com/glasnaya.media; https://x.com/glasnayamedia; https://www.facebook.com/glasnaya.media; https://www.youtube.com/Glasnayamedia; https://vk.com/glasnaya.media; https://t.me/glasnaya_media, ID -1001445408031; https://lnk.bio/glasnaya",Иные объединения лиц,,,,,,[Разлатая Евгения Вячеславовна],,04.04.2025,,,,,,
968,"Толстой Святослав Георгиевич ""Толстой Слава""","Статья 7 Федерального закона от 14.07.2022 № 255-ФЗ «О контроле за деятельностью лиц, находящихся под иностранным влиянием»",04.04.2025,,https://www.facebook.com/SlavaTolstoyMusic; https://www.facebook.com/slava.tolstoy; https://www.instagram.com/slavatolstoymusic; https://www.youtube.com/slavatol,Физические лица,,780108888350,,026-397-361 70,13.09.1976,,,04.04.2025,40817810655192505247,Головное отделение №9055 ПАО Сбербанк,044030653,30101810500000000653,14.04.2025,
967,Лушников Алексей Германович,"Статья 7 Федерального закона от 14.07.2022 № 255-ФЗ «О контроле за деятельностью лиц, находящихся под иностранным влиянием»",04.04.2025,,"https://www.facebook.com/alexis.lushnikov/; https://www.instagram.com/lushnikov_al; https://vk.com/public56255828; https://t.me/lushnikov_Alexey, ID: -1001127565162",Физические лица,,780157755465,,024-650-407 23,10.06.1966,,,04.04.2025,,,,,,
966,"Губанов Алексей Александрович ""JesusAVGN, Хесус""","Статья 7 Федерального закона от 14.07.2022 № 255-ФЗ «О контроле за деятельностью лиц, находящихся под иностранным влиянием»",04.04.2025,,"https://kick.com/jesusavgn; https://www.twitch.tv/JesusAVGN/; https://www.instagram.com/etozhehesus/; https://x.com/jesus_avgn; https://t.me/jesusavgntwitch, ID: - 1001181393502; https://t.me/jesusavng, ID: -1001404807279; https://t.me/cryptohuisos, ID: -1002145669998; https://www.youtube.com/@HESUSSTREAM; https://www.youtube.com/@JesusAVGN; https://t.me/pojilayahueta; https://www.youtube.com/@HESUSAVGN",Физические лица,,425301614825,,147-832-033 69,30.03.1992,,,04.04.2025,40817810955192505248,Головное отделение №9055 ПАО Сбербанк,044030653,30101810500000000653,14.04.2025,
965,Барабаш Екатерина Юрьевна,"Статья 7 Федерального закона от 14.07.2022 № 255-ФЗ «О контроле за деятельностью лиц, находящихся под иностранным влиянием»",04.04.2025,,https://www.facebook.com/ekaterina.barabash,Физические лица,,770406374995,,015-368-217 37,26.04.1961,,,04.04.2025,40817810838115490834,Московский банк ПАО Сбербанк,044525225,30101810400000000225,14.04.2025,
964,Интернет-проект «Объектив»,"Статья 7 Федерального закона от 14.07.2022 № 255-ФЗ «О контроле за деятельностью лиц, находящихся под иностранным влиянием»",28.03.2025,,"https://www.youtube.com/@Obyektiv; https://t.me/obyektiv_media, ID: -1001844059377",Иные объединения лиц,,,,,,"[Брюханова Анастасия Андреевна, Кузнецова Анна, Мешалкина Анна, Чижов Михаил Михайлович]",,28.03.2025,,,,,,
963,Щербакова Ирина Лазаревна,"Статья 7 Федерального закона от 14.07.2022 № 255-ФЗ «О контроле за деятельностью лиц, находящихся под иностранным влиянием»",28.03.2025,,https://www.facebook.com/irasherb/,Физические лица,,773473153570,,027-084-967 66,14.05.1949,,,28.03.2025,40817810238263096230,Московский банк ПАО Сбербанк,044525225,30101810400000000225,08.04.2025,
962,Шмурнов Александр Иванович,"Статья 7 Федерального закона от 14.07.2022 № 255-ФЗ «О контроле за деятельностью лиц, находящихся под иностранным влиянием»",28.03.2025,,"https://www.youtube.com/@SHMURNOVTIME; https://www.youtube.com/@TimeSet1; https://www.youtube.com/@TimeSportShorts; https://www.youtube.com/@TimePrognoz; https://www.youtube.com/@OvertimeTime; https://www.instagram.com/ashmurnov/; https://t.me/ashmurnov, ID: -1001724198529; https://t.me/timeproject1, ID: – 1001846285567; https://www.facebook.com/alexander.shmurnov; https://dzen.ru/timeproject1; https://boosty.to/shmurnov_time; https://www.twitch.tv/shmurnov_time",Физические лица,,771513335209,,001-545-070 91,08.12.1966,,,28.03.2025,40817810938700487615,Московский банк ПАО Сбербанк,044525225,30101810400000000225,08.04.2025,
961,Черепанова Ксения Федоровна,"Статья 7 Федерального закона от 14.07.2022 № 255-ФЗ «О контроле за деятельностью лиц, находящихся под иностранным влиянием»",28.03.2025,,"http://www.facebook.com/ksenia.cherepanova.14; https://vk.com/id851336057; https://vk.com/id442608499; https://t.me/xeniacherepanova, ID: -1001907540052; http://www.instagram.com.ksenia.cherepanova.14; http://www.treands.net/@ksenia.cherepanova.14",Физические лица,,532108571020,,077-891-170 17,25.08.1973,,,28.03.2025,40817810643861636256,Новгородское отделение №8629 ПАО Сбербанк,041117601,30101810100000000601,08.04.2025,
960,"Бровков Артем Андреевич ""Fuze Krec""","Статья 7 Федерального закона от 14.07.2022 № 255-ФЗ «О контроле за деятельностью лиц, находящихся под иностранным влиянием»",28.03.2025,,https://vk.com/fuzekrec; https://x.com/fuzekrec; https://www.instagram.com/fuzekrec/; https://www.facebook.com/fuze.krec; https://vk.com/k_rec; https://t.me/fuzekrec ID: -1001142199957; https://www.facebook.com/KitchenRECords; https://www.youtube.com/@fuzekrec; https://linktr.ee/krec,Физические лица,,780513147104,,060-646-476 59,22.01.1980,,,28.03.2025,40817810855192473629,Головное отделение №9055 ПАО Сбербанк,044030653,30101810500000000653,08.04.2025,
959,Шишкин Михаил Павлович,"Статья 7 Федерального закона от 14.07.2022 № 255-ФЗ «О контроле за деятельностью лиц, находящихся под иностранным влиянием»",21.03.2025,,https://mikhailshishkin.com/михаил-шишкин/; https://www.facebook.com/mikhail.shishkin.7,Физические лица,,772818769442,,122-179-168 38,18.01.1961,,,21.03.2025,,,,,,
958,Чаниа Изида Терентьевна,"Статья 7 Федерального закона от 14.07.2022 № 255-ФЗ «О контроле за деятельностью лиц, находящихся под иностранным влиянием»",21.03.2025,,https://www.facebook.com/100002737302606,Физические лица,,230410363250,,207-476-901 77,10.02.1962,,,21.03.2025,40817810760314091121,Карачаево-Черкесское отделение №8585 ПАО Сбербанк,040702615,30101810907020000615,08.04.2025,
957,"Комиссаров Станислав Андреевич ""Слава ПТРК""","Статья 7 Федерального закона от 14.07.2022 № 255-ФЗ «О контроле за деятельностью лиц, находящихся под иностранным влиянием»",21.03.2025,,"https://slavaptrk.art/; https://vk.com/id3248362; https://t.me/ptrkwashere, ID: -1001204045350; https://t.me/ptrkauction, ID: -1002162712675; https://www.instagram.com/slavaptrk; https://www.instagram.com/ptrk.store; https://www.facebook.com/slava.ptrk",Физические лица,,450206591310,,127-988-769 40,16.02.1990,,,21.03.2025,,,,,,
956,Вырыпаев Иван Александрович,"Статья 7 Федерального закона от 14.07.2022 № 255-ФЗ «О контроле за деятельностью лиц, находящихся под иностранным влиянием»",21.03.2025,,https://www.instagram.com/vyrypaevivan,Физические лица,,381203980733,,079-539-917 34,03.08.1974,,,21.03.2025,40817810138263096233,Московский банк ПАО Сбербанк,044525225,30101810400000000225,08.04.2025,
955,"Балунов Александр Валентинович ""Балу""","Статья 7 Федерального закона от 14.07.2022 № 255-ФЗ «О контроле за деятельностью лиц, находящихся под иностранным влиянием»",21.03.2025,,"https://www.youtube.com/@AlexanderBalunov; https://vk.com/sasha_balunov; https://www.instagram.com/alexandrbalunov; https://t.me/balutelegram, ID: -1001757415760; https://www.facebook.com/alexandr.balunov",Физические лица,,780613743238,,018-655-053 57,19.03.1973,,,21.03.2025,,,,,,
954,Аршба Низфа Дарисмановна,"Статья 7 Федерального закона от 14.07.2022 № 255-ФЗ «О контроле за деятельностью лиц, находящихся под иностранным влиянием»",21.03.2025,,https://www.facebook.com/nizfaa,Физические лица,,,,,02.08.1979,,,21.03.2025,,,,,,
953,Обухов Герман Викторович,"Статья 7 Федерального закона от 14.07.2022 № 255-ФЗ «О контроле за деятельностью лиц, находящихся под иностранным влиянием»",14.03.2025,,https://herman-obuhov.com; https://www.facebook.com/herman.obuhov; https://www.linkedin.com/in/herman-obuhov-44801538/,Физические лица,,781308676682,,144-327-905 56,27.11.1949,,,14.03.2025,40817810655192473638,Головное отделение №9055 ПАО Сбербанк,044030653,30101810500000000653,08.04.2025,
952,Боссарт Алла Борисовна,"Статья 7 Федерального закона от 14.07.2022 № 255-ФЗ «О контроле за деятельностью лиц, находящихся под иностранным влиянием»",14.03.2025,,"https://www.facebook.com/alla.bossart; https://t.me/aboss49, ID -1001547021507",Физические лица,,771409355551,,079-147-236 90,02.04.1949,,,14.03.2025,,,,,,
951,Аксенов Андрей Николаевич,"Статья 7 Федерального закона от 14.07.2022 № 255-ФЗ «О контроле за деятельностью лиц, находящихся под иностранным влиянием»",14.03.2025,,"https://dronopaedia.ru/; https://www.instagram.com/dronopaedia; https://vk.com/zakat_podcast; https://www.youtube.com/@dronopaedia; https://x.com/a_frony/; http://vk.com/a_frony; https://boosty.to/dronopaedia; https://www.patreon.com/zakat_podcast; https://t.me/zakat_podcast, ID: - 1001460579467",Физические лица,,772070526517,,132-580-256 38,12.08.1983,,,14.03.2025,40817810138700487619,Московский банк ПАО Сбербанк,044525225,30101810400000000225,08.04.2025,
950,Хашиг Инал Николаевич,"Статья 7 Федерального закона от 14.07.2022 № 255-ФЗ «О контроле за деятельностью лиц, находящихся под иностранным влиянием»",07.03.2025,,https://t.me/s/InalKhashig; https://www.instagram.com/inalkhashig/,Физические лица,,,,,15.08.1968,,,07.03.2025,,,,,,
949,Левшиц Николай Дмитриевич,"Статья 7 Федерального закона от 14.07.2022 № 255-ФЗ «О контроле за деятельностью лиц, находящихся под иностранным влиянием»",07.03.2025,,"https://nlevshits.com; https://www.instagram.com/nlevshits; https://www.threads.net/@nlevshits; https://twitter.com/nlevshits; https://t.me/nlevshitstelegram, ID: -1001108023821; https://www.facebook.com/nlevshits; https://www.facebook.com/nlevshitspage; https://youtube.com/@nlevshits",Физические лица,,772452567057,,,23.03.1978,,,07.03.2025,40817810738068879686,Московский банк ПАО Сбербанк,044525225,30101810400000000225,08.04.2025,
948,Климов Антон Михайлович,"Статья 7 Федерального закона от 14.07.2022 № 255-ФЗ «О контроле за деятельностью лиц, находящихся под иностранным влиянием»",07.03.2025,,"https://vk.com/klimovam86; https://t.me/klimovdeputat, ID: -1001951039708; https://www.facebook.com/antony.klimov.7",Физические лица,,471908709600,,146-489-727 13,17.11.1986,,,07.03.2025,40817810055192473636,Головное отделение №9055 ПАО Сбербанк,044030653,30101810500000000653,08.04.2025,
947,Жирнов Сергей Олегович,"Статья 7 Федерального закона от 14.07.2022 № 255-ФЗ «О контроле за деятельностью лиц, находящихся под иностранным влиянием»",07.03.2025,,"https://www.youtube.com/@SergueiJirnov; https://x.com/sergueijirnov; https://www.linkedin.com/in/jirnov; https://t.me/jirnov_official, ID: -1001577400585; https://www.facebook.com/jirnov; https://t.me/serguei_jirnov_svr",Физические лица,,771311680900,,,17.04.1961,,,07.03.2025,,,,,,
946,Гатов Василий Викторович,"Статья 7 Федерального закона от 14.07.2022 № 255-ФЗ «О контроле за деятельностью лиц, находящихся под иностранным влиянием»",07.03.2025,,https://www.facebook.com/prinzip; https://x.com/vassgatov,Физические лица,,771404261701,,001-025-980 80,14.09.1965,,,07.03.2025,,,,,,
945,Лирник Антон Анатольевич,"Статья 7 Федерального закона от 14.07.2022 № 255-ФЗ «О контроле за деятельностью лиц, находящихся под иностранным влиянием»",21.02.2025,,https://www.lirnik.com; https://www.youtube.com/@anton.lirnik; https://www.facebook.com/anton.lirnik; https://vk.com/antonlirnik; https://x.com/_antonlirnik_; https://www.instagram.com/lirnik/; https://www.tiktok.com/@anton.lirnyk,Физические лица,,,,,23.09.1976,,,21.02.2025,,,,,,
944,Александрова-Зорина Елизавета Борисовна,"Статья 7 Федерального закона от 14.07.2022 № 255-ФЗ «О контроле за деятельностью лиц, находящихся под иностранным влиянием»",21.02.2025,,https://www.facebook.com/alexandrovazorina; https://x.com/LizaAlZorina,Физические лица,,771894182206,,163-992-024 92,22.03.1984,,,21.02.2025,40817810438046486838,Московский банк ПАО Сбербанк,044525225,30101810400000000225,08.04.2025,
943,Азар Илья Вильямович,"Статья 7 Федерального закона от 14.07.2022 № 255-ФЗ «О контроле за деятельностью лиц, находящихся под иностранным влиянием»",21.02.2025,,"https://t.me/cortazar, ID -1001046102848; https://www.instagram.com/a3ap; https://x.com/A3AP; https://www.facebook.com/iazar; https://www.patreon.com/iazar",Физические лица,,770408449854,,134-258-799 77,29.06.1984,,,21.02.2025,,,,,,
942,"Адагамов Рустем Ринатович ""Drugoi""","Статья 7 Федерального закона от 14.07.2022 № 255-ФЗ «О контроле за деятельностью лиц, находящихся под иностранным влиянием»",21.02.2025,,"https://t.me/adagamov_online, ID -1001357475834; https://www.facebook.com/adagamov; https://www.instagram.com/adagamov/",Физические лица,,772272598306,,143-402-898 43,08.11.1961,,,21.02.2025,,,,,,
941,Агалакова Жанна Леонидовна,"Статья 7 Федерального закона от 14.07.2022 № 255-ФЗ «О контроле за деятельностью лиц, находящихся под иностранным влиянием»",21.02.2025,,https://www.instagram.com/zhanna_agalakova; https://www.facebook.com/zhanna.agalakova,Физические лица,,771408060770,,013-271-005 85,06.12.1965,,,21.02.2025,,,,,,
940,Парменов Никита Владимирович,"Статья 7 Федерального закона от 14.07.2022 № 255-ФЗ «О контроле за деятельностью лиц, находящихся под иностранным влиянием»",14.02.2025,,"https://t.me/parmenovosti/, ID: – 1001739662406; https://t.me/belpepel, ID: – 1001533613477; https://t.me/kurpepel, ID: – 1001800064625",Физические лица,,312334442006,,150-950-354 50,10.07.1995,,,14.02.2025,40817810607005933574,Белгородское отделение №8592 ПАО Сбербанк,041403633,30101810100000000633,01.03.2025,
939,Кунгуров Алексей Анатольевич,"Статья 7 Федерального закона от 14.07.2022 № 255-ФЗ «О контроле за деятельностью лиц, находящихся под иностранным влиянием»",14.02.2025,,"https://t.me/alekseykungurov, ID: -1001198773228; https://www.instagram.com/akungur/; https://x.com/kungurov; https://kungurov.livejournal.com/; https://www.facebook.com/alekskungurov; https://www.youtube.com/@akunglive; https://vk.com/akungurov; https://teletype.in/@a_kungurov; https://www.patreon.com/kungurov1977; https://boosty.to/akungur",Физические лица,,720206259224,,071-677-622 85,06.03.1977,,,14.02.2025,,,,,,
938,Гудков Лев Дмитриевич,"Статья 7 Федерального закона от 14.07.2022 № 255-ФЗ «О контроле за деятельностью лиц, находящихся под иностранным влиянием»",14.02.2025,,,Физические лица,,771517099672,,001-301-564 60,06.12.1946,,,14.02.2025,40817810238068815577,Московский банк ПАО Сбербанк,044525225,30101810400000000225,01.03.2025,
937,Бондарев Борис Анатольевич,"Статья 7 Федерального закона от 14.07.2022 № 255-ФЗ «О контроле за деятельностью лиц, находящихся под иностранным влиянием»",14.02.2025,,"https://www.facebook.com/basileos.autocrator; https://t.me/kotSimeon, ID: -1001512048951; https://x.com/vizlypuzly1; https://borisbondarev.substack.com/; https://substack.com/@borisbondarev; https://www.linkedin.com/in/boris-bondarev-b100971ab/; https://www.youtube.com/@TrueDiplomacyForTruePeople",Физические лица,,773004430405,,031-152-256 92,10.09.1980,,,14.02.2025,40817810438263045722,Московский банк ПАО Сбербанк,044525225,30101810400000000225,01.03.2025,
936,Ауслендер Сергей Дмитриевич,"Статья 7 Федерального закона от 14.07.2022 № 255-ФЗ «О контроле за деятельностью лиц, находящихся под иностранным влиянием»",14.02.2025,,https://www.youtube.com/@sergey_auslender; https://t.me/voinasordoy; https://www.facebook.com/sergey.auslender; https://t.me/israeltoday; https://boosty.to/auslender; https://patreon.com/auslender,Физические лица,,253605287111,,033-905-149 38,16.09.1972,,,14.02.2025,40817810038045100175,Московский банк ПАО Сбербанк,044525225,30101810400000000225,01.03.2025,
935,Проект «Зона солидарности»,"Статья 7 Федерального закона от 14.07.2022 № 255-ФЗ «О контроле за деятельностью лиц, находящихся под иностранным влиянием»",07.02.2025,,"https://solidarityzone.net/; https://www.instagram.com/solidarity.zone/; https://t.me/solidarity_zone, ID: -1001378333145; https://www.facebook.com/solidarityzone; https://x.com/solidarity_zone; https://www.patreon.com/solidarity_zone; https://linktr.ee/solidarity_zone",Иные объединения лиц,,,,,,"[Курбатова Анна, Шамина Евгения, Мельков Илья]",,07.02.2025,,,,,,
934,Шейтельман Михаил,"Статья 7 Федерального закона от 14.07.2022 № 255-ФЗ «О контроле за деятельностью лиц, находящихся под иностранным влиянием»",07.02.2025,,https://t.me/sheitelman; https://www.facebook.com/sheitelman; https://www.linkedin.com/in/michael-sheitelman-b6a838b/; https://www.youtube.com/@sheitelman; https://www.tiktok.com/@sheitelman,Физические лица,,,,,04.12.1968,,,07.02.2025,,,,,,
933,Шевченко Анастасия Нукзариевна,"Статья 7 Федерального закона от 14.07.2022 № 255-ФЗ «О контроле за деятельностью лиц, находящихся под иностранным влиянием»",07.02.2025,,https://www.facebook.com/anastasiya.shevchenko.9047; https://t.me/wantedanastasia; https://www.instagram.com/wantedanastasia?igsh=MWVmcnltd21sdnF0Mg==,Физические лица,,030401252100,,103-399-253 47,23.10.1979,,,07.02.2025,40817810152223171960,Ростовское отделение №5221 ПАО Сбербанк,046015602,30101810600000000602,01.03.2025,
932,Панюшкин Валерий Валерьевич,"Статья 7 Федерального закона от 14.07.2022 № 255-ФЗ «О контроле за деятельностью лиц, находящихся под иностранным влиянием»",07.02.2025,,,Физические лица,,770502558057,,025-682-793 76,26.06.1969,,,07.02.2025,40817810738045100174,Московский банк ПАО Сбербанк,044525225,30101810400000000225,01.03.2025,
931,Осипова Светлана Витальевна,"Статья 7 Федерального закона от 14.07.2022 № 255-ФЗ «О контроле за деятельностью лиц, находящихся под иностранным влиянием»",07.02.2025,,https://www.instagram.com/osipova_smetana; https://www.facebook.com/svetlana.osipova.754; https://vk.com/id23643690; https://x.com/ossvetlana,Физические лица,,775107024840,,165-922-575 97,01.03.1995,,,07.02.2025,40817810838115400507,Московский банк ПАО Сбербанк,044525225,30101810400000000225,01.03.2025,
930,Голубева Анастасия Павловна,"Статья 7 Федерального закона от 14.07.2022 № 255-ФЗ «О контроле за деятельностью лиц, находящихся под иностранным влиянием»",07.02.2025,,https://www.facebook.com/nancy.golubeva; https://www.instagram.com/greenlightoff,Физические лица,,772420568428,,191-605-694 83,25.04.1995,,,07.02.2025,40817810838115479457,Московский банк ПАО Сбербанк,044525225,30101810400000000225,08.04.2025,
929,Бусыгина Ирина Марковна,"Статья 7 Федерального закона от 14.07.2022 № 255-ФЗ «О контроле за деятельностью лиц, находящихся под иностранным влиянием»",07.02.2025,,https://www.researchgate.net/profile/Busygina-Irina; https://www.ponarseurasia.org/author/irina-busygina/; https://ridl.io/ru/auth/irina-busygina/,Физические лица,,772819011570,,065-694-624 04,29.03.1964,,,07.02.2025,40817810138263045721,Московский банк ПАО Сбербанк,044525225,30101810400000000225,01.03.2025,
928,Фохт-Бабушкина Елизавета Антоновна,"Статья 7 Федерального закона от 14.07.2022 № 255-ФЗ «О контроле за деятельностью лиц, находящихся под иностранным влиянием»",31.01.2025,,https://www.instagram.com/lizafokht/; https://x.com/lizafokht; https://www.facebook.com/elizaveta.fokht/,Физические лица,,770770839134,,174-017-626 53,01.09.1994,,,31.01.2025,40817810438045100173,Московский банк ПАО Сбербанк,044525225,30101810400000000225,01.03.2025,
927,Сухарев Дмитрий Вадимович,"Статья 7 Федерального закона от 14.07.2022 № 255-ФЗ «О контроле за деятельностью лиц, находящихся под иностранным влиянием»",31.01.2025,,"https://x.com/D_Suharev; https://www.instagram.com/dmitry.suharev/; https://www.facebook.com/Suharev.Dmitry; https://vk.com/sukharev_d; https://t.me/D_Suharev, ID: -1001257920776; https://www.threads.net/@dmitry.suharev",Физические лица,,781019077400,,116-280-602 30,04.01.1983,,,31.01.2025,40817810755192256564,Головное отделение Северо-Западного банка №9055 ПАО Сбербанк,044030653,30101810500000000653,01.03.2025,
926,"Суворкин Антон Владимирович ""Anton S""","Статья 7 Федерального закона от 14.07.2022 № 255-ФЗ «О контроле за деятельностью лиц, находящихся под иностранным влиянием»",31.01.2025,,"https://www.youtube.com/@antonslive; https://www.youtube.com/@AntonSuvorkin; https://www.youtube.com/@antonstalks; https://vk.com/antonsofficial; https://vk.com/antonspersonal; https://t.me/antonspletni, ID: -1001368743268; https://t.me/ASprvtshopping, ID: -1002109116307; https://t.me/Anton_Suvorkin, ID: -1001798839463; https://www.instagram.com/suvorkin; https://www.facebook.com/suvorkin; https://www.tiktok.com/@antonsuv; https://www.youtube.com/@antonsthethird",Физические лица,,,,,19.11.1978,,,31.01.2025,,,,,,
925,Раевский Владимир Евгеньевич,"Статья 7 Федерального закона от 14.07.2022 № 255-ФЗ «О контроле за деятельностью лиц, находящихся под иностранным влиянием»",31.01.2025,,https://vraevskiy.com/; https://www.facebook.com/vladimir.raevskiy.9; https://www.youtube.com/@vraevskiy; https://www.instagram.com/vipsauna; https://t.me/vipsauna,Физические лица,,666103834412,,121-339-315 16,31.05.1985,,,31.01.2025,40817810138045100172,Московский банк ПАО Сбербанк,044525225,30101810400000000225,01.03.2025,
924,Новашов Андрей Валерьевич,"Статья 7 Федерального закона от 14.07.2022 № 255-ФЗ «О контроле за деятельностью лиц, находящихся под иностранным влиянием»",31.01.2025,,,Физические лица,,420537620651,,051-036-178 10,30.04.1977,,,31.01.2025,40817810426008666493,Кемеровское отделение №8615 ПАО Сбербанк,043207612,30101810200000000612,01.03.2025,
923,"Зицер Вадим Семенович ""Дима Зицер""","Статья 7 Федерального закона от 14.07.2022 № 255-ФЗ «О контроле за деятельностью лиц, находящихся под иностранным влиянием»",31.01.2025,,"http://zicerino.com; https://vk.com/zicer; https://www.youtube.com/@dimazicer; https://t.me/dimazicer1, ID: - 1001709432349; https://www.facebook.com/dima.zicer; https://www.instagram.com/dimazicer",Физические лица,,,,,28.11.1966,,,31.01.2025,,,,,,
922,Абишев Илья Еркенович,"Статья 7 Федерального закона от 14.07.2022 № 255-ФЗ «О контроле за деятельностью лиц, находящихся под иностранным влиянием»",31.01.2025,,https://www.facebook.com/ilya.abishev,Физические лица,,773372789000,,136-761-305 64,27.12.1968,,,31.01.2025,40817810838263045720,Московский банк ПАО Сбербанк,044525225,30101810400000000225,01.03.2025,
921,Проект «Поддержка политзаключенных. Мемориал»,"Статья 7 Федерального закона от 14.07.2022 № 255-ФЗ «О контроле за деятельностью лиц, находящихся под иностранным влиянием»",24.01.2025,,"https://memopzk.org/; https://t.me/pzk_memorial, ID: -1001738735577; https://www.facebook.com/pzk.memorial; https://x.com/pzk_memorial; https://x.com/pzk_memo_eng; https://www.instagram.com/memorial_pzk",Иные объединения лиц,,,,,,[Давидис Сергей Константинович],,24.01.2025,,,,,,
920,Федоровых Арина Эдуардовна,"Статья 7 Федерального закона от 14.07.2022 № 255-ФЗ «О контроле за деятельностью лиц, находящихся под иностранным влиянием»",24.01.2025,,https://www.facebook.com/arina.fedorovykh,Физические лица,,,,,16.05.1997,,,24.01.2025,,,,,,
919,Продайвода Алексей Владимирович,"Статья 7 Федерального закона от 14.07.2022 № 255-ФЗ «О контроле за деятельностью лиц, находящихся под иностранным влиянием»",24.01.2025,,https://www.facebook.com/oleksii.prodaivoda; https://www.instagram.com/alejandro_pro_ua/; https://x.com/prodaivoda,Физические лица,,,,,19.09.1990,,,24.01.2025,,,,,,
918,"Лешкевич Владислав Валерьевич ""Влади""","Статья 7 Федерального закона от 14.07.2022 № 255-ФЗ «О контроле за деятельностью лиц, находящихся под иностранным влиянием»",24.01.2025,,"https://vlady.pro/; https://www.facebook.com/vladypublic; https://www.facebook.com/vlady.pro; https://www.instagram.com/vlady.pro; https://twitter.com/vlady_pro; https://vk.com/vlady_pro; https://t.me/vlady_pro, ID: -1001527961156",Физические лица,,616800013122,,133-750-297 51,17.12.1978,,,,40817810838045100171,Московский банк ПАО Сбербанк,044525225,30101810400000000225,01.03.2025,
917,Климов Максим Евгеньевич,"Статья 7 Федерального закона от 14.07.2022 № 255-ФЗ «О контроле за деятельностью лиц, находящихся под иностранным влиянием»",24.01.2025,,"https://t.me/meklimov, ID -1001189147206; https://facebook.com/m.e.klimov; https://twitter.com/m_shikana; https://www.instagram.com/m.e.klimov; https://t.me/apolitic_gubit,  ID: -1001109798294; https://youtube.com/c/Аполитичностьгубит; https://www.instagram.com/apolitic_gubit; https://youtube.com/@VintiqueWheels",Физические лица,,311301242169,,140-965-640 70,07.01.1992,,,24.01.2025,40817810307005933573,Белгородское отделение №8592 ПАО Сбербанк,041403633,30101810100000000633,01.03.2025,
916,Ившина Ольга Яковлевна,"Статья 7 Федерального закона от 14.07.2022 № 255-ФЗ «О контроле за деятельностью лиц, находящихся под иностранным влиянием»",24.01.2025,,"https://x.com/oivshina; https://t.me/ivshiO, ID: -1001619325916; https://www.facebook.com/oivshina; https://www.instagram.com/oivshina/",Физические лица,,165916753700,,124-942-488 70,10.11.1986,,,24.01.2025,40817810462490027097,Банк Татарстан отделение №8610 ПАО Сбербанк,049205603,30101810600000000603,01.03.2025,
915,Барбашин Антон Игоревич,"Статья 7 Федерального закона от 14.07.2022 № 255-ФЗ «О контроле за деятельностью лиц, находящихся под иностранным влиянием»",24.01.2025,,https://www.facebook.com/anton.barbashin; https://x.com/abarbashin,Физические лица,,540231408212,,156-306-549 64,12.03.1990,,,24.01.2025,40817810844055073161,Новосибирское отделение №8047 ПАО Сбербанк,045004641,30101810500000000641,01.03.2025,
914,Общество с ограниченной ответственностью «АЛАЯ БУКВА»,"Статья 9 Федерального закона от 14.07.2022 № 255-ФЗ «О контроле за деятельностью лиц, находящихся под иностранным влиянием»",17.01.2025,,,Юридические лица,,1200016810,1241200003659,,,,,17.01.2025,40702810838000000020,"ПАО ""Сбербанк"" 117312, Москва, ул. Вавилова, 19",044525225,30101810400000000225,01.03.2025,
913,Проект «Идите лесом»,"Статья 7 Федерального закона от 14.07.2022 № 255-ФЗ «О контроле за деятельностью лиц, находящихся под иностранным влиянием»",17.01.2025,,"https://iditelesom.org/; https://www.patreon.com/IditeLesom; https://instagram.com/gobytheforest; https://t.me/iditelesom_help, ID: - 1001602226825",Иные объединения лиц,,,,,,"[Свердлин Григорий Сергеевич, Берг (Свердлина) Дарья, Горбацевич Антон Николаевич, Чувиляев Иван Михайлович]",,17.01.2025,,,,,,
912,Рубин Антон Борисович,"Статья 7 Федерального закона от 14.07.2022 № 255-ФЗ «О контроле за деятельностью лиц, находящихся под иностранным влиянием»",17.01.2025,,https://t.me/rubin_public; https://www.facebook.com/anton.rubin.samara; https://www.instagram.com/anton.rubin.samara/; https://www.youtube.com/@RZVRT; https://t.me/rzvrt; https://www.youtube.com/@RZVRT_casual; https://t.me/butt_dumpling,Физические лица,,631501710707,,109-481-645 70,28.11.1981,,,17.01.2025,40817810054101986574,Самарское отделение №6991 ПАО Сбербанк,043601607,30101810200000000607,01.03.2025,
911,Ромалийская Ирина Геннадьевна,"Статья 7 Федерального закона от 14.07.2022 № 255-ФЗ «О контроле за деятельностью лиц, находящихся под иностранным влиянием»",17.01.2025,,"https://www.facebook.com/irina.romaliyskaya, https://www.instagram.com/romaliyska",Физические лица,,,,,04.06.1984,,,17.01.2025,,,,,,
910,Прокопенко Александра Сергеевна,"Статья 7 Федерального закона от 14.07.2022 № 255-ФЗ «О контроле за деятельностью лиц, находящихся под иностранным влиянием»",17.01.2025,,https://www.facebook.com/alexandra.prokopenko.1,Физические лица,,772746800108,,115-526-313 29,08.01.1986,,,17.01.2025,40817810438263045719,Московский банк ПАО Сбербанк,044525225,30101810400000000225,01.03.2025,
909,Лотарева Анастасия Александровна,"Статья 7 Федерального закона от 14.07.2022 № 255-ФЗ «О контроле за деятельностью лиц, находящихся под иностранным влиянием»",17.01.2025,,https://www.facebook.com/nastya.lotareva; https://x.com/lotareva3,Физические лица,,771709120656,,147-477-636 05,07.12.1983,,,17.01.2025,40817810238700402235,Московский банк ПАО Сбербанк,044525225,30101810400000000225,01.03.2025,
908,Козенко Андрей Дмитриевич,"Статья 7 Федерального закона от 14.07.2022 № 255-ФЗ «О контроле за деятельностью лиц, находящихся под иностранным влиянием»",17.01.2025,,https://www.facebook.com/andrey.kozenko.5; https://x.com/akozenko,Физические лица,,645000545213,,047-541-371 58,15.01.1976,,,17.01.2025,40817810138263045718,Московский банк ПАО Сбербанк,044525225,30101810400000000225,01.03.2025,
907,Кирия Ксения Дмитриевна (Туркова),"Статья 7 Федерального закона от 14.07.2022 № 255-ФЗ «О контроле за деятельностью лиц, находящихся под иностранным влиянием»",17.01.2025,,https://www.facebook.com/ksenia.kiriya; https://www.instagram.com/turkovax; https://t.me/turkova_ks; https://x.com/turkova; https://www.youtube.com/@kseniaturkova8600,Физические лица,,501203900010,,047-073-474 57,28.01.1980,,,17.01.2025,40817810238115400505,Московский банк ПАО Сбербанк,044525225,30101810400000000225,01.03.2025,
906,Проект «Трансперенси Интернешнл-Россия в изгнании»,"Статья 7 Федерального закона от 14.07.2022 № 255-ФЗ «О контроле за деятельностью лиц, находящихся под иностранным влиянием»",27.12.2024,,https://ti-russia.org/; https://t.me/ti_russia; https://www.youtube.com/@TIRUSSIA; https://x.com/Transparency_ru; https://www.linkedin.com/company/transparency-international---russia/; https://www.facebook.com/tirussia/,Иные объединения лиц,,,,,,"[Шуманов Илья Вячеславович, Нетяев Владислав, Мухина Наталья, Багдасарян Кристина]",,27.12.2024,,,,,,
905,Медиа-проект «Страна и мир. Sakharov Review»,"Статья 7 Федерального закона от 14.07.2022 № 255-ФЗ «О контроле за деятельностью лиц, находящихся под иностранным влиянием»",27.12.2024,,"https://sakharov.world; https://t.me/stranaimir, ID: -1001125436942; https://www.youtube.com/@Ostraneimire; https://www.facebook.com/ostraneimire",Иные объединения лиц,,,,,,"[Лукашевский Сергей Маркович, Грозовский Борис Владимирович, Рыклина Вера Александровна, Свищёва Юлия Григорьевна, Гумаров Тимур]",,27.12.2024,,,,,,
904,"Меньшиков Андрей Владимирович ""Лигалайз""","Статья 7 Федерального закона от 14.07.2022 № 255-ФЗ «О контроле за деятельностью лиц, находящихся под иностранным влиянием»",27.12.2024,,"https://ligalize.org/; https://www.facebook.com/Andreiligalize; https://www.facebook.com/ligalizemc; https://t.me/mc_ligalize, ID: -1001553500940; https://www.youtube.com/@TheLIGALIZEtv; https://www.instagram.com/ligalizemc/; https://vk.com/mc_ligalize",Физические лица,,771572034860,,134-231-819 26,30.06.1977,,,27.12.2024,40817810438115479459,Московский банк ПАО Сбербанк,044525225,30101810400000000225,08.04.2025,
903,Львов Андрей Генриевич,"Статья 7 Федерального закона от 14.07.2022 № 255-ФЗ «О контроле за деятельностью лиц, находящихся под иностранным влиянием»",27.12.2024,,https://t.me/andreilvov; https://t.me/Fishes_n_Breads; https://www.facebook.com/andrey.lvov.1,Физические лица,,370527279840,,149-524-838 97,02.12.1967,,,27.12.2024,40817810017001987581,Ивановское отделение №8639 ПАО Сбербанк,047003608,30101810300000000608,01.03.2025,
902,Ковалев Алексей Андреевич,"Статья 7 Федерального закона от 14.07.2022 № 255-ФЗ «О контроле за деятельностью лиц, находящихся под иностранным влиянием»",27.12.2024,,https://noodleremover.news/; https://www.facebook.com/kovalever; https://t.me/NoodleRemoverPlus; https://twitter.com/alexey__kovalev,Физические лица,,772850224926,,079-646-225 12,26.04.1981,,,27.12.2024,40817810138045100169,Московский банк ПАО Сбербанк,044525225,30101810400000000225,01.03.2025,
901,Беляков Данила Валерьевич,"Статья 7 Федерального закона от 14.07.2022 № 255-ФЗ «О контроле за деятельностью лиц, находящихся под иностранным влиянием»",27.12.2024,,"https://t.me/rezonans_media, ID: -1001257283493; https://t.me/streetprotest, ID: -1001403159645; https://www.youtube.com/ @Rezonans_media33; https://x.com/rezonans_vld; https://x.com/Danil746; https://t.me/DanilVladimir33",Физические лица,,332704551164,,165-866-964 35,23.07.2001,,,27.12.2024,40817810838045100168,Московский банк ПАО Сбербанк,044525225,30101810400000000225,01.03.2025,
900,"Проект ""Лаборатория университетской прозрачности""","Статья 7 Федерального закона от 14.07.2022 № 255-ФЗ «О контроле за деятельностью лиц, находящихся под иностранным влиянием»",20.12.2024,,"https://uni-loup.ru; https://uniloup.taplink.ws/; https://t.me/uni_loup, ID -1001559921664; https://www.youtube.com/@uni_loup; https://www.instagram.com/uni_loup",Иные объединения лиц,,,,,,"[Галямина Юлия Евгеньевна, Цыбулина Елизавета Юрьевна, Скорикова Марина Сергеевна]",,20.12.2024,,,,,,
899,"Узаров Хасан Ганиевич ""Халитов Хасан""","Статья 7 Федерального закона от 14.07.2022 № 255-ФЗ «О контроле за деятельностью лиц, находящихся под иностранным влиянием»",20.12.2024,,https://www.youtube.com/@KHASAN_KHALITOV; https://t.me/khasan_khalitov_99; https://www.instagram.com/khasan_khalitov_1410; https://www.tiktok.com/@khasan_khalitov1410; https://ummalife.com/KHASAN_KHALITOV; https://x.com/khasan_khalitov,Физические лица,,200204533475,,155-402-246 35,19.06.1990,,,20.12.2024,,,,,,
898,Полозов Николай Николаевич,"Статья 7 Федерального закона от 14.07.2022 № 255-ФЗ «О контроле за деятельностью лиц, находящихся под иностранным влиянием»",20.12.2024,,"https://x.com/nikolai_polozov;
https://t.me/NikolaiPolozov;
https://www.youtube.com/@Two_questions;
https://www.facebook.com/nikolay.polozov;
https://www.instagram.com/nikolai_polozov/",Физические лица,,772820647057,,112-431-899 24,06.12.1980,,,20.12.2024,40817810938115400504,Московский банк ПАО Сбербанк,044525225,30101810400000000225,01.03.2025,
897,Ивлева-Йорк Виктория Марковна,"Статья 7 Федерального закона от 14.07.2022 № 255-ФЗ «О контроле за деятельностью лиц, находящихся под иностранным влиянием»",20.12.2024,,"https://www.facebook.com/victoria.ivlevayorke;
https://www.instagram.com/victoriaivleva_;
https://t.me/VictoriaIvleva",Физические лица,,770804195787,,117-981-192 86,01.06.1956,,,20.12.2024,40817810838263045717,Московский банк ПАО Сбербанк,044525225,30101810400000000225,01.03.2025,
896,Белокиев Ислам Русланович,"Статья 7 Федерального закона от 14.07.2022 № 255-ФЗ «О контроле за деятельностью лиц, находящихся под иностранным влиянием»",20.12.2024,,https://www.facebook.eom/islam.islamov.524934; https://www.instagram.com/belokievislaml1989; https://t.me/mysliislama; https://www.youtube.com/@belokiev,Физические лица,,,,,05.05.1989,,,20.12.2024,,,,,,
895,Поночевный Игорь Васильевич,"Статья 7 Федерального закона от 14.07.2022 № 255-ФЗ «О контроле за деятельностью лиц, находящихся под иностранным влиянием»",13.12.2024,,"https://www.facebook.com/ponochevnyy; https://www.facebook.com/aleshastupin; https://www.instagram.com/ponochevny; https://www.threads.net/@ponochevny; https://t.me/stupin_alesha, ID: -1001731750198; https://t.me/Aleshastupin, ID: -1001243148248; https://www.youtube.com/@aleshastupin; https://aleshastupin.art",Физические лица,,780720929702,,041-733-565 39,15.10.1967,,,13.12.2024,40817810855192256561,Головное отделение Северо-Западного банка №9055 ПАО Сбербанк,044030653,30101810500000000653,01.03.2025,
894,Осмоловский Анатолий Феликсович,"Статья 7 Федерального закона от 14.07.2022 № 255-ФЗ «О контроле за деятельностью лиц, находящихся под иностранным влиянием»",13.12.2024,,https://www.facebook.com/profile.php?id=61557030372956,Физические лица,,772576657105,,159-715-464 05,01.07.1969,,,13.12.2024,40817810638700402233,Московский банк ПАО Сбербанк,044525225,30101810400000000225,01.03.2025,
893,Марголис Екатерина Леонидовна,"Статья 7 Федерального закона от 14.07.2022 № 255-ФЗ «О контроле за деятельностью лиц, находящихся под иностранным влиянием»",13.12.2024,,"https://www.instagram.com/katiamargolis; https://t.me/katiamargolisvenezia, ID: - 1001521622196; https://www.facebook.com/katia.margolis; https://www.youtube.com/@KatiaMargolis",Физические лица,,774320026440,,071-694-796 03,07.08.1973,,,13.12.2024,40817810238263045715,Московский банк ПАО Сбербанк,044525225,30101810400000000225,01.03.2025,
892,"Проект ""Радио Сахаров""","Статья 7 Федерального закона от 14.07.2022 № 255-ФЗ «О контроле за деятельностью лиц, находящихся под иностранным влиянием»",29.11.2024,,"https://radiosakharov.org/;
https://www.facebook.com/sakharovcenter/;
https://vk.com/radio.sakharov;
https://t.me/radiosakharov, ID -1001070652160;
https://t.me/rs_schedule, ID -1002151634300",Иные объединения лиц,,,,,,"[Лукашевский Сергей Маркович, Филипова Полина]",,29.11.2024,,,,,,
891,"Исследовательский центр ""Сова""","Статья 7 Федерального закона от 14.07.2022 № 255-ФЗ «О контроле за деятельностью лиц, находящихся под иностранным влиянием»",29.11.2024,,"https://www.sova-center.ru/;
https://t.me/sovacenter;
https://x.com/sova_center;
https://www.facebook.com/sovacenter/",Иные объединения лиц,,,,,,"[Верховский Александр Маркович, Юдина Наталия Юрьевна, Кравченко Мария Андреевна, ООО  «Сова-22»]",,29.11.2024,,,,,,
890,Становая Татьяна Анатольевна,"Статья 7 Федерального закона от 14.07.2022 № 255-ФЗ «О контроле за деятельностью лиц, находящихся под иностранным влиянием»",29.11.2024,,https://www.facebook.com/tstanovaya; https://t.me/stanovaya; https://x.com/Stanovaya,Физические лица,,772030069046,,056-793-286 07,16.09.1978,,,29.11.2024,40817810338700402232,Московский банк ПАО Сбербанк,044525225,30101810400000000225,01.03.2025,
889,Шеин Олег Васильевич,"Статья 7 Федерального закона от 14.07.2022 № 255-ФЗ «О контроле за деятельностью лиц, находящихся под иностранным влиянием»",22.11.2024,,"https://t.me/oleg_shein; https://vk.com/id13075311; https://oleg-shein.livejournal.com/; https://www.facebook.com/oleg.shein.1; https://x.com/OlegShein""",Физические лица,,301611106138,,035-798-637 07,21.03.1972,,,22.11.2024,40817810005006165295,Астраханское отделение №8625 ПАО Сбербанк,041203602,30101810500000000602,01.03.2025,
888,Ваганов Вадим Александрович,"Статья 7 Федерального закона от 14.07.2022 № 255-ФЗ «О контроле за деятельностью лиц, находящихся под иностранным влиянием»",22.11.2024,,https://t.me/hrenogay,Физические лица,,782002048114,,168-008-890 86,10.10.1996,,,22.11.2024,40817810555192256560,Головное отделение Северо-Западного банка №9055 ПАО Сбербанк,044030653,30101810500000000653,01.03.2025,
887,Ториев Магомед Идрисович,"Статья 7 Федерального закона от 14.07.2022 № 255-ФЗ «О контроле за деятельностью лиц, находящихся под иностранным влиянием»",15.11.2024,,https://www.facebook.com/profile.php?id=1000008 86047662; https://www.instagram.com/magotor1/; https://www.instagram.com/m_tor78,Физические лица,,060605229806,,108-566-080 64,20.02.1978,,,15.11.2024,40817810860353387482,Ингушское отделение №8633 ПАО Сбербанк,040702615,30101810907020000615,01.03.2025,
886,Афанасьева Вера Владимировна,"Статья 7 Федерального закона от 14.07.2022 № 255-ФЗ «О контроле за деятельностью лиц, находящихся под иностранным влиянием»",15.11.2024,,"https://t.me/gorodglupov, ID -1001188997171;
https://t.me/veraafanasyeva, ID -1002150484028;
https://www.facebook.com/vera.afanasyeva.9/",Физические лица,,645001522152,,044-068-732 50,26.09.1961,,,15.11.2024,40817810538045100167,Московский банк ПАО Сбербанк,044525225,30101810400000000225,01.03.2025,
885,"Проект ""Говорит НеМосква""","Статья 7 Федерального закона от 14.07.2022 № 255-ФЗ «О контроле за деятельностью лиц, находящихся под иностранным влиянием»",08.11.2024,,https://nemoskva.net/; https://t.me/Govorit_NeMoskva; https://vk.ru/govoritnemoskva; https://www.youtube.com/@govoritnemoskva; https://www.instagram.com/govorit_nemoskva; https://podcasts.apple.com/us/podcast/дальше-мы-сами/id1714797349?ign-itscg=30200&ign-itsct=lt_p; https://music.yandex.ru/album/28051841?dir=desc&activeTab=about; https://podcast.ru/1714797349/; https://castbox.fm/channel/Дальше-мы-сами-id5660553?country=us; https://dalshemysami.fireside.fm/; https://www.facebook.com/govorit.nemoskva,Иные объединения лиц,,,,,,"[Мучник Виктор Моисеевич, Курбангалеева Фарида Рашидовна]",,08.11.2024,,,,,,
884,Трещанин Дмитрий Евгеньевич,"Статья 7 Федерального закона от 14.07.2022 № 255-ФЗ «О контроле за деятельностью лиц, находящихся под иностранным влиянием»",08.11.2024,,https://t.me/trsch; https://www.facebook.com/tempache,Физические лица,,631607484864,,088-573-001 97,06.07.1981,,,08.11.2024,40817810238045100166,Московский банк ПАО Сбербанк,044525225,30101810400000000225,01.03.2025,
883,"Алесин Денис Владимирович ""Денис Чужой""","Статья 7 Федерального закона от 14.07.2022 № 255-ФЗ «О контроле за деятельностью лиц, находящихся под иностранным влиянием»",08.11.2024,,https://twitter.com/fe_city_boy; https://twitter.com/dan_thestranger; https://www.instagram.com/fe_city_boy; https://t.me/fe_city_boy; https://t.me/chuzhoy_animals; https://www.youtube.com/c/ДенисЧужой; https://www.youtube.com/@danthestranger; https://www.facebook.com/chuzhoyofficial; https://www.tiktok.com/@dan_the_stranger; https://ask.fm/fe_city_boy; https://boosty.to/denischuzhoy; https://www.patreon.com/denischuzhoy,Физические лица,,463309305228,,113-783-754 66,23.07.1988,,,08.11.2024,40817810938068815576,Московский банк ПАО Сбербанк,044525225,30101810400000000225,01.03.2025,
882,Абдурахманов Тумсу Умалтович,"Статья 7 Федерального закона от 14.07.2022 № 255-ФЗ «О контроле за деятельностью лиц, находящихся под иностранным влиянием»",08.11.2024,,https://www.patreon.com/abusaddamshishani; https://www.youtube.com/@AbuSaddamShishani; https://www.youtube.com/@AbuSaddamShishaniLIVE; https://t.me/abusaddamshishani,Физические лица,,201300184109,,128-812-136 56,19.12.1985,,,08.11.2024,40817810560353387481,Ингушское отделение №8633 ПАО Сбербанк,040702615,30101810907020000615,01.03.2025,
881,Серегин Алексей Александрович,"Статья 7 Федерального закона от 14.07.2022 № 255-ФЗ «О контроле за деятельностью лиц, находящихся под иностранным влиянием»",30.10.2024,,"https://t.me/I_want_to_understand, ID -1001129606692; https://vk.com/skalprel; https://instagram.com/mnitelnost; https://www.threads.net/@mnitelnost; https://www.facebook.com/anandadams; https://mnitelnost.livejournal.com",Физические лица,,121513970516,,149-973-029 16,11.09.1985,,,01.11.2024,40817810437005075025,Марий Эл отделение №8614 ПАО Сбербанк,048073601,30101810300000000601,01.03.2025,
880,Зуева Анна Сергеевна,"Статья 7 Федерального закона от 14.07.2022 № 255-ФЗ «О контроле за деятельностью лиц, находящихся под иностранным влиянием»",30.10.2024,,"https://www.youtube.com/@anna_zueva; https://www.instagram.com/_anna_zueva__; https://www.instagram.com/zueva.online/; https://www.facebook.com/zuevaannatv; https://www.facebook.com/nenetochka/; https://dzen.ru/id/5f17e53a0b113641ac074883; https://t.me/anna_zueva_uu, ID: -1002348795488",Физические лица,,032617261527,,146-540-203 41,18.05.1987,,,01.11.2024,,,,,,
879,Горбачев Александр Витальевич,"Статья 7 Федерального закона от 14.07.2022 № 255-ФЗ «О контроле за деятельностью лиц, находящихся под иностранным влиянием»",30.10.2024,,https://t.me/thedailyprophet; https://t.me/musicinanutshell; https://www.facebook.com/alexander.gorbachev,Физические лица,,402507168750,,095-163-660 84,28.09.1984,,,01.11.2024,40817810522243243038,Калужское отделение №8608 ПАО Сбербанк,042908612,30101810100000000612,01.03.2025,
878,Архангельский Александр Николаевич,"Статья 7 Федерального закона от 14.07.2022 № 255-ФЗ «О контроле за деятельностью лиц, находящихся под иностранным влиянием»",30.10.2024,,https://aarkhangelsky.ru/; https://www.pravmir.ru/author/user_1309288805/; https://t.me/aarhangel; https://www.instagram.com/arkharkh/; https://www.facebook.com/arhangelskiy/,Физические лица,,770472510217,,030-052-244 75,27.04.1962,,,01.11.2024,40817810338115400502,Московский банк ПАО Сбербанк,044525225,30101810400000000225,01.03.2025,
877,Интернет-портал «ASTRA»,"Статья 7 Федерального закона от 14.07.2022 № 255-ФЗ «О контроле за деятельностью лиц, находящихся под иностранным влиянием»",25.10.2024,,https://astra.press/ru; https://t.me/astrapress; https://t.me/astrapress2; https://t.me/astradonate; https://boosty.to/astrapress; https://www.facebook.com/newsastra/; https://www.youtube.com/@astra2249; https://www.instagram.com/astra.press/; https://www.patreon.com/astrapress; https://www.whatsapp.com/channel/0029VaeZbmcJpe8ZHqECmo2P,Иные объединения лиц,,,,,,[Чумакова Анастасия Ивановна],,25.10.2024,,,,,,
876,"Конопелькин Антон Сергеевич ""Антон Хардин""","Статья 7 Федерального закона от 14.07.2022 № 255-ФЗ «О контроле за деятельностью лиц, находящихся под иностранным влиянием»",25.10.2024,,https://www.youtube.com/@AntonHardin; https://www.youtube.com/@user-qg8eq7mb9s; https://t.me/anton_hardin_official; https://vk.com/club212853723; https://www.instagram.com/anton_hardin_official/; https://www.tiktok.com/@antonhardin_official,Физические лица,,424306187822,,,25.06.1994,,,25.10.2024,40817810360108455153,Ставропольское отделение №5230 ПАО Сбербанк,040702615,30101810907020000615,13.05.2025,
875,Медведев Артем Павлович,"Статья 7 Федерального закона от 14.07.2022 № 255-ФЗ «О контроле за деятельностью лиц, находящихся под иностранным влиянием»",25.10.2024,,https://vk.com/medvedevartem; https://wvvw.instаgrаm.com/candybi1lionaire/; https://www.facebook.com/candybillionaire,Физические лица,,183311667452,,117-431-578 45,27.07.1985,,,25.10.2024,40817810038700402231,Московский банк ПАО Сбербанк,044525225,30101810400000000225,01.03.2025,
874,Лекманов Олег Андершанович,"Статья 7 Федерального закона от 14.07.2022 № 255-ФЗ «О контроле за деятельностью лиц, находящихся под иностранным влиянием»",25.10.2024,,https://t.me/oleg_lekmanov; https://www.facebook.com/lekmanov/,Физические лица,,771905068723,,001-850-968 26,11.01.1967,,,25.10.2024,40817810038115400501,Московский банк ПАО Сбербанк,044525225,30101810400000000225,01.03.2025,
873,Кавказский Николай Юрьевич,"Статья 7 Федерального закона от 14.07.2022 № 255-ФЗ «О контроле за деятельностью лиц, находящихся под иностранным влиянием»",25.10.2024,,"https://t.me/Nkavkazsky, ID: -1001084202371; https://vk.com/n.kavkazskiy; https://vk.com/nikolaikavkazsky; https://www.instagram.com/nikolaykavkazsky; https://www.facebook.com/n.kavkazskiy; https://X.com/othertribunus; https://www.youtube.com/@NikolaiKavkazskii; https://boosty.to/kavkazsky",Физические лица,,770101644855,,151-562-558 56,16.10.1986,,,25.10.2024,40817810238700487616,Московский банк ПАО Сбербанк,044525225,30101810400000000225,08.04.2025,
872,Проект «Ateo»,"Статья 7 Федерального закона от 14.07.2022 № 255-ФЗ «О контроле за деятельностью лиц, находящихся под иностранным влиянием»",18.10.2024,,https://t.me/AteoGo/; https://vk.com/ateo_rus; https://t.me/Ateobreaking; https://t.me/ateo_de; https://x.com/AteoBreaking; https://dzen.ru/ateobreaking,Иные объединения лиц,,,,,,"[Озеров Григорий, Петросян Роберт]",,18.10.2024,,,,,,
871,"Матвейченков Максим Владимирович ""Максим Блант""","Статья 7 Федерального закона от 14.07.2022 № 255-ФЗ «О контроле за деятельностью лиц, находящихся под иностранным влиянием»",18.10.2024,,https://www.facebook.com/max.blant/; https://www.instagram.com/blantmaksim,Физические лица,,773317132968,,067-380-515 76,17.06.1970,,,18.10.2024,40817810938263045714,Московский банк ПАО Сбербанк,044525225,30101810400000000225,01.03.2025,
870,Константинов Даниил Ильич,"Статья 7 Федерального закона от 14.07.2022 № 255-ФЗ «О контроле за деятельностью лиц, находящихся под иностранным влиянием»",18.10.2024,,https://www.facebook.com/100004537248522; https://t.me/Konstantinov_Dan,Физические лица,,771772451317,,,05.02.1984,,,18.10.2024,40817810738700402230,Московский банк ПАО Сбербанк,044525225,30101810400000000225,01.03.2025,
869,Илюхин Сергей Валерьевич,"Статья 7 Федерального закона от 14.07.2022 № 255-ФЗ «О контроле за деятельностью лиц, находящихся под иностранным влиянием»",18.10.2024,,https://semnasem.org/bloggers/ИлюхинС; https://www.vk.com/sergey_ilyukhin; https://www.vk.com/club199092989,Физические лица,,290214891597,,180-694-867 11,21.02.1971,,,18.10.2024,40817810304007991955,Архангельское отделение №8637 ПАО Сбербанк,041117601,30101810100000000601,01.03.2025,
868,Волна Андрей Анатольевич,"Статья 7 Федерального закона от 14.07.2022 № 255-ФЗ «О контроле за деятельностью лиц, находящихся под иностранным влиянием»",18.10.2024,,https://www.youtube.com/@andreyvolna03; https://t.me/aavolna; https://www.facebook.com/andrey.volna/; https://www.instagram.com/andreyvolna/,Физические лица,,420515280384,,033-291-204 15,11.05.1962,,,18.10.2024,40817810040109198846,Головное отделение Среднерусского банка №9040 ПАО Сбербанк,044525225,30101810400000000225,01.03.2025,
867,Барановский Алексей Александрович,"Статья 7 Федерального закона от 14.07.2022 № 255-ФЗ «О контроле за деятельностью лиц, находящихся под иностранным влиянием»",18.10.2024,,https://www.facebook.com/baranovsky.a; https://www.youtube.com/@oleksabaranowski; https://www.instagram.com/jaskier_lubystok; https://t.me/lubystok_jaskier,Физические лица,,673006288550,,068-816-813 08,20.01.1981,,,18.10.2024,40817810740109198845,Головное отделение Среднерусского банка №9040 ПАО Сбербанк,044525225,30101810400000000225,01.03.2025,
866,Проект «Центр «Досье»,"Статья 7 Федерального закона от 14.07.2022 № 255-ФЗ «О контроле за деятельностью лиц, находящихся под иностранным влиянием»",25.09.2024,,https://dossier.center/; https://dossier-center.appspot.com/; https://t.me/dossiercenter; https://www.instagram.com/dossiercenter/; https://www.facebook.com/dossier.center/; https://www.youtube.com/playlist?list=PLNJFUkCCIG7xovl9sCclp7w423KKD-PTb; https://www.tiktok.com/@dossiercenter,Иные объединения лиц,,,,,,"[Рождественский Илья Дмитриевич, Фирьян Дарья, Ходорковский Михаил Борисович]",,27.09.2024,,,,,,
865,Эткинд Александр Маркович,"Статья 7 Федерального закона от 14.07.2022 № 255-ФЗ «О контроле за деятельностью лиц, находящихся под иностранным влиянием»",25.09.2024,,https://www.facebook.com/alexander.etkind; https://x.com/Sasha_Etkind,Физические лица,,781312447614,,056-121-169 25,30.08.1955,,,27.09.2024,40817810155192256559,Головное отделение Северо-Западного банка №9055 ПАО Сбербанк,044030653,30101810500000000653,01.03.2025,
864,Фельштинский Юрий Георгиевич,"Статья 7 Федерального закона от 14.07.2022 № 255-ФЗ «О контроле за деятельностью лиц, находящихся под иностранным влиянием»",25.09.2024,,https://www.facebook.com/felshtinsky; https://x.com/yfelshtinsky,Физические лица,,771412791050,,,07.09.1956,,,27.09.2024,,,,,,
863,Урушадзе Георгий Фридонович,"Статья 7 Федерального закона от 14.07.2022 № 255-ФЗ «О контроле за деятельностью лиц, находящихся под иностранным влиянием»",25.09.2024,,https://www.facebook.com/profile.php?id=1329192159; https://vk.com/id656280,Физические лица,,780518617441,,013-800-179 02,19.05.1972,,,27.09.2024,40817810638263045713,Московский банк ПАО Сбербанк,044525225,30101810400000000225,01.03.2025,
862,Гуляев Сергей Владимирович,"Статья 7 Федерального закона от 14.07.2022 № 255-ФЗ «О контроле за деятельностью лиц, находящихся под иностранным влиянием»",25.09.2024,,https://www.facebook.com/GulyaevSergei; https://twitter.com/Gulyaev_S,Физические лица,,782700117329,,035-013-487 10,23.01.1962,,,27.09.2024,40817810855192256558,Головное отделение Северо-Западного банка №9055 ПАО Сбербанк,044030653,30101810500000000653,01.03.2025,
861,Генис Александр Александрович,"Статья 7 Федерального закона от 14.07.2022 № 255-ФЗ «О контроле за деятельностью лиц, находящихся под иностранным влиянием»",25.09.2024,,https://www.linkedin.com/in/alexander-genis-44998a28; https://www.facebook.com/alexander.genis.5,Физические лица,,,,,11.02.1953,,,27.09.2024,,,,,,
860,Общество с ограниченной ответственностью «Собеседник-Медиа»,"Статья 7 Федерального закона от 14.07.2022 № 255-ФЗ «О контроле за деятельностью лиц, находящихся под иностранным влиянием»",13.09.2024,,https://sobesednik.ru/; https://sobes.press/; https://sobesednik.com/; https://t.me/sobesednikru; https://vk.com/idsobesednik; https://www.youtube.com/@sobesedka; https://www.instagram.com/sobesednikru/; https://www.facebook.com/sobesednik/,Юридические лица,,7719738470,1097746786917,,,,,13.09.2024,40702810538000000304,"ПАО ""Сбербанк"" 117312, Москва, ул. Вавилова, 19",044525225,30101810400000000225,01.03.2025,
859,Степанов Олег Олегович,"Статья 7 Федерального закона от 14.07.2022 № 255-ФЗ «О контроле за деятельностью лиц, находящихся под иностранным влиянием»",13.09.2024,,https://www.instagram.com/o_stepanow; https://twitter.com/olsnov; https://t.me/o_stepanow,Физические лица,,772582020709,,166-315-436 65,13.06.1992,,,13.09.2024,40817810638068815575,Московский банк ПАО Сбербанк,044525225,30101810400000000225,01.03.2025,
858,Распутин Ярослав Иванович,"Статья 7 Федерального закона от 14.07.2022 № 255-ФЗ «О контроле за деятельностью лиц, находящихся под иностранным влиянием»",13.09.2024,,https://t.me/gayfromprovinces; https://vk.com/id63744421; https://www.facebook.com/aroslavr; https://t.me/iamyaroslavrasputin; https://twitter.com/fadavan; https://t.me/lgbtstream; https://www.youtube.com/@Stream6.21; https://www.patreon.com/gayfromprovinces,Физические лица,,235701876167,,134-847-225 71,30.01.1993,,,13.09.2024,40817810338263045712,Московский банк ПАО Сбербанк,044525225,30101810400000000225,01.03.2025,
857,Ежов Михаил Анатольевич,"Статья 7 Федерального закона от 14.07.2022 № 255-ФЗ «О контроле за деятельностью лиц, находящихся под иностранным влиянием»",13.09.2024,,https://www.patreon.com/mikhail_ezhoff; https://m-ezhoff.com; https://www.youtube.com/@M_Ezhoff; https://t.me/Mikhail_EzhoFF; https://vk.com/ezhoff_band; https://www.facebook.com/MikhailEzhoFF; https://twitter.com/M_EzhoFF; https://www.instagram.com/m_ezhoff; https://vk.com/m_ezhoff; https://ok.ru/profile/400138472,Физические лица,,781000122314,,074-210-899 51,10.03.1970,,,13.09.2024,,,,,,
856,Дорохов Владимир Юрьевич,"Статья 7 Федерального закона от 14.07.2022 № 255-ФЗ «О контроле за деятельностью лиц, находящихся под иностранным влиянием»",13.09.2024,,https://www.youtube.com/@dorokhov; https://t.me/doroxxxov; https://vk.com/dorohovvladimir,Физические лица,,713003638120,,076-792-208 05,26.04.1985,,,13.09.2024,40817810366006757247,Тульское отделение №8604 ПАО Сбербанк,047003608,30101810300000000608,08.04.2025,
855,Беляева Нина Александровна,"Статья 7 Федерального закона от 14.07.2022 № 255-ФЗ «О контроле за деятельностью лиц, находящихся под иностранным влиянием»",13.09.2024,,https://t.me/nina_belyaeva; https://t.me/SkhidnaSlobozhanshchyna; https://ok.ru/profile/403675468995; https://www.facebook.com/nina.belyaeva.75,Физические лица,,366109734021,,140-823-508 33,16.06.1989,,,13.09.2024,40817810313007207690,Воронежское отделение №9013 ПАО Сбербанк,042007681,30101810600000000681,01.03.2025,
854,Янковский Аркадий Эдуардович,"Статья 7 Федерального закона от 14.07.2022 № 255-ФЗ «О контроле за деятельностью лиц, находящихся под иностранным влиянием»",06.09.2024,,https://vk.com/discussionclub2017;  https://www.facebook.com/ArkadiyYank;  https://twitter.com/ArkadYank;  https://instagram.com/arkadiyyank; https://www.youtube.com/@ArkadiyYankovskiy,Физические лица,,540785680910,,026-985-578 07,20.04.1958,,,06.09.2024,40817810144055073159,Новосибирское отделение №8047 ПАО Сбербанк,045004641,30101810500000000641,01.03.2025,
853,Маршенкулова Залина Хамидовна,"Статья 7 Федерального закона от 14.07.2022 № 255-ФЗ «О контроле за деятельностью лиц, находящихся под иностранным влиянием»",06.09.2024,,https://t.me/vlast_Zh; https://vk.com/z.marshenkulova; https://www.instagram.com/mayachok_antihrista/; https://www.facebook.com/zalina.marshenkulova; https://www.youtube.com/channel/UC7WtaiX4yXVuIt2n0v0PqoQ; https://twitter.com/veritas_z; https://www.facebook.com/vlastZ; https://vk.com/vlast_zh,Физические лица,,891302123240,,120-817-214 17,05.06.1986,,,06.09.2024,,,,,,
852,Савельев Александр Валерьевич,"Статья 7 Федерального закона от 14.07.2022 № 255-ФЗ «О контроле за деятельностью лиц, находящихся под иностранным влиянием»",06.09.2024,,https://protokol.band; https://t.me/protokol_band; https://t.me/protokol_tver; https://www.facebook.com/avsavel,Физические лица,,235623291055,,160-790-173 63,13.01.1996,,,06.09.2024,40817810330856431608,Краснодарское отделение №8619 ПАО Сбербанк,040349602,30101810100000000602,08.04.2025,
851,Канкия Давид Николаевич,"Статья 7 Федерального закона от 14.07.2022 № 255-ФЗ «О контроле за деятельностью лиц, находящихся под иностранным влиянием»",06.09.2024,,https://www.golosinfo.org/blogs/91; https://www.moscowtimes.ru/author/david-kankiya; https://www.youtube.com/@user-nr9yw9ev7m; https://www.facebook.com/david.kankiya; https://twitter.com/DavidKankiya,Физические лица,,231847728520,,124-206-882 30,17.05.1989,,,06.09.2024,40817810030856308578,Краснодарское отделение №8619 ПАО Сбербанк,040349602,30101810100000000602,01.03.2025,
850,«Коалиция Новосибирск 2020»,"Статья 7 Федерального закона от 14.07.2022 № 255-ФЗ «О контроле за деятельностью лиц, находящихся под иностранным влиянием»",30.08.2024,,https://nsk2020.ru; https://vk.com/novosibirsk_2020; https://instagram.com/novosibirsk_coalition; https://facebook.com/Novosibirsk2020; https://twitter.com/Coalition_NSK; https://t.me/nsk2020ru; https://www.youtube.com/@nsk2020,Иные объединения лиц,,,,,,"[Бойко Сергей Андреевич, Каверзина Светлана Викторовна, Картавин Антон Викторович, Пирогова Хельга Вадимовна]",,30.08.2024,,,,,,
849,Автономная некоммерческая организация информационных и правовых услуг «Гражданская инициатива против экологической преступности»,"Статья 7 Федерального закона от 14.07.2022 № 255-ФЗ «О контроле за деятельностью лиц, находящихся под иностранным влиянием»",30.08.2024,,https://ciaec.ru; https://vk.com/ciaec; https://www.youtube.com/@EnviWatcher; https://t.me/ciaec; https://envirights.ru/,Юридические лица,,2368010602,1182375059481,,,,,30.08.2024,40703810038000001404,"ПАО ""Сбербанк"" 117312, Москва, ул. Вавилова, 19",044525225,30101810400000000225,01.03.2025,
848,Тимченко Галина Викторовна,"Статья 7 Федерального закона от 14.07.2022 № 255-ФЗ «О контроле за деятельностью лиц, находящихся под иностранным влиянием»",30.08.2024,,https://www.facebook.com/galina.timchenko.7; https://www.instagram.com/darthtim,Физические лица,,772783373574,,045-139-906 56,08.05.1962,,,30.08.2024,40817810138115479458,Московский банк ПАО Сбербанк,044525225,30101810400000000225,08.04.2025,
847,Лукьянова Елена Анатольевна,"Статья 7 Федерального закона от 14.07.2022 № 255-ФЗ «О контроле за деятельностью лиц, находящихся под иностранным влиянием»",30.08.2024,,https://www.facebook.com/pravoslovo,Физические лица,,770403897436,,019-149-924 67,27.06.1958,,,30.08.2024,,,,,,
846,«Сирена»,"Статья 7 Федерального закона от 14.07.2022 № 255-ФЗ «О контроле за деятельностью лиц, находящихся под иностранным влиянием»",16.08.2024,,https://t.me/news_sirena; https://x.com/news_sirena,Иные объединения лиц,,,,,,,,16.08.2024,,,,,,
845,"«НЕЗЫГАРЬ» («Незыгарь», «НЕЗЫГАР», «НЕЗЫГАР@», «НZГ. Russica», «HZГ»)","Статья 7 Федерального закона от 14.07.2022 № 255-ФЗ «О контроле за деятельностью лиц, находящихся под иностранным влиянием»",16.08.2024,,"https://t.me/russica2; https://t.me/russicaRU, ID: -1001096463945",Иные объединения лиц,,,,,,[Коваленко Дмитрий Владимирович],,16.08.2024,,,,,,
844,"«ЕЖ LAB» («BRIEF Важное», «Незыгаревский», «ЕЖ/главное», «ЕЖ главное»)","Статья 7 Федерального закона от 14.07.2022 № 255-ФЗ «О контроле за деятельностью лиц, находящихся под иностранным влиянием»",16.08.2024,,"https://t.me/ejlabru, ID: - 1001775204688",Иные объединения лиц,,,,,,"[Владимир Дергачёв, Винокурова Екатерина Владимировна, Шкитин Глеб]",,16.08.2024,,,,,,
843,"«ЕЖ» («BRIEF», «ЕЖ/дневник»)","Статья 7 Федерального закона от 14.07.2022 № 255-ФЗ «О контроле за деятельностью лиц, находящихся под иностранным влиянием»",16.08.2024,,"https://t.me/rusbrief; https://t.me/ejdailyru, ID: -1001099350027; https://bsky. app/profile/ejdays.bsky.social",Иные объединения лиц,,,,,,"[Владимир Дергачёв, Винокурова Екатерина Владимировна, Коваленко Дмитрий Владимирович]",,16.08.2024,,,,,,
842,Павлов Андрей Васильевич,"Статья 7 Федерального закона от 14.07.2022 № 255-ФЗ «О контроле за деятельностью лиц, находящихся под иностранным влиянием»",16.08.2024,,https://t.me/PavlovZEN; https://vk.com/pavlov_zen; https://www.facebook.com/pavlov.zen; https://instagram.com/pavlov_zen,Физические лица,,772500130492,,055-142-438 34,14.05.1974,,,16.08.2024,40817810438115400499,Московский банк ПАО Сбербанк,044525225,30101810400000000225,01.03.2025,
841,Давлетгильдеев Ринат Маратович,"Статья 7 Федерального закона от 14.07.2022 № 255-ФЗ «О контроле за деятельностью лиц, находящихся под иностранным влиянием»",16.08.2024,,https://t.me/gaydynamite; https://www.youtube.com/@silverdiscoball/; https://www.facebook.com/davletgildeev; https://www.instagram.com/renatmaratych/,Физические лица,,290405394300,,126-751-912 68,20.04.1986,,,16.08.2024,,,,,,
840,«BILD на русском»,"Статья 7 Федерального закона от 14.07.2022 № 255-ФЗ «О контроле за деятельностью лиц, находящихся под иностранным влиянием»",26.07.2024,,https://t.me/BILD_Russian; https://www.youtube.com/channel/UCy1xqjMJExef6EtEXfAULcg,Иные объединения лиц,,,,,,[Курников Максим Владимирович],,26.07.2024,,,,,,
839,Матвеев Илья Александрович,"Статья 7 Федерального закона от 14.07.2022 № 255-ФЗ «О контроле за деятельностью лиц, находящихся под иностранным влиянием»",26.07.2024,,https://vk.com/i_matveev; http://www.facebook.com/ilia.matveev; https://learnpolitics.online/; https://t.me/thesisEleven; https://x.com/ilyamatveev_,Физические лица,,772608656202,,151-572-965 72,29.04.1988,,,26.07.2024,40817810555192256557,Головное отделение Северо-Западного банка №9055 ПАО Сбербанк,044030653,30101810500000000653,01.03.2025,
838,Швец Юрий Борисович,"Статья 7 Федерального закона от 14.07.2022 № 255-ФЗ «О контроле за деятельностью лиц, находящихся под иностранным влиянием»",19.07.2024,,https://www.youtube.com/channel/UCb2oej0JtxlnywlqoSiHHVQ; https://www.facebook.com/yurishvets303; https://twitter.com/shvetsyoutube; https://t.me/uriyshvec; https://www.threads.net/@yurishvets,Физические лица,,,,,16.05.1953,,,19.07.2024,,,,,,
837,Цибирев Дмитрий Александрович,"Статья 7 Федерального закона от 14.07.2022 № 255-ФЗ «О контроле за деятельностью лиц, находящихся под иностранным влиянием»",19.07.2024,,https://tsibirev.ru; https://www.youtube.com/@tsibirevdmitry; https://www.youtube.com/@PravdaOV/featured; https://www.facebook.com/tsibirevdmitry; https://twitter.com/tsibirevdmitry; https://www.instagram.com/tsibirevdmitry; https://t.me/tsibirevdmitry; https://t.me/PravdaOV; https://t.me/nenorma_project; https://www.instagram.com/pravda_ov; https://www.tiktok.com/@pravdaov,Физические лица,,644604835072,,102-449-751 34,28.02.1986,,,19.07.2024,40817810156007331370,Саратовское отделение №8622 ПАО Сбербанк,043601607,30101810200000000607,01.03.2025,
836,Михнов-Вайтенко Григорий Александрович,"Статья 7 Федерального закона от 14.07.2022 № 255-ФЗ «О контроле за деятельностью лиц, находящихся под иностранным влиянием»",19.07.2024,,https://vk.com/gmikhnovvaytenko; https://t.me/turma_i_vera; https://www.facebook.com/teleblagovest/; https://www.instagram.com/mikhnovvaitenko/; https://dzen.ru/gregorymikhnov; https://www.youtube.com/playlist?list=PL_Py0ysjU3UwBu3-DhFIjTsPhUX5gQAiD,Физические лица,,503806417470,,068-393-101 82,03.09.1967,,,19.07.2024,40817810038263045711,Московский банк ПАО Сбербанк,044525225,30101810400000000225,01.03.2025,
835,Кисин Евгений Игоревич,"Статья 7 Федерального закона от 14.07.2022 № 255-ФЗ «О контроле за деятельностью лиц, находящихся под иностранным влиянием»",19.07.2024,,https://www.kissin.org/; https://www.facebook.com/pianistkissin/; https://www.instagram.com/evgenykissinofficial/; https://open.spotify.com/artist/71kYWgqr6eHLOZj6u3JTuJ; https://music.yandex.ru/artist/111856; https://www.last.fm/ru/music/Evgeny+Kissin; https://music.apple.com/ru/artist/евгений-кисин/398635,Физические лица,,771815364799,,153-013-887 33,10.10.1971,,,19.07.2024,,,,,,
834,"«Русский криминал», «ВЧК-ОГПУ»","Статья 7 Федерального закона от 14.07.2022 № 255-ФЗ «О контроле за деятельностью лиц, находящихся под иностранным влиянием»",12.07.2024,,https://t.me/vchkogpu; https://t.me/rucriminalinfo; https://rucriminal.info/; https://vchkogpu.info/; https://t.me/vchkogpuinfo,Иные объединения лиц,,,,,,"[Абдуллаев Алишер Игоревич, Шварев Александр Юрьевич]",,12.07.2024,,,,,,
833,Каруличева Анна Николаевна,"Статья 7 Федерального закона от 14.07.2022 № 255-ФЗ «О контроле за деятельностью лиц, находящихся под иностранным влиянием»",12.07.2024,,https://vk.com/karulicheva; https://www.instagram.com/karulicheva; https://x.com/karylicheva; https://t.me/karulichevapolitessa,Физические лица,,781912523338,,112-012-155 62,20.06.1986,,,12.07.2024,,,,,,
832,Богданова Дарья Алексеевна,"Статья 7 Федерального закона от 14.07.2022 № 255-ФЗ «О контроле за деятельностью лиц, находящихся под иностранным влиянием»",12.07.2024,,https://t.me/pepel_of_klaas; https://t.me/babylon_c; https://t.me/vonemka; https://x.com/pepel_klaasa; https://www.facebook.com/vonema; https://www.patreon.com/pepel_klaasa,Физические лица,,771990545188,,136-032-398 32,22.05.1987,,,12.07.2024,40817810338700402229,Московский банк ПАО Сбербанк,044525225,30101810400000000225,01.03.2025,
831,Уткин Федор Викторович,"Статья 7 Федерального закона от 14.07.2022 № 255-ФЗ «О контроле за деятельностью лиц, находящихся под иностранным влиянием»",05.07.2024,,https://vk.com/utkin_fed,Физические лица,,470379605804,,128-918-538 00,24.06.1989,,,05.07.2024,40817810255192256556,Головное отделение Северо-Западного банка №9055 ПАО Сбербанк,044030653,30101810500000000653,01.03.2025,
830,Трошин Сергей Александрович,"Статья 7 Федерального закона от 14.07.2022 № 255-ФЗ «О контроле за деятельностью лиц, находящихся под иностранным влиянием»",05.07.2024,,https://vk.com/serg_troshin; https://vk.com/troshin23; https://t.me/sergeytroshinpiter; https://www.instagram.com/sergeytroshin25; https://www.facebook.com/sergtroshin,Физические лица,,781135334899,,122-964-275 63,25.08.1982,,,05.07.2024,40817810955192256555,Головное отделение Северо-Западного банка №9055 ПАО Сбербанк,044030653,30101810500000000653,01.03.2025,
829,Ежов Сергей Александрович,"Статья 7 Федерального закона от 14.07.2022 № 255-ФЗ «О контроле за деятельностью лиц, находящихся под иностранным влиянием»",05.07.2024,,https://theins.ru/authors/ezhov; https://vk.com/ezhovs; https://twitter.com/ezhovs; https://t.me/ezhovs; https://www.instagram.com/ezhovs; https://www.facebook.com/drugayaryazan,Физические лица,,623012630900,,123-647-044 41,25.05.1985,,,05.07.2024,40817810938045100165,Московский банк ПАО Сбербанк,044525225,30101810400000000225,01.03.2025,
828,Герасименко Олеся Михайловна,"Статья 7 Федерального закона от 14.07.2022 № 255-ФЗ «О контроле за деятельностью лиц, находящихся под иностранным влиянием»",05.07.2024,,https://www.bbc.com/russian/topics/cdjzjklxd84t; https://www.facebook.com/olesya.gerasimenko.7/; https://twitter.com/planca; https://www.instagram.com/snezhkina/; https://lv.linkedin.com/in/olesya-gerasimenko-2a84a5264; https://t.me/cprtv,Физические лица,,772905597013,,061-287-089 59,27.07.1983,,,05.07.2024,40817810138115400498,Московский банк ПАО Сбербанк,044525225,30101810400000000225,01.03.2025,
827,Вайпан Григорий Викторович,"Статья 7 Федерального закона от 14.07.2022 № 255-ФЗ «О контроле за деятельностью лиц, находящихся под иностранным влиянием»",05.07.2024,,https://semnasem.org/bloggers/Вайпан; https://www.facebook.com/grigory.vaypan; https://ru.linkedin.com/in/grigory-vaypan-69731865,Физические лица,,772972385600,,148-448-136 87,14.02.1990,,,05.07.2024,40817810838115400497,Московский банк ПАО Сбербанк,044525225,30101810400000000225,01.03.2025,
826,Хейкинен Дарья Дмитриевна,"Статья 7 Федерального закона от 14.07.2022 № 255-ФЗ «О контроле за деятельностью лиц, находящихся под иностранным влиянием»",28.06.2024,,https://www.youtube.com/@kheikinend/; https://instagram.com/kheikinen.d; https://x.com/kheikinend; https://vk.com/dariakheikinen; https://t.me/kheikinen_d; https://t.me/coprojectbel; https://www.tiktok.com/@kheikinen/; https://boosty.to/kheikinen,Физические лица,,780738298180,,,23.09.2003,,,28.06.2024,40817810355192256553,Головное отделение Северо-Западного банка №9055 ПАО Сбербанк,044030653,30101810500000000653,01.03.2025,
825,Шуршев Александр Олегович,"Статья 7 Федерального закона от 14.07.2022 № 255-ФЗ «О контроле за деятельностью лиц, находящихся под иностранным влиянием»",28.06.2024,,https://chronicles.media/author/shurshev; https://vk.com/shurshev; https://t.me/Shurshevru; https://www.facebook.com/shoorman/; https://x.com/Shurshev,Физические лица,,782607433030,,116-497-255 76,25.04.1982,,,28.06.2024,40817810055192256552,Головное отделение Северо-Западного банка №9055 ПАО Сбербанк,044030653,30101810500000000653,01.03.2025,
824,Шаблинский Илья Георгиевич,"Статья 7 Федерального закона от 14.07.2022 № 255-ФЗ «О контроле за деятельностью лиц, находящихся под иностранным влиянием»",28.06.2024,,https://spektr.press/select/authors/ilya-shablinskij/;  https://www.facebook.com/ilia.shablinski,Физические лица,,771405318598,,001-255-809 97,29.04.1962,,,28.06.2024,40817810140109198843,Головное отделение Среднерусского банка №9040 ПАО Сбербанк,044525225,30101810400000000225,01.03.2025,
823,Спирин Дмитрий Александрович,"Статья 7 Федерального закона от 14.07.2022 № 255-ФЗ «О контроле за деятельностью лиц, находящихся под иностранным влиянием»",28.06.2024,,https://www.facebook.com/DmitrySpirin; https://twitter.com/spirindmitry; https://t.me/spirinmusic; https://www.youtube.com/channel/UCHWQBE_V-TQLpZv-Tu2wFwQ,Физические лица,,773006736212,,018-326-749 53,22.02.1975,,,28.06.2024,40817810338115479452,Московский банк ПАО Сбербанк,044525225,30101810400000000225,08.04.2025,
822,Пахалюк Константин Александрович,"Статья 7 Федерального закона от 14.07.2022 № 255-ФЗ «О контроле за деятельностью лиц, находящихся под иностранным влиянием»",28.06.2024,,https://www.facebook.com/konstantin.pakhaliuk; https://www.instagram.com/k.a.pakhalyuk; https://vk.com/id15393495; https://il.linkedin.com/in/konstantin-pakhaliuk-861651274; https://www.moscowtimes.ru/author/konstantin-pahalyuk; https://novayagazeta.eu/authors/429; https://www.opendemocracy.net/en/author/konstantin-pakhaliuk,Физические лица,,390505077931,,143-414-049 23,14.08.1991,,,28.06.2024,40817810840109198842,Головное отделение Среднерусского банка №9040 ПАО Сбербанк,044525225,30101810400000000225,01.03.2025,
821,Курбангалеева Фарида Рашидовна,"Статья 7 Федерального закона от 14.07.2022 № 255-ФЗ «О контроле за деятельностью лиц, находящихся под иностранным влиянием»",28.06.2024,,https://republic.ru/authors/101356; https://novayagazeta.eu/authors/68; https://cherta.media/nn_author/farida-kurbangaleeva/; https://www.youtube.com/playlist?list=PLZadU_Fl2sKrxDfqr8Via8t5sD2_ApgTF; https://www.youtube.com/@farida38173; https://t.me/prazhskygrad; https://www.facebook.com/farida.kurbangaleeva/,Физические лица,,165808719445,,047-350-210 31,27.08.1979,,,28.06.2024,40817810638045100164,Московский банк ПАО Сбербанк,044525225,30101810400000000225,01.03.2025,
820,Прянишников Алексей Александрович,"Статья 7 Федерального закона от 14.07.2022 № 255-ФЗ «О контроле за деятельностью лиц, находящихся под иностранным влиянием»",21.06.2024,,https://t.me/gingerbread22cm; https://www.facebook.com/100006842734859; https://www.instagram.com/pryanishnikov_alexey/; https://twitter.com/22cm_alex,Физические лица,,701731620723,,068-940-879 23,04.03.1976,,,21.06.2024,40817810730856308577,Краснодарское отделение №8619 ПАО Сбербанк,040349602,30101810100000000602,01.03.2025,
819,Кириллов Никита Никитович,"Статья 7 Федерального закона от 14.07.2022 № 255-ФЗ «О контроле за деятельностью лиц, находящихся под иностранным влиянием»",21.06.2024,,https://vk.com/windows; https://vk.com/ulyanka_spb; https://t.me/ulyankaspb,Физические лица,,780532393521,,148-319-137 71,31.03.1987,,,21.06.2024,40817810755192256551,Головное отделение Северо-Западного банка №9055 ПАО Сбербанк,044030653,30101810500000000653,01.03.2025,
818,Качанов Роман Романович,"Статья 7 Федерального закона от 14.07.2022 № 255-ФЗ «О контроле за деятельностью лиц, находящихся под иностранным влиянием»",21.06.2024,,https://www.youtube.com/@roman.kachanov; https://www.facebook.com/kachanov.roman; https://www.instagram.com/romankachanoff/,Физические лица,,773171006820,,128-416-931 67,17.01.1967,,,21.06.2024,40817810338045100163,Московский банк ПАО Сбербанк,044525225,30101810400000000225,01.03.2025,
817,Волохонский Владимир Львович,"Статья 7 Федерального закона от 14.07.2022 № 255-ФЗ «О контроле за деятельностью лиц, находящихся под иностранным влиянием»",21.06.2024,,https://www.youtube.com/@volokhonsky; https://t.me/puzatborodatdeputat; https://vk.com/puzatborodatdeputat; https://vk.com/volokhonsky; https://twitter.com/volokhonsky; https://www.facebook.com/volokhonsky; http://kupchinonews.ru/; https://www.facebook.com/kupchinonews,Физические лица,,780525879744,,012-916-062 18,28.01.1979,,,21.06.2024,40817810455192256550,Головное отделение Северо-Западного банка №9055 ПАО Сбербанк,044030653,30101810500000000653,01.03.2025,
816,Винатье Лоран Клод Жан-Луи,"Статья 7 Федерального закона от 14.07.2022 № 255-ФЗ «О контроле за деятельностью лиц, находящихся под иностранным влиянием»",21.06.2024,,,Физические лица,,,,,23.07.1976,,,21.06.2024,,,,,,
815,Антонов Сергей Юрьевич,"Статья 7 Федерального закона от 14.07.2022 № 255-ФЗ «О контроле за деятельностью лиц, находящихся под иностранным влиянием»",21.06.2024,,https://www.youtube.com/@Diagnos_Putina; https://www.facebook.com/100008394030221; https://www.instagram.com/antonovsergel/; https://vk.com/antonovsergeiprotiv; https://www.komitet-2024.org/; https://t.me/komitet2024; https://www.facebook.com/Komitet2024,Физические лица,,183100954440,,058-458-423 95,14.04.1978,,,21.06.2024,40817810568784162102,Удмуртское отделение №8618 ПАО Сбербанк,049401601,30101810400000000601,01.03.2025,
814,Раткин Альберт Викторович,"Статья 7 Федерального закона от 14.07.2022 № 255-ФЗ «О контроле за деятельностью лиц, находящихся под иностранным влиянием»",14.06.2024,,http://nebesnaya7.com/; https://vk.com/nebesnaya7; https://www.youtube.com/user/nebesnaya7kaluga; https://www.facebook.com/slovo.g.kaluga/; https://t.me/vzglyad_s_nebesnoy; https://dzen.ru/vzglyadsnebesnoi; https://www.facebook.com/albert.ratkin.7/,Физические лица,,402705588996,,004-324-032 80,29.12.1970,,,14.06.2024,40817810222245273089,Калужское отделение №8608 ПАО Сбербанк,042908612,30101810100000000612,01.03.2025,
813,Поперечный Данила Алексеевич,"Статья 7 Федерального закона от 14.07.2022 № 255-ФЗ «О контроле за деятельностью лиц, находящихся под иностранным влиянием»",14.06.2024,,https://danilapoperechnyi.com/; https://www.instagram.com/spoontamer; https://t.me/poperechnyi; https://twitter.com/spoontamer; https://www.youtube.com/user/Spoontamer; https://vk.com/spoontamer; https://vk.com/poperechny,Физические лица,,366233215493,,162-571-370 62,10.03.1994,,,14.06.2024,40817810813008178668,Воронежское отделение №9013 ПАО Сбербанк,042007681,30101810600000000681,08.04.2025,
812,Кучер Станислав Александрович,"Статья 7 Федерального закона от 14.07.2022 № 255-ФЗ «О контроле за деятельностью лиц, находящихся под иностранным влиянием»",14.06.2024,,https://themessenger.com/search?s=Stanislav%20Kucher; https://echofm.online/author/stanislav-kucher; https://kasparov.1eye.us/author.php?id=544B43CD18BC9; https://www.instagram.com/stanislav_kucher_live; https://www.facebook.com/stanislav.kucher; https://t.me/StanislavKucher; https://www.youtube.com/channel/UCh66SMap82G4fijE4c_V9hw,Физические лица,,773604787069,,014-365-932 38,18.03.1972,,,14.06.2024,40817810738115479450,Московский банк ПАО Сбербанк,044525225,30101810400000000225,08.04.2025,
811,Комелев Алексей Юрьевич,"Статья 7 Федерального закона от 14.07.2022 № 255-ФЗ «О контроле за деятельностью лиц, находящихся под иностранным влиянием»",14.06.2024,,https://vk.com/id16333279; https://www.facebook.com/100004641273095,Физические лица,,631306871482,,119-202-756 36,13.12.1978,,,14.06.2024,40817810754101986573,Самарское отделение №6991 ПАО Сбербанк,043601607,30101810200000000607,01.03.2025,
810,Артемьев Игорь Андреевич,"Статья 7 Федерального закона от 14.07.2022 № 255-ФЗ «О контроле за деятельностью лиц, находящихся под иностранным влиянием»",14.06.2024,,https://www.facebook.com/almostclimber; https://www.instagram.com/almostclimber; https://t.me/artemevi,Физические лица,,503119009698,,123-362-730 28,09.08.1989,,,14.06.2024,40817810538115400496,Московский банк ПАО Сбербанк,044525225,30101810400000000225,01.03.2025,
809,Проект «Republic»,"Статья 7 Федерального закона от 14.07.2022 № 255-ФЗ «О контроле за деятельностью лиц, находящихся под иностранным влиянием»",31.05.2024,,"https://republic.ru/;
https://www.facebook.com/republic.ru/;
https://twitter.com/Republic_Mag;
https://vk.com/republicmag;
https://www.instagram.com/republic_ru/;
https://t.me/RepublicMag;
https://www.youtube.com/@Republic_ru/",Иные объединения лиц,,,,,,[Колезев Дмитрий Евгеньевич],,31.05.2024,,,,,,
808,Интернет-проект «SOTA»,"Статья 7 Федерального закона от 14.07.2022 № 255-ФЗ «О контроле за деятельностью лиц, находящихся под иностранным влиянием»",31.05.2024,,"https://sotaproject.com;
https://www.patreon.com/sotaproject;
https://boosty.to/sota;
https://www.youtube.com/@SOTA_Project;
https://t.me/sotaproject;
https://t.me/sotatexty;
https://instagram.com/sotaproject;
https://www.threads.net/@sotaproject;
https://twitter.com/sotaproject;
https://www.facebook.com/sotaproject",Иные объединения лиц,,,,,,"[Обухов Алексей Владимирович, Афанасьев Андрей Андреевич, Балтатарова Евгения Семеновна, Порядина Дарья, Кашкина Анастасия, Иванов Петр]",,31.05.2024,,,,,,
807,Движение «Путь домой»,"Статья 7 Федерального закона от 14.07.2022 № 255-ФЗ «О контроле за деятельностью лиц, находящихся под иностранным влиянием»",31.05.2024,,"https://t.me/PYTY_DOMOY;
https://t.me/putdomo/;
https://www.youtube.com/@user-ky2pc3uc3f;
https://vk.com/public223019607;
https://www.pyty-domoy.life/",Иные объединения лиц,,,,,,[Андреева Мария Борисовна],,31.05.2024,,,,,,
806,Литвинович Марина Алексеевна,"Статья 7 Федерального закона от 14.07.2022 № 255-ФЗ «О контроле за деятельностью лиц, находящихся под иностранным влиянием»",31.05.2024,,https://www.litvinovich.ru/; https://www.youtube.com/channel/UCrPRTfKftTXFLWSte2Us9DQ; https://www.instagram.com/abstract2001/; https://t.me/litvinovichm; https://twitter.com/abstract2001; https://www.facebook.com/marina.litvinovich; https://vk.com/abstract2001; https://ok.ru/profile/237916321,Физические лица,,774309814408,,044-399-407 77,19.09.1974,,,31.05.2024,40817810438700402226,Московский банк ПАО Сбербанк,044525225,30101810400000000225,01.03.2025,
805,"Иванов Павел Викторович ""Partisan""","Статья 7 Федерального закона от 14.07.2022 № 255-ФЗ «О контроле за деятельностью лиц, находящихся под иностранным влиянием»",31.05.2024,,https://www.facebook.com/PartisanIvanov; https://vk.com/partisan_ivanov; https://t.me/j0kerru; www.youtube.com/@Partisan_Ivanov; https://t.me/control_PARTISAN,Физические лица,,250550339203,,121-439-927 44,22.02.1987,,,31.05.2024,40817810270003830347,Головное отделение Дальневосточного банка №9070 ПАО Сбербанк,040813608,30101810600000000608,09.04.2025,
804,Дунцова Екатерина Сергеевна,"Статья 7 Федерального закона от 14.07.2022 № 255-ФЗ «О контроле за деятельностью лиц, находящихся под иностранным влиянием»",31.05.2024,,"https://www.youtube.com/@duntsova2024; https://www.instagram.com/katerinarit; https://ok.ru/katerinarit; https://boosty.to/e.duntsova; https://vk.com/duntsova_rassvet; https://www.facebook.com/ekaterina.duntsova; https://t.me/Duntsova, ID: - 1002140657533; https://t.me/Duntsova_Live24, ID: - 1001992979815",Физические лица,,691406760720,,115-239-885 59,24.04.1983,,,31.05.2024,40817810563003098841,Тверское отделение №8607 ПАО Сбербанк,042809679,30101810700000000679,01.03.2025,
803,Андреева Мария Борисовна,"Статья 7 Федерального закона от 14.07.2022 № 255-ФЗ «О контроле за деятельностью лиц, находящихся под иностранным влиянием»",31.05.2024,,https://t.me/mobilizpravda; https://www.youtube.com/@mobilizpravda; https://vk.com/kisska_sexsy; https://t.me/kykloworld; https://www.youtube.com/@kykloworld,Физические лица,,773406784404,,130-230-523 82,31.10.1989,,,31.05.2024,40817810338263045709,Московский банк ПАО Сбербанк,044525225,30101810400000000225,01.03.2025,
802,Общество с ограниченной ответственностью «СЧАСТЛИВЫЙ БИЛЕТ»,"Статья 9 Федерального закона от 14.07.2022 № 255-ФЗ «О контроле за деятельностью лиц, находящихся под иностранным влиянием»",30.05.2024,,,Юридические лица,,1101178634,1241100001229,,,,,31.05.2024,40702810738000000036,"ПАО ""Сбербанк"" 117312, Москва, ул. Вавилова, 19",044525225,30101810400000000225,01.03.2025,
801,Общество с ограниченной ответственностью  «ИНОАГЕНТ АВК»,"Статья 9 Федерального закона от 14.07.2022 № 255-ФЗ «О контроле за деятельностью лиц, находящихся под иностранным влиянием»",12.04.2024,,,Юридические лица,,5030105384,1235000105713,,,,,12.04.2024,40702810938000000030,"ПАО ""Сбербанк"" 117312, Москва, ул. Вавилова, 19",044525225,30101810400000000225,01.03.2025,
800,Асташин Иван Игоревич,"Статья 7 Федерального закона от 14.07.2022 № 255-ФЗ «О контроле за деятельностью лиц, находящихся под иностранным влиянием»",12.04.2024,,https://t.me/bolshaya_zona; https://www.facebook.com/ivanastashin205; https://www.instagram.com/astashin.205,Физические лица,,772788222586,,132-580-837 53,29.02.1992,,,12.04.2024,40817810038045100162,Московский банк ПАО Сбербанк,044525225,30101810400000000225,01.03.2025,
799,Кузьмин Николай Александрович,"Статья 7 Федерального закона от 14.07.2022 № 255-ФЗ «О контроле за деятельностью лиц, находящихся под иностранным влиянием»",12.04.2024,,https://t.me/Biplexer_channel; https://vk.com/biplexer; https://www.facebook.com/biplexer; https://www.instagram.com/biplexer/; https://x.com/biplexer; https://www.youtube.com/@Biplexer,Физические лица,,602705235925,,013-143-180 86,21.05.1980,,,12.04.2024,40817810951861520336,Псковское отделение №8630 ПАО Сбербанк,045805602,30101810300000000602,01.03.2025,
798,"Казанцева Анастасия Андреевна ""Ася Казанцева""","Статья 7 Федерального закона от 14.07.2022 № 255-ФЗ «О контроле за деятельностью лиц, находящихся под иностранным влиянием»",12.04.2024,,"https://t.me/asya_and_lizavetochka;
https://asena.livejournal.com/;
https://who-could-think.com/;
https://www.instagram.com/brain_is_tangible/; 
https://www.facebook.com/asya.kazantseva",Физические лица,,470379278018,,124-146-972 45,05.09.1986,,,12.04.2024,40817810738045100161,Московский банк ПАО Сбербанк,044525225,30101810400000000225,01.03.2025,
797,Барабанов Илья Алексеевич,"Статья 7 Федерального закона от 14.07.2022 № 255-ФЗ «О контроле за деятельностью лиц, находящихся под иностранным влиянием»",12.04.2024,,https://t.me/ibarabanch; https://www.instagram.com/barabanch/; https://www.facebook.com/ilya.barabanov/,Физические лица,,773474284495,,120-350-424 88,30.04.1985,,,12.04.2024,40817810238115400495,Московский банк ПАО Сбербанк,044525225,30101810400000000225,01.03.2025,
796,Филиппов Иван Борисович,"Статья 7 Федерального закона от 14.07.2022 № 255-ФЗ «О контроле за деятельностью лиц, находящихся под иностранным влиянием»",12.04.2024,,https://t.me/ve4niyvoy; https://t.me/zapasaemsyapopkornom; https://dzen.ru/zapasaemsyapopkornom; https://www.instagram.com/ivan.philippov/; https://www.patreon.com/ve4niyvoy; https://ok.ru/group/70000003625916,Физические лица,,772200573609,,068-146-181 73,21.09.1982,,,12.04.2024,40817810138700402225,Московский банк ПАО Сбербанк,044525225,30101810400000000225,01.03.2025,
795,«Российское социалистическое движение» (РСД),"Статья 7 Федерального закона от 14.07.2022 № 255-ФЗ «О контроле за деятельностью лиц, находящихся под иностранным влиянием»",05.04.2024,,"https://anticapitalist.ru/;
https://www.youtube.com/@russian.socialist.movement/;
https://www.facebook.com/russocmovement;
https://www.instagram.com/rsd_rsm/;
https://t.me/rsd_tg","Общественные объединения, действующие без образования юридического лица",,,,,,"[Будрайтскис Илья, Жиляев Арсений, Магкоева Изабель (Белла), Медведев Кирилл, Овсянников Иван, Плотников Владимир, Софронов Владислав]",,,,,,,,
794,Татулова Анастасия Анатольевна,"Статья 7 Федерального закона от 14.07.2022 № 255-ФЗ «О контроле за деятельностью лиц, находящихся под иностранным влиянием»",05.04.2024,,"https://www.tatulova.com/;
https://t.me/tatulovacom;
https://vk.com/tatulovacom;
https://www.facebook.com/tatulova",Физические лица,,772646422942,,001-802-145 79,25.09.1974,,,,40817810838700402224,Московский банк ПАО Сбербанк,044525225,30101810400000000225,01.03.2025,
793,Веллер Михаил Иосифович,"Статья 7 Федерального закона от 14.07.2022 № 255-ФЗ «О контроле за деятельностью лиц, находящихся под иностранным влиянием»",05.04.2024,,"https://x.com/MiWeller;
https://t.me/miveller;
https://t.me/WellerOfficial;
https://www.youtube.com/@Mweller",Физические лица,,771317970596,,,20.05.1948,,,,,,,,,
792,Общество с ограниченной ответственностью «ИНСТИТУТ НЕЙРОКОГНИТИВНЫХ ИССЛЕДОВАНИЙ»,"Статья 9 Федерального закона от 14.07.2022 № 255-ФЗ «О контроле за деятельностью лиц, находящихся под иностранным влиянием»",02.04.2024,,,Юридические лица,,9703175787,1247700215510,,,,,,40702810638000000314,"ПАО ""Сбербанк"" 117312, Москва, ул. Вавилова, 19",044525225,30101810400000000225,01.03.2025,
791,Общество с ограниченной ответственностью «БОЛЬШАЯ СЕМЕРКА»,"Статья 9 Федерального закона от 14.07.2022 № 255-ФЗ «О контроле за деятельностью лиц, находящихся под иностранным влиянием»",01.04.2024,,,Юридические лица,,5261136421,1245200007117,,,,,,40702810338000000164,"ПАО ""Сбербанк"" 117312, Москва, ул. Вавилова, 19",044525225,30101810400000000225,01.03.2025,
790,Проект «Первый отдел»,"Статья 7 Федерального закона от 14.07.2022 № 255-ФЗ «О контроле за деятельностью лиц, находящихся под иностранным влиянием»",29.03.2024,,"https://dept.one/, https://t.me/deptone, https://www.youtube.com/@DeptOne, https://www.facebook.com/dept.one, https://www.instagram.com/one_dept/",Иные объединения лиц,,,,,,"[Заир-Бек Дмитрий, Ефремов Игорь Вячеславович, Конвай Ярослав Дмитриевич, Павлов Иван Юрьевич, Смирнов Евгений Евгеньевич, Заговора Максим Александрович, Скворцова Елена Сергеевна, Цыбулина Елизавета Юрьевна, Шакина Ольга Всеволодовна]",,,,,,,,
789,Прохоров Вадим Юрьевич,"Статья 7 Федерального закона от 14.07.2022 № 255-ФЗ «О контроле за деятельностью лиц, находящихся под иностранным влиянием»",29.03.2024,,,Физические лица,,772203944146,,004-725-994 48,05.11.1972,,,,40817810838115479460,Московский банк ПАО Сбербанк,044525225,30101810400000000225,08.04.2025,
788,Вишневский Борис Лазаревич,"Статья 7 Федерального закона от 14.07.2022 № 255-ФЗ «О контроле за деятельностью лиц, находящихся под иностранным влиянием»",29.03.2024,,https://www.facebook.com/visboris; https://x.com/visboris; https://t.me/visboris; https://vk.com/borisvishnevskiy,Физические лица,,781610523518,,014-941-823 44,15.10.1955,,,,40817810055192256549,Головное отделение Северо-Западного банка №9055 ПАО Сбербанк,044030653,30101810500000000653,01.03.2025,
787,Проект «T-invariant»,"Статья 7 Федерального закона от 14.07.2022 № 255-ФЗ «О контроле за деятельностью лиц, находящихся под иностранным влиянием»",22.03.2024,,"https://www.t-invariant.org;
https://www.youtube.com/@t-invariant/; https://www.instagram.com/t_invariant/;
https://twitter.com/t_invariant;
https://www.facebook.com/t.invariant;
https://t.me/t_invariant;
https://soundcloud.com/t-invariant;
https://www.patreon.com/t_invariant;
https://music.yandex.ru/album/25076628/track/112051584;
https://podcasts.apple.com/us/podcast/вторжение/id1673151190;
https://podcasts.google.com/feed/aHR0cHM6Ly9mZWVkcy5zb3VuZGNsb3VkLmNvbS91c2Vycy9zb3VuZGNsb3VkOnVzZXJzOjEyMjIzOTQwMDUvc291bmRzLnJzcw; https://castbox.fm/channel/id5323216",Иные объединения лиц,,,,,,"[Кабанов Александр Викторович, Кунин Евгений Викторович, Гудков Андрей Владимирович, Стивенсон (Сыркина) Светлана Абрамовна, Калиничев Андрей Геннадьевич, Берлова Наталия Геннадьевна, Оскольский Алексей Асафьевич, Ерофеев Сергей Арсентьевич, Орлова Ольга Михайловна, Сергеев Александр, Мирный Владимир, Штейнберг Марина, Насыров Евгений]",,,,,,,,
786,«Смола» («Smola»),"Статья 7 Федерального закона от 14.07.2022 № 255-ФЗ «О контроле за деятельностью лиц, находящихся под иностранным влиянием»",22.03.2024,,"https://smola.media;
https://t.me/smolamedia;
https://vk.com/smola.media;
https://www.youtube.com/channel/UCMzDHFttTHKvnmxMr69hGMw;
https://twitter.com/SmolaMedia;
https://www.instagram.com/smola.media/;
https://www.facebook.com/smola.media/",Иные объединения лиц,,,,,,"[Троянова Анастасия, Кравцова Ирина, Истомина Алёна, Шевченко Надежда, Жилин Иван]",,,,,,,,
785,Проект «Лаборатория публичной социологии»,"Статья 7 Федерального закона от 14.07.2022 № 255-ФЗ «О контроле за деятельностью лиц, находящихся под иностранным влиянием»",22.03.2024,,"http://publicsociology.tilda.ws/;
https://t.me/publicsociologylaboratory;
https://vk.com/pslab;
https://www.facebook.com/PublicSociologyLaboratory;
https://www.youtube.com/channel/UCp3rMzjriQzCDw0MXDHNYEw",Иные объединения лиц,,,,,,"[Журавлев Олег Михайлович, Алюков Максим Леонидович, Матвеев Илья Александрович, Савельева Наталья Викторовна, Ерпылева Светлана]",,,,,,,,
784,Скобов Александр Валерьевич,"Статья 7 Федерального закона от 14.07.2022 № 255-ФЗ «О контроле за деятельностью лиц, находящихся под иностранным влиянием»",22.03.2024,,https://t.me/a_skobov; https://www.facebook.com/alexander.skobov,Физические лица,,780417019357,,049-363-281 77,04.11.1957,,,,40817810755192256548,Головное отделение Северо-Западного банка №9055 ПАО Сбербанк,044030653,30101810500000000653,01.03.2025,
783,Набутов Кирилл Викторович,"Статья 7 Федерального закона от 14.07.2022 № 255-ФЗ «О контроле за деятельностью лиц, находящихся под иностранным влиянием»",22.03.2024,,https://www.youtube.com/@Nabutov; https://t.me/nabutov3; https://www.facebook.com/kirill.nabutov; https://vk.com/nabroskinabutova; https://boosty.to/nabutovy,Физические лица,,782572134012,,055-671-055 64,16.08.1957,,,,40817810455192256547,Головное отделение Северо-Западного банка №9055 ПАО Сбербанк,044030653,30101810500000000653,01.03.2025,
782,Некоммерческое партнерство содействия распространению энциклопедических знаний «Викимедиа РУ»,"Статья 9 Федерального закона от 14.07.2022 № 255-ФЗ «О контроле за деятельностью лиц, находящихся под иностранным влиянием»",18.03.2024,07.03.2025,https://www.youtube.com/@WikimediaRU; https://vk.com/wikimedia,Юридические лица,,7701361142,1087799035884,,,,,,,,,,,
781,Ишутин Кирилл Валерьевич,"Статья 7 Федерального закона от 14.07.2022 № 255-ФЗ «О контроле за деятельностью лиц, находящихся под иностранным влиянием»",15.03.2024,,"https://t.me/kirishutini; https://www.facebook.com/kirishutin; https://www.instagram.com/kirishutin;  https://t.me/ne_meshkivorochat, ID: -1002527604763",Физические лица,,332807642409,,115-015-525 00,07.06.1984,,,,40817810110003574334,Владимирское отделение №8611 ПАО Сбербанк,041708602,30101810000000000602,01.03.2025,
780,Трескунов Семён Алексеевич,"Статья 7 Федерального закона от 14.07.2022 № 255-ФЗ «О контроле за деятельностью лиц, находящихся под иностранным влиянием»",15.03.2024,,https://t.me/treskunovs; https://t.me/sam_treskunov; https://www.facebook.com/treskunovs; https://www.instagram.com/sam_treskunov; https://vk.com/treskunovs; https://www.threads.net/@sam_treskunov,Физические лица,,771319080581,,182-342-572 63,14.11.1999,,,,,,,,,
779,Либеров Роман Александрович,"Статья 7 Федерального закона от 14.07.2022 № 255-ФЗ «О контроле за деятельностью лиц, находящихся под иностранным влиянием»",15.03.2024,,"https://www.facebook.com/roma.liberov/;
https://www.youtube.com/@RLiberov/;
https://www.instagram.com/romaliberson/;
https://ulysses-foundation.com",Физические лица,,773165161418,,027-951-279 76,13.06.1980,,,,40817810438045100160,Московский банк ПАО Сбербанк,044525225,30101810400000000225,01.03.2025,
778,Кашинцев Олег Вячеславович,"Статья 7 Федерального закона от 14.07.2022 № 255-ФЗ «О контроле за деятельностью лиц, находящихся под иностранным влиянием»",15.03.2024,,https://www.youtube.com/@Oleg_Kashintsev; https://t.me/exmajor; https://www.instagram.com/oleg_kashintsev; https://www.facebook.com/oleg.kashintsev; https://x.com/Oleg_Kashintsev; https://www.patreon.com/Oleg_Kashintsev,Физические лица,,761001942500,,072-461-397 61,08.02.1981,,,,40817810677031371481,Ярославское отделение №17,042908612,30101810100000000612,01.03.2025,
777,Каверзина Светлана Викторовна,"Статья 7 Федерального закона от 14.07.2022 № 255-ФЗ «О контроле за деятельностью лиц, находящихся под иностранным влиянием»",15.03.2024,,https://vk.com/kaverzina_svetlana; https://ok.ru/group/70000000465888; https://www.youtube.com/@Svetlana_Kaverzina; https://t.me/sveta_kaverzina; https://www.facebook.com/profile.php?id=100063703677078; https://www.instagram.com/sveta_kaverzina/; https://dzen.ru/id/6527c5fc69ac1c29cc702c8c; https://taplink.cc/sveta_kaverzina,Физические лица,,382102605382,,076-620-936 82,05.04.1969,,,,40817810844055073158,Новосибирское отделение №8047 ПАО Сбербанк,045004641,30101810500000000641,01.03.2025,
776,Липсиц Игорь Владимирович,"Статья 7 Федерального закона от 14.07.2022 № 255-ФЗ «О контроле за деятельностью лиц, находящихся под иностранным влиянием»",15.03.2024,,https://www.facebook.com/LIPSITS/; https://www.facebook.com/profile.php?id=100001032529190; https://www.instagram.com/igor.lipsits/; https://t.me/LipsitsIgor; https://www.youtube.com/@IgorLipsits_1950; https://t.me/Lipsits_again; https://t.me/Lipsits_audio; https://t.me/Reading_from_Professor_Lipsits,Физические лица,,770400354488,,001-585-657 31,18.03.1950,,,,40817810938700402221,Московский банк ПАО Сбербанк,044525225,30101810400000000225,01.03.2025,
775,Беленькая Марианна Борисовна,"Статья 7 Федерального закона от 14.07.2022 № 255-ФЗ «О контроле за деятельностью лиц, находящихся под иностранным влиянием»",15.03.2024,,https://m-belenkaya.livejournal.com/; https://t.me/mbbelenkaya; https://t.me/mideastr; https://www.facebook.com/blankmar,Физические лица,,772880126860,,053-372-255 42,28.06.1977,,,,40817810938115400494,Московский банк ПАО Сбербанк,044525225,30101810400000000225,01.03.2025,
774,Благотворительный фонд помощи социально-незащищенным гражданам «Нужна помощь»,"Статья 7 Федерального закона от 14.07.2022 № 255-ФЗ «О контроле за деятельностью лиц, находящихся под иностранным влиянием»",01.03.2024,,https://nuzhnapomosh.ru/; https://www.facebook.com/nuzhnapomosh; https://sluchaem.ru/; https://x.com/nuzhnapomosh; https://vk.com/nuzhna_pomosh; https://ok.ru/npmsh; https://www.youtube.com/@NuzhnapomoshRu; https://t.me/nzhnpmsh,Юридические лица,,9710001171,1157700014053,,,,,,40703810338000001706,"ПАО ""Сбербанк"" 117312, Москва, ул. Вавилова, 19",044525225,30101810400000000225,01.03.2025,
773,Центр защиты прав человека «Мемориал»,"Статья 7 Федерального закона от 14.07.2022 № 255-ФЗ «О контроле за деятельностью лиц, находящихся под иностранным влиянием»",01.03.2024,,"https://memorialcenter.org/;
https://linkin.bio/memorial-hrc;
https://t.me/polniypc;
https://vk.com/pcmemorial;
https://www.youtube.com/channel/UCEeqtr2T6gg3CEvYgEvAJFw;
https://www.instagram.com/memorial.hrc/;
https://www.facebook.com/hrcmemorial;
https://twitter.com/hrc_memorial;
https://aboutrussia.org",Иные объединения лиц,,,,,,"[Орлов Олег Петрович, Давидис Сергей Константинович, Ганнушкина Светлана Алексеевна, Черкасов Александр Владимирович, Малыхин Владимир Александрович, Шедов Денис Викторович, Гарина Анастасия Игоревна, Секретарева Наталия]",,,,,,,,
772,Медведев Сергей Юрьевич,"Статья 7 Федерального закона от 14.07.2022 № 255-ФЗ «О контроле за деятельностью лиц, находящихся под иностранным влиянием»",01.03.2024,,"https://t.me/medvedev24022022;
https://vk.com/id589059506",Физические лица,,590610198401,,028-138-154 41,16.03.1971,,,,40817810149787664868,Пермское отделение №6984 ПАО Сбербанк,042202603,30101810900000000603,01.03.2025,
771,Хржановский Илья Андреевич,"Статья 7 Федерального закона от 14.07.2022 № 255-ФЗ «О контроле за деятельностью лиц, находящихся под иностранным влиянием»",01.03.2024,,https://www.facebook.com/profile.php?id=100007607220534; https://www.instagram.com/ilyakhrzhanovskiy/; https://www.threads.com/@ilyakhrzhanovskiy,Физические лица,,771003551883,,119-454-240 58,11.08.1975,,,,,,,,,
770,Улицкая Людмила Евгеньевна,"Статья 7 Федерального закона от 14.07.2022 № 255-ФЗ «О контроле за деятельностью лиц, находящихся под иностранным влиянием»",01.03.2024,,,Физические лица,,771400349521,,123-077-380 33,21.02.1943,,,,40817810038045100159,Московский банк ПАО Сбербанк,044525225,30101810400000000225,01.03.2025,
769,Арцуев Аслан Хамзатович,"Статья 7 Федерального закона от 14.07.2022 № 255-ФЗ «О контроле за деятельностью лиц, находящихся под иностранным влиянием»",16.02.2024,,https://www.hrcichkeria.com; https://www.tiktok.com/@aslan_arzuev_hrci; https://t.me/AslanArtsuevREALITY; https://www.youtube.com/@Aslan_Arzuev__HRCI; https://www.youtube.com/@Ichkeria_Center; https://www.facebook.com/profile.php?id=100008940398730,Физические лица,,200204101108,,157-808-690 12,22.07.1977,,,,40817810038263045708,Московский банк ПАО Сбербанк,044525225,30101810400000000225,01.03.2025,
768,Тиньков Олег Юрьевич,"Статья 7 Федерального закона от 14.07.2022 № 255-ФЗ «О контроле за деятельностью лиц, находящихся под иностранным влиянием»",16.02.2024,,https://www.instagram.com/olegtinkov/; https://vk.com/olegtinkov; https://www.youtube.com/@OlegTinkov,Физические лица,,781422170309,,005-865-269 59,25.12.1967,,,,,,,,,
767,Кукушкин Никита Андреевич,"Статья 7 Федерального закона от 14.07.2022 № 255-ФЗ «О контроле за деятельностью лиц, находящихся под иностранным влиянием»",16.02.2024,,"https://t.me/NikitaKukushkin;
https://vk.com/id6045844;
https://www.instagram.com/bahaooo/;
https://www.facebook.com/profile.php?id=100000568563873",Физические лица,,774313972848,,142-686-886 00,14.11.1990,,,,40817810638700402220,Московский банк ПАО Сбербанк,044525225,30101810400000000225,01.03.2025,
766,Наринская Анна Анатольевна,"Статья 7 Федерального закона от 14.07.2022 № 255-ФЗ «О контроле за деятельностью лиц, находящихся под иностранным влиянием»",16.02.2024,,https://t.me/nezyablik; https://vk.com/id822625191; https://www.facebook.com/anna.narinskaya; https://www.instagram.com/narinskaya_anna/; https://www.instagram.com/narinskaya/,Физические лица,,771305322431,,001-653-157 00,13.04.1966,,,,40817810238700402219,Московский банк ПАО Сбербанк,044525225,30101810400000000225,01.03.2025,
765,Синеокая Юлия Вадимовна,"Статья 7 Федерального закона от 14.07.2022 № 255-ФЗ «О контроле за деятельностью лиц, находящихся под иностранным влиянием»",16.02.2024,,https://www.facebook.com/julia.sineokaya.5,Физические лица,,771901593930,,012-966-751 61,01.03.1969,,,,40817810638115400493,Московский банк ПАО Сбербанк,044525225,30101810400000000225,01.03.2025,
764,"""Общество с ограниченной ответственностью  «ЕЛКИН КАРТОН»","Статья 9 Федерального закона от 14.07.2022 № 255-ФЗ «О контроле за деятельностью лиц, находящихся под иностранным влиянием»",09.02.2024,,,Юридические лица,,7743380757,1227700266012,,,,,,40702810538000000016,"ПАО ""Сбербанк"" 117312, Москва, ул. Вавилова, 19",044525225,30101810400000000225,01.03.2025,
763,Чимаров Михаил Юрьевич,"Статья 7 Федерального закона от 14.07.2022 № 255-ФЗ «О контроле за деятельностью лиц, находящихся под иностранным влиянием»",02.02.2024,,https://t.me/czimarow; https://vk.com/outbody; https://www.instagram.com/tapaboys; https://www.facebook.com/czimarow,Физические лица,,532113749333,,179-932-833 36,29.12.2000,,,,40817810343861621338,Новгородское отделение №8629 ПАО Сбербанк,041117601,30101810100000000601,01.03.2025,
762,Степанов Сергей Николаевич,"Статья 7 Федерального закона от 14.07.2022 № 255-ФЗ «О контроле за деятельностью лиц, находящихся под иностранным влиянием»",02.02.2024,,https://www.youtube.com/@ProtivZla; https://ok.ru/profile/562866766844; https://ok.ru/group/56153684967676; https://vk.com/protivzla; https://vk.com/afanastas.tambov; https://www.facebook.com/SergeiStepanovTambov,Физические лица,,682015129008,,040-076-442 12,24.12.1973,,,,40817810961006550321,Тамбовское отделение №8594 ПАО Сбербанк,046850649,30101810800000000649,01.03.2025,
761,Картавин Антон Викторович,"Статья 7 Федерального закона от 14.07.2022 № 255-ФЗ «О контроле за деятельностью лиц, находящихся под иностранным влиянием»",02.02.2024,,https://t.me/ankartavin; https://www.facebook.com/anton.kartavin/; https://x.com/kartavin; https://www.instagram.com/an_kartavin/; https://www.youtube.com/@Kartavinsays; https://www.twitch.tv/ankartavin,Физические лица,,540415386470,,150-696-305 67,13.12.1984,,,,,,,,,
760,Козловский Станислав Александрович,"Статья 7 Федерального закона от 14.07.2022 № 255-ФЗ «О контроле за деятельностью лиц, находящихся под иностранным влиянием»",02.02.2024,,,Физические лица,,771608310964,,055-497-607 96,08.12.1976,,,,40817810738263045707,Московский банк ПАО Сбербанк,044525225,30101810400000000225,01.03.2025,
759,Орлов Олег Петрович,"Статья 7 Федерального закона от 14.07.2022 № 255-ФЗ «О контроле за деятельностью лиц, находящихся под иностранным влиянием»",02.02.2024,,https://www.facebook.com/profile.php?id=100009441420415,Физические лица,,771200767391,,019-631-378 56,04.04.1953,,,,40817810738045100158,Московский банк ПАО Сбербанк,044525225,30101810400000000225,01.03.2025,
758,Соколов Никита Павлович,"Статья 7 Федерального закона от 14.07.2022 № 255-ФЗ «О контроле за деятельностью лиц, находящихся под иностранным влиянием»",02.02.2024,,,Физические лица,,771905948862,,004-524-024 92,04.06.1957,,,,40817810738068815572,Московский банк ПАО Сбербанк,044525225,30101810400000000225,01.03.2025,
757,Проект «ВОТ ТАК»,"Статья 7 Федерального закона от 14.07.2022 № 255-ФЗ «О контроле за деятельностью лиц, находящихся под иностранным влиянием»",26.01.2024,,"https://vot-tak.tv/, https://www.youtube.com/@vot_tak/, https://www.youtube.com/@vot_tak_now, https://www.youtube.com/@vot_tak_shorts, https://www.facebook.com/vot.tak.media/, https://twitter.com/vottak_tv, https://vk.com/vot.tak.media, https://t.me/vottaktv, https://t.me/belsatru, https://www.threads.net/@vottaktv",Иные объединения лиц,,,,,,"[Бурыева Лола, Шилин Максим]",,,,,,,,
756,Потапенко Дмитрий Валерьевич,"Статья 7 Федерального закона от 14.07.2022 № 255-ФЗ «О контроле за деятельностью лиц, находящихся под иностранным влиянием»",26.01.2024,,https://t.me/PotapenkoDmitry; https://vk.com/potapenkoru; https://vk.com/potapenkodmitry; https://www.instagram.com/potapenkodmitry; https://www.facebook.com/potapenkodmitry; https://www.facebook.com/DVPotapenko; https://www.youtube.com/@PotapenkoTV; https://x.com/dmitrypotapenko; https://www.linkedin.com/in/potapenkodmitry; https://www.youtube.com/@PotapenkoDmitry; https://boosty.to/potapenko; https://www.threads.net/@potapenkodmitry; https://www.patreon.com/Potapenko,Физические лица,,773121596436,,037-091-358 48,30.03.1970,,,,40817810338115400492,Московский банк ПАО Сбербанк,044525225,30101810400000000225,01.03.2025,
755,Трудолюбов Максим Анатольевич,"Статья 7 Федерального закона от 14.07.2022 № 255-ФЗ «О контроле за деятельностью лиц, находящихся под иностранным влиянием»",26.01.2024,,https://t.me/trudolubov; https://www.facebook.com/trudolubov; https://x.com/russiafiles; https://www.instagram.com/maxtrudo/; https://www.behance.net/maximtrudolubov; https://www.maxtrutt.com; https://www.instagram.com/maximtrutt,Физические лица,,771002864499,,014-889-025 68,11.01.1970,,,,40817810438263045706,Московский банк ПАО Сбербанк,044525225,30101810400000000225,01.03.2025,
754,«Комитет ингушской независимости»,"Статья 7 Федерального закона от 14.07.2022 № 255-ФЗ «О контроле за деятельностью лиц, находящихся под иностранным влиянием»",19.01.2024,,"https://www.instagram.com/ingcommittee; https://t.me/ingcommittee; https://www.youtube.com/@ingcommittee; https://www.facebook.com/profile.php?id=61564753103926; https://www.threads.com/@ingcommittee; https://t.me/DHR_BAQO, ID: -1002153962067",Иностранные структуры без образования юридического лица,,,,,,"[Картоев Анзор Микаилович ""Гаркхо Ансар"", Оздо (Оздоев) Ахмед]",,,,,,,,
753,Лекторий «Живое слово»,"Статья 7 Федерального закона от 14.07.2022 № 255-ФЗ «О контроле за деятельностью лиц, находящихся под иностранным влиянием»",19.01.2024,,"https://lectory69.ru/; https://sci-gorod.ru/;
https://vk.com/scigorod;
https://www.instagram.com/scigorod69/; 
https://vk.com/lectory69; https://vk.com/naukanavyrost;
https://t.me/lectory69tver;
https://www.youtube.com/@lectory69;
https://www.facebook.com/lectory69;
https://www.instagram.com/lectory69;
https://www.threads.net/@lectory69",Иные объединения лиц,,,,,,"[Кочеткова Любовь Алексеевна, Кочетков Дмитрий Сергеевич]",,,,,,,,
752,Олейник Владислав Александрович,"Статья 7 Федерального закона от 14.07.2022 № 255-ФЗ «О контроле за деятельностью лиц, находящихся под иностранным влиянием»",19.01.2024,,https://vk.com/normanidea; https://www.facebook.com/profile.php?id=100087831685533; https://www.instagram.com/hokage2007; https://t.me/Fennoscandia; https://vk.com/id822833738; https://www.youtube.com/@NordicNoviop; https://t.me/Karjalan_Kansallinen_Liike ID: -1001901520116; https://t.me/Karjalavapaa ID: -1001836793500,Физические лица,,780627729699,,166-381-796 04,30.01.1996,,,,40817810555192256544,Головное отделение Северо-Западного банка №9055 ПАО Сбербанк,044030653,30101810500000000653,01.03.2025,
751,Живица Владислав Геннадьевич,"Статья 7 Федерального закона от 14.07.2022 № 255-ФЗ «О контроле за деятельностью лиц, находящихся под иностранным влиянием»",19.01.2024,,https://vk.com/id506506715; https://vk.com/smolrescentr; https://t.me/panzhivitsa; https://vk.com/panzhivitsa; https://www.instagram.com/panzhivitsa/; https://www.facebook.com/vladislavzhivitsa/; https://www.youtube.com/@vladislav_zhivitsa,Физические лица,,732898815791,,164-531-662 65,29.06.1992,,,,40817810859003723016,Смоленское отделение №8609 ПАО Сбербанк,046614632,30101810000000000632,01.03.2025,
750,Чирикова Евгения Сергеевна,"Статья 7 Федерального закона от 14.07.2022 № 255-ФЗ «О контроле за деятельностью лиц, находящихся под иностранным влиянием»",19.01.2024,,https://x.com/4irikova; https://www.facebook.com/ecmoru,Физические лица,,771304157658,,045-652-919 73,12.11.1976,,,,40817810438045100157,Московский банк ПАО Сбербанк,044525225,30101810400000000225,01.03.2025,
749,Тагаева Лола Маджидовна,"Статья 7 Федерального закона от 14.07.2022 № 255-ФЗ «О контроле за деятельностью лиц, находящихся под иностранным влиянием»",19.01.2024,,https://www.facebook.com/lola.tagaeva; https://www.instagram.com/lola.tagaevaa,Физические лица,,312328891589,,142-511-432 13,12.10.1984,,,,,,,,,
748,Юдин Григорий Борисович,"Статья 7 Федерального закона от 14.07.2022 № 255-ФЗ «О контроле за деятельностью лиц, находящихся под иностранным влиянием»",19.01.2024,,"https://www.instagram.com/grigorii6634/;
https://www.facebook.com/greg.yudin.7",Физические лица,,772852855194,,114-842-830 50,10.08.1983,,,,40817810138068815570,Московский банк ПАО Сбербанк,044525225,30101810400000000225,01.03.2025,
747,Интернет-издание «Холод»,"Статья 7 Федерального закона от 14.07.2022 № 255-ФЗ «О контроле за деятельностью лиц, находящихся под иностранным влиянием»",12.01.2024,,https://holod.media; https://t.me/holodmedia; https://t.me/newsholod; https://www.youtube.com/c/ХолодДок; https://www.instagram.com/holod.media; https://twitter.com/holodmedia; https://www.facebook.com/holodmedia; https://dzen.ru/holodmagazine; https://lnk.bio/holod.media; https://www.threads.net/@holod.media,Иные объединения лиц,,,,,,"[Бекбулатова Таисия Львовна, Заговора Максим]",,,,,,,,
746,Куршин Андрей Владимирович,"Статья 7 Федерального закона от 14.07.2022 № 255-ФЗ «О контроле за деятельностью лиц, находящихся под иностранным влиянием»",12.01.2024,,https://vk.com/id15270677; https://www.facebook.com/avkurshin,Физические лица,,,,137-169-862 91,12.06.1988,,,,,,,,,
745,Соколов Антон Сергеевич,"Статья 7 Федерального закона от 14.07.2022 № 255-ФЗ «О контроле за деятельностью лиц, находящихся под иностранным влиянием»",12.01.2024,,"https://vk.com/public188921102; https://www.facebook.com/profile.php?id=100061055193354; https://vk.com/toxic_deputy; https://t.me/CSD_com, ID: -1001719070596; https://t.me/Sokolov_RME, ID -1002221217261",Физические лица,,121521680472,,138-763-921 03,04.10.1988,,,,40817810137005075024,Марий Эл отделение №8614 ПАО Сбербанк,048073601,30101810300000000601,01.03.2025,
744,Минкин Александр Викторович,"Статья 7 Федерального закона от 14.07.2022 № 255-ФЗ «О контроле за деятельностью лиц, находящихся под иностранным влиянием»",12.01.2024,,https://vk.com/avminkin; https://t.me/meankeen; https://x.com/a_minkin; https://www.facebook.com/profile.php?id=100003366882146; https://www.instagram.com/alexander.minkin/,Физические лица,,771302050451,,052-033-180 00,26.08.1946,,,,40817810638700402217,Московский банк ПАО Сбербанк,044525225,30101810400000000225,01.03.2025,
743,"Чхартишвили Григорий Шалвович ""Борис Акунин""","Статья 7 Федерального закона от 14.07.2022 № 255-ФЗ «О контроле за деятельностью лиц, находящихся под иностранным влиянием»",12.01.2024,,,Физические лица,,770900513714,,004-732-559 26,20.05.1956,,,,40817810338700402216,Московский банк ПАО Сбербанк,044525225,30101810400000000225,01.03.2025,
742,"Общество с ограниченной ответственностью ""ВОБНИАР""","Статья 9 Федерального закона от 14.07.2022 № 255-ФЗ «О контроле за деятельностью лиц, находящихся под иностранным влиянием»",22.12.2023,,https://wbnr.tb.ru,Юридические лица,,5050157140,1225000130343,,,,,,40702810638000000204,"ПАО ""Сбербанк"" 117312, Москва, ул. Вавилова, 19",044525225,30101810400000000225,01.03.2025,
741,"Интернет-издание ""Вёрстка Медиа""","Статья 7 Федерального закона от 14.07.2022 № 255-ФЗ «О контроле за деятельностью лиц, находящихся под иностранным влиянием»",22.12.2023,,https://verstka.media/; https://t.me/svobodnieslova; https://www.instagram.com/verstka.media/; https://www.facebook.com/Verstka.media/; https://twitter.com/verstka_media; https://www.youtube.com/channel/UCt-3MJ1V5CmAdU_MsGxJADg; https://boosty.to/verstkamedia; https://www.patreon.com/verstka; https://verstkasupport.media/,Иные объединения лиц,,,,,,"[Тагаева Лола Маджидовна, Жадаев Иван Алексеевич]",,,,,,,,
740,"Проект ""Можем объяснить""","Статья 7 Федерального закона от 14.07.2022 № 255-ФЗ «О контроле за деятельностью лиц, находящихся под иностранным влиянием»",22.12.2023,,"https://pointmedia.io/;
https://t.me/mozhemobyasnit, ID -1001090854396;
https://www.youtube.com/@pointmediaio ;
https://www.instagram.com/mopolitics/",Иные объединения лиц,,,,,,"[Гликин Максим Александрович, Давлятчин Илья Владимирович, Волох Мария Михайловна, Колдобский Сергей Григорьевич, Давлетгильдеев Ринат Маратович, Жеянов Иван]",,,,,,,,
739,Кураев Андрей Вячеславович,"Статья 7 Федерального закона от 14.07.2022 № 255-ФЗ «О контроле за деятельностью лиц, находящихся под иностранным влиянием»",22.12.2023,,https://diak-kuraev.livejournal.com; https://www.facebook.com/diak.kuraev; https://vk.com/akuraev; https://t.me/akuraev; https://x.com/ankuraev,Физические лица,,772975372172,,011-710-347 86,15.02.1963,,,,40817810038115400491,Московский банк ПАО Сбербанк,044525225,30101810400000000225,01.03.2025,
738,Куваев Олег Игоревич,"Статья 7 Федерального закона от 14.07.2022 № 255-ФЗ «О контроле за деятельностью лиц, находящихся под иностранным влиянием»",22.12.2023,,https://multru.com/; https://www.tiktok.com/@olegkuvaev; https://www.facebook.com/oleg.kuvaev; https://www.instagram.com/samoleg; https://x.com/kuvaev; https://www.youtube.com/@OlegKuvaev; https://www.youtube.com/@Masyanyas,Физические лица,,781109916509,,053-081-698 48,06.02.1967,,,,,,,,,
737,Баунов Александр Германович,"Статья 7 Федерального закона от 14.07.2022 № 255-ФЗ «О контроле за деятельностью лиц, находящихся под иностранным влиянием»",22.12.2023,,https://t.me/baunovhaus; https://www.facebook.com/alexander.baunov; https://dzen.ru/abaunov; https://x.com/baunov; https://www.youtube.com/@BaunovTube; https://boosty.to/baunov.tube,Физические лица,,760602913679,,123-133-634 06,04.12.1969,,,,40817810840109198839,Головное отделение Среднерусского банка №9040 ПАО Сбербанк,044525225,30101810400000000225,01.03.2025,
736,Рыклин Александр Юрьевич,"Статья 7 Федерального закона от 14.07.2022 № 255-ФЗ «О контроле за деятельностью лиц, находящихся под иностранным влиянием»",22.12.2023,,https://www.facebook.com/profile.php?id=100001602582009,Физические лица,,772731598707,,006-080-795 25,04.05.1958,,,,40817810338115400489,Московский банк ПАО Сбербанк,044525225,30101810400000000225,01.03.2025,
735,Дарбинян Саркис Симонович,"Статья 7 Федерального закона от 14.07.2022 № 255-ФЗ «О контроле за деятельностью лиц, находящихся под иностранным влиянием»",22.12.2023,,https://www.facebook.com/ssdarbinyan; https://x.com/sardarbinyan; https://www.instagram.com/rigan13; https://t.me/cybersarik; https://www.linkedin.com/in/ssdarbinyan/; https://www.youtube.com/@SarkisDarbinyan,Физические лица,,773127681092,,124-973-299 86,16.04.1983,,,,40817810138045100156,Московский банк ПАО Сбербанк,044525225,30101810400000000225,01.03.2025,
734,Ратникова Валерия Евгеньевна,"Статья 7 Федерального закона от 14.07.2022 № 255-ФЗ «О контроле за деятельностью лиц, находящихся под иностранным влиянием»",22.12.2023,,"https://t.me/ratnikova_tut;
https://www.instagram.com/la.ratnikova/;
https://www.facebook.com/valeria.ratnikova",Физические лица,,772144821407,,191-625-578 90,27.04.1999,,,,40817810738700402214,Московский банк ПАО Сбербанк,044525225,30101810400000000225,01.03.2025,
733,Соколов Денис Владимирович,"Статья 7 Федерального закона от 14.07.2022 № 255-ФЗ «О контроле за деятельностью лиц, находящихся под иностранным влиянием»",15.12.2023,,https://www.facebook.com/100000435562033,Физические лица,,780419708257,,005-305-178 98,12.10.1968,,,,40817810038115400488,Московский банк ПАО Сбербанк,044525225,30101810400000000225,01.03.2025,
732,Затирко Андрей Викторович,"Статья 7 Федерального закона от 14.07.2022 № 255-ФЗ «О контроле за деятельностью лиц, находящихся под иностранным влиянием»",15.12.2023,,https://vk.com/andrey_zatirko; https://www.instagram.com/dobespamyatstva; https://www.facebook.com/andrey.zatirko; https://x.com/doBespamyatstva,Физические лица,,751505103963,,134-737-371 69,01.12.1989,,,,40817810074002534196,Читинское отделение №8600 ПАО Сбербанк,047601637,30101810500000000637,01.03.2025,
731,Пирогова Хельга Вадимовна,"Статья 7 Федерального закона от 14.07.2022 № 255-ФЗ «О контроле за деятельностью лиц, находящихся под иностранным влиянием»",15.12.2023,,https://vk.com/khelgapirogova; https://x.com/hellpad; https://www.facebook.com/khelgapirogova; https://www.instagram.com/hellpad/,Физические лица,,540137808936,,155-431-187 52,17.10.1988,,,,40817810544055073157,Новосибирское отделение №8047 ПАО Сбербанк,045004641,30101810500000000641,01.03.2025,
730,Шведов Григорий Сергеевич,"Статья 7 Федерального закона от 14.07.2022 № 255-ФЗ «О контроле за деятельностью лиц, находящихся под иностранным влиянием»",15.12.2023,,,Физические лица,,770904932032,,073-542-578 71,14.10.1976,,,,,,,,,
729,"Вайсман Анатолий Александрович ""Белый""","Статья 7 Федерального закона от 14.07.2022 № 255-ФЗ «О контроле за деятельностью лиц, находящихся под иностранным влиянием»",15.12.2023,,"https://www.instagram.com/anatolibeliy/;
https://www.facebook.com/profile.php?id=100063850924362",Физические лица,,772442801276,,071-814-136 46,01.08.1972,,,,40817810838045100155,Московский банк ПАО Сбербанк,044525225,30101810400000000225,01.03.2025,
728,"""Телеканал Дождь""","Статья 7 Федерального закона от 14.07.2022 № 255-ФЗ «О контроле за деятельностью лиц, находящихся под иностранным влиянием»",01.12.2023,,https://tvrain.tv; https://www.youtube.com/tvrain; https://twitter.com/tvrain; https://t.me/tvrain; https://www.facebook.com/tvrain; https://www.instagram.com/tvrain,Иные объединения лиц,,,,,,"[Синдеева Наталья Владимировна, Дерк Сауэр, Дзядко Тихон Викторович, Котрикадзе Екатерина Бесикиевна, Монгайт Анна Викторовна, Фишман Михаил Владимирович, Гройсман Софья Романовна, Козырев Михаил Натанович, Милушкова Полина, Бурмистров Эдуард Артурович, Немзер Анна Андреевна, Ратникова Валерия Евгеньевна, Поленов Михаил, Метальникова Надежда, Шевелев Михаил Михайлович]",,,,,,,,
727,"Проект ""Ковчег""","Статья 7 Федерального закона от 14.07.2022 № 255-ФЗ «О контроле за деятельностью лиц, находящихся под иностранным влиянием»",01.12.2023,,https://kovcheg.live/; https://taplink.cc/ark.antiwar;  https://www.youtube.com/@kovcheglive;  https://t.me/ArkHelps;  https://twitter.com/kovcheglive; https://www.instagram.com/kovcheg.live;  https://www.facebook.com/kovcheg.live,Иные объединения лиц,,,,,,[Буракова Анастасия Андреевна],,,,,,,,
726,Буракова Анастасия Андреевна,"Статья 7 Федерального закона от 14.07.2022 № 255-ФЗ «О контроле за деятельностью лиц, находящихся под иностранным влиянием»",01.12.2023,,https://www.instagram.com/a_burakova; https://vk.com/n_burakova; https://www.facebook.com/anastasiya.burakova.73; https://www.facebook.com/AnastasBurakova; https://x.com/a_burakova; https://t.me/aburakova,Физические лица,,245803117510,,148-637-073 92,22.03.1992,,,,40817810655192256541,Головное отделение Северо-Западного банка №9055 ПАО Сбербанк,044030653,30101810500000000653,01.03.2025,
725,Эйдман Игорь Виленович,"Статья 7 Федерального закона от 14.07.2022 № 255-ФЗ «О контроле за деятельностью лиц, находящихся под иностранным влиянием»",01.12.2023,,https://t.me/igoreidman; https://www.facebook.com/profile.php?id=100001589654713; https://www.youtube.com/@eidmannews,Физические лица,,526212179004,,110-184-674 14,25.09.1968,,,,40817810438700402213,Московский банк ПАО Сбербанк,044525225,30101810400000000225,01.03.2025,
724,Касьянов Михаил Михайлович,"Статья 7 Федерального закона от 14.07.2022 № 255-ФЗ «О контроле за деятельностью лиц, находящихся под иностранным влиянием»",24.11.2023,,https://www.facebook.com/mmkasyanov; https://www.facebook.com/kasyanovmm; https://x.com/Mkasyanov; https://t.me/Kasyanov_Mih,Физические лица,,773603230821,,001-140-924 68,08.12.1957,,,,40817810738115400487,Московский банк ПАО Сбербанк,044525225,30101810400000000225,01.03.2025,
723,Общество с ограниченной ответственностью «ЛЮДИ»,"Статья 7 Федерального закона от 14.07.2022 № 255-ФЗ «О контроле за деятельностью лиц, находящихся под иностранным влиянием»",24.11.2023,,,Юридические лица,,5262337353,1165275014541,,,,,,40702810938000000250,"ПАО ""Сбербанк"" 117312, Москва, ул. Вавилова, 19",044525225,30101810400000000225,01.03.2025,
722,Юсупов Идрис Гасан-Гусейнович,"Статья 7 Федерального закона от 14.07.2022 № 255-ФЗ «О контроле за деятельностью лиц, находящихся под иностранным влиянием»",24.11.2023,,https://ok.ru/profile/572107765862; https://x.com/Idris_Yusupov; https://www.linkedin.com/in/идрис-юсупов-546b744a/; https://vk.com/idris.yusupov; https://www.facebook.com/idris.yusupov; https://www.instagram.com/idris_yusupov; https://www.threads.net/@idris_yusupov,Физические лица,,056199966291,,117-115-486 30,23.03.1979,,,,,,,,,
721,Венявкин Илья Геннадиевич,"Статья 7 Федерального закона от 14.07.2022 № 255-ФЗ «О контроле за деятельностью лиц, находящихся под иностранным влиянием»",24.11.2023,,https://t.me/templeofwar; https://www.facebook.com/ilya.venyavkin,Физические лица,,772271553020,,110-569-006 18,16.05.1981,,,,40817810538045100154,Московский банк ПАО Сбербанк,044525225,30101810400000000225,01.03.2025,
720,Давлятчин Илья Владимирович,"Статья 7 Федерального закона от 14.07.2022 № 255-ФЗ «О контроле за деятельностью лиц, находящихся под иностранным влиянием»",24.11.2023,,https://www.facebook.com/davlyatchin; https://www.instagram.com/da_ilya_,Физические лица,,532121086200,,125-576-908 83,04.11.1988,,,,40817810043861621337,Новгородское отделение №8629 ПАО Сбербанк,041117601,30101810100000000601,01.03.2025,
719,Hidemy.network Ltd.,"Статья 7 Федерального закона от 14.07.2022 № 255-ФЗ «О контроле за деятельностью лиц, находящихся под иностранным влиянием»",17.11.2023,,https://t.me/hidemyname_ru; https://vk.com/hidemyname_ru; https://www.facebook.com/hidemyname.ru; https://x.com/hidemyname_ru,Иностранные структуры без образования юридического лица,RA000693_127426,,,,,,,,,,,,,
718,Интернет-издание «The Moscow Times»,"Статья 7 Федерального закона от 14.07.2022 № 255-ФЗ «О контроле за деятельностью лиц, находящихся под иностранным влиянием»",17.11.2023,,https://www.themoscowtimes.com; https://www.moscowtimes.ru; https://t.me/moscowtimes_ru; https://t.me/moscowtimes_opinion; https://t.me/moscowtimes_en; https://www.facebook.com/MoscowTimes; https://www.youtube.com/channel/ UCRNPdAfK5Mp8ORtjUt3Q8UA; https://www.youtube.com/@TheMoscowTimesRu; https://www.facebook.com/MoscowTimes;  https://instagram.com/moscowtimes.ru; https://instagram.com/themoscowtimes;  https://www.linkedin.com/company/the-moscow-times;  https://twitter.com/MoscowTimes_ru;  https://twitter.com/MoscowTimes,Иные объединения лиц,,,,,,"[Сауер Дерк Эрик, Саманта Беркхед]",,,,,,,,
717,Свердлин Григорий Сергеевич,"Статья 7 Федерального закона от 14.07.2022 № 255-ФЗ «О контроле за деятельностью лиц, находящихся под иностранным влиянием»",17.11.2023,,https://grinogij.ru/; https://vk.com/id2035845; https://t.me/grinogi; https://www.instagram.com/grigorysverdlin; https://www.facebook.com/grigory.sverdlin/; https://x.com/grinogij; https://t.me/iditelesom_help,Физические лица,,781308348882,,072-768-352 94,12.12.1978,,,,40817810355192256540,Головное отделение Северо-Западного банка №9055 ПАО Сбербанк,044030653,30101810500000000653,01.03.2025,
716,Бер Илья Леонидович,"Статья 7 Федерального закона от 14.07.2022 № 255-ФЗ «О контроле за деятельностью лиц, находящихся под иностранным влиянием»",17.11.2023,,https://www.facebook.com/ilya.ber.5; https://www.instagram.com/ilya.ber.5/; https://vk.com/ilyaber; https://t.me/ilyaberchannel,Физические лица,,771821484082,,069-903-798 22,02.02.1982,,,,40817810138700402212,Московский банк ПАО Сбербанк,044525225,30101810400000000225,01.03.2025,
715,Морозов Александр Олегович,"Статья 7 Федерального закона от 14.07.2022 № 255-ФЗ «О контроле за деятельностью лиц, находящихся под иностранным влиянием»",17.11.2023,,https://ductus.cz/; https://t.me/morozov314; https://www.facebook.com/amoro59,Физические лица,,771919309256,,117-006-536 16,01.01.1959,,,,40817810838700402211,Московский банк ПАО Сбербанк,044525225,30101810400000000225,01.03.2025,
714,Троянова Яна Александровна,"Статья 7 Федерального закона от 14.07.2022 № 255-ФЗ «О контроле за деятельностью лиц, находящихся под иностранным влиянием»",17.11.2023,,https://vk.com/id301556180; https://www.instagram.com/troyanovayana/; https://www.facebook.com/yana.troyanova/,Физические лица,,666005895632,,203-242-520 98,12.02.1973,,,,40817810116473732435,Свердловское отделение №7003 ПАО Сбербанк,046577674,30101810500000000674,01.03.2025,
713,Никандров Марат Игоревич,"Статья 7 Федерального закона от 14.07.2022 № 255-ФЗ «О контроле за деятельностью лиц, находящихся под иностранным влиянием»",17.11.2023,,https://teletype.in/@nikandrov; https://t.me/maratnikandrov; https://x.com/maratnikandrov; https://www.linkedin.com/in/maratnikandrov; https://www.youtube.com/@nkndrv; https://vk.com/nikandrov,Физические лица,,603700218607,,187-908-898 56,27.08.2004,,,,40817810930063603661,Центральное отделение №1806 ПАО Сбербанк,046015602,30101810600000000602,01.03.2025,
712,Общество с ограниченной ответственностью «Команда против пыток»,"Статья 9 Федерального закона от 14.07.2022 № 255-ФЗ «О контроле за деятельностью лиц, находящихся под иностранным влиянием»",16.11.2023,,,Юридические лица,,5262392869,1235200028931,,,,,,40702810638000000042,"ПАО ""Сбербанк"" 117312, Москва, ул. Вавилова, 19",044525225,30101810400000000225,01.03.2025,
711,«Кедр.медиа»,"Статья 7 Федерального закона от 14.07.2022 № 255-ФЗ «О контроле за деятельностью лиц, находящихся под иностранным влиянием»",10.11.2023,,"https://kedr.media/;
https://t.me/kedr_media;
https://vk.com/kedr.media;
https://www.youtube.com/channel/UCMzDHFttTHKvnmxMr69hGMw; 
https://twitter.com/KedrMedia; 
https://instagram.com/kedr.media;
 https://dzen.ru/kedr_media; 
https://www.facebook.com/kedr.media;
https://kedr.support/",Иные объединения лиц,,,,,,"[Счастливцева (Колчина) Юлия Анатольевна, Жилин Иван, Приказчикова Анастасия Владимировна]",,,,,,,,
710,Проект «Гроза»,"Статья 7 Федерального закона от 14.07.2022 № 255-ФЗ «О контроле за деятельностью лиц, находящихся под иностранным влиянием»",10.11.2023,,https://www.groza.media; https://www.groza.me,Иные объединения лиц,,,,,,"[Спирин Леонид Андреевич, Безматерных Марина Валерьевна]",,,,,,,,
709,"Колдобский Сергей Григорьевич ""Шелин""","Статья 7 Федерального закона от 14.07.2022 № 255-ФЗ «О контроле за деятельностью лиц, находящихся под иностранным влиянием»",10.11.2023,,https://www.facebook.com/sergey.shelin,Физические лица,,782508126857,,013-800-151 91,27.10.1955,,,,40817810955192256539,Головное отделение Северо-Западного банка №9055 ПАО Сбербанк,044030653,30101810500000000653,01.03.2025,
708,Малов Алексей Владимирович,"Статья 7 Федерального закона от 14.07.2022 № 255-ФЗ «О контроле за деятельностью лиц, находящихся под иностранным влиянием»",10.11.2023,,"https://vk.com/id453243738;
https://www.facebook.com/100002540951955;
https://www.instagram.com/a_malov/",Физические лица,,601501614539,,052-970-786 85,09.04.1978,,,,40817810651861520335,Псковское отделение №8630 ПАО Сбербанк,045805602,30101810300000000602,01.03.2025,
707,Снеговая Мария Владиславовна,"Статья 7 Федерального закона от 14.07.2022 № 255-ФЗ «О контроле за деятельностью лиц, находящихся под иностранным влиянием»",03.11.2023,,https://t.me/mariasnegovaya; https://mariasnegovaya.com; https://x.com/MSnegovaya; https://www.facebook.com/snegovaya,Физические лица,,780162008934,,140-583-399 58,14.01.1984,,,,40817810655192256538,Головное отделение Северо-Западного банка №9055 ПАО Сбербанк,044030653,30101810500000000653,01.03.2025,
706,Солдатов Андрей Алексеевич,"Статья 7 Федерального закона от 14.07.2022 № 255-ФЗ «О контроле за деятельностью лиц, находящихся под иностранным влиянием»",03.11.2023,,https://t.me/agenturaru; https://x.com/AndreiSoldatov; https://www.facebook.com/andrei.soldatov.52,Физические лица,,770104689660,,001-489-248 28,04.10.1975,,,,40817810538700402210,Московский банк ПАО Сбербанк,044525225,30101810400000000225,01.03.2025,
705,Еловский Дмитрий Сергеевич,"Статья 7 Федерального закона от 14.07.2022 № 255-ФЗ «О контроле за деятельностью лиц, находящихся под иностранным влиянием»",03.11.2023,,https://t.me/delovsky; https://www.facebook.com/dmitry.elovsky; https://boosty.to/elovskyblog,Физические лица,,771771130303,,038-695-170 97,31.10.1985,,,,40817810138700402209,Московский банк ПАО Сбербанк,044525225,30101810400000000225,01.03.2025,
704,Губин Дмитрий Павлович,"Статья 7 Федерального закона от 14.07.2022 № 255-ФЗ «О контроле за деятельностью лиц, находящихся под иностранным влиянием»",03.11.2023,,https://vk.com/id257658575; https://dimagubin.livejournal.com; https://www.youtube.com/@onair979; https://t.me/gubin_onair; https://www.instagram.com/dimagubin/; https://www.facebook.com/tp.gubin; https://x.com/dimagubin6; https://www.youtube.com/@STRATERANews; https://www.threads.com/@dimagubin,Физические лица,,781308436352,,007-263-690 38,22.03.1964,,,,40817810238045100153,Московский банк ПАО Сбербанк,044525225,30101810400000000225,01.03.2025,
703,Качур Кирилл Витальевич,"Статья 7 Федерального закона от 14.07.2022 № 255-ФЗ «О контроле за деятельностью лиц, находящихся под иностранным влиянием»",03.11.2023,,https://www.youtube.com/@Kirill_Kachur; https://t.me/kirill_kachur_official; https://vk.com/id792105433; https://t.me/kirill_kachur,Физические лица,,773009376416,,155-921-314 66,20.06.1990,,,,40817810438115400486,Московский банк ПАО Сбербанк,044525225,30101810400000000225,01.03.2025,
702,Общество   с ограниченной ответственностью «ТРАНСМИССИЯ»,"Статья 9 Федерального закона от 14.07.2022 № 255-ФЗ «О контроле за деятельностью лиц, находящихся под иностранным влиянием»",30.10.2023,18.10.2024,,Юридические лица,,9715461648,1237700646127,,,,,,,,,,,
701,Общество   с ограниченной ответственностью «Новогодний выпуск 2023»,"Статья 9 Федерального закона от 14.07.2022 № 255-ФЗ «О контроле за деятельностью лиц, находящихся под иностранным влиянием»",30.10.2023,,,Юридические лица,,7604393928,1237600009437,,,,,,40702810638000000110,"ПАО ""Сбербанк"" 117312, Москва, ул. Вавилова, 19",044525225,30101810400000000225,01.03.2025,
700,Савва Михаил Валентинович,"Статья 7 Федерального закона от 14.07.2022 № 255-ФЗ «О контроле за деятельностью лиц, находящихся под иностранным влиянием»",20.10.2023,,"https://www.savvamike.com/;
https://www.facebook.com/profile.php?id=100013752370705",Физические лица,,231293491000,,006-860-301 29,19.11.1964,,,,40817810130856308575,Краснодарское отделение №8619 ПАО Сбербанк,040349602,30101810100000000602,01.03.2025,
699,Кунадзе Георгий Фридрихович,"Статья 7 Федерального закона от 14.07.2022 № 255-ФЗ «О контроле за деятельностью лиц, находящихся под иностранным влиянием»",20.10.2023,,https://www.facebook.com/gkunadze/,Физические лица,,772491843399,,026-871-619 73,21.12.1948,,,,40817810138115400485,Московский банк ПАО Сбербанк,044525225,30101810400000000225,01.03.2025,
698,Косыгин Илья Евгеньевич,"Статья 7 Федерального закона от 14.07.2022 № 255-ФЗ «О контроле за деятельностью лиц, находящихся под иностранным влиянием»",20.10.2023,,https://x.com/ilyakosygin; https://www.facebook.com/ilya.kosygin; https://t.me/ilyakosygin,Физические лица,,332708685793,,080-994-825 10,27.04.1983,,,,40817810810003574333,Владимирское отделение №8611 ПАО Сбербанк,041708602,30101810000000000602,01.03.2025,
697,Курманакаев Анвар Мусабиевич,"Статья 7 Федерального закона от 14.07.2022 № 255-ФЗ «О контроле за деятельностью лиц, находящихся под иностранным влиянием»",13.10.2023,,https://www.facebook.com/profile.php?id=100087926625732; https://www.youtube.com/@user-gc1le5ei8d; https://www.youtube.com/@nogayhorde,Физические лица,,,,,20.10.1959,,,,,,,,,
696,Волобуев Игорь Михайлович,"Статья 7 Федерального закона от 14.07.2022 № 255-ФЗ «О контроле за деятельностью лиц, находящихся под иностранным влиянием»",13.10.2023,,https://www.facebook.com/IgorVolobuev77,Физические лица,,771909264119,,001-489-231 19,15.06.1971,,,,40817810138115479461,Московский банк ПАО Сбербанк,044525225,30101810400000000225,08.04.2025,
695,Романова Ольга Евгеньевна,"Статья 7 Федерального закона от 14.07.2022 № 255-ФЗ «О контроле за деятельностью лиц, находящихся под иностранным влиянием»",13.10.2023,,https://t.me/oooromanova; https://www.facebook.com/Ooo.Romanova; https://x.com/oooromanova; https://www.instagram.com/oooromanova,Физические лица,,772381319457,,001-489-201 13,28.03.1966,,,,40817810938045100152,Московский банк ПАО Сбербанк,044525225,30101810400000000225,01.03.2025,
694,Ковальченко Сергей Владимирович,"Статья 7 Федерального закона от 14.07.2022 № 255-ФЗ «О контроле за деятельностью лиц, находящихся под иностранным влиянием»",13.10.2023,,https://t.me/tumanconspirolog; https://vk.com/kovals1; https://vk.com/kommentator_fm; https://www.youtube.com/@user-uk3gp9cj9v,Физические лица,,780719067607,,103-908-383 43,13.08.1976,,,,,,,,,
693,Вотановский Виталий Викторович,"Статья 7 Федерального закона от 14.07.2022 № 255-ФЗ «О контроле за деятельностью лиц, находящихся под иностранным влиянием»",13.10.2023,,"https://t.me/majdankrd;
https://www.facebook.com/wotanovskiy/",Физические лица,,564200197057,,171-800-659 56,27.02.1972,,,,40817810830856308574,Краснодарское отделение №8619 ПАО Сбербанк,040349602,30101810100000000602,01.03.2025,
692,Муждабаев Айдер Иззетович,"Статья 7 Федерального закона от 14.07.2022 № 255-ФЗ «О контроле за деятельностью лиц, находящихся под иностранным влиянием»",13.10.2023,,https://t.me/muzhdabaev; https://www.youtube.com/@AyderMuzhdabaev; https://vk.com/aydermuzhdabaev; https://x.com/aydermuzhdabaev,Физические лица,,683201429385,,073-961-365 90,08.03.1972,,,,40817810838700402208,Московский банк ПАО Сбербанк,044525225,30101810400000000225,01.03.2025,
691,Жуковский Владислав Сергеевич,"Статья 7 Федерального закона от 14.07.2022 № 255-ФЗ «О контроле за деятельностью лиц, находящихся под иностранным влиянием»",13.10.2023,,https://www.youtube.com/@v_zhukovskiy; https://t.me/zhukovskiy_v; https://vk.com/vladislav_zhukovsky; https://www.facebook.com/vladislav.zhukovskiy; https://www.instagram.com/vlad_zhukovskij/; https://x.com/vlad_zhukovskiy; https://www.instagram.com/vlad_zhukovskiy/; https://boosty.to/zhukovskiy,Физические лица,,772977435484,,163-849-828 16,30.07.1988,,,,40817810138263045705,Московский банк ПАО Сбербанк,044525225,30101810400000000225,01.03.2025,
690,Рудой Андрей Владимирович,"Статья 7 Федерального закона от 14.07.2022 № 255-ФЗ «О контроле за деятельностью лиц, находящихся под иностранным влиянием»",13.10.2023,,https://www.youtube.com/@Vestnik_Buri; https://t.me/ru_doy; https://vk.com/rudoy_av; https://www.instagram.com/rudoy1; https://x.com/RudoyA1; https://www.facebook.com/andrey.rudoy.1; https://www.youtube.com/@LaMinorJambula; https://boosty.to/vestnikburi; https://www.threads.com/@rudoy1,Физические лица,,526106852940,,137-756-741 01,24.07.1990,,,,40817810642000279181,Нижегородское отделение №9042 ПАО Сбербанк,042202603,30101810900000000603,01.03.2025,
689,Рудакова Диана Борисовна,"Статья 7 Федерального закона от 14.07.2022 № 255-ФЗ «О контроле за деятельностью лиц, находящихся под иностранным влиянием»",13.10.2023,,"https://www.facebook.com/diana.rudakova.7;
https://www.instagram.com/rudakova.diana/;
https://t.me/diana_tmbv;
https://www.youtube.com/@user-xw4br2kk5d",Физические лица,,682972055524,,145-868-707 12,08.12.1991,,,,40817810961007726549,Тамбовское отделение №8594 ПАО Сбербанк,046850649,30101810800000000649,01.03.2025,
688,Доможиров Евгений Валерьевич,"Статья 7 Федерального закона от 14.07.2022 № 255-ФЗ «О контроле за деятельностью лиц, находящихся под иностранным влиянием»",13.10.2023,,https://www.facebook.com/domozhiroff; https://x.com/Domozhiroff; https://vk.com/domozhiroff; https://t.me/domozhiroff; https://www.instagram.com/domozhiroff/; https://www.youtube.com/@domozhiroff; https://ok.ru/domozhiroff; http://www.domozhiroff.com/,Физические лица,,352520482562,,119-557-653 93,28.07.1974,,,,40817810012002757991,Вологодское отделение №8638 ПАО Сбербанк,041909644,30101810900000000644,08.04.2025,
687,Малаховская Елена Владимировна,"Статья 7 Федерального закона от 14.07.2022 № 255-ФЗ «О контроле за деятельностью лиц, находящихся под иностранным влиянием»",13.10.2023,,https://www.instagram.com/elenmalakhovskaya; https://t.me/ElenMalakhovskaya; https://t.me/samayachita; https://x.com/elmalakhovskaya; https://www.facebook.com/elen.dvornikova,Физические лица,,631921684496,,070-875-522 79,26.03.1982,,,,40817810538700402207,Московский банк ПАО Сбербанк,044525225,30101810400000000225,01.03.2025,
686,Сидельников Андрей Александрович,"Статья 7 Федерального закона от 14.07.2022 № 255-ФЗ «О контроле за деятельностью лиц, находящихся под иностранным влиянием»",13.10.2023,,https://t.me/sidelnikov_official; https://www.youtube.com/@Sidelnikov_official; https://www.facebook.com/andrey.sidelnikov,Физические лица,,770504435597,,030-191-199 08,07.07.1975,,,,40817810738068815569,Московский банк ПАО Сбербанк,044525225,30101810400000000225,01.03.2025,
685,Кочегин Евгений Сергеевич,"Статья 7 Федерального закона от 14.07.2022 № 255-ФЗ «О контроле за деятельностью лиц, находящихся под иностранным влиянием»",15.09.2023,,https://t.me/evkochegin; https://vk.com/e.kochegin; https://www.youtube.com/@vashdozor; https://t.me/vashdozor; https://www.facebook.com/e.kochegin/; https://x.com/evkochegin; https://www.instagram.com/evkochegin/; https://www.instagram.com/vashdozor,Физические лица,,263411212956,,154-600-696 54,15.04.1998,,,,40817810111009988445,Волгоградское отделение №8621 ПАО Сбербанк,041806647,30101810100000000647,01.03.2025,
684,Шепелин Илья Андреевич,"Статья 7 Федерального закона от 14.07.2022 № 255-ФЗ «О контроле за деятельностью лиц, находящихся под иностранным влиянием»",15.09.2023,,https://www.tiktok.com/@ishepelin; https://vk.com/chaos_reigns; https://t.me/ilyashepelin; https://www.youtube.com/@ishepelin; https://x.com/ilya_shepelin; https://www.facebook.com/ishepelin/; https://www.tiktok.com/@ishepelin; https://www.instagram.com/ishepelin/; https://boosty.to/shepelin,Физические лица,,550410218905,,142-742-513 44,05.01.1988,,,,40817810638045100151,Московский банк ПАО Сбербанк,044525225,30101810400000000225,01.03.2025,
683,Седов Кирилл Вадимович,"Статья 7 Федерального закона от 14.07.2022 № 255-ФЗ «О контроле за деятельностью лиц, находящихся под иностранным влиянием»",15.09.2023,,https://x.com/krllsdv; https://www.facebook.com/krllsdv; https://t.me/kiruysha_sedov,Физические лица,,526221233635,,138-827-374 00,02.01.1988,,,,40817810838115400484,Московский банк ПАО Сбербанк,044525225,30101810400000000225,01.03.2025,
682,Федоров Юрий Евгеньевич,"Статья 7 Федерального закона от 14.07.2022 № 255-ФЗ «О контроле за деятельностью лиц, находящихся под иностранным влиянием»",15.09.2023,,https://www.facebook.com/yury.fedorov.1; https://www.youtube.com/@fedorovexpert,Физические лица,,772807980108,,016-228-034 13,11.06.1946,,,,40817810538115400483,Московский банк ПАО Сбербанк,044525225,30101810400000000225,01.03.2025,
681,Белковский Станислав Александрович,"Статья 7 Федерального закона от 14.07.2022 № 255-ФЗ «О контроле за деятельностью лиц, находящихся под иностранным влиянием»",15.09.2023,,"https://www.facebook.com/joshua.raynolds;
https://www.facebook.com/belkovskys;
https://t.me/Sbelkovskiy;
https://www.youtube.com/@TV-uf9gu;
https://www.youtube.com/@BelkovskiyS;
https://www.instagram.com/stanislavbelkovskiy/;
https://www.patreon.com/Belkovskiy",Физические лица,,772102079470,,022-118-965 16,07.02.1971,,,,,,,,,
680,Подольская Ольга Валерьевна,"Статья 7 Федерального закона от 14.07.2022 № 255-ФЗ «О контроле за деятельностью лиц, находящихся под иностранным влиянием»",08.09.2023,,"https://t.me/PodolskaiaEfremov;
https://vk.com/wolia47;
https://ok.ru/profile/269449906939;
https://www.youtube.com/@PodolskayaOlga",Физические лица,,711300565792,,033-830-654 39,04.03.1968,,,,40817810566006722852,Тульское отделение №8604 ПАО Сбербанк,047003608,30101810300000000608,01.03.2025,
679,Пелевина Наталья Владиславовна,"Статья 7 Федерального закона от 14.07.2022 № 255-ФЗ «О контроле за деятельностью лиц, находящихся под иностранным влиянием»",08.09.2023,,https://www.youtube.com/@nataliapelevina; https://www.tiktok.com/@natpelevina; https://t.me/pelevinanv; https://vk.com/vote_for_pelevina; https://www.instagram.com/natpelevina/; https://x.com/natpelevina; https://www.facebook.com/natalia.pelevine; https://www.patreon.com/Nataliafightingthegoodfigh,Физические лица,,771480298100,,200-466-945 35,02.11.1976,,,,40817810238700402206,Московский банк ПАО Сбербанк,044525225,30101810400000000225,01.03.2025,
678,Мальгин Андрей Викторович,"Статья 7 Федерального закона от 14.07.2022 № 255-ФЗ «О контроле за деятельностью лиц, находящихся под иностранным влиянием»",08.09.2023,,https://www.youtube.com/@malginandrey6341; https://t.me/AndreyMalginItalia; https://t.me/andreymalgin; https://x.com/andrey_malgin; https://www.facebook.com/avmalgin,Физические лица,,770702046225,,018-517-836 62,20.04.1958,,,,40817810938700402205,Московский банк ПАО Сбербанк,044525225,30101810400000000225,01.03.2025,
677,Шакиров Мумин Шакирович,"Статья 7 Федерального закона от 14.07.2022 № 255-ФЗ «О контроле за деятельностью лиц, находящихся под иностранным влиянием»",08.09.2023,,https://www.youtube.com/@Saraton123; https://vk.com/id163662366; https://www.facebook.com/mumin.shakirov; https://www.instagram.com/shakirovmm; https://www.threads.com/@shakirovmm; https://t.me/Zanzibarnews,Физические лица,,774339093305,,068-391-057 87,29.03.1959,,,,40817810338045100150,Московский банк ПАО Сбербанк,044525225,30101810400000000225,01.03.2025,
676,Митрохин Николай Александрович,"Статья 7 Федерального закона от 14.07.2022 № 255-ФЗ «О контроле за деятельностью лиц, находящихся под иностранным влиянием»",08.09.2023,,https://t.me/NMitrokhinPublicTalk; https://www.facebook.com/nikolay.mitrokhin.1,Физические лица,,770904890840,,018-119-422 28,13.09.1972,,,,,,,,,
675,Котляров Владимир Андреевич,"Статья 7 Федерального закона от 14.07.2022 № 255-ФЗ «О контроле за деятельностью лиц, находящихся под иностранным влиянием»",08.09.2023,,https://www.instagram.com/pfvolodya/; https://x.com/poetkotlyarov; https://t.me/pornopunk; https://vk.com/pornopunk; https://vk.com/poet_vladimir_kotlyarov,Физические лица,,501005643875,,129-708-279 90,28.10.1987,,,,40817810340109198834,Головное отделение Среднерусского банка №9040 ПАО Сбербанк,044525225,30101810400000000225,01.03.2025,
674,Антивоенное этническое движение «Новая Тыва» (New Tuva),"Статья 7 Федерального закона от 14.07.2022 № 255-ФЗ «О контроле за деятельностью лиц, находящихся под иностранным влиянием»",01.09.2023,,"https://instagram.com/new_tuva, https://t.me/new_tuva, https://www.youtube.com/@new_tuva",Иные объединения лиц,,,,,,[Кара-Сал Эрес Кунзен-Оолович],,,,,,,,
673,Вачагаев Майрбек Момуевич,"Статья 7 Федерального закона от 14.07.2022 № 255-ФЗ «О контроле за деятельностью лиц, находящихся под иностранным влиянием»",01.09.2023,,https://t.me/mairbekv; https://www.youtube.com/playlist?list=PLuBQpze4QN7lIF0-GNnELwVB7CmpRPc6p; https://x.com/Vatchagaev; https://www.linkedin.com/in/mairbek-vatchagaev-42501b1a4/; https://www.youtube.com/@Vatchagaev,Физические лица,,,,,17.12.1965,,,,,,,,,
672,Катаев Денис Сергеевич,"Статья 7 Федерального закона от 14.07.2022 № 255-ФЗ «О контроле за деятельностью лиц, находящихся под иностранным влиянием»",01.09.2023,,https://t.me/fr_dispatch; https://www.tiktok.com/@bakaleyko_kataev; https://www.facebook.com/dkataev; https://www.youtube.com/@BogdanBakaleyko,Физические лица,,771318352401,,133-275-963 62,02.01.1985,,,,40817810838263045704,Московский банк ПАО Сбербанк,044525225,30101810400000000225,01.03.2025,
671,Карпов Евгений Вячеславович,"Статья 7 Федерального закона от 14.07.2022 № 255-ФЗ «О контроле за деятельностью лиц, находящихся под иностранным влиянием»",01.09.2023,,https://t.me/karpovEV; https://www.youtube.com/@EvgeniyKarpov; https://www.youtube.com/@Vornadzor; https://www.facebook.com/evgeniy.karpov.18; https://t.me/Vornadzor,Физические лица,,366515876460,,097-364-272 05,10.07.1988,,,,40817810007005933572,Белгородское отделение №8592 ПАО Сбербанк,041403633,30101810100000000633,01.03.2025,
670,Сонин Константин Исаакович,"Статья 7 Федерального закона от 14.07.2022 № 255-ФЗ «О контроле за деятельностью лиц, находящихся под иностранным влиянием»",01.09.2023,,https://ksonin.livejournal.com; https://t.me/ksonin; https://www.facebook.com/konstantin.sonin; https://x.com/k_sonin,Физические лица,,773606510200,,021-187-432 16,22.02.1972,,,,40817810238115400482,Московский банк ПАО Сбербанк,044525225,30101810400000000225,01.03.2025,
669,Резник Максим Львович,"Статья 7 Федерального закона от 14.07.2022 № 255-ФЗ «О контроле за деятельностью лиц, находящихся под иностранным влиянием»",01.09.2023,,"https://maximreznik.ru/; https://www.youtube.com/user/maximreznik; https://t.me/maximreznik; ""https://maximreznik.ru/; https://www.youtube.com/@maximreznik; https://t.me/maximreznik; https://vk.com/maxim.reznik; https://www.facebook.com/maxim.reznik.775; https://x.com/maxim_reznik; https://x.com/maksimreznikspb",Физические лица,,780156345201,,067-757-268 16,13.09.1974,,,,40817810355192256537,Головное отделение Северо-Западного банка №9055 ПАО Сбербанк,044030653,30101810500000000653,01.03.2025,
668,"Баршева Оксана Андреевна ""Ксения Ларина""","Статья 7 Федерального закона от 14.07.2022 № 255-ФЗ «О контроле за деятельностью лиц, находящихся под иностранным влиянием»",01.09.2023,,https://www.youtube.com/@xlarina; https://t.me/chelovekBezTV; https://t.me/xlarina; https://www.facebook.com/xenialarina; https://www.instagram.com/xlarina1; https://boosty.to/xlarina,Физические лица,,770704473293,,001-622-683 98,11.04.1963,,,,40817810538263045703,Московский банк ПАО Сбербанк,044525225,30101810400000000225,01.03.2025,
667,Радзинский Олег Эдвардович,"Статья 7 Федерального закона от 14.07.2022 № 255-ФЗ «О контроле за деятельностью лиц, находящихся под иностранным влиянием»",01.09.2023,,,Физические лица,,,,,11.07.1958,,,,,,,,,
666,Белый Руслан Викторович,"Статья 7 Федерального закона от 14.07.2022 № 255-ФЗ «О контроле за деятельностью лиц, находящихся под иностранным влиянием»",01.09.2023,,https://vk.com/ruslanbeliy_vk; https://www.instagram.com/ruslan_belyy_; https://x.com/standupcomik; https://www.youtube.com/@RuslanBelyy/; https://t.me/belruslan1; https://www.facebook.com/belyiruslan,Физические лица,,366109254307,,147-517-480 80,28.12.1979,,,,40817810938115400481,Московский банк ПАО Сбербанк,044525225,30101810400000000225,01.03.2025,
665,Муратов Дмитрий Андреевич,"Статья 7 Федерального закона от 14.07.2022 № 255-ФЗ «О контроле за деятельностью лиц, находящихся под иностранным влиянием»",01.09.2023,,https://novaya.media/authors/79,Физические лица,,773421242396,,019-463-780 73,29.10.1961,,,,40817810938045100149,Московский банк ПАО Сбербанк,044525225,30101810400000000225,01.03.2025,
664,Интернет-издание «Довод»,"Статья 7 Федерального закона от 14.07.2022 № 255-ФЗ «О контроле за деятельностью лиц, находящихся под иностранным влиянием»",25.08.2023,,http://www.dovod.online; https://www.youtube.com/@dovod33; https://t.me/dovod3; https://twitter.com/dovod33; https://vk.com/dovodonline,Иные объединения лиц,,,,,,"[Косыгин Илья Евгеньевич, Ишутин Кирилл Валерьевич]",,,,,,,,
663,"MRR-Fund gemeinnützige UG (haftungsbeschränkt), реализующий проект My Russian Rights","Статья 7 Федерального закона от 14.07.2022 № 255-ФЗ «О контроле за деятельностью лиц, находящихся под иностранным влиянием»",25.08.2023,,https://www.instagram.com/mrr.channel/; https://myrussianrights.ru; https://www.youtube.com/@MyRussianRights; https://t.me/MyRussianRights; https://www.tiktok.com/@my.russian.rights; https://boosty.to/myrussianrights,Иностранные структуры без образования юридического лица,206006 B,,,,,,,,,,,,,
662,Штефанов Александр Андреевич,"Статья 7 Федерального закона от 14.07.2022 № 255-ФЗ «О контроле за деятельностью лиц, находящихся под иностранным влиянием»",25.08.2023,,https://www.tiktok.com/@alexandrshtefanov; https://www.youtube.com/@alexandrshtefanov; https://t.me/alexandrshtefanov; https://vk.com/alexandrshtefanov; https://www.youtube.com/@shtefanovstream; https://dzen.ru/id/616736ddd3f4385a13af5a8c; https://boosty.to/alexandrshtefanov; https://www.patreon.com/alexandrshtefanov; https://www.instagram.com/shtefik.a/; https://www.threads.com/@shtefik.a; https://x.com/Aleksandrt2640; https://www.twitch.tv/aleksandrshtefanov,Физические лица,,771548638476,,130-341-314 90,21.05.1999,,,,40817810638045100148,Московский банк ПАО Сбербанк,044525225,30101810400000000225,01.03.2025,
661,Кочесоков Мартин Хусенович,"Статья 7 Федерального закона от 14.07.2022 № 255-ФЗ «О контроле за деятельностью лиц, находящихся под иностранным влиянием»",25.08.2023,,"https://vk.com/id174366176;
https://ok.ru/martin.kueshch1ysokue;
https://t.me/Martin_Kochesoko",Физические лица,,070106482662,,144-303-878 44,16.11.1988,,,,40817810660331714507,Кабардино-Балкарское отделение №8631 ПАО Сбербанк,040702615,30101810907020000615,01.03.2025,
660,Эггерт Константин Петрович,"Статья 7 Федерального закона от 14.07.2022 № 255-ФЗ «О контроле за деятельностью лиц, находящихся под иностранным влиянием»",25.08.2023,,https://www.facebook.com/konstantin.voneggert; https://t.me/KonstantinEggert; https://www.instagram.com/kvoneggert/,Физические лица,,772635008909,,023-720-667 25,22.05.1964,,,,40817810838068815566,Московский банк ПАО Сбербанк,044525225,30101810400000000225,01.03.2025,
659,Рогов Кирилл Юрьевич,"Статья 7 Федерального закона от 14.07.2022 № 255-ФЗ «О контроле за деятельностью лиц, находящихся под иностранным влиянием»",25.08.2023,,"https://www.facebook.com/kirill.rogov.39;
https://x.com/kirillrogov;
https://t.me/KiRogov",Физические лица,,772642591876,,078-933-614 15,08.11.1966,,,,40817810638115400480,Московский банк ПАО Сбербанк,044525225,30101810400000000225,01.03.2025,
658,Дымарский Виталий Наумович,"Статья 7 Федерального закона от 14.07.2022 № 255-ФЗ «О контроле за деятельностью лиц, находящихся под иностранным влиянием»",25.08.2023,,https://www.youtube.com/playlist?list=PLckYgt0GkMbDmFBXFLszvBHc7dxIylVPF; https://www.facebook.com/vitaly.dymarsky/,Физические лица,,770404291398,,062-527-479 64,22.02.1947,,,,40817810538068815565,Московский банк ПАО Сбербанк,044525225,30101810400000000225,01.03.2025,
657,Крутихин Михаил Иванович,"Статья 7 Федерального закона от 14.07.2022 № 255-ФЗ «О контроле за деятельностью лиц, находящихся под иностранным влиянием»",25.08.2023,,https://t.me/mkrutikhin; https://x.com/nalymov; https://www.facebook.com/profile.php?id=100004998549135,Физические лица,,773123657980,,011-713-667 10,21.12.1946,,,,40817810238263045702,Московский банк ПАО Сбербанк,044525225,30101810400000000225,01.03.2025,
656,Довданов Владимир Анатольевич,"Статья 7 Федерального закона от 14.07.2022 № 255-ФЗ «О контроле за деятельностью лиц, находящихся под иностранным влиянием»",18.08.2023,,https://www.facebook.com/profile.php?id=100082316106774,Физические лица,,081400195357,,005-020-768 86,18.11.1959,,,,40817810460302147170,Калмыцкое отделение №8579 ПАО Сбербанк,040702615,30101810907020000615,01.03.2025,
655,Кондакова Саргылана Константиновна,"Статья 7 Федерального закона от 14.07.2022 № 255-ФЗ «О контроле за деятельностью лиц, находящихся под иностранным влиянием»",18.08.2023,,https://au.linkedin.com/in/sargylana-kondakova-64a89aa9,Физические лица,,143501450607,,065-464-983 98,07.03.1977,,,,40817810476001999887,Якутское отделение №8603 ПАО Сбербанк,049805609,30101810400000000609,01.03.2025,
654,Илларионов Андрей Николаевич,"Статья 7 Федерального закона от 14.07.2022 № 255-ФЗ «О контроле за деятельностью лиц, находящихся под иностранным влиянием»",18.08.2023,,https://t.me/anillarionov; https://www.youtube.com/@andreiillarionov8176; https://t.me/andrej_illarionov; https://x.com/AnIllarionov; https://www.facebook.com/andrei.illarionov.,Физические лица,,770900239067,,021-512-251 83,16.09.1961,,,,40817810638700402204,Московский банк ПАО Сбербанк,044525225,30101810400000000225,01.03.2025,
653,Кривенко Сергей Владимирович,"Статья 7 Федерального закона от 14.07.2022 № 255-ФЗ «О контроле за деятельностью лиц, находящихся под иностранным влиянием»",18.08.2023,,https://www.facebook.com/sergey.krivenko,Физические лица,,773321321358,,029-398-279 01,17.10.1962,,,,40817810938263045701,Московский банк ПАО Сбербанк,044525225,30101810400000000225,01.03.2025,
652,Горалик Линор-Джулия (Горалик Юлия Борисовна),"Статья 7 Федерального закона от 14.07.2022 № 255-ФЗ «О контроле за деятельностью лиц, находящихся под иностранным влиянием»",18.08.2023,,https://linorgoralik.org/; https://t.me/thecontentisthequeen; https://t.me/zayats_pts; https://t.me/na_slovah; https://www.facebook.com/snorapp; https://x.com/snorapp; http://linorgoralik.com/; https://linktr.ee/novosti_26; https://t.me/shameless_life; https://t.me/glossolalii; https://www.youtube.com/@linor_goralik; https://t.me/mazeze_jewellery,Физические лица,,,,,09.07.1975,,,,,,,,,
651,"Сотникова Татьяна Александровна ""Анна Берсенева""","Статья 7 Федерального закона от 14.07.2022 № 255-ФЗ «О контроле за деятельностью лиц, находящихся под иностранным влиянием»",18.08.2023,,"https://t.me/aberseneva;
https://www.facebook.com/berseneva.sotnikova/",Физические лица,,773303658895,,020-289-438 29,01.04.1963,,,,40817810638263045700,Московский банк ПАО Сбербанк,044525225,30101810400000000225,01.03.2025,
650,Пионтковский Андрей Андреевич,"Статья 7 Федерального закона от 14.07.2022 № 255-ФЗ «О контроле за деятельностью лиц, находящихся под иностранным влиянием»",18.08.2023,,https://www.youtube.com/@Andrei_Piontkovsky; https://vk.com/aapiontkovsky; https://www.facebook.com/andrei.piontkovsky; https://x.com/apiontkovsky; https://discord.com/invite/c8VZdPah7E,Физические лица,,770402931035,,001-657-507 17,30.06.1940,,,,40817810238115400479,Московский банк ПАО Сбербанк,044525225,30101810400000000225,01.03.2025,
649,Общество с ограниченной ответственностью  «БИТРЭЙ»,"Статья 9 Федерального закона от 14.07.2022 № 255-ФЗ «О контроле за деятельностью лиц, находящихся под иностранным влиянием»",27.07.2023,18.07.2025,,Юридические лица,,9722028690,1227700550890,,,,,,40702810138000000018,"ПАО ""Сбербанк"" 117312, Москва, ул. Вавилова, 19",044525225,30101810400000000225,01.03.2025,
648,Общество с ограниченной ответственностью  «Три «Ч»,"Статья 9 Федерального закона от 14.07.2022 № 255-ФЗ «О контроле за деятельностью лиц, находящихся под иностранным влиянием»",27.07.2023,,,Юридические лица,,5404318648,1235400027906,,,,,,40702810038000000134,"ПАО ""Сбербанк"" 117312, Москва, ул. Вавилова, 19",044525225,30101810400000000225,01.03.2025,
647,Интернет-журнал и медиаплатформа «7х7 – Горизонтальная Россия»,"Статья 7 Федерального закона от 14.07.2022 № 255-ФЗ «О контроле за деятельностью лиц, находящихся под иностранным влиянием»",21.07.2023,,https://semnasem.org/; https://t.me/horizontal_russia; https://www.youtube.com/user/7x7tv; https://www.facebook.com/7x7journal/; https://www.tiktok.com/@7x7_horizontal_russia; https://boosty.to/horizontal_russia; https://x.com/7x7journal,Иные объединения лиц,,,,,,"[Федоткина Юлия Борисовна, Лобановская Екатерина Юрьевна, Поляков Максим, Виноградова Екатерина, Андреев Павел Владимирович, Чернышева Дарья Владимировна]",,,,,,,,
646,Автономная некоммерческая  организация содействия улучшению качества жизни людей из групп социального риска «Право каждого»,"Статья 7 Федерального закона от 14.07.2022 № 255-ФЗ «О контроле за деятельностью лиц, находящихся под иностранным влиянием»",21.07.2023,,https://vk.com/public211602161,Юридические лица,,5610233975,1185658020514,,,,,,40703810246000000044,"ПАО ""Сбербанк"" 117312, Москва, ул. Вавилова, 19",045354601,30101810600000000601,01.03.2025,
645,Общественная организация «Омское гражданское объединение»,"Статья 7 Федерального закона от 14.07.2022 № 255-ФЗ «О контроле за деятельностью лиц, находящихся под иностранным влиянием»",21.07.2023,,https://omgo.org/; https://www.youtube.com/@omsk_ogo; https://t.me/omsk_ogo; https://twitter.com/omsk_ogo; https://www.facebook.com/omsk.ogo; https://www.instagram/omsk_ogo,"Общественные объединения, действующие без образования юридического лица",,,,,,"[Чебыкин Даниил Сергеевич, Кабаков Денис Владимирович, Кинг Ричард-Роман, Родькин Николай Яковлевич]",,,,,,,,
644,Центр Т,"Статья 7 Федерального закона от 14.07.2022 № 255-ФЗ «О контроле за деятельностью лиц, находящихся под иностранным влиянием»",21.07.2023,,https://centre-t.ru/; https://www.instagram.com/centre_t_ru/; https://vk.com/centre_t; https://t.me/centre_t; https://x.com/centret_; https://www.facebook.com/centre.t.ru/; https://www.tiktok.com/@centret_ru; https://www.patreon.com/center_t; https://www.youtube.com/@centre.t; https://taplink.cc/centret,Иные объединения лиц,,,,,,"[Дворкина Яна Владимировна, Станина Евгения]",,,,,,,,
643,Литвинов Александр Сергеевич,"Статья 7 Федерального закона от 14.07.2022 № 255-ФЗ «О контроле за деятельностью лиц, находящихся под иностранным влиянием»",21.07.2023,20.09.2024,https://vk.com/ekaterinburg; https://t.me/adm_telega; https://www.facebook.com/litvinder; https://www.instagram.com/as_litvinov/,Физические лица,,667302667253,,127-758-634 00,18.09.1987,,,,,,,,,
642,Суляндзига Павел Васильевич,"Статья 7 Федерального закона от 14.07.2022 № 255-ФЗ «О контроле за деятельностью лиц, находящихся под иностранным влиянием»",21.07.2023,,https://vk.com/udege62; https://batani.org; https://ok.ru/profile/99867374305; https://x.com/udegebikin; https://www.facebook.com/pavel.sulyandziga; https://www.instagram.com/sulyandziga/,Физические лица,,253607312162,,113-730-659 31,20.02.1962,,,,40817810750005648112,Приморское отделение №8635 ПАО Сбербанк,040813608,30101810600000000608,01.03.2025,
641,Козырев Михаил Натанович,"Статья 7 Федерального закона от 14.07.2022 № 255-ФЗ «О контроле за деятельностью лиц, находящихся под иностранным влиянием»",21.07.2023,,,Физические лица,,770302914420,,021-606-211 92,05.08.1967,,,,40817810238068815564,Московский банк ПАО Сбербанк,044525225,30101810400000000225,01.03.2025,
640,Боровой Константин Натанович,"Статья 7 Федерального закона от 14.07.2022 № 255-ФЗ «О контроле за деятельностью лиц, находящихся под иностранным влиянием»",21.07.2023,,https://www.youtube.com/@borovonovodvo; https://www.youtube.com/@MeetingnaSakharova; https://t.me/Borovoi_Konstantin; https://t.me/KonstantinBorovoy;https://www.facebook.com/borovoi; https://www.instagram.com/knborovoy/; https://www.youtube.com/@MeetingnaSakharova; https://x.com/kborovoi,Физические лица,,770700071346,,056-866-199 12,30.06.1948,,,,40817810338045100147,Московский банк ПАО Сбербанк,044525225,30101810400000000225,01.03.2025,
639,Издание «Бумага»,"Статья 7 Федерального закона от 14.07.2022 № 255-ФЗ «О контроле за деятельностью лиц, находящихся под иностранным влиянием»",30.06.2023,,"https://vk.com/paperpaper_ru;
https://www.facebook.com/paperpaper.ru;
https://twitter.com/paperpaper_ru;
https://t.me/paperpaper_ru;
https://t.me/paper_exhale;
https://dzen.ru/inhale;
https://t.me/huyyaga;
https://twitter.com/huyyaga;
https://instagram.com/paperpaper_ru",Иные объединения лиц,,,,,,[Артеменко Кирилл Сергеевич],,,,,,,,
638,Сетевое издание Sota.vision,"Статья 7 Федерального закона от 14.07.2022 № 255-ФЗ «О контроле за деятельностью лиц, находящихся под иностранным влиянием»",30.06.2023,,https://sota.vision/;  https://t.me/sotavisionmedia; https://twitter.com/Sota_Vision; https://www.facebook.com/sotavisionmedia/,Иные объединения лиц,,,,,,"[Айнбиндер Александра Александровна, Еланчик Олег Александрович]",,,,,,,,
637,Автономная некоммерческая общеобразовательная организация «Англо-американская школа Москвы»,"Статья 7 Федерального закона от 14.07.2022 № 255-ФЗ «О контроле за деятельностью лиц, находящихся под иностранным влиянием»",30.06.2023,23.08.2024,"https://www.aas.ru/;
https://vk.com/public24950618;
https://www.youtube.com/@aas_moscow;
https://t.me/moscow_aas;
https://www.linkedin.com/school/the-anglo-american-school-of-moscow/;
https://www.instagram.com/aas.moscow/",Юридические лица,,7733349388,1197700017822,,,,,,,,,,,
636,Караулов Андрей Викторович,"Статья 7 Федерального закона от 14.07.2022 № 255-ФЗ «О контроле за деятельностью лиц, находящихся под иностранным влиянием»",30.06.2023,,https://t.me/karaulov_life; https://www.facebook.com/KaraulovFilm/; https://t.me/karaulov_official; https://vk.com/karaulovlife.official; https://dzen.ru/videokaraulova; https://ok.ru/karaulovlife.official; https://x.com/karaulov_life; https://rutube.ru/channel/25739229/; https://karaulovlife.livejournal.com/; https://t.me/karaulov_pravda; https://boosty.to/andrey_karaulov_official; https://www.youtube.com/@AndreyKaraulovOfficial/,Физические лица,,770700099670,,028-182-413 42,10.09.1958,,,,40817810938115400478,Московский банк ПАО Сбербанк,044525225,30101810400000000225,01.03.2025,
635,Горпинченко Алексей Вячеславович,"Статья 7 Федерального закона от 14.07.2022 № 255-ФЗ «О контроле за деятельностью лиц, находящихся под иностранным влиянием»",30.06.2023,13.12.2024,,Физические лица,,780503909191,,191-813-957 96,04.02.1972,,,,,,,,,
634,Гольдшмидт Филипп,"Статья 7 Федерального закона от 14.07.2022 № 255-ФЗ «О контроле за деятельностью лиц, находящихся под иностранным влиянием»",30.06.2023,,https://www.facebook.com/pinchas.goldschmidt; https://x.com/PinchasRabbi,Физические лица,,,,,21.07.1963,,,,,,,,,
633,Морев Андрей Зиновьевич,"Статья 7 Федерального закона от 14.07.2022 № 255-ФЗ «О контроле за деятельностью лиц, находящихся под иностранным влиянием»",30.06.2023,,https://t.me/Tell_Morev; https://vk.com/id469567058; https://www.facebook.com/And.Morev/; https://x.com/andmorev; https://www.instagram.com/andreimorev/,Физические лица,,772804854722,,022-182-427 06,17.12.1974,,,,40817810038045100146,Московский банк ПАО Сбербанк,044525225,30101810400000000225,01.03.2025,
632,Тимонов Михаил Леонидович,"Статья 7 Федерального закона от 14.07.2022 № 255-ФЗ «О контроле за деятельностью лиц, находящихся под иностранным влиянием»",30.06.2023,,https://t.me/m_timonov; https://vk.com/mtimonov; https://www.youtube.com/@TimonovRu/; https://www.facebook.com/mtimonov,Физические лица,,771800773421,,025-434-974 50,22.05.1965,,,,40817810738068893905,Московский банк ПАО Сбербанк,044525225,30101810400000000225,17.04.2025,
631,Гребенщиков Борис Борисович,"Статья 7 Федерального закона от 14.07.2022 № 255-ФЗ «О контроле за деятельностью лиц, находящихся под иностранным влиянием»",30.06.2023,,https://www.youtube.com/@aquarium1972; https://vk.com/bgofficial; https://t.me/bg_plus_music; https://bg-aquarium.com/ru; https://x.com/Bg53G; https://www.instagram.com/bgrebenshikov/; https://www.facebook.com/aquarium1972; https://www.threads.com/@bgrebenshikov,Физические лица,,782580100987,,026-104-751 11,27.11.1953,,,,40817810055192256536,Головное отделение Северо-Западного банка №9055 ПАО Сбербанк,044030653,30101810500000000653,01.03.2025,
630,Комьюнити-центр «Действие»,"Статья 7 Федерального закона от 14.07.2022 № 255-ФЗ «О контроле за деятельностью лиц, находящихся под иностранным влиянием»",23.06.2023,,"https://center-action.org/;                                                                
https://t.me/centerofaction; 
https://vk.com/center_action;
 https://www.facebook.com/centeraction/",Иные объединения лиц,,,,,,[Лихтаренко Алина Сергеевна],,,,,,,,
629,«Движение сознательных отказчиков»,"Статья 7 Федерального закона от 14.07.2022 № 255-ФЗ «О контроле за деятельностью лиц, находящихся под иностранным влиянием»",23.06.2023,,"https://stoparmy.org/;                                                                       
https://vk.com/stoparmy; 
https://vk.com/stoparmy_gay; 
https://vk.com/stoparmy_school;
 https://www.facebook.com/stoparmy;
 https://www.instagram.com/stoparmy_/; 
https://t.me/stoparmy;
 https://www.youtube.com/stoparmy",Иные объединения лиц,,,,,,"[Белик Александр Еленович, Попова Елена Владимировна]",,,,,,,,
628,Ступин Евгений Викторович,"Статья 7 Федерального закона от 14.07.2022 № 255-ФЗ «О контроле за деятельностью лиц, находящихся под иностранным влиянием»",23.06.2023,,https://t.me/evstupin; https://vk.com/advokat.stupin; https://www.youtube.com/@deputatstupin; https://www.youtube.com/@stupinlife; https://dzen.ru/stupin; https://x.com/advokat_stupin; https://ok.ru/stupin.ev; https://www.facebook.com/advokat.stupin.ev; https://bastyon.com/stupine; https://www.instagram.com/stupin.ev; https://advokat-stupin.ru; https://dzen.ru/stupinlife; https://vk.com/politik.stupin; https://boosty.to/stupin; https://www.youtube.com/@stupintalks,Физические лица,,290214361180,,110-774-796 54,22.04.1983,,,,40817810476002134243,Якутское отделение №8603 ПАО Сбербанк,049805609,30101810400000000609,01.03.2025,
627,Белик Александр Еленович,"Статья 7 Федерального закона от 14.07.2022 № 255-ФЗ «О контроле за деятельностью лиц, находящихся под иностранным влиянием»",23.06.2023,,https://vk.com/belikal; https://www.youtube.com/@belikal; https://www.facebook.com/belikal; https://www.instagram.com/belikal__/; https://www.tiktok.com/@belikal__; https://www.pixwox.com/ru/profile/belikal__/,Физические лица,,661222664231,,174-278-298 02,27.04.1997,,,,40817810755192256535,Головное отделение Северо-Западного банка №9055 ПАО Сбербанк,044030653,30101810500000000653,01.03.2025,
626,Латыпов Роберт Рамилевич,"Статья 7 Федерального закона от 14.07.2022 № 255-ФЗ «О контроле за деятельностью лиц, находящихся под иностранным влиянием»",23.06.2023,,https://www.facebook.com/roblatypov; https://www.instagram.com/roblatypov/,Физические лица,,590406453002,,076-290-696 96,28.07.1973,,,,40817810549787664866,Пермское отделение №6984 ПАО Сбербанк,042202603,30101810900000000603,01.03.2025,
625,Боварь Виталий Викторович,"Статья 7 Федерального закона от 14.07.2022 № 255-ФЗ «О контроле за деятельностью лиц, находящихся под иностранным влиянием»",23.06.2023,,https://t.me/munexist; https://vk.com/srg_pepper; https://www.youtube.com/@ВиталийБоварь-с7з; https://x.com/gorod_v_ogne; https://www.facebook.com/100009573613083; https://www.instagram.com/srg_pepper/,Физические лица,,632132525420,,151-008-364 12,03.09.1991,,,,40817810455192256534,Головное отделение Северо-Западного банка №9055 ПАО Сбербанк,044030653,30101810500000000653,01.03.2025,
624,Лобанов Михаил Сергеевич,"Статья 7 Федерального закона от 14.07.2022 № 255-ФЗ «О контроле за деятельностью лиц, находящихся под иностранным влиянием»",23.06.2023,,https://vk.com/mlobanov84; https://dzen.ru/id/6052663b56fb066dafb30b98; https://www.youtube.com/@mlobanov84; https://t.me/mlobanov84; https://www.instagram.com/mlobanov84/; https://www.facebook.com/mlobanov84; https://x.com/muzh_Zapolskoy; https://linktr.ee/mlobanov84,Физические лица,,290221065390,,133-415-679 43,24.02.1984,,,,40817810638115400477,Московский банк ПАО Сбербанк,044525225,30101810400000000225,01.03.2025,
623,Колмановский Илья Александрович,"Статья 7 Федерального закона от 14.07.2022 № 255-ФЗ «О контроле за деятельностью лиц, находящихся под иностранным влиянием»",23.06.2023,,https://boosty.to/zemlekop; https://www.patreon.com/ilyakolmanovsky; https://www.instagram.com/ilyakolmanovsky; https://t.me/oneandahalfmolerat; https://t.me/kolm_zemlekop; https://www.facebook.com/ilya.kolmanovsky; https://ilyakolmanovsky.taplink.ws,Физические лица,,772505435900,,065-870-667 01,13.08.1976,,,,40817810338700402203,Московский банк ПАО Сбербанк,044525225,30101810400000000225,01.03.2025,
622,Невзлин Леонид Борисович,"Статья 7 Федерального закона от 14.07.2022 № 255-ФЗ «О контроле за деятельностью лиц, находящихся под иностранным влиянием»",23.06.2023,,https://t.me/leonidnevzlin; https://t.me/leonidnevzlinUA; https://www.facebook.com/Nevzlin; https://x.com/Nevzlin; https://www.instagram.com/leonid_nevzlin; https://www.threads.com/@leonid_nevzlin,Физические лица,,,,094-463-070 79,21.09.1959,,,,,,,,,
621,Парамонова Юлия Борисовна,"Статья 7 Федерального закона от 14.07.2022 № 255-ФЗ «О контроле за деятельностью лиц, находящихся под иностранным влиянием»",16.06.2023,,https://www.facebook.com/yulazchur,Физические лица,,390613999980,,,29.05.1980,,,,40817810820863104099,Калининградское отделение №8626 ПАО Сбербанк,042748634,30101810100000000634,01.03.2025,
620,Фонд «Свободная Якутия» (Free Yakutia Foundation),"Статья 7 Федерального закона от 14.07.2022 № 255-ФЗ «О контроле за деятельностью лиц, находящихся под иностранным влиянием»",16.06.2023,,https://www.youtube.com/@FreeYakutiaFoundation; https://t.me/freeyakutiafoundation; https://www.facebook.com/profile.php?id=100084956270343; https://www.instagram.com/freeyakutiafoundation; https://www.patreon.com/freeyakutuiafoundation; https://x.com/freeyakutia,Юридические лица,1133084870,,,,,,,,40807810538000000021,"ПАО ""Сбербанк"" 117312, Москва, ул. Вавилова, 19",044525225,30101810400000000225,01.03.2025,
619,Информационный портал «ВЕСЬМА»,"Статья 7 Федерального закона от 14.07.2022 № 255-ФЗ «О контроле за деятельностью лиц, находящихся под иностранным влиянием»",16.06.2023,,"https://vesma.today;
https://vk.com/vesma.today;
https://www.youtube.com/@today6171;
https://www.facebook.com/vesma.today;
https://x.com/Vesmatoday;
https://t.me/VesMagadan, ID: -1001070433465",Иные объединения лиц,,,,,,"[Гришин Андрей Николаевич, Белокуров Кирилл Анатольевич ""Лынов Егор Васильевич""]",,,,,,,,
618,Прокопьева Светлана Владимировна,"Статья 7 Федерального закона от 14.07.2022 № 255-ФЗ «О контроле за деятельностью лиц, находящихся под иностранным влиянием»",16.06.2023,,https://www.facebook.com/svetlana.prokopyeva.9,Физические лица,,603700302626,,,01.10.1979,,,,40817810351861520334,Псковское отделение №8630 ПАО Сбербанк,045805602,30101810300000000602,01.03.2025,
617,Манский Виталий Всеволодович,"Статья 7 Федерального закона от 14.07.2022 № 255-ФЗ «О контроле за деятельностью лиц, находящихся под иностранным влиянием»",16.06.2023,,http://manski-doc.com/; https://vk.com/manskyi; https://www.instagram.com/vitalimanski; https://www.facebook.com/vitaliy.manski,Физические лица,,771003220948,,,02.12.1963,,,,40817810438045100144,Московский банк ПАО Сбербанк,044525225,30101810400000000225,01.03.2025,
616,Алексашенко Сергей Владимирович,"Статья 7 Федерального закона от 14.07.2022 № 255-ФЗ «О контроле за деятельностью лиц, находящихся под иностранным влиянием»",16.06.2023,,https://www.youtube.com/@SergeyAleksashenkoSr; https://t.me/NewsAboutCrisis; https://hronika.substack.com; https://www.facebook.com/sergey.aleksashenko; https://x.com/Saleksashenko; https://substack.com/@hronika,Физические лица,,771400232202,,,23.12.1959,,,,40817810138068998918,Московский банк ПАО Сбербанк,044525225,30101810400000000225,04.07.2025,
615,Шлосберг Лев Маркович,"Статья 7 Федерального закона от 14.07.2022 № 255-ФЗ «О контроле за деятельностью лиц, находящихся под иностранным влиянием»",16.06.2023,,https://vk.com/levshlosberg; https://vk.com/shlosberglev; https://t.me/shlosberg; https://vk.com/lev.shlosberg; https://www.youtube.com/@PskovYablokoTV; https://www.youtube.com/@lev.shlosberg; https://lev-shlosberg.livejournal.com; https://ok.ru/shlosberglev; https://www.facebook.com/lev.shlosberg; https://x.com/LevShlosberg; https://www.instagram.com/levshlosberg/,Физические лица,,602711268164,,,30.07.1963,,,,40817810051861520333,Псковское отделение №8630 ПАО Сбербанк,045805602,30101810300000000602,01.03.2025,
614,Общество с ограниченной ответственностью «ЯРНОВОСТИ»,"Статья 7 Федерального закона от 14.07.2022 № 255-ФЗ «О контроле за деятельностью лиц, находящихся под иностранным влиянием»",02.06.2023,17.01.2025,,Юридические лица,,7606077082,1107606001227,,,,,,,,,,,
613,Издание «Проект»,"Статья 7 Федерального закона от 14.07.2022 № 255-ФЗ «О контроле за деятельностью лиц, находящихся под иностранным влиянием»",02.06.2023,,"https://www.proekt.media;
https://www.facebook.com/www.proekt.media;
https://www.youtube.com/@proekt_media;
https://www.instagram.com/proekt_media_team;
https://t.me/proektproekt;
https://twitter.com/wwwproektmedia",Иные объединения лиц,,,,,,"[Баданин Роман Сергеевич, Рубин Михаил Аркадьевич, Махольд Полина Павловна, Дубах Борис Максимович, Маглов Михаил Михайлович, Солдатских Виталий Андреевич, Маневич София Владимировна, Резникова Екатерина, Аренина Катя]",,,,,,,,
612,Кузахметов Максим Рафикович,"Статья 7 Федерального закона от 14.07.2022 № 255-ФЗ «О контроле за деятельностью лиц, находящихся под иностранным влиянием»",02.06.2023,,https://www.youtube.com/@maksimkuzakhmetov; https://vk.com/maxim_kuzahmetov; http://www.kuzahmetov.com/; https://www.youtube.com/@Chestno_o_glavnom; https://www.facebook.com/kuzahmetov; https://www.instagram.com/kuzakhmetovmaksim; https://www.youtube.com/@maksimkuzakhmetov,Физические лица,,782614087173,,,21.08.1969,,,,40817810155192256533,Головное отделение Северо-Западного банка №9055 ПАО Сбербанк,044030653,30101810500000000653,01.03.2025,
611,Орешкин Дмитрий Борисович,"Статья 7 Федерального закона от 14.07.2022 № 255-ФЗ «О контроле за деятельностью лиц, находящихся под иностранным влиянием»",02.06.2023,,https://nv.ua/opinion_author/oreshkin.html; http://club-rf.ru/expert/1713; https://novayagazeta.ru/authors/172; https://snob.ru/profile/8894/blog/ ; https://svop.ru/?s=Орешкин+Дмитрий&x=0&y=0; https://soundstream.media/playlist/dmitriy-oreshkin,Физические лица,,772821361004,,,27.06.1953,,,,40817810338115400476,Московский банк ПАО Сбербанк,044525225,30101810400000000225,01.03.2025,
610,Супер Роман Владимирович,"Статья 7 Федерального закона от 14.07.2022 № 255-ФЗ «О контроле за деятельностью лиц, находящихся под иностранным влиянием»",02.06.2023,,https://t.me/romasuperromasuper; https://www.facebook.com/romasuper;  https://www.instagram.com/romasuperromasuper,Физические лица,,500711644870,,,18.01.1985,,,,40817810038115400475,Московский банк ПАО Сбербанк,044525225,30101810400000000225,01.03.2025,
609,Гаджиев Магомед Тажудинович,"Статья 7 Федерального закона от 14.07.2022 № 255-ФЗ «О контроле за деятельностью лиц, находящихся под иностранным влиянием»",26.05.2023,,,Физические лица,,056007320059,,,07.04.1965,,,,40817810152223171957,Ростовское отделение №5221 ПАО Сбербанк,046015602,30101810600000000602,01.03.2025,
608,«Совет матерей и жен»,"Статья 7 Федерального закона от 14.07.2022 № 255-ФЗ «О контроле за деятельностью лиц, находящихся под иностранным влиянием»",26.05.2023,,"https://vk.com/sovetmateri;
https://vk.com/sovetmateri2;
https://vk.com/sovetmateri3;
https://www.youtube.com/channel/UCtCXVhLZOhlzySxl5BzMHhg;
https://t.me/SOVETMATERI","Общественные объединения, действующие без образования юридического лица",,,,,,"[Цуканова Ольга Викторовна, Баулина Татьяна Вадимовна]",,,,,,,,
607,«Общенародный Союз Возрождения России»,"Статья 7 Федерального закона от 14.07.2022 № 255-ФЗ «О контроле за деятельностью лиц, находящихся под иностранным влиянием»",26.05.2023,,"https://osvr.online;
https://vk.com/oks_ussr;
https://ok.ru/group/55671919673432; 
https://www.facebook.com/osvr.ussr;
https://vk.com/okc_samara","Общественные объединения, действующие без образования юридического лица",,,,,,"[Лада-Русь Светлана Михайловна, Дивисенко Оксана Викторовна, Матвеева Елена Петровна]",,,,,,,,
606,Цуканова Ольга Викторовна,"Статья 7 Федерального закона от 14.07.2022 № 255-ФЗ «О контроле за деятельностью лиц, находящихся под иностранным влиянием»",26.05.2023,,https://vk.com/olga_sovet; https://www.youtube.com/@Olga_sovet; https://ok.ru/olga.sovet; https://www.instagram.com/olga_sovet/; https://www.facebook.com/profile.php?id=100024174545751; https://t.me/olprav; https://vk.com/oltsukanova;,Физические лица,,631400152654,,,17.02.1976,,,,40817810154101986571,Самарское отделение №6991 ПАО Сбербанк,043601607,30101810200000000607,01.03.2025,
605,Пшеничная Анна Эдуардовна,"Статья 7 Федерального закона от 14.07.2022 № 255-ФЗ «О контроле за деятельностью лиц, находящихся под иностранным влиянием»",26.05.2023,,https://vk.com/id8530878; https://ok.ru/profile/345733053534,Физические лица,,645117732462,,,06.07.1982,,,,40817810756007331369,Саратовское отделение №8622 ПАО Сбербанк,043601607,30101810200000000607,01.03.2025,
604,Габуев Александр Тамерланович,"Статья 7 Федерального закона от 14.07.2022 № 255-ФЗ «О контроле за деятельностью лиц, находящихся под иностранным влиянием»",26.05.2023,,https://t.me/agabuev; https://x.com/AlexGabuev,Физические лица,,774344141392,,,10.03.1985,,,,40817810738115400474,Московский банк ПАО Сбербанк,044525225,30101810400000000225,01.03.2025,
603,Архипова Александра Сергеевна,"Статья 7 Федерального закона от 14.07.2022 № 255-ФЗ «О контроле за деятельностью лиц, находящихся под иностранным влиянием»",26.05.2023,,https://t.me/anthro_fun; https://www.instagram.com/aleksandraarkhipova2834/; https://www.youtube.com/@aarkhipova; https://www.facebook.com/alexandra.arkhipova.50/; https://vk.com/id200336355,Физические лица,,772802783240,,,23.12.1976,,,,40817810438115400473,Московский банк ПАО Сбербанк,044525225,30101810400000000225,01.03.2025,
602,Чернышов Сергей Андреевич,"Статья 7 Федерального закона от 14.07.2022 № 255-ФЗ «О контроле за деятельностью лиц, находящихся под иностранным влиянием»",26.05.2023,,https://vk.com/coontextor; https://www.youtube.com/@historynear; https://www.facebook.com/coontextor; https://t.me/historynear,Физические лица,,540447806216,,,28.08.1989,,,,40817810944055073155,Новосибирское отделение №8047 ПАО Сбербанк,045004641,30101810500000000641,01.03.2025,
601,Иноземцев Владислав Леонидович,"Статья 7 Федерального закона от 14.07.2022 № 255-ФЗ «О контроле за деятельностью лиц, находящихся под иностранным влиянием»",26.05.2023,,https://t.me/inozemtsevvl; https://www.facebook.com/vladislavl.inozemtsev/,Физические лица,,503204369765,,,10.10.1968,,,,40817810338263045699,Московский банк ПАО Сбербанк,044525225,30101810400000000225,01.03.2025,
600,Аллеман Ирина Владимировна,"Статья 7 Федерального закона от 14.07.2022 № 255-ФЗ «О контроле за деятельностью лиц, находящихся под иностранным влиянием»",26.05.2023,,"https://www.instagram.com/smnlikeme/;
https://www.linkedin.com/in/irina-alleman-68842a21a/?originalSubdomain=ru;
https://t.me/irinaalleman;
https://www.facebook.com/irina.alleman",Физические лица,,434592524695,,,02.01.1989,,,,40817810038263045698,Московский банк ПАО Сбербанк,044525225,30101810400000000225,01.03.2025,
599,"Бортник Егор (Игорь) Михайлович ""Лёва Би-2""","Статья 7 Федерального закона от 14.07.2022 № 255-ФЗ «О контроле за деятельностью лиц, находящихся под иностранным влиянием»",26.05.2023,,https://www.instagram.com/levab2/,Физические лица,,771006954739,,,02.09.1972,,,,,,,,,
598,Общественная организация «Санкт-Петербургский Русский ПЕН-клуб»,"Статья 7 Федерального закона от 14.07.2022 № 255-ФЗ «О контроле за деятельностью лиц, находящихся под иностранным влиянием»",05.05.2023,21.11.2023,,Юридические лица,,7825343273,1037858027019,,,,,,,,,,,
597,Женское общественно-политическое движение «Мягкая сила»,"Статья 7 Федерального закона от 14.07.2022 № 255-ФЗ «О контроле за деятельностью лиц, находящихся под иностранным влиянием»",05.05.2023,,"https://t.me/myagkaya_sila_ru; 
https://vk.com/myagkaya_sila; 
https://ok.ru/group/70000000931363; 
https://www.facebook.com/myagkaya.sila; 
https://www.instagram.com/myagkaya_sila__/; 
https://music.yandex.ru/album/24259278; 
https://taplink.cc/myagkayasila; 
https://podcasts.apple.com/us/podcast/сказки-за-мир/id1657929735; 
https://castbox.fm/channel/id5233424;
https://www.deezer.com/ru/show/5506707; 
https://soundstream.media/playlist/skazki-za-mir",Иные объединения лиц,,,,,,"[Алиева Елизавета, Белянкина Екатерина, Бруссер Александра, Витухновская Алина, Вознесенская Наталия, Галеева Римма, Ганиева Алиса, Галямина Юлия, Гершберг Евгения, Гончарова Екатерина, Зуева Анна, Изотова Елена, Камолинкова Наталья, Каруличева Анна, Кильтау Екатерина, Литвинова Евгения, Литвинович Марина, Михеева Наталья, Пирогова Хельга, Скачкова Ирина, Фаттуш Ольга, Фролова Алла, Юдина Анастасия, Юдина Дария, Верхова Наталия Дмитриевна, Кузнецова Анастасия Сергеевна, Новрузора Варвара Владимировна, Побегайло Юлия Вадимовна, Лиманская Ирина Григорьевна, Корнилова Дарья Викторовна, Долгодворова Карина Львовна, Мнацаканян Екатерина Александровна]",,,,,,,,
596,Общество с ограниченной ответственностью «ТАЙГА ИНФО»,"Статья 7 Федерального закона от 14.07.2022 № 255-ФЗ «О контроле за деятельностью лиц, находящихся под иностранным влиянием»",05.05.2023,23.08.2024,"https://tayga.info;
https://t.me/Taygainfo; 
https://www.youtube.com/channel/UCCZEj7btKRrRPHQJIxszSKg;
https://t.me/Tayganews;
https://www.facebook.com/tayga.info;
https://twitter.com/taygainfo;
https://www.instagram.com/tayga.info",Юридические лица,,5407460233,1105476101280,,,,,,,,,,,
595,«Кризисная группа СК SOS»  (North Caucasus SOS Crisis Group),"Статья 7 Федерального закона от 14.07.2022 № 255-ФЗ «О контроле за деятельностью лиц, находящихся под иностранным влиянием»",05.05.2023,,https://sksos.org; https://ncsos.io; https://t.me/sksosorg; https://vk.com/sksosorg; https://www.facebook.com/sksosorg; https://instagram.com/sksosorg; https://twitter.com/ncsosorg,Иные объединения лиц,,,,,,[Истеев Давид],,,,,,,,
594,Агафонова Елена Владимировна,"Статья 7 Федерального закона от 14.07.2022 № 255-ФЗ «О контроле за деятельностью лиц, находящихся под иностранным влиянием»",05.05.2023,,https://vk.com/id108677087,Физические лица,,711700132049,,,25.05.1977,,,,40817810966006722850,Тульское отделение №8604 ПАО Сбербанк,047003608,30101810300000000608,01.03.2025,
593,Пастухов Владимир Борисович,"Статья 7 Федерального закона от 14.07.2022 № 255-ФЗ «О контроле за деятельностью лиц, находящихся под иностранным влиянием»",05.05.2023,,https://t.me/v_pastukhov; https://www.youtube.com/@pastukhov_kitchen,Физические лица,,770406040520,,,22.04.1963,,,,40817810138115400472,Московский банк ПАО Сбербанк,044525225,30101810400000000225,01.03.2025,
592,Певчих Мария Константиновна,"Статья 7 Федерального закона от 14.07.2022 № 255-ФЗ «О контроле за деятельностью лиц, находящихся под иностранным влиянием»",05.05.2023,,"https://t.me/mariapevchikh; https://x.com/pevchikh; https://www.instagram.com/maria_pevchikh/""",Физические лица,,,,,15.08.1987,,,,,,,,,
591,Максакова-Игенбергс Мария Петровна,"Статья 7 Федерального закона от 14.07.2022 № 255-ФЗ «О контроле за деятельностью лиц, находящихся под иностранным влиянием»",05.05.2023,,https://www.youtube.com/@MariaMaksakova; https://maksakova.com/; https://x.com/mashamaksakova; https://www.facebook.com/MaksakovaMaria/,Физические лица,,,,,24.07.1977,,,,,,,,,
590,Албуров Георгий Валентинович,"Статья 7 Федерального закона от 14.07.2022 № 255-ФЗ «О контроле за деятельностью лиц, находящихся под иностранным влиянием»",05.05.2023,,https://x.com/alburov; https://www.youtube.com/@alburov/; https://www.instagram.com/alburov,Физические лица,,027882036218,,,09.10.1989,,,,40817810838049281902,Московский банк ПАО Сбербанк,044525225,30101810400000000225,01.03.2025,
589,Преображенский Иван Сергеевич,"Статья 7 Федерального закона от 14.07.2022 № 255-ФЗ «О контроле за деятельностью лиц, находящихся под иностранным влиянием»",05.05.2023,,"https://www.facebook.com/profile.php?id=100001829722167;
https://www.instagram.com/ivan_preobrazensky/
https://t.me/ivan_preobraz",Физические лица,,771870999091,,,11.04.1981,,,,40817810138045100143,Московский банк ПАО Сбербанк,044525225,30101810400000000225,01.03.2025,
588,Осовцов Александр Авраамович,"Статья 7 Федерального закона от 14.07.2022 № 255-ФЗ «О контроле за деятельностью лиц, находящихся под иностранным влиянием»",05.05.2023,,https://t.me/alexandrosovtsov; https://www.facebook.com/osovtsovaa; https://t.me/slushay_israel; https://vk.com/id208058017,Физические лица,,773000598453,,,19.07.1957,,,,40817810838115400471,Московский банк ПАО Сбербанк,044525225,30101810400000000225,01.03.2025,
587,Матвеев Ян Андреевич,"Статья 7 Федерального закона от 14.07.2022 № 255-ФЗ «О контроле за деятельностью лиц, находящихся под иностранным влиянием»",05.05.2023,,https://t.me/arrowsmap; https://x.com/ian_matveev; https://www.youtube.com/@arrowsmap/; https://threadreaderapp.com/user/ian_matveev,Физические лица,,602001161385,,,08.03.1990,,,,40817810851861534244,Псковское отделение №8630 ПАО Сбербанк,045805602,30101810300000000602,08.04.2025,
586,Журналистский проект «Адвокатская улица»,"Статья 7 Федерального закона от 14.07.2022 № 255-ФЗ «О контроле за деятельностью лиц, находящихся под иностранным влиянием»",21.04.2023,,https://advstreet.ru/; https://t.me/advstreet; https://www.instagram.com/advstreet/; https://www.facebook.com/advstreet.ru; https://vk.com/advstreet; https://twitter.com/advstreetru,Иные объединения лиц,,,,,,[Горбунова Екатерина Аверкиевна],,,,,,,,
585,Автономная некоммерческая правозащитная организация  «Школа призывника»,"Статья 7 Федерального закона от 14.07.2022 № 255-ФЗ «О контроле за деятельностью лиц, находящихся под иностранным влиянием»",21.04.2023,,https://netprizyvu.ru/; https://www.facebook.com/netprizyvu; https://www.instagram.com/shkolaprizyvnika/; https://ok.ru/shkolapriz; https://vk.com/netprizyvu; https://t.me/netprizyvu; https://www.youtube.com/@shkolaprizyvnika/; https://dzen.ru/azbukaprizyva; https://boosty.to/netprizyvu,Юридические лица,,7451990970,1147400001990,,,,,,40703810838000000278,"ПАО ""Сбербанк"" 117312, Москва, ул. Вавилова, 19",044525225,30101810400000000225,01.03.2025,
584,Вихарева Эльвира Владимировна,"Статья 7 Федерального закона от 14.07.2022 № 255-ФЗ «О контроле за деятельностью лиц, находящихся под иностранным влиянием»",21.04.2023,,https://elviravikhareva.ru/; https://www.instagram.com/elvira__vikhareva/; https://www.facebook.com/vikhareva.2021/; https://t.me/vikharevaelvira; https://www.youtube.com/@Elvira-Vikhareva; https://x.com/ElviraVikhareva; https://www.facebook.com/profile.php?id=100001881601563; https://boosty.to/elviravikhareva,Физические лица,,382704580287,,,08.06.1990,,,,40817810038700402202,Московский банк ПАО Сбербанк,044525225,30101810400000000225,01.03.2025,
583,Севец-Ермолина Наталья Федоровна,"Статья 7 Федерального закона от 14.07.2022 № 255-ФЗ «О контроле за деятельностью лиц, находящихся под иностранным влиянием»",21.04.2023,,https://www.facebook.com/100000013997442/; https://t.me/ostatkisovesti; https://www.instagram.com/nataermolina/; https://vk.com/id1746165; https://www.youtube.com/@Babushka71; https://t.me/zdravobaka,Физические лица,,100108332163,,,20.07.1971,,,,40817810425861797886,Карельское отделение №8628 ПАО Сбербанк,048602673,30101810600000000673,01.03.2025,
582,Грозев Христо,"Статья 7 Федерального закона от 14.07.2022 № 255-ФЗ «О контроле за деятельностью лиц, находящихся под иностранным влиянием»",21.04.2023,,https://x.com/christogrozev; https://www.youtube.com/@cgrozev,Физические лица,,,,,20.05.1969,,,,,,,,,
581,«Радужная ассоциация»,"Статья 7 Федерального закона от 14.07.2022 № 255-ФЗ «О контроле за деятельностью лиц, находящихся под иностранным влиянием»",14.04.2023,,https://radarus.livejournal.com; https://www.facebook.com/groups/radarus; https://www.facebook.com/radarus.org; https://twitter.com/RadarusOrg; https://vk.com/radarus;  https://vk.com/id75729574,Иные объединения лиц,,,,,,"[Максимов Юрий, Сотников Андрей Николаевич ""Андрей Оболенский, Анна-Мария Оболенская"", Самбуров Павел]",,,,,,,,
580,Интернет-издание «Полигон»,"Статья 7 Федерального закона от 14.07.2022 № 255-ФЗ «О контроле за деятельностью лиц, находящихся под иностранным влиянием»",14.04.2023,,https://poligonmedia.io; https://t.me/poligonmedia,Иные объединения лиц,,,,,,"[Куцылло Вероника, Трефилова Анна, Рождественский Илья, Олевский Тимур, Гликин Максим, Белят Юрий]",,,,,,,,
579,Издание «Агентство»,"Статья 7 Федерального закона от 14.07.2022 № 255-ФЗ «О контроле за деятельностью лиц, находящихся под иностранным влиянием»",14.04.2023,,"http://twitter.com/agents_media
http://www.facebook.com/100075497904920
https://www.agents.media
https://www.facebook.com/www.agents.media
https://twitter.com/agents_media
https://www.instagram.com/proekt_media_team
https://t.me/agentstvonews
https://www.youtube.com/channel/UC5UwzkI8NlcDHgrRkVBkR5Q",Иные объединения лиц,,,,,,[Баданин Роман Сергеевич],,,,,,,,
578,Фонд Карнеги за международный мир,"Статья 7 Федерального закона от 14.07.2022 № 255-ФЗ «О контроле за деятельностью лиц, находящихся под иностранным влиянием»",14.04.2023,,https://www.youtube.com/@carnegiepolitika; https://www.facebook.com/carnegieendowment; https://www.linkedin.com/company/carnegieendowment/; https://www.instagram.com/carnegieendow/; https://x.com/CarnegieEndow; https://carnegieendowment.org/; https://dzen.ru/carnegieru; https://t.me/carnegiepolitika; https://vk.com/carnegiemoscow,Иные объединения лиц,,,,,,,,,,,,,,
577,Каныгин Павел Юрьевич,"Статья 7 Федерального закона от 14.07.2022 № 255-ФЗ «О контроле за деятельностью лиц, находящихся под иностранным влиянием»",14.04.2023,,https://www.facebook.com/konagen/; https://www.instagram.com/konagen/; https://www.patreon.com/psproject; https://boosty.to/pkvideo; https://www.youtube.com/@prosleduet; https://t.me/prosleduet_media; https://www.linkedin.com/in/pavel-kanygin-66b55528,Физические лица,,026408464764,,,30.01.1987,,,,40817810606463078505,Башкирское отделение №8598 ПАО Сбербанк,048073601,30101810300000000601,08.04.2025,
576,Мунтян Павел Андреевич,"Статья 7 Федерального закона от 14.07.2022 № 255-ФЗ «О контроле за деятельностью лиц, находящихся под иностранным влиянием»",14.04.2023,,https://t.me/PavelMuntyanPosts; https://t.me/raznye_telegi; https://www.facebook.com/paul.mountian; https://x.com/greenmoon2; https://www.instagram.com/greenmoon2/; https://www.youtube.com/@PavelMuntyan,Физические лица,,773405199930,,,11.06.1978,,,,40817810738700402201,Московский банк ПАО Сбербанк,044525225,30101810400000000225,01.03.2025,
575,Яковенко Игорь Александрович,"Статья 7 Федерального закона от 14.07.2022 № 255-ФЗ «О контроле за деятельностью лиц, находящихся под иностранным влиянием»",14.04.2023,,https://www.youtube.com/@IgorYakovenko; https://t.me/igoryakovenko; https://dzen.ru/id/5e8eddc8ab73d00636ad60f3; https://vk.com/mediaphrenia; http://yakovenkoigor.blogspot.com/; https://x.com/igor1951yakov; https://www.facebook.com/profile.php?id=100011970752553; https://www.patreon.com/igoryakovenko,Физические лица,,772014998770,,,13.03.1951,,,,40817810438700402200,Московский банк ПАО Сбербанк,044525225,30101810400000000225,01.03.2025,
574,Слепаков Семен Сергеевич,"Статья 7 Федерального закона от 14.07.2022 № 255-ФЗ «О контроле за деятельностью лиц, находящихся под иностранным влиянием»",14.04.2023,,http://slepakov.com/; https://www.youtube.com/@user-vs9kz2uo8r/; https://www.youtube.com/@SemenSlepakov; https://t.me/slepakovsemyon; https://www.facebook.com/semen.slepakov.tnt; https://x.com/slepakovs; https://www.instagram.com/slepakovsemyon,Физические лица,,770365035800,,,23.08.1979,,,,40817810538115400470,Московский банк ПАО Сбербанк,044525225,30101810400000000225,01.03.2025,
573,Бабченко Аркадий Аркадьевич,"Статья 7 Федерального закона от 14.07.2022 № 255-ФЗ «О контроле за деятельностью лиц, находящихся под иностранным влиянием»",07.04.2023,,https://www.youtube.com/@starshinazapasa; https://t.me/babchenko77; https://x.com/StarshinaZapasa; https://www.instagram.com/babchenko77/; https://www.patreon.com/babchenko,Физические лица,,772204986396,,,18.03.1977,,,,40817810938068815563,Московский банк ПАО Сбербанк,044525225,30101810400000000225,01.03.2025,
572,Общество с ограниченной ответственностью  «Хроникёр»,"Статья 9 Федерального закона от 14.07.2022 № 255-ФЗ «О контроле за деятельностью лиц, находящихся под иностранным влиянием»",05.04.2023,30.05.2025,,Юридические лица,,5050156806,1225000119343,,,,,,40702810540000000004,"ПАО ""Сбербанк"" 117312, Москва, ул. Вавилова, 19",044525225,30101810400000000225,01.03.2025,
571,«Настоящая Россия»,"Статья 7 Федерального закона от 14.07.2022 № 255-ФЗ «О контроле за деятельностью лиц, находящихся под иностранным влиянием»",31.03.2023,,"https://youtube.com/@true_russia;
https://truerussia.org;
https://t.me/s/owglobal;
https://instagram.com/charity_true_russia;
https://twitter.com/truerussia_;
https://facebook.com/charitytruerussia",Иные объединения лиц,,,,,,"[Чхартишвилли Григорий Шалвович ""Борис Акунин"", Барышников Михаил Николаевич, Гуриев Сергей Маратович, Радзинский Олег Эдвардович]",,,,,,,,
570,Альянс гетеросексуалов и ЛГБТ за равноправие,"Статья 7 Федерального закона от 14.07.2022 № 255-ФЗ «О контроле за деятельностью лиц, находящихся под иностранным влиянием»",31.03.2023,,"https://vk.com/hetero_and_lgbt_for_equality,  https://t.me/straights_for_equality, https://www.facebook.com/straights.for.equality, https://www.facebook.com/groups/378474945543273, https://twitter.com/hetero_for_lgbt; https://t.me/@straights_for_equality",Иные объединения лиц,,,,,,"[Цымбалова Наталья Александровна, Кондрашов Сергей Юрьевич]",,,,,,,,
569,«Теплица социальных технологий»,"Статья 7 Федерального закона от 14.07.2022 № 255-ФЗ «О контроле за деятельностью лиц, находящихся под иностранным влиянием»",31.03.2023,,"https://www.youtube.com/@TestRuteplitsast/videos,
https://vk.com/teplitsast,
https://t.me/teplitsa,
https://t.me/TeplitsaPRO,
https://kurst.org/,
https://salubrious-robbin-413541.appspot.com/,
https://www.facebook.com/TeplitsaST,
https://www.instagram.com/teplitsast/,
https://twitter.com/TeplitsaST",Иные объединения лиц,,,,,,"[Сидоренко Алексей Аркадьевич, Баранова Наталья Владимировна, Кононов Николай, Лавриченко Влад, Авдеева Наталья, Боброва Анна, Звягинцев Лев, Бурдиянов Ион, Карцов Николай, Закирова Елена, Ягодин Денис, Суворов Глеб]",,,,,,,,
568,Чентемиров Георгий Ростиславович,"Статья 7 Федерального закона от 14.07.2022 № 255-ФЗ «О контроле за деятельностью лиц, находящихся под иностранным влиянием»",31.03.2023,,https://vk.com/id1890790,Физические лица,,100115619992,,,09.08.1985,,,,40817810125861797885,Карельское отделение №8628 ПАО Сбербанк,048602673,30101810600000000673,06.03.2025,
567,Бойко Сергей Андреевич,"Статья 7 Федерального закона от 14.07.2022 № 255-ФЗ «О контроле за деятельностью лиц, находящихся под иностранным влиянием»",31.03.2023,,"https://www.facebook.com/sergey.a.boyko;
https://www.instagram.com/_sergey_boyko/;
https://sergeyboyko.info/;
https://www.youtube.com/@_Sergey_Boyko;
https://t.me/SergeBoyko;
https://vk.com/sergeyaboyko;
https://www.tiktok.com/@sergey_boyko_deputat",Физические лица,,250819023664,,,15.07.1983,,,,40817810644055073154,Новосибирское отделение №8047 ПАО Сбербанк,045004641,30101810500000000641,01.03.2025,
566,Покровский Максим Сергеевич,"Статья 7 Федерального закона от 14.07.2022 № 255-ФЗ «О контроле за деятельностью лиц, находящихся под иностранным влиянием»",31.03.2023,,https://www.youtube.com/@MaxPokrovskiy; https://vk.com/maxpokrovskiy; https://vk.com/nogusveloofficial; https://www.instagram.com/max_pokrovskiy/; https://www.facebook.com/maxpokrovskiy.official/,Физические лица,,773301614765,,,17.06.1968,,,,40817810738263045697,Московский банк ПАО Сбербанк,044525225,30101810400000000225,01.03.2025,
565,Бакалейко Богдан Владимирович,"Статья 7 Федерального закона от 14.07.2022 № 255-ФЗ «О контроле за деятельностью лиц, находящихся под иностранным влиянием»",23.03.2023,,https://t.me/econsemigrants; https://www.youtube.com/@BogdanBakaleyko; https://vk.com/bogdajk3; https://www.instagram.com/bogdan_bakaleyko; https://www.facebook.com/bogdan.bakaleyko,Физические лица,,890410998141,,,16.05.1991,,,,40817810255192256530,Головное отделение Северо-Западного банка №9055 ПАО Сбербанк,044030653,30101810500000000653,01.03.2025,
564,Лада-Русь Светлана Михайловна,"Статья 7 Федерального закона от 14.07.2022 № 255-ФЗ «О контроле за деятельностью лиц, находящихся под иностранным влиянием»",23.03.2023,,http://lada-rus.ru; https://ok.ru/svetlana.ladarus; https://vk.com/s.lada_rus; https://t.me/S_Lada_Rus; https://vk.com/peunova_sm; https://www.tiktok.com/@svetlanaladarus; https://dzen.ru/svetlanaladarus; https://www.facebook.com/peunova; https://bastyon.com/s_lada_rus,Физические лица,,631805700186,,,11.02.1958,,,,,,,,,
563,Айсин Руслан Валерьевич,"Статья 7 Федерального закона от 14.07.2022 № 255-ФЗ «О контроле за деятельностью лиц, находящихся под иностранным влиянием»",23.03.2023,,https://vk.com/aysinruslan; https://t.me/tpolit; https://www.facebook.com/aysinruslann; https://www.instagram.com/aysin_poems/,Физические лица,,165713643205,,,22.04.1980,,,,40817810962490027089,Банк Татарстан отделение №8610 ПАО Сбербанк,049205603,30101810600000000603,01.03.2025,
562,Чиков Павел Владимирович,"Статья 7 Федерального закона от 14.07.2022 № 255-ФЗ «О контроле за деятельностью лиц, находящихся под иностранным влиянием»",23.03.2023,,https://x.com/pchikov; https://dzen.ru/pchikov; https://www.facebook.com/pchikov; https://t.me/forcelegale; https://www.youtube.com/@user-hf1ht7wp1k,Физические лица,,165915207868,,,19.05.1978,,,,,,,,,
561,Парни Плюс/Парни+,"Статья 7 Федерального закона от 14.07.2022 № 255-ФЗ «О контроле за деятельностью лиц, находящихся под иностранным влиянием»",23.03.2023,,"https://parniplus.com, https://vk.com/parniplus, https://www.facebook.com/parnipluscom, https://www.youtube.com/channel/UCeTWKuUZfwIK2-DQ1ft1lVg, https://t.me/parniplus_com",Иные объединения лиц,,,,,,[Писемский Евгений],,,,,,,,
560,Варламов Илья Александрович,"Статья 7 Федерального закона от 14.07.2022 № 255-ФЗ «О контроле за деятельностью лиц, находящихся под иностранным влиянием»",23.03.2023,,https://www.youtube.com/@varlamov; https://vk.com/ilyavarlamov; https://vk.com/varlamov; https://ok.ru/varlamov; https://dzen.ru/varlamov; https://t.me/varlamov; https://t.me/varlamov_news; https://t.me/ivrlmv; https://t.me/varlamov_mail; https://t.me/varlamovbrkng; https://www.tiktok.com/@ivarlamov; https://www.pinterest.ru/ilya_varlamov/; https://varlamov.ru/; https://x.com/varlamov; https://www.facebook.com/varlamov; https://www.facebook.com/ivarlamov; https://www.instagram.com/varlamov/; https://boosty.to/vrlmv; https://www.patreon.com/IlyaVarlamov; https://www.youtube.com/@VarlamovTalks,Физические лица,,773370633582,,,07.01.1984,,,,40817810838046486836,Московский банк ПАО Сбербанк,044525225,30101810400000000225,08.04.2025,
559,Водвуд Вераника Сергеевна,"Статья 7 Федерального закона от 14.07.2022 № 255-ФЗ «О контроле за деятельностью лиц, находящихся под иностранным влиянием»",10.03.2023,,https://www.youtube.com/@nixelpixel; https://www.youtube.com/@nika_vodvud; https://www.instagram.com/nixelpixel/; https://vk.com/nixelpixel_public; https://www.facebook.com/nixelpixel; https://vk.com/nixelpixel; https://nixelpixel.com; https://www.patreon.com/nixelpixel; https://x.com/nixelpixel,Физические лица,,504509270762,,,20.10.1993,,,,,,,,,
558,Гудков Геннадий Владимирович,"Статья 7 Федерального закона от 14.07.2022 № 255-ФЗ «О контроле за деятельностью лиц, находящихся под иностранным влиянием»",10.03.2023,,https://x.com/gudkov_g; https://www.facebook.com/GenGudkov; https://t.me/gudkov_g,Физические лица,,770803329050,,,15.08.1956,,,,40817810138700402199,Московский банк ПАО Сбербанк,044525225,30101810400000000225,01.03.2025,
557,Гершензон Лев Михайлович,"Статья 7 Федерального закона от 14.07.2022 № 255-ФЗ «О контроле за деятельностью лиц, находящихся под иностранным влиянием»",10.03.2023,,https://www.facebook.com/lev.gershenzon; https://t.me/true_gershenzon,Физические лица,,772742973909,,,04.05.1979,,,,,,,,,
556,Гуриев Сергей Маратович,"Статья 7 Федерального закона от 14.07.2022 № 255-ФЗ «О контроле за деятельностью лиц, находящихся под иностранным влиянием»",10.03.2023,,https://x.com/sguriev; https://www.facebook.com/sergei.guriev; https://www.youtube.com/@Sergei_Guriev; https://sites.google.com/site/sguriev/,Физические лица,,770904095088,,,21.10.1971,,,,40817810138115400469,Московский банк ПАО Сбербанк,044525225,30101810400000000225,01.03.2025,
555,Губарев Даниил Евгеньевич,"Статья 7 Федерального закона от 14.07.2022 № 255-ФЗ «О контроле за деятельностью лиц, находящихся под иностранным влиянием»",10.03.2023,,https://vk.com/id5434988; https://x.com/huiVstakane,Физические лица,,253911928854,,,11.03.1988,,,,40817810150005648110,Приморское отделение №8635 ПАО Сбербанк,040813608,30101810600000000608,01.03.2025,
554,Фонд «Свободная Бурятия»,"Статья 7 Федерального закона от 14.07.2022 № 255-ФЗ «О контроле за деятельностью лиц, находящихся под иностранным влиянием»",10.03.2023,,https://freeburyatia.taplink.ws/; https://www.youtube.com/@freeburyatiafoundation; https://t.me/freeburyatiafoundation; https://www.facebook.com/freeburyatiafoundation/; https://www.instagram.com/freeburyatiafoundation/; https://www.freeburyatia.org/,Иные объединения лиц,,,,,,"[Гармажапова Александра Цыреновна, Будаев Владимир Эрдыниевич, Зуева Анна Сергеевна, Иванык Дарья Владиславовна, Колэсарова Анастасия, Базарова Валентина]",,,,,,,,
553,Фонд охраны окружающей среды и защиты животных (Всемирный фонд природы),"Статья 7 Федерального закона от 14.07.2022 № 255-ФЗ «О контроле за деятельностью лиц, находящихся под иностранным влиянием»",10.03.2023,12.11.2024,"https://wwf.ru/;
https://www.youtube.com/@wwfrussia;
https://vk.com/wwf;
https://ok.ru/wwf;
https://www.tiktok.com/@wwfrussia;
https://t.me/wwfrussia;
https://dzen.ru/wwfrussia;
https://xn--b1agrnaamgsu0b.xn--p1ai/;
 https://vk.com/club25575829;
https://vk.com/club30098672;
https://60.wwf.ru/;
https://taplink.cc/wwfrussia;
https://www.instagram.com/wwfrussia/;
https://twitter.com/wwfRu",Юридические лица,,7709440011,1067799033752,,,,,,,,,,,
552,Лошак Андрей Борисович,"Статья 7 Федерального закона от 14.07.2022 № 255-ФЗ «О контроле за деятельностью лиц, находящихся под иностранным влиянием»",17.02.2023,,http://andreyloshak.ru/; https://www.youtube.com/@ya_uzkiy; https://www.facebook.com/andrey.loshak,Физические лица,,774393641535,,108-226-556 41,20.11.1972,,,,40817810838045100142,Московский банк ПАО Сбербанк,044525225,30101810400000000225,01.03.2025,
551,Школа свободной общественной мысли «Возрождение»,"Статья 7 Федерального закона от 14.07.2022 № 255-ФЗ «О контроле за деятельностью лиц, находящихся под иностранным влиянием»",17.02.2023,,https://shkola-vozrojdeniya.com/#/,Иные объединения лиц,,,,,,"[Шульман Екатерина Михайловна, Чичваркин Евгений Александрович, Ройзман Евгений Вадимович, Крашенинников Федор Геннадьевич, Колезев Дмитрий Евгеньевич, Галлямов Аббас Радикович, Павловский Глеб Олегович, Кагарлицкий Борис Юльевич]",,,,,,,,
550,Зубов Андрей Борисович,"Статья 7 Федерального закона от 14.07.2022 № 255-ФЗ «О контроле за деятельностью лиц, находящихся под иностранным влиянием»",17.02.2023,,https://vk.com/club24091849; https://t.me/anbzubov; https://t.me/AndrZubov; https://www.youtube.com/@АндрейЗубов-ы1р; https://abzubov.com; https://vk.com/club24091849; https://www.facebook.com/andrei.b.zubov?_rdr; https://boosty.to/andreyzubov,Физические лица,,770405197609,,028-163-796 64,16.01.1952,,,,40817810838115400468,Московский банк ПАО Сбербанк,044525225,30101810400000000225,01.03.2025,
549,Казанцева Александра Николаевна,"Статья 7 Федерального закона от 14.07.2022 № 255-ФЗ «О контроле за деятельностью лиц, находящихся под иностранным влиянием»",10.02.2023,,https://t.me/washed_hands; https://t.me/stishki_huishki; https://t.me/huevochka; https://vk.com/kaktusom; https://www.instagram.com/zakatalki/,Физические лица,,773471903235,,147-165-917 81,28.08.1986,,,,40817810855192256529,Головное отделение Северо-Западного банка №9055 ПАО Сбербанк,044030653,30101810500000000653,01.03.2025,
548,Ривина Анна Валерьевна,"Статья 7 Федерального закона от 14.07.2022 № 255-ФЗ «О контроле за деятельностью лиц, находящихся под иностранным влиянием»",10.02.2023,,https://vk.com/rivina; https://www.youtube.com/@femis8046/; https://www.facebook.com/AnnaRivina; https://www.instagram.com/anna.rivina; https://x.com/anna_rivina,Физические лица,,772976977646,,157-713-686 96,01.11.1989,,,,40817810838700402198,Московский банк ПАО Сбербанк,044525225,30101810400000000225,01.03.2025,
547,Шпилькин Сергей Александрович,"Статья 7 Федерального закона от 14.07.2022 № 255-ФЗ «О контроле за деятельностью лиц, находящихся под иностранным влиянием»",10.02.2023,,https://www.facebook.com/sergey.shpilkin; https://www.linkedin.com/in/sergey-s-8a187253/,Физические лица,,502711113094,,011-228-701 91,13.09.1962,,,,40817810038115479451,Московский банк ПАО Сбербанк,044525225,30101810400000000225,08.04.2025,
546,Асланян Сергей Степанович,"Статья 7 Федерального закона от 14.07.2022 № 255-ФЗ «О контроле за деятельностью лиц, находящихся под иностранным влиянием»",10.02.2023,,"https://t.me/garagass;
https://www.youtube.com/@garagass;
https://vk.com/id512238711;
https://www.facebook.com/kavalerya;
https://www.instagram.com/sergey_aslanyan_/",Физические лица,,772822556119,,127-520-360 34,20.02.1966,,,,40817810538045100141,Московский банк ПАО Сбербанк,044525225,30101810400000000225,01.03.2025,
545,Намазбаева Татьяна Валерьевна,"Статья 7 Федерального закона от 14.07.2022 № 255-ФЗ «О контроле за деятельностью лиц, находящихся под иностранным влиянием»",10.02.2023,,https://t.me/LGBTitd; https://x.com/iTrotzAllem,Физические лица,,253713951570,,120-566-857 49,01.06.1989,,,,40817810750005648109,Приморское отделение №8635 ПАО Сбербанк,040813608,30101810600000000608,01.03.2025,
544,Галлямов Аббас Радикович,"Статья 7 Федерального закона от 14.07.2022 № 255-ФЗ «О контроле за деятельностью лиц, находящихся под иностранным влиянием»",10.02.2023,,https://t.me/abbasgallyamovpolitics; https://ok.ru/profile/383558010; https://vk.com/id2197832; https://www.facebook.com/abbas.gallyamov; https://www.youtube.com/@AbbasGallyamovPolitics,Физические лица,,773304482605,,001-850-137 96,30.05.1972,,,,40817810238045100140,Московский банк ПАО Сбербанк,044525225,30101810400000000225,01.03.2025,
543,Гудков Дмитрий Геннадьевич,"Статья 7 Федерального закона от 14.07.2022 № 255-ФЗ «О контроле за деятельностью лиц, находящихся под иностранным влиянием»",10.02.2023,,https://www.youtube.com/@Gudkov; https://www.tiktok.com/@dmitry_gudkov; https://t.me/DmitryGudkov; https://dgudkov.livejournal.com/; https://x.com/gudkovd; https://www.facebook.com/dgudkov; https://www.facebook.com/100063678401183; https://www.instagram.com/d_gudkov/,Физические лица,,773709696309,,021-544-517 12,19.01.1980,,,,40817810353007257857,Рязанское отделение №8606 ПАО Сбербанк,046126614,30101810500000000614,01.03.2025,
542,Рамазанова Земфира Талгатовна,"Статья 7 Федерального закона от 14.07.2022 № 255-ФЗ «О контроле за деятельностью лиц, находящихся под иностранным влиянием»",10.02.2023,,https://zemfira.world; https://t.me/zemfira_online_store; https://www.youtube.com/@zemfira; https://x.com/zemfiralive; https://www.facebook.com/zemfiraramazanova; https://www.instagram.com/zemfiralive/; https://www.instagram.com/zemfiraworld/,Физические лица,,770401909012,,125-251-625 27,26.08.1976,,,,40817810038263096236,Московский банк ПАО Сбербанк,044525225,30101810400000000225,08.04.2025,
541,"Прокашева Елена Владимировна ""Елена Малисова""","Статья 7 Федерального закона от 14.07.2022 № 255-ФЗ «О контроле за деятельностью лиц, находящихся под иностранным влиянием»",03.02.2023,,https://vk.com/redis.medved; https://www.instagram.com/elenamalysova/,Физические лица,,434583288770,,147-107-386 54,18.05.1988,,,,40817810740109198832,Головное отделение Среднерусского банка №9040 ПАО Сбербанк,044525225,30101810400000000225,01.03.2025,
540,"Дудко Екатерина Артуровна ""Сильванова Катерина""","Статья 7 Федерального закона от 14.07.2022 № 255-ФЗ «О контроле за деятельностью лиц, находящихся под иностранным влиянием»",03.02.2023,,https://vk.com/redis_silvi; https://vk.com/redis.medved; https://www.instagram.com/sil_vanova/; https://x.com/redisech; https://ficbook.net/authors/433740,Физические лица,,,,188-207-727 00,16.05.1992,,,,,,,,,
539,Макашенец Александр Юрьевич,"Статья 7 Федерального закона от 14.07.2022 № 255-ФЗ «О контроле за деятельностью лиц, находящихся под иностранным влиянием»",03.02.2023,,https://vk.com/makashenets; https://www.youtube.com/@makashenets; https://www.facebook.com/makashenets; https://www.instagram.com/makashenets; https://dzen.ru/makashenets; https://ok.ru/profile/576728776563; https://www.tiktok.com/@korrespondent; https://t.me/makashenets,Физические лица,,781437224123,,167-603-294 81,28.04.1993,,,,40817810555192256528,Головное отделение Северо-Западного банка №9055 ПАО Сбербанк,044030653,30101810500000000653,01.03.2025,
538,Соболев Николай Юрьевич,"Статья 7 Федерального закона от 14.07.2022 № 255-ФЗ «О контроле за деятельностью лиц, находящихся под иностранным влиянием»",03.02.2023,15.03.2024,,Физические лица,,780108314517,,168-699-363 52,18.06.1993,,,,,,,,,
537,Мезерин Павел Владимирович,"Статья 7 Федерального закона от 14.07.2022 № 255-ФЗ «О контроле за деятельностью лиц, находящихся под иностранным влиянием»",03.02.2023,,https://t.me/freeingria; https://vk.com/inkerinmaa; https://x.com/FreeIngria; https://www.facebook.com/profile.php?id=100014037936721,Физические лица,,781410086290,,074-823-401 66,27.12.1976,,,,,,,,,
536,Фонд развития цифровых прав,"Статья 9 Федерального закона от 14.07.2022 № 255-ФЗ «О контроле за деятельностью лиц, находящихся под иностранным влиянием»",27.01.2023,,,Юридические лица,,7718002039,1107799031735,,,,,,40703810338000000998,"ПАО ""Сбербанк"" 117312, Москва, ул. Вавилова, 19",044525225,30101810400000000225,01.03.2025,
535,Общество с ограниченной ответственностью «Философия ненасилия»,"Статья 9 Федерального закона от 14.07.2022 № 255-ФЗ «О контроле за деятельностью лиц, находящихся под иностранным влиянием»",27.01.2023,15.08.2025,,Юридические лица,,9715438134,1237700014166,,,,,,40702810338000000012,"ПАО ""Сбербанк"" 117312, Москва, ул. Вавилова, 19",044525225,30101810400000000225,01.03.2025,
534,Серенко Дарья Андреевна,"Статья 7 Федерального закона от 14.07.2022 № 255-ФЗ «О контроле за деятельностью лиц, находящихся под иностранным влиянием»",27.01.2023,,https://vk.com/dariaserenko; https://dariaserenko.livejournal.com/; https://ok.ru/profile/571584240984; https://www.instagram.com/serenko_daria/; https://www.facebook.com/profile.php?id=100000779281759; https://vk.com/public169080895; https://t.me/dashapishet23,Физические лица,,550518718188,,155-055-755 64,23.01.1993,,,,40817810838045100139,Московский банк ПАО Сбербанк,044525225,30101810400000000225,01.03.2025,
533,Кашапов Рафис Рафаилович,"Статья 7 Федерального закона от 14.07.2022 № 255-ФЗ «О контроле за деятельностью лиц, находящихся под иностранным влиянием»",27.01.2023,,https://vk.com/id525180949; https://dzen.ru/id/5f0b5211fc010a55404f87fb; https://www.facebook.com/profile.php?id=100041281457173; https://x.com/Rafis_Kashapov,Физические лица,,165023156364,,152-926-605 73,02.07.1958,,,,40817810662490027088,Банк Татарстан отделение №8610 ПАО Сбербанк,049205603,30101810600000000603,01.03.2025,
532,Омбадыков Эрдни Басан,"Статья 7 Федерального закона от 14.07.2022 № 255-ФЗ «О контроле за деятельностью лиц, находящихся под иностранным влиянием»",27.01.2023,,https://www.facebook.com/DiluvHutugthu/; https://www.instagram.com/telo_rinpoche_diluv_hutugthu/,Физические лица,,,,181-512-110 27,27.10.1972,,,,,,,,,
531,Агумава Фидель Эдуардович,"Статья 7 Федерального закона от 14.07.2022 № 255-ФЗ «О контроле за деятельностью лиц, находящихся под иностранным влиянием»",27.01.2023,,https://t.me/felixfidelius; https://www.youtube.com/@fidelagumava1496; https://www.facebook.com/fidel.agumaa; https://www.instagram.com/fidelagumaa; https://www.threads.com/@fidelagumaa,Физические лица,,770907772690,,072-822-705 61,24.11.1978,,,,40817810538115400467,Московский банк ПАО Сбербанк,044525225,30101810400000000225,01.03.2025,
530,Прусикин Илья Владимирович,"Статья 7 Федерального закона от 14.07.2022 № 255-ФЗ «О контроле за деятельностью лиц, находящихся под иностранным влиянием»",27.01.2023,,https://www.youtube.com/@iLichShow; https://vk.com/iliyaprusikin; https://www.facebook.com/iliyaprusikin; https://ok.ru/ivanpersonal; https://www.instagram.com/iliyaprusikin/; https://x.com/prusikin_iliya,Физические лица,,471400708243,,,08.04.1985,,,,40817810255192256527,Головное отделение Северо-Западного банка №9055 ПАО Сбербанк,044030653,30101810500000000653,01.03.2025,
529,Проект для трансгендерных людей и их близких «T9 NSK»,"Статья 7 Федерального закона от 14.07.2022 № 255-ФЗ «О контроле за деятельностью лиц, находящихся под иностранным влиянием»",20.01.2023,,https://ru.t9nsk.org; https://vk.com/t9nsk; https://t.me/t9nsk,Иные объединения лиц,,,,,,"[Соловьева Наталья Евгеньевна, Слета Артем Сергеевич, Разживина Надежда Сергеевна, Берендеев Олег Константинович, Трубин Герман Алексеевич, Гончар Иван Сергеевич]",,,,,,,,
528,Беседина Дарья Станиславовна,"Статья 7 Федерального закона от 14.07.2022 № 255-ФЗ «О контроле за деятельностью лиц, находящихся под иностранным влиянием»",20.01.2023,,https://besedina.moscow; https://vk.com/llevellin; https://t.me/archzhest; https://vk.com/besedinamoscow; https://www.youtube.com/@besedinamoscow; https://x.com/naive_elf; https://www.facebook.com/besedinadaria; https://www.facebook.com/besedinamoscow; https://www.instagram.com/llevellin/,Физические лица,,504711768640,,188-592-132 21,22.07.1988,,,,40817810922243243036,Калужское отделение №8608 ПАО Сбербанк,042908612,30101810100000000612,01.03.2025,
527,Харченко Вадим Михайлович,"Статья 7 Федерального закона от 14.07.2022 № 255-ФЗ «О контроле за деятельностью лиц, находящихся под иностранным влиянием»",20.01.2023,,"https://www.youtube.com/@user-jt2jl6cf6r;
https://vk.com/club183522186;
https://t.me/lichnoe_mnenie_oficial",Физические лица,,230208023788,,074-214-706 43,12.08.1983,,,,40817810630856308570,Краснодарское отделение №8619 ПАО Сбербанк,040349602,30101810100000000602,01.03.2025,
526,Яганов Ибрагим Хасанбиевич,"Статья 7 Федерального закона от 14.07.2022 № 255-ФЗ «О контроле за деятельностью лиц, находящихся под иностранным влиянием»",20.01.2023,,https://www.facebook.com/ibragim.yaganov/; https://www.instagram.com/ibragimiaganov/; https://www.instagram.com/iaganovibragim/; https://ok.ru/profile/511934377352,Физические лица,,070800094644,,062-025-518 16,16.10.1963,,,,40817810360331714506,Кабардино-Балкарское отделение №8631 ПАО Сбербанк,040702615,30101810907020000615,01.03.2025,
525,Устимов Антон Михайлович,"Статья 7 Федерального закона от 14.07.2022 № 255-ФЗ «О контроле за деятельностью лиц, находящихся под иностранным влиянием»",20.01.2023,,https://t.me/antonpikuly; https://www.youtube.com/@pikuly/; https://www.youtube.com/@user-ee1nz8qn6k/; https://www.instagram.com/antonpikuly/; https://vk.com/pikuly; https://vk.com/pikuly_page; https://x.com/antonpikuly; https://dzen.ru/id/60c6fef239cbec209a11f171; https://www.patreon.com/pikuly; https://www.tiktok.com/@antonpikuly; https://www.threads.com/@antonpikuly,Физические лица,,741115579060,,172-795-921 16,25.07.1995,,,,,,,,,
524,Осечкин Владимир Валерьевич,"Статья 7 Федерального закона от 14.07.2022 № 255-ФЗ «О контроле за деятельностью лиц, находящихся под иностранным влиянием»",20.01.2023,,"https://www.facebook.com/vladimir.osechkin;
https://x.com/Vlad_Osechkin;
https://www.instagram.com/osechkinvladimir/",Физические лица,,631600647904,,053-268-815 65,14.06.1981,,,,40817810438263045696,Московский банк ПАО Сбербанк,044525225,30101810400000000225,01.03.2025,
523,"Гырдымова Елизавета Андреевна ""Монеточка""","Статья 7 Федерального закона от 14.07.2022 № 255-ФЗ «О контроле за деятельностью лиц, находящихся под иностранным влиянием»",20.01.2023,,https://www.tiktok.com/@monetochkaliska; https://t.me/radiomonetochka; https://www.youtube.com/@user-rl6ld6cd8f; https://vk.com/lisamonetka; https://www.instagram.com/monetochkaliska/; https://x.com/kisazavr; https://www.facebook.com/monetochkaliska/,Физические лица,,667404953302,,178-386-874 43,01.06.1998,,,,40817810938045100136,Московский банк ПАО Сбербанк,044525225,30101810400000000225,01.03.2025,
522,Общество с ограниченной ответственностью «ТЕНЕС»,"Статья 9 Федерального закона от 14.07.2022 № 255-ФЗ «О контроле за деятельностью лиц, находящихся под иностранным влиянием»",13.01.2023,,,Юридические лица,,1300003477,1221300004914,,,,,,40702810239000000004,"ПАО ""Сбербанк"" 117312, Москва, ул. Вавилова, 19",048952615,30101810100000000615,01.03.2025,
521,Шелест Александр,"Статья 7 Федерального закона от 14.07.2022 № 255-ФЗ «О контроле за деятельностью лиц, находящихся под иностранным влиянием»",13.01.2023,,https://www.youtube.com/@shelestSHUM; https://vk.com/shelest_vedushchiy; https://www.facebook.com/shelestification; https://www.instagram.com/tv.shelest/; https://t.me/shelestlive,Физические лица,,,,,15.03.1988,,,,,,,,,
520,Ухов Сергей Анатольевич,"Статья 7 Федерального закона от 14.07.2022 № 255-ФЗ «О контроле за деятельностью лиц, находящихся под иностранным влиянием»",13.01.2023,,https://vk.com/uhovs; https://www.facebook.com/Ukhovs; https://www.instagram.com/sergeiukhovs/; https://x.com/Ukhovs; https://t.me/uhovsergei,Физические лица,,591001062884,,061-550-229 28,09.03.1985,,,,40817810649787664863,Пермское отделение №6984 ПАО Сбербанк,042202603,30101810900000000603,01.03.2025,
519,Фурсов Анатолий Владимирович,"Статья 7 Федерального закона от 14.07.2022 № 255-ФЗ «О контроле за деятельностью лиц, находящихся под иностранным влиянием»",13.01.2023,,https://www.instagram.com/anatoliyfursov; https://www.facebook.com/avfursov; https://vk.com/id613962945; https://x.com/avfursov; https://t.me/Anatoly_Fursov,Физические лица,,771508923572,,144-058-036 37,06.11.1985,,,,40817810938115400465,Московский банк ПАО Сбербанк,044525225,30101810400000000225,01.03.2025,
518,Кирсанов Сергей Владимирович,"Статья 7 Федерального закона от 14.07.2022 № 255-ФЗ «О контроле за деятельностью лиц, находящихся под иностранным влиянием»",13.01.2023,,https://t.me/klirik_sergio; https://www.youtube.com/@klirik_sergio; https://x.com/klirik_sergio; https://www.instagram.com/klirik_sergio/; https://boosty.to/klirik,Физические лица,,610202597008,,194-953-736 31,27.02.1987,,,,40817810338115400463,Московский банк ПАО Сбербанк,044525225,30101810400000000225,01.03.2025,
517,Смольянинов Артур Сергеевич,"Статья 7 Федерального закона от 14.07.2022 № 255-ФЗ «О контроле за деятельностью лиц, находящихся под иностранным влиянием»",13.01.2023,,https://vk.com/smoliyaninov; https://www.facebook.com/profile.php?id=100069850781178; https://smolyaninov.do.am/; https://ok.ru/profile/527568889118; https://linktr.ee/chelovek.cilveks.human; https://www.facebook.com/profile/61567365457730; https://www.instagram.com/chelovek.cilveks.human; https://www.patreon.com/ArturSmolyaninov; https://www.tiktok.com/@chelovek.cilveks.human; https://www.youtube.com/@chelovek_cilveks_human,Физические лица,,501809079360,,124-156-121 15,27.10.1983,,,,40817810440109198831,Головное отделение Среднерусского банка №9040 ПАО Сбербанк,044525225,30101810400000000225,01.03.2025,
516,Троицкий Артемий Кивович,"Статья 7 Федерального закона от 14.07.2022 № 255-ФЗ «О контроле за деятельностью лиц, находящихся под иностранным влиянием»",13.01.2023,,https://x.com/aktroitsky; https://www.youtube.com/@aktroitsky; https://vk.com/aktroitsky; https://t.me/aktroitsky,Физические лица,,773600646317,,025-491-903 53,16.06.1955,,,,40817810038115400462,Московский банк ПАО Сбербанк,044525225,30101810400000000225,01.03.2025,
515,Общественная организация «Роскомсвобода»,"Статья 7 Федерального закона от 14.07.2022 № 255-ФЗ «О контроле за деятельностью лиц, находящихся под иностранным влиянием»",23.12.2022,,https://roskomsvoboda.org,"Общественные объединения, действующие без образования юридического лица",,,,,,"[Козлюк Артем Валерьевич, Шакиров Станислав Игоревич, Дарбинян Саркис Симонович, Малышева Наталья Александровна]",,,,,,,,
514,«Феминистское Антивоенное Сопротивление»,"Статья 7 Федерального закона от 14.07.2022 № 255-ФЗ «О контроле за деятельностью лиц, находящихся под иностранным влиянием»",23.12.2022,,"https://twitter.com/femagainstwar;                        
https://t.me/femagainstwar «Instagram»;
https://www.instagram.com/fem_antiwar_resistance/",Иные объединения лиц,,,,,,"[Серенко Дарья Андреевна, Россман Элла Юрьевна, Нордик Лёля Александровна]",,,,,,,,
513,Anti-Corruption Foundation Inc.,"Статья 7 Федерального закона от 14.07.2022 № 255-ФЗ «О контроле за деятельностью лиц, находящихся под иностранным влиянием»",23.12.2022,,https://acf.international/,Юридические лица,85-0774334,,,,,,,,40807810038000000026,"ПАО ""Сбербанк"" 117312, Москва, ул. Вавилова, 19",044525225,30101810400000000225,01.03.2025,
512,Автономная некоммерческая организация социально-спортивных программ «Спортивное ЛГБТ-сообщество»,"Статья 7 Федерального закона от 14.07.2022 № 255-ФЗ «О контроле за деятельностью лиц, находящихся под иностранным влиянием»",23.12.2022,23.08.2023,,Юридические лица,,7840290160,1117800011394,,,,,,,,,,,
511,Колесников Андрей Владимирович,"Статья 7 Федерального закона от 14.07.2022 № 255-ФЗ «О контроле за деятельностью лиц, находящихся под иностранным влиянием»",23.12.2022,,https://x.com/AndrKolesnikov,Физические лица,,773100576929,,012-947-990 68,29.07.1965,,,,40817810138265982264,Московский банк ПАО Сбербанк,044525225,30101810400000000225,01.03.2025,
510,Пьяных Глеб Валентинович,"Статья 7 Федерального закона от 14.07.2022 № 255-ФЗ «О контроле за деятельностью лиц, находящихся под иностранным влиянием»",23.12.2022,,https://www.youtube.com/@glebpiano; https://t.me/glebpiano; https://t.me/glazamipianikh; https://vk.com/glebpianykh; https://www.tiktok.com/@glebpiano,Физические лица,,773378746771,,008-865-414 71,15.04.1968,,,,40817810238700402196,Московский банк ПАО Сбербанк,044525225,30101810400000000225,01.03.2025,
509,Ганнушкина Светлана Алексеевна,"Статья 7 Федерального закона от 14.07.2022 № 255-ФЗ «О контроле за деятельностью лиц, находящихся под иностранным влиянием»",23.12.2022,,https://www.facebook.com/svetlana.gannushkina,Физические лица,,770902779004,,027-084-331 36,06.03.1942,,,,40817810938700402195,Московский банк ПАО Сбербанк,044525225,30101810400000000225,01.03.2025,
508,Жвик Анастасия Николаевна,"Статья 7 Федерального закона от 14.07.2022 № 255-ФЗ «О контроле за деятельностью лиц, находящихся под иностранным влиянием»",23.12.2022,,"https://journal.tinkoff.ru/user112670/;
https://vk.com/ovsyanka009",Физические лица,,920357312108,,186-670-818 18,02.03.1996,,,,40817810638700402194,Московский банк ПАО Сбербанк,044525225,30101810400000000225,01.03.2025,
507,Грязневич Наталья Владимировна,"Статья 7 Федерального закона от 14.07.2022 № 255-ФЗ «О контроле за деятельностью лиц, находящихся под иностранным влиянием»",16.12.2022,,https://vk.com/nataliagraz; https://www.instagram.com/nat.graz/; https://www.facebook.com/nataliagraz; https://vk.com/gryaznevich; https://ok.ru/nataliagraz,Физические лица,,781436089425,,156-180-274 60,25.04.1989,,,,40817810955192256526,Головное отделение Северо-Западного банка №9055 ПАО Сбербанк,044030653,30101810500000000653,01.03.2025,
506,Давыдов Дмитрий Викторович,"Статья 7 Федерального закона от 14.07.2022 № 255-ФЗ «О контроле за деятельностью лиц, находящихся под иностранным влиянием»",16.12.2022,,,Физические лица,,,,,20.08.1981,,,,,,,,,
505,Любимов Дмитрий Александрович,"Статья 7 Федерального закона от 14.07.2022 № 255-ФЗ «О контроле за деятельностью лиц, находящихся под иностранным влиянием»",16.12.2022,,https://www.facebook.com/lemuyel; https://x.com/lemuyel,Физические лица,,120701124842,,003-599-293 58,12.04.1973,,,,40817810837005075023,Марий Эл отделение №8614 ПАО Сбербанк,048073601,30101810300000000601,01.03.2025,
504,Тютрин Иван Иванович,"Статья 7 Федерального закона от 14.07.2022 № 255-ФЗ «О контроле за деятельностью лиц, находящихся под иностранным влиянием»",16.12.2022,,https://www.facebook.com/ivan.tyutrin; https://t.me/ivan_tyutrin,Физические лица,,701719286430,,080-761-070 53,29.05.1981,,,,,,,,,
503,Таратута Юлия Леонидовна,"Статья 7 Федерального закона от 14.07.2022 № 255-ФЗ «О контроле за деятельностью лиц, находящихся под иностранным влиянием»",16.12.2022,,https://www.instagram.com/juliataratuta/; https://www.facebook.com/julia.taratuta,Физические лица,,772828406127,,156-505-429 65,10.07.1978,,,,,,,,,
502,Самарская общественная организация ЛГБТ+ «Ирида»,"Статья 7 Федерального закона от 14.07.2022 № 255-ФЗ «О контроле за деятельностью лиц, находящихся под иностранным влиянием»",16.12.2022,,https://vk.com/club214392174,"Общественные объединения, действующие без образования юридического лица",,,,,,[Фокин Артем Геннадиевич],"Самарская область, Самара,",,,,,,,
501,Автономная некоммерческая организация «Центр сохранения и изучения лососевых видов рыб и мест их обитания»,"Статья 7 Федерального закона от 14.07.2022 № 255-ФЗ «О контроле за деятельностью лиц, находящихся под иностранным влиянием»",16.12.2022,11.04.2023,,Юридические лица,,6501311449,1206500005689,,,,,,,,,,,
500,Региональная общественная организация «Экологическая вахта Сахалина»,"Статья 7 Федерального закона от 14.07.2022 № 255-ФЗ «О контроле за деятельностью лиц, находящихся под иностранным влиянием»",16.12.2022,11.04.2023,,Юридические лица,,6501080921,1026500003210,,,,,,,,,,,
499,The Bell,"Статья 7 Федерального закона от 14.07.2022 № 255-ФЗ «О контроле за деятельностью лиц, находящихся под иностранным влиянием»",09.12.2022,,https://thebell.io/; https://club.thebell.io/; https://www.youtube.com/channel/UC7_VjEuPizTvqvPWr8NLnTA; https://www.youtube.com/@RussiansAreOkay/; https://www.facebook.com/TheBell.io; https://vk.com/thebell_io; https://www.instagram.com/thebell_io/; https://twitter.com/thebell_io; https://twitter.com/ru_thebell; https://t.me/Bell_daily; https://t.me/thebell_io; https://t.me/Bell_tech; https://ok.ru/thebell; https://ru.inschool.ai/,Юридические лица,,,,,,"[Осетинская Елизавета Николаевна, Малкова Ирина Владимировна, Мироненко Петр, Смирнов Сергей, Дворников Вячеслав, Панкратова Ирина, Позычанюк Валерия, Дадашова Камилла, Коржова Дарья, Чунова Александра, Касянчук Денис, Полетаев Юрий, Буканова Екатерина, Киясова Инна, Мажарова Анна, Мулюкова Милия, Корнилова Елена, Латышкова Ольга, Хмилевская Алёна, Баранова Мария]",,,40807810638000000031,"ПАО ""Сбербанк"" 117312, Москва, ул. Вавилова, 19",044525225,30101810400000000225,01.03.2025,
498,Мурзагулов Ростислав Рафкатович,"Статья 7 Федерального закона от 14.07.2022 № 255-ФЗ «О контроле за деятельностью лиц, находящихся под иностранным влиянием»",09.12.2022,,https://t.me/AKM02; https://www.youtube.com/@RostislavRM; https://vk.com/rostislavrm; https://x.com/rostislavrm; https://www.facebook.com/moorross; https://www.youtube.com/@rmurzagulov,Физические лица,,772473433047,,060-215-067 03,24.05.1978,,,,40817810400027037014,Московский банк ПАО Сбербанк,044525225,30101810400000000225,01.03.2025,
497,Фишман Михаил Владимирович,"Статья 7 Федерального закона от 14.07.2022 № 255-ФЗ «О контроле за деятельностью лиц, находящихся под иностранным влиянием»",09.12.2022,,https://t.me/fishmanmish; https://x.com/MikhailFishman; https://www.instagram.com/fishmanmish/; https://www.facebook.com/mikhail.fishman/,Физические лица,,770504852520,,107-471-458 50,03.12.1972,,,,,,,,,
496,Апресян Рубен Грантович,"Статья 7 Федерального закона от 14.07.2022 № 255-ФЗ «О контроле за деятельностью лиц, находящихся под иностранным влиянием»",09.12.2022,,https://vk.com/id156183601; https://www.instagram.com/apressyan,Физические лица,,771520299181,,012-966-883 72,30.12.1953,,,,40817810738115400461,Московский банк ПАО Сбербанк,044525225,30101810400000000225,01.03.2025,
495,Экологическое движение «42»,"Статья 7 Федерального закона от 14.07.2022 № 255-ФЗ «О контроле за деятельностью лиц, находящихся под иностранным влиянием»",09.12.2022,,"www.eco42.org;
vk.com/arhdvizh42;
t.me/shiesnews","Общественные объединения, действующие без образования юридического лица",,,,,,"[Кочнева Анастасия Андреевна, Уткина Ирина Владимировна, Иниева Надежда Сергеевна, Маковский Дмитрий Максимович, Балашов Евгений Петрович, Фомина Анастасия Дмитриевна]","163020 Архангельская область, Архангельск, Никольский пр., д 12 к Стр. 2",,,,,,,
494,Аскеров Ровшан Энвер оглы,"Статья 7 Федерального закона от 14.07.2022 № 255-ФЗ «О контроле за деятельностью лиц, находящихся под иностранным влиянием»",09.12.2022,,https://www.youtube.com/@askerov2183/; https://askerov.livejournal.com/; https://www.instagram.com/roa72; https://www.facebook.com/profile.php?id=61550281014042,Физические лица,,771412938546,,093-728-433 97,04.05.1972,,,,40817810638045100135,Московский банк ПАО Сбербанк,044525225,30101810400000000225,01.03.2025,
493,Транс-инициативная группа «Т-Действие»,Статья 29.1 Федерального закона от 19.05.1995 № 82-ФЗ «Об общественных объединениях»,25.11.2022,,"https://vk.com/t_action; https://t.me/t_action;
https://www.youtube.com/c/TActionVLOG","Общественные объединения, действующие без образования юридического лица",,,,,,"[Черенкова Ева, Ривер София, Назаров Тайлер, Мессорош Артем Викторович ""Екатерина Мессорош""]","г. Санкт-Петербург
",,,,,,,
492,Общество с ограниченной ответственностью «Город без преград»,Статья 25.1 Закона Российской Федерации от 27.12.1991 № 2124-1 «О средствах массовой информации»,25.11.2022,,,Юридические лица,,1655488750,1221600091250,,,,,,40702810938000000098,"ПАО ""Сбербанк"" 117312, Москва, ул. Вавилова, 19",044525225,30101810400000000225,01.03.2025,
491,Московский региональный общественный благотворительный фонд «Социальное партнерство»,Статья 32 Федерального закона от 12.01.1996 № 7-ФЗ «О некоммерческих организациях»,25.11.2022,,,Юридические лица,,7720134949,1037739048016,,,,,,40703810038000000780,"ПАО ""Сбербанк"" 117312, Москва, ул. Вавилова, 19",044525225,30101810400000000225,01.03.2025,
490,Ковин Виталий Сергеевич,"Статья 2.1 Федерального закона от 28.12.2012 № 272-ФЗ «О мерах воздействия на лиц, причастных к нарушениям основополагающих прав и свобод человека, прав и свобод граждан Российской Федерации»",25.11.2022,,https://www.facebook.com/vitaly.kovin; https://vk.com/id470189538; https://t.me/vkovinskiy; https://t.me/kovinfa,Физические лица,,590608910212,,015-802-230 10,09.03.1970,,,,40817810349787664862,Пермское отделение №6984 ПАО Сбербанк,042202603,30101810900000000603,01.03.2025,
489,Ройзман Евгений Вадимович,"Статья 2.1 Федерального закона от 28.12.2012 № 272-ФЗ «О мерах воздействия на лиц, причастных к нарушениям основополагающих прав и свобод человека, прав и свобод граждан Российской Федерации»",25.11.2022,,https://www.youtube.com/@ЕвгенийРойзман-ф7я; https://ok.ru/roizman; https://dzen.ru/roizman; https://vk.com/evgeniy_roizman; https://roizman.livejournal.com/; https://x.com/roizmangbn; https://www.facebook.com/roizmangbn; https://www.instagram.com/evgeniyroizman/,Физические лица,,666000903262,,020-744-845 30,14.09.1962,,,,40817810916473732431,Свердловское отделение №7003 ПАО Сбербанк,046577674,30101810500000000674,01.03.2025,
488,Телин Федор Алексеевич,"Статья 2.1 Федерального закона от 28.12.2012 № 272-ФЗ «О мерах воздействия на лиц, причастных к нарушениям основополагающих прав и свобод человека, прав и свобод граждан Российской Федерации»",25.11.2022,,https://t.me/telinfedor; https://vk.com/fedortelin; https://x.com/fredsm86; https://www.facebook.com/telinfedor; https://www.instagram.com/telinfedor/,Физические лица,,027504944420,,131-673-729 56,08.06.1986,,,,40817810506462991479,Башкирское отделение №8598 ПАО Сбербанк,048073601,30101810300000000601,01.03.2025,
487,Гармажапова Александра Цыреновна,"Статья 2.1 Федерального закона от 28.12.2012 № 272-ФЗ «О мерах воздействия на лиц, причастных к нарушениям основополагающих прав и свобод человека, прав и свобод граждан Российской Федерации»",25.11.2022,,https://vk.com/buu3a; https://www.facebook.com/alexandra.garmazhapova; https://x.com/buu3a; https://www.instagram.com/buu3a/,Физические лица,,783900741247,,140-467-940 57,07.04.1989,,,,40817810355192256524,Головное отделение Северо-Западного банка №9055 ПАО Сбербанк,044030653,30101810500000000653,01.03.2025,
486,Монгайт Анна Викторовна,"Статья 2.1 Федерального закона от 28.12.2012 № 272-ФЗ «О мерах воздействия на лиц, причастных к нарушениям основополагающих прав и свобод человека, прав и свобод граждан Российской Федерации»",25.11.2022,,https://www.instagram.com/mongayt/; https://t.me/vsyatakayamongayt; https://www.youtube.com/@vsyatakayamongayt; https://www.facebook.com/anna.mongayt/,Физические лица,,770600791220,,038-137-119 42,09.03.1978,,,,40817810038068879687,Московский банк ПАО Сбербанк,044525225,30101810400000000225,08.04.2025,
485,Новиков Илья Сергеевич,"Статья 2.1 Федерального закона от 28.12.2012 № 272-ФЗ «О мерах воздействия на лиц, причастных к нарушениям основополагающих прав и свобод человека, прав и свобод граждан Российской Федерации»",25.11.2022,,https://www.facebook.com/Ilya.S.Novikov; https://x.com/vertiporokh; https://www.instagram.com/vertiporokh_/,Физические лица,,771508276861,,038-686-615 03,11.02.1982,,,,40817810338045100134,Московский банк ПАО Сбербанк,044525225,30101810400000000225,01.03.2025,
484,Барабашова Любовь Григорьевна,Статья 6 Закона Российской Федерации от 27.12.1991 № 2124-1 «О средствах массовой информации»,25.11.2022,,https://ok.ru/profile/834936043,Физические лица,,650502071677,,077-435-879 09,03.05.1976,,,,40817810450342106604,Южно-Сахалинское отделение №8567 ПАО Сбербанк,040813608,30101810600000000608,01.03.2025,
483,Шихман Ирина Юрьевна,"Статья 2.1 Федерального закона от 28.12.2012 № 272-ФЗ «О мерах воздействия на лиц, причастных к нарушениям основополагающих прав и свобод человека, прав и свобод граждан Российской Федерации»",18.11.2022,,https://t.me/apogovoritofficial; https://www.youtube.com/@apogovorit; https://www.facebook.com/irina.shikhman/; https://www.instagram.com/IRINASHIKHMAN/; https://boosty.to/apogovoritshow; https://www.patreon.com/apogovorit,Физические лица,,701701475349,,068-941-035 92,17.05.1984,,,,40817810038045100133,Московский банк ПАО Сбербанк,044525225,30101810400000000225,01.03.2025,
482,Усанова Олимпиада Валентиновна,"Статья 2.1 Федерального закона от 28.12.2012 № 272-ФЗ «О мерах воздействия на лиц, причастных к нарушениям основополагающих прав и свобод человека, прав и свобод граждан Российской Федерации»",18.11.2022,,https://www.facebook.com/100002091585793; https://x.com/777lipa; https://ru.linkedin.com/in/olimpiada-usanova-751b5217a; https://www.instagram.com/olimpiadausanova/; https://www.threads.com/@olimpiadausanova,Физические лица,,212907040579,,064-408-930 64,05.02.1977,,,,40817810042000279176,Нижегородское отделение №9042 ПАО Сбербанк,042202603,30101810900000000603,01.03.2025,
481,Светов Михаил Владимирович,"Статья 2.1 Федерального закона от 28.12.2012 № 272-ФЗ «О мерах воздействия на лиц, причастных к нарушениям основополагающих прав и свобод человека, прав и свобод граждан Российской Федерации»",18.11.2022,,https://t.me/svtvnews; https://x.com/msvetov; https://www.instagram.com/mrlibertarian; https://t.me/mrlibertarian; https://www.youtube.com/@SVTVofficial; http://vk.com/svtvofficial; https://www.patreon.com/svtv,Физические лица,,771402610499,,197-586-659 59,04.01.1985,,,,40817810138263045695,Московский банк ПАО Сбербанк,044525225,30101810400000000225,01.03.2025,
480,Мальцев Вячеслав Вячеславович,"Статья 2.1 Федерального закона от 28.12.2012 № 272-ФЗ «О мерах воздействия на лиц, причастных к нарушениям основополагающих прав и свобод человека, прав и свобод граждан Российской Федерации»",18.11.2022,,https://vk.com/za_51117; https://bastyon.com/maltsevv; https://www.facebook.com/narodfront/; https://www.youtube.com/@5112017; https://www.patreon.com/sponsor; https://www.youtube.com/@VVMALTSEV; https://t.me/revolutionmaltsev; https://x.com/vvmaltsev; https://www.tiktok.com/@maltsev64; https://www.instagram.com/maltsev__vv; https://www.youtube.com/@maltsev35; https://www.youtube.com/@БРАТПОРАЗУМ,Физические лица,,645000356008,,067-838-629 21,07.06.1964,,,,40817810438115400460,Московский банк ПАО Сбербанк,044525225,30101810400000000225,01.03.2025,
479,"Карпук Руслан Леонидович ""Левиев""","Статья 2.1 Федерального закона от 28.12.2012 № 272-ФЗ «О мерах воздействия на лиц, причастных к нарушениям основополагающих прав и свобод человека, прав и свобод граждан Российской Федерации»",18.11.2022,,https://t.me/ruslanleviev; https://t.me/leviev_ruslan; https://vk.com/leviev; https://www.facebook.com/ruslanleviev; https://x.com/ruslanleviev; https://www.instagram.com/ruslanleviev/,Физические лица,,860220504300,,104-271-788 32,22.08.1986,,,,,,,,,
478,Заякин Андрей Викторович,"Статья 2.1 Федерального закона от 28.12.2012 № 272-ФЗ «О мерах воздействия на лиц, причастных к нарушениям основополагающих прав и свобод человека, прав и свобод граждан Российской Федерации»",18.11.2022,,https://www.facebook.com/andrew.zayakin; https://x.com/zayakin_a,Физические лица,,143515479420,,055-347-075 59,23.02.1981,,,,40817810038115400459,Московский банк ПАО Сбербанк,044525225,30101810400000000225,01.03.2025,
477,"Алексеев Иван Александрович ""Noize MC""","Статья 2.1 Федерального закона от 28.12.2012 № 272-ФЗ «О мерах воздействия на лиц, причастных к нарушениям основополагающих прав и свобод человека, прав и свобод граждан Российской Федерации»",18.11.2022,,https://ok.ru/noizemc; https://t.me/NoizeMCOfficial; https://www.youtube.com/@noize_mc; https://noizemc.com/; https://vk.com/noizemc; https://vk.com/noize_mc; https://x.com/noize_mc; https://www.facebook.com/noizemc; https://www.instagram.com/noizemc/,Физические лица,,312329383274,,139-903-853 98,09.03.1985,,,,40817810738115400458,Московский банк ПАО Сбербанк,044525225,30101810400000000225,01.03.2025,
476,Колезев Дмитрий Евгеньевич,Статья 6 Закона Российской Федерации от 27.12.1991 № 2124-1 «О средствах массовой информации»,18.11.2022,,https://kolezev.ru/; https://www.youtube.com/@Kolezev/; https://www.youtube.com/@kolezev_games/; https://www.tiktok.com/@kolezev; https://www.youtube.com/@wtf_russia; https://t.me/kolezev_casual; https://t.me/kolezev; https://vk.com/kolezev; https://vk.com/kolezev_daily; https://kolezev.mave.digital/; https://boosty.to/kolezev; https://x.com/kolezev; https://x.com/KolezevEng; https://www.instagram.com/kolezev; https://www.facebook.com/kolezev; https://t.me/kolezev_games; https://www.tiktok.com/@kolezev; https://substack.com/@kolezev; https://www.kolezev.com/; https://boosty.to/letstryagain; https://www.youtube.com/@organizer_k; https://t.me/organizer_k; https://www.patreon.com/kolezev; https://kolezev.substack.com; https://www.youtube.com/@Kolezev_Live,Физические лица,,667116912412,,123-463-486 45,14.12.1984,,,,40817810616473732430,Свердловское отделение №7003 ПАО Сбербанк,046577674,30101810500000000674,01.03.2025,
475,Биккинин Ирек Дамирович,Статья 6 Закона Российской Федерации от 27.12.1991 № 2124-1 «О средствах массовой информации»,18.11.2022,,https://ok.ru/profile/361078435507; https://vk.com/id95229146,Физические лица,,131500969774,,065-809-440 86,25.03.1956,,,,40817810939001818477,Мордовское отделение №8589 ПАО Сбербанк,048952615,30101810100000000615,01.03.2025,
474,Закрытая компания с ограниченной ответственностью «Букмейт Лимитед» (Ирландия),Статья 6 Закона Российской Федерации от 27.12.1991 № 2124-1 «О средствах массовой информации»,28.10.2022,,"https://bookmate.com/;
https://twitter.com/Bookmate;
https://www.instagram.com/bookmate/",Юридические лица,596747,,,,,,,,40807810538000000034,"ПАО ""Сбербанк"" 117312, Москва, ул. Вавилова, 19",044525225,30101810400000000225,01.03.2025,
473,Яковина Иван Викторович,"Статья 2.1 Федерального закона от 28.12.2012 № 272-ФЗ «О мерах воздействия на лиц, причастных к нарушениям основополагающих прав и свобод человека, прав и свобод граждан Российской Федерации»",28.10.2022,,https://www.facebook.com/yakovina.ivan; https://t.me/ivan_yakovina; https://www.youtube.com/@IvanYakovina; https://t.me/yakovina_space,Физические лица,,,,129-376-453 89,13.12.1979,,,,,,,,,
472,Синдеева Наталья Владимировна,"Статья 2.1 Федерального закона от 28.12.2012 № 272-ФЗ «О мерах воздействия на лиц, причастных к нарушениям основополагающих прав и свобод человека, прав и свобод граждан Российской Федерации»",28.10.2022,,https://www.youtube.com/@Sindeeva; https://www.instagram.com/sindeeva/; https://www.facebook.com/sindeeva; https://ok.ru/profile/183473329; https://t.me/sindeeva_news; https://x.com/sindeeva,Физические лица,,770302405825,,031-475-094 31,11.06.1971,,,,40817810838068893834,Московский банк ПАО Сбербанк,044525225,30101810400000000225,17.04.2025,
471,Роменский Владимир Андреевич,"Статья 2.1 Федерального закона от 28.12.2012 № 272-ФЗ «О мерах воздействия на лиц, причастных к нарушениям основополагающих прав и свобод человека, прав и свобод граждан Российской Федерации»",28.10.2022,,https://www.youtube.com/@romenskiy_/; https://t.me/vromenskiy; https://vk.com/id481986860; https://www.facebook.com/vladimir.romenskiy.1,Физические лица,,774307872676,,130-391-911 29,20.07.1987,,,,40817810838263096229,Московский банк ПАО Сбербанк,044525225,30101810400000000225,08.04.2025,
470,Котрикадзе Екатерина Бесикиевна,"Статья 2.1 Федерального закона от 28.12.2012 № 272-ФЗ «О мерах воздействия на лиц, причастных к нарушениям основополагающих прав и свобод человека, прав и свобод граждан Российской Федерации»",28.10.2022,,https://t.me/k_kotrikadze; https://www.instagram.com/katyakotrikadze/; https://x.com/katyakotrikadze; https://www.facebook.com/ekaterine.kotrikadze/; https://www.youtube.com/@kotrikadze; https://www.youtube.com/@tdzyadko,Физические лица,,772766108294,,213-255-690 39,23.03.1984,,,,40817810338700402193,Московский банк ПАО Сбербанк,044525225,30101810400000000225,01.03.2025,
469,Березовец Тарас Валерьевич,"Статья 2.1 Федерального закона от 28.12.2012 № 272-ФЗ «О мерах воздействия на лиц, причастных к нарушениям основополагающих прав и свобод человека, прав и свобод граждан Российской Федерации»",28.10.2022,,https://www.youtube.com/@Taras.Berezovets/; https://t.me/berezoview; https://www.facebook.com/taras.berezovets.official/; https://x.com/tarasberezovets; https://www.instagram.com/taras.berezovets/; https://www.patreon.com/Taras_V_Berezovets; https://www.facebook.com/taras.berezovets; https://www.youtube.com/@Berezovetsshorts; https://www.youtube.com/@berezovets_rp/,Физические лица,,,,,01.03.1975,,,,,,,,,
468,Беньяш Михаил Михайлович,"Статья 2.1 Федерального закона от 28.12.2012 № 272-ФЗ «О мерах воздействия на лиц, причастных к нарушениям основополагающих прав и свобод человека, прав и свобод граждан Российской Федерации»",28.10.2022,,https://t.me/benyash; https://vk.com/id155941573; https://www.instagram.com/mbenyash/; https://www.facebook.com/mbenyash; https://x.com/m_benyash,Физические лица,,231901427394,,040-145-077 99,02.09.1977,,,,40817810330063475774,Центральное отделение №1806 ПАО Сбербанк,046015602,30101810600000000602,01.03.2025,
467,Докучаев Алексей Алексеевич,Статья 6 Закона Российской Федерации от 27.12.1991 № 2124-1 «О средствах массовой информации»,28.10.2022,,https://www.facebook.com/alexey.dokuchaev,Физические лица,,772514018878,,097-682-717 33,16.12.1980,,,,40817810138115400456,Московский банк ПАО Сбербанк,044525225,30101810400000000225,01.03.2025,
466,Баев Андрей Сергеевич,Статья 6 Закона Российской Федерации от 27.12.1991 № 2124-1 «О средствах массовой информации»,28.10.2022,,https://www.facebook.com/zavorra,Физические лица,,503209390009,,112-397-713 47,04.02.1985,,,,40817810738046486839,Московский банк ПАО Сбербанк,044525225,30101810400000000225,08.04.2025,
465,Шуманов Илья Вячеславович,"Статья 2.1 Федерального закона от 28.12.2012 № 272-ФЗ «О мерах воздействия на лиц, причастных к нарушениям основополагающих прав и свобод человека, прав и свобод граждан Российской Федерации»",21.10.2022,,https://t.me/CorruptionTV;  https://x.com/veloshum; https://www.facebook.com/ilya.shumanov,Физические лица,,390705589197,,125-489-185 83,21.06.1981,,,,40817810738045100132,Московский банк ПАО Сбербанк,044525225,30101810400000000225,01.03.2025,
464,Шадрина Татьяна Владимировна,"Статья 2.1 Федерального закона от 28.12.2012 № 272-ФЗ «О мерах воздействия на лиц, причастных к нарушениям основополагающих прав и свобод человека, прав и свобод граждан Российской Федерации»",21.10.2022,,https://www.patreon.com/tfelg; https://x.com/t_felg; https://boosty.to/t_felg; https://donate.tfelg.com/; https://www.youtube.com/@tfelg; https://t.me/tanya_f,Физические лица,,772828516070,,080-868-799 20,06.01.1985,,,,40817810838115400455,Московский банк ПАО Сбербанк,044525225,30101810400000000225,01.03.2025,
463,Пономарев Илья Владимирович,"Статья 2.1 Федерального закона от 28.12.2012 № 272-ФЗ «О мерах воздействия на лиц, причастных к нарушениям основополагающих прав и свобод человека, прав и свобод граждан Российской Федерации»",21.10.2022,,"https://vk.com/blank.php?rkn=-1849562;
https://ilya-ponomarev.livejournal.com/;
https://t.me/s/i_ponomarev; 
https://www.youtube.com/@ilyaponomarev/videos;
https://www.facebook.com/iponomarev;
https://x.com/iponomarev;
https://utro02.tv/series/ponomarev-razyasnyaet/;
https://ok.ru/iponomarev;
https://www.instagram.com/ponomareviv",Физические лица,,773671548130,,116-230-963 27,06.08.1975,,,,,,,,,
462,Плющев Александр Владимирович,"Статья 2.1 Федерального закона от 28.12.2012 № 272-ФЗ «О мерах воздействия на лиц, причастных к нарушениям основополагающих прав и свобод человека, прав и свобод граждан Российской Федерации»",21.10.2022,,https://www.youtube.com/@The_Breakfast_Show; https://t.me/PlushevChannel; https://x.com/plushev; https://www.facebook.com/plushev; https://www.instagram.com/plushev/; https://www.flickr.com/photos/66483341@N00; https://boosty.to/plushev,Физические лица,,771611560386,,001-622-709 91,16.09.1972,,,,40817810838263045694,Московский банк ПАО Сбербанк,044525225,30101810400000000225,01.03.2025,
461,Габбасов Руслан Салаватович,"Статья 2.1 Федерального закона от 28.12.2012 № 272-ФЗ «О мерах воздействия на лиц, причастных к нарушениям основополагающих прав и свобод человека, прав и свобод граждан Российской Федерации»",21.10.2022,,https://vk.com/r.salavatovich; https://t.me/rg_bashkort; https://www.tiktok.com/@ruslan_gabbasov; https://www.youtube.com/@RuslanGabbasov1,Физические лица,,026107863719,,,18.07.1979,,,,40817810906462991477,Башкирское отделение №8598 ПАО Сбербанк,048073601,30101810300000000601,01.03.2025,
460,Роднянский Александр Ефимович,"Статья 2.1 Федерального закона от 28.12.2012 № 272-ФЗ «О мерах воздействия на лиц, причастных к нарушениям основополагающих прав и свобод человека, прав и свобод граждан Российской Федерации»",21.10.2022,,"https://t.me/alexander_rodnyansky;
https://www.instagram.com/alexander.rodnyansky/",Физические лица,,,,153-643-101 41,02.07.1961,,,,,,,,,
459,Кочкин Семен Александрович,"Статья 2.1 Федерального закона от 28.12.2012 № 272-ФЗ «О мерах воздействия на лиц, причастных к нарушениям основополагающих прав и свобод человека, прав и свобод граждан Российской Федерации»",21.10.2022,,https://t.me/semyon_kochkin; https://vk.com/semyonkochkin; https://www.youtube.com/@SemyonKochkin; https://x.com/SemyonKochkin; https://www.facebook.com/SemyonKochkin/; https://www.instagram.com/semyon_kochkin/,Физические лица,,213009025198,,159-949-103 26,21.09.1993,,,,40817810975008257706,Чувашское отделение №8613 ПАО Сбербанк,049706609,30101810300000000609,01.03.2025,
458,Босов Катерина Евгеньевна,"Статья 2.1 Федерального закона от 28.12.2012 № 272-ФЗ «О мерах воздействия на лиц, причастных к нарушениям основополагающих прав и свобод человека, прав и свобод граждан Российской Федерации»",21.10.2022,,,Физические лица,,774335618142,,148-703-922 83,23.02.1989,,,,40817810538115400454,Московский банк ПАО Сбербанк,044525225,30101810400000000225,01.03.2025,
457,Зыгарь Михаил Викторович,Статья 6 Закона Российской Федерации от 27.12.1991 № 2124-1 «О средствах массовой информации»,21.10.2022,,https://www.instagram.com/zygaro/; https://www.youtube.com/@zygaro; https://www.youtube.com/@mikhail_zygar; https://t.me/zygarro; https://vk.com/zygaro; https://dzen.ru/mikhail_zygar; https://www.threads.com/@zygaro,Физические лица,,771542671212,,040-304-033 75,31.01.1981,,,,40817810438045100131,Московский банк ПАО Сбербанк,044525225,30101810400000000225,01.03.2025,
456,Общество с ограниченной ответственностью «Иновещание»,Статья 25.1 Закона Российской Федерации от 27.12.1991 № 2124-1 «О средствах массовой информации»,20.10.2022,,,Юридические лица,,9728074043,1227700591579,,,,,,40702810538000000236,"ПАО ""Сбербанк"" 117312, Москва, ул. Вавилова, 19",044525225,30101810400000000225,01.03.2025,
455,Ярмыш Кира Александровна,"Статья 2.1 Федерального закона от 28.12.2012 № 272-ФЗ «О мерах воздействия на лиц, причастных к нарушениям основополагающих прав и свобод человека, прав и свобод граждан Российской Федерации»",14.10.2022,,https://x.com/kira_yarmysh; https://www.facebook.com/kira.yarmysh; https://www.instagram.com/kira_yarmysh/; https://t.me/Kira_whattoread; https://vk.com/kira.yarmysh; https://www.youtube.com/@Kira_Yarmysh; https://vk.com/id611233426; https://www.patreon.com/Kira_whattoread,Физические лица,,616899244670,,133-104-952 14,11.10.1989,,,,40817810138045100130,Московский банк ПАО Сбербанк,044525225,30101810400000000225,01.03.2025,
454,Низовцев Дмитрий Александрович,"Статья 2.1 Федерального закона от 28.12.2012 № 272-ФЗ «О мерах воздействия на лиц, причастных к нарушениям основополагающих прав и свобод человека, прав и свобод граждан Российской Федерации»",14.10.2022,,https://www.youtube.com/@Dmitry_Nizovtsev; https://x.com/zimbru_khv; https://x.com/ko_snu; https://t.me/Nizovtsev; https://www.instagram.com/truenizovtsev/; https://www.facebook.com/dmitry.nizovtsev,Физические лица,,272401397565,,154-972-899 23,19.04.1987,,,,40817810370003796145,Головное отделение Дальневосточного банка №9070 ПАО Сбербанк,040813608,30101810600000000608,01.03.2025,
453,«Молодежное демократическое движение «Весна»,Статья 29.1 Федерального закона от 19.05.1995 № 82-ФЗ «Об общественных объединениях»,14.10.2022,,https://vesna.democrat/; http://spb-vesna.ru/; https://vk.com/spb_vesna; https://www.facebook.com/vesna.democrat; https://www.facebook.com/spbvesna/; https://teletype.in/@vesna_democrat; https://twitter.com/vesna_democrat?fbclid=IwAR23vOMRYmzDTb4C5W5Lu3gI4-D-BekkQsy9GIekS4xhvdRPO2GvmpII3Xw; https://twitter.com/spb_vesna?fbclid=IwAR3_yKlPR184mPcUYJ0CKixveALmSM8pVroH41vLkIOP44HYGgUDtNQZgcM; https://t.me/nowarmetro; https://t.me/vesna_democrat; https://t.me/spb_vesna; https://www.instagram.com/spb_vesna/?fbclid= IwAR0wKiMGqMuoukBrkceB7yHfwBF8CO-ns8SaAdUX-igg7wzuem zCWfLxE JA; https://www.instagram.com/vesna_democrat/ ?fbclid=IwAR15bpzRz55sYNyzpeEVgcNQ1WKpGl8symlEewetl69wBtBX7zX7fJFCpFo; https://www.youtube.com/c/%D0%94%D0%B2%D0%B8%D0%B6%D0%B5%D0%BD%D0%B8%D0%B5%D0%92%D0%B5%D1%81%D0%BD%D0%B0/; https://www.patreon.com/vesna_democrat,"Общественные объединения, действующие без образования юридического лица",,,,,,"[Гончарова Екатерина, Затеев Евгений, Хорошенин Валентин, Кашеваров Александр, Бушкова Екатерина, Максимов Роман, Дроботов Иван, Рощупко Ангелина, Васькин Тимофей, Ксенжепольский Ян, Литвин Богдан, Гяммер Лев]",,,,,,,,
452,Харатьян Кирилл Евгеньевич,Статья 6 Закона Российской Федерации от 27.12.1991 № 2124-1 «О средствах массовой информации»,14.10.2022,,,Физические лица,,770371470857,,006-050-093 88,29.08.1964,,,,40817810238115400453,Московский банк ПАО Сбербанк,044525225,30101810400000000225,01.03.2025,
451,Дзядко Тихон Викторович,"Статья 2.1 Федерального закона от 28.12.2012 № 272-ФЗ «О мерах воздействия на лиц, причастных к нарушениям основополагающих прав и свобод человека, прав и свобод граждан Российской Федерации»",14.10.2022,,https://www.instagram.com/tikhondzyadko/; https://t.me/tdzyadko; https://www.youtube.com/@tdzyadko,Физические лица,,770701129408,,127-946-685 09,23.06.1987,,,,40817810738045100129,Московский банк ПАО Сбербанк,044525225,30101810400000000225,01.03.2025,
450,Телегина Наталия Геннадьевна,Статья 6 Закона Российской Федерации от 27.12.1991 № 2124-1 «О средствах массовой информации»,14.10.2022,,https://www.facebook.com/natalya.telegina/,Физические лица,,701717935489,,137-253-041 39,16.12.1983,,,,40817810664003122887,Томское отделение №8616 ПАО Сбербанк,046902606,30101810800000000606,01.03.2025,
449,Рувинский Владимир Владимирович,Статья 6 Закона Российской Федерации от 27.12.1991 № 2124-1 «О средствах массовой информации»,14.10.2022,,,Физические лица,,511201439745,,129-284-299 88,12.02.1977,,,,40817810438068879685,Московский банк ПАО Сбербанк,044525225,30101810400000000225,08.04.2025,
448,Куцылло Вероника Иосифовна,Статья 6 Закона Российской Федерации от 27.12.1991 № 2124-1 «О средствах массовой информации»,14.10.2022,,https://www.facebook.com/vkoutsyllo,Физические лица,,770100144264,,006-894-934 87,24.07.1967,,,,40817810038700402192,Московский банк ПАО Сбербанк,044525225,30101810400000000225,01.03.2025,
447,Жадаев Иван Алексеевич,Статья 6 Закона Российской Федерации от 27.12.1991 № 2124-1 «О средствах массовой информации»,14.10.2022,,,Физические лица,,972701364506,,170-968-129 96,16.08.1990,,,,40817810338068815561,Московский банк ПАО Сбербанк,044525225,30101810400000000225,01.03.2025,
446,Долин Антон Владимирович,Статья 6 Закона Российской Федерации от 27.12.1991 № 2124-1 «О средствах массовой информации»,14.10.2022,,https://t.me/anton_dolin; https://www.youtube.com/@radiodolin; https://www.instagram.com/critic_dolin/; https://vk.com/club23128261; https://www.facebook.com/adolin3; https://boosty.to/critic_dolin,Физические лица,,771003243102,,110-313-113 60,23.01.1976,,,,40817810438045100128,Московский банк ПАО Сбербанк,044525225,30101810400000000225,01.03.2025,
445,Общество с ограниченной ответственностью «Вольные люди»,Статья 25.1 Закона Российской Федерации от 27.12.1991 № 2124-1 «О средствах массовой информации»,12.10.2022,07.03.2025,,Юридические лица,,9710103409,1227700605648,,,,,,,,,,,
444,Ясавеев Искэндэр Габдрахманович,Статья 6 Закона Российской Федерации от 27.12.1991 № 2124-1 «О средствах массовой информации»,07.10.2022,,https://www.facebook.com/yasaveyev; https://vk.com/yasaveyev,Физические лица,,165808079001,,031-391-320 10,21.09.1971,,,,40817810062490027086,Банк Татарстан отделение №8610 ПАО Сбербанк,049205603,30101810600000000603,01.03.2025,
443,"Федоров Мирон Янович ""Oxxxymiron (Оксимирон)""","Статья 2.1 Федерального закона от 28.12.2012 № 272-ФЗ «О мерах воздействия на лиц, причастных к нарушениям основополагающих прав и свобод человека, прав и свобод граждан Российской Федерации»",07.10.2022,,https://vk.com/oxxxymiron; https://vk.com/norimyxxxo; https://www.youtube.com/@oxxxymironofficial; https://t.me/norimyxxxo; https://www.tiktok.com/@oxxxymiron; https://www.facebook.com/miron.official; https://www.oxxxymiron.com/; https://www.instagram.com/norimyxxxo/; https://x.com/norimyxxxo,Физические лица,,780255753385,,175-830-972 04,31.01.1985,,,,,,,,,
442,Сторожева Ирина Владимировна,"Статья 2.1 Федерального закона от 28.12.2012 № 272-ФЗ «О мерах воздействия на лиц, причастных к нарушениям основополагающих прав и свобод человека, прав и свобод граждан Российской Федерации»",07.10.2022,,,Физические лица,,790101111666,,028-382-872 77,23.11.1972,,,,40817810070003796144,Головное отделение Дальневосточного банка №9070 ПАО Сбербанк,040813608,30101810600000000608,01.03.2025,
441,Попова Алена Владимировна,"Статья 2.1 Федерального закона от 28.12.2012 № 272-ФЗ «О мерах воздействия на лиц, причастных к нарушениям основополагающих прав и свобод человека, прав и свобод граждан Российской Федерации»",07.10.2022,,http://alenapopova.ru/; https://vk.com/avpopova; https://www.youtube.com/@alyonapopova; https://www.tiktok.com/@alenapopova_tt; https://www.instagram.com/alenapopova; https://t.me/alenapopova; https://www.facebook.com/popova.alyona; https://x.com/alyonapopova,Физические лица,,667109253776,,078-936-447 30,15.02.1983,,,,40817810716473848224,Свердловское отделение №7003 ПАО Сбербанк,046577674,30101810500000000674,08.04.2025,
440,"""Ресурсный центр для ЛГБТ""",Статья 29.1 Федерального закона от 19.05.1995 № 82-ФЗ «Об общественных объединениях»,07.10.2022,,"www.center-r.com;
http://rescenter-ekb.tilda.ws/;
https://vk.com/centerekb;
https://twitter.com/LGBTKekb;
https://t.me/Lupta_Space;
https://t.me/LuptaTeam;
https://www.instagram.com/lupta_team/","Общественные объединения, действующие без образования юридического лица",,,,,,[Пастухов Арсений Александрович],"620075, г. Екатеринбург, ул. Тургенева, 13, лит. Д, 6 этаж (помещения №№ 20, 21)
",,,,,,,
439,Глуховский Дмитрий Алексеевич,Статья 6 Закона Российской Федерации от 27.12.1991 № 2124-1 «О средствах массовой информации»,07.10.2022,,http://www.glukhovsky.ru; https://vk.com/dg; https://vk.com/dg.works; https://t.me/dg_cast; https://www.youtube.com/@dmitry_glukhovsky/; https://instagram.com/glukhovsky; https://www.facebook.com/glukhovskybooks; https://www.facebook.com/dmitry.glukhovsky; https://x.com/glukhovsky; https://ok.ru/dmitrygluhovsky; https://www.threads.com/@glukhovsky,Физические лица,,771701884385,,138-740-805 79,12.06.1979,,,,40817810138046486837,Московский банк ПАО Сбербанк,044525225,30101810400000000225,08.04.2025,
438,Балтатарова Евгения Семеновна,Статья 6 Закона Российской Федерации от 27.12.1991 № 2124-1 «О средствах массовой информации»,07.10.2022,,https://boosty.to/baltatarova; https://vk.com/baltatarova83; https://www.youtube.com/@belayayurta; https://t.me/babayagaprotiv03; https://www.facebook.com/b.j.stubborn;,Физические лица,,031303272357,,080-224-626 29,26.03.1983,,,,40817810809167323778,Бурятское отделение №8601 ПАО Сбербанк,048142604,30101810400000000604,01.03.2025,
437,Литвин Богдан Геннадьевич,"Статья 2.1 Федерального закона от 28.12.2012 № 272-ФЗ «О мерах воздействия на лиц, причастных к нарушениям основополагающих прав и свобод человека, прав и свобод граждан Российской Федерации»",06.10.2022,,https://vk.com/osmiypanda; https://www.youtube.com/@LitvinBogdan; https://t.me/boggywriter; https://www.facebook.com/bogdanlitvin; https://www.instagram.com/osmiypanda;  https://x.com/OsmiyPanda,Физические лица,,781902009109,,150-389-313 56,14.05.1994,,,,40817810755192256522,Головное отделение Северо-Западного банка №9055 ПАО Сбербанк,044030653,30101810500000000653,01.03.2025,
436,Мартыненко Тимофей Сергеевич,"Статья 2.1 Федерального закона от 28.12.2012 № 272-ФЗ «О мерах воздействия на лиц, причастных к нарушениям основополагающих прав и свобод человека, прав и свобод граждан Российской Федерации»",06.10.2022,,https://vk.com/timoteush; https://ok.ru/profile/579538497452; https://www.instagram.com/timoteushm/; https://www.facebook.com/timoteushm; https://x.com/timoteushm,Физические лица,,,,183-979-587 55,06.02.1996,,,,40817810952223171953,Ростовское отделение №5221 ПАО Сбербанк,046015602,30101810600000000602,01.03.2025,
435,Цимбалюк Роман Владимирович,"Статья 2.1 Федерального закона от 28.12.2012 № 272-ФЗ «О мерах воздействия на лиц, причастных к нарушениям основополагающих прав и свобод человека, прав и свобод граждан Российской Федерации»",23.09.2022,,https://x.com/RomanTS1980; https://www.facebook.com/RomanTsymbaliuk; https://t.me/RomaTsymbaliuk; https://www.youtube.com/@RomanTsymbaliuk,Физические лица,,,,,26.09.1980,,,,,,,,,
434,Кушнарь Александр Александрович,"Статья 2.1 Федерального закона от 28.12.2012 № 272-ФЗ «О мерах воздействия на лиц, причастных к нарушениям основополагающих прав и свобод человека, прав и свобод граждан Российской Федерации»",23.09.2022,,https://x.com/aleksandrkush11; https://t.me/Kushnar_media; https://www.facebook.com/aleksandrkushnar,Физические лица,,272513511692,,123-107-882 21,09.06.1985,,,,40817810770003796143,Головное отделение Дальневосточного банка №9070 ПАО Сбербанк,040813608,30101810600000000608,01.03.2025,
433,Кен Даниил Олегович,"Статья 2.1 Федерального закона от 28.12.2012 № 272-ФЗ «О мерах воздействия на лиц, причастных к нарушениям основополагающих прав и свобод человека, прав и свобод граждан Российской Федерации»",23.09.2022,,https://vk.com/daniilken; https://www.instagram.com/danyaken/; https://www.facebook.com/daniel.ken.526; https://x.com/daniilken,Физические лица,,780254155350,,158-398-139 16,20.04.1988,,,,40817810455192256521,Головное отделение Северо-Западного банка №9055 ПАО Сбербанк,044030653,30101810500000000653,01.03.2025,
432,Иванов Дмитрий Сергеевич,"Статья 2.1 Федерального закона от 28.12.2012 № 272-ФЗ «О мерах воздействия на лиц, причастных к нарушениям основополагающих прав и свобод человека, прав и свобод граждан Российской Федерации»",23.09.2022,,https://t.me/kamikadzedeadnews; https://www.tiktok.com/@kamikadzedead_rus; https://vk.com/satyrabezsortyra; https://vk.com/kamikadzedead; https://x.com/kamikadze_d; https://www.twitch.tv/kamikadzeplay; https://www.patreon.com/kamikadzedead; https://kick.com/kamikadzedead-news,Физические лица,,773124200869,,143-157-559 54,16.08.1986,,,,40817810138045100127,Московский банк ПАО Сбербанк,044525225,30101810400000000225,01.03.2025,
431,Галкин Максим Александрович,"Статья 2.1 Федерального закона от 28.12.2012 № 272-ФЗ «О мерах воздействия на лиц, причастных к нарушениям основополагающих прав и свобод человека, прав и свобод граждан Российской Федерации»",16.09.2022,,http://www.maxgalkin.ru/; https://maximgalkin.com/; https://t.me/maximgalkinru; https://www.youtube.com/@user-np1kk8bb6l; https://x.com/MaxGalkinRU; https://vk.com/maxgalkinru; https://www.instagram.com/maxgalkinru/,Физические лица,,772740729106,,080-329-278 55,18.06.1976,,,,40817810838045100126,Московский банк ПАО Сбербанк,044525225,30101810400000000225,01.03.2025,
430,Шукаева Елена Викторовна,Статья 6 Закона Российской Федерации от 27.12.1991 № 2124-1 «О средствах массовой информации»,09.09.2022,,https://ok.ru/profile/559658818733; https://www.facebook.com/shukln; https://x.com/lensha68; https://lensha68.livejournal.com/; https://www.instagram.com/shukaevae/,Физические лица,,667105569948,,017-447-025 37,23.09.1968,,,,40817810216473732429,Свердловское отделение №7003 ПАО Сбербанк,046577674,30101810500000000674,01.03.2025,
429,Эйдельман Тамара Натановна,"Статья 2.1 Федерального закона от 28.12.2012 № 272-ФЗ «О мерах воздействия на лиц, причастных к нарушениям основополагающих прав и свобод человека, прав и свобод граждан Российской Федерации»",09.09.2022,,https://eidelman.ru/; https://dzen.ru/tamaraeidelman; https://t.me/eidelman; https://www.youtube.com/@TamaraEidelmanHistory; https://www.facebook.com/tamara.eidelman; https://vk.com/eidelmantn; https://x.com/tamaraeidelman; https://www.instagram.com/tamaraeidelman/; https://www.patreon.com/eidelman; https://boosty.to/eidelman; https://www.tiktok.com/@tamaraeidelmanhistory,Физические лица,,773000408769,,021-248-082 04,15.12.1958,,,,40817810938115400452,Московский банк ПАО Сбербанк,044525225,30101810400000000225,01.03.2025,
428,Наки Майкл Сидней,"Статья 2.1 Федерального закона от 28.12.2012 № 272-ФЗ «О мерах воздействия на лиц, причастных к нарушениям основополагающих прав и свобод человека, прав и свобод граждан Российской Федерации»",09.09.2022,,https://x.com/michaelnacke; https://www.instagram.com/macknack; https://www.youtube.com/@MackNack; https://vk.com/macknack; https://t.me/Nackepelo; https://www.patreon.com/macknack,Физические лица,,,,160-891-578 90,25.12.1993,,,,40817810538263045693,Московский банк ПАО Сбербанк,044525225,30101810400000000225,01.03.2025,
427,Соловей Валерий Дмитриевич,Статья 6 Закона Российской Федерации от 27.12.1991 № 2124-1 «О средствах массовой информации»,09.09.2022,,"https://vk.com/id244477574; https://www.youtube.com/channel/UCtENsC_MhelLOW267K7aPfg; https://www.instagram.com/valery.solovei/; https://www.youtube.com/@bonus_professor; https://vk.com/club195464967; https://t.me/VDSolovey, ID -1001614399888; https://t.me/solovey2, ID -1001220145007; https://x.com/V_Solovey; https://www.facebook.com/100007811864378",Физические лица,,772818579988,,001-772-239 12,19.08.1960,,,,40817810638115400451,Московский банк ПАО Сбербанк,044525225,30101810400000000225,01.03.2025,
426,Латынина Юлия Леонидовна,"Статья 2.1 Федерального закона от 28.12.2012 № 272-ФЗ «О мерах воздействия на лиц, причастных к нарушениям основополагающих прав и свобод человека, прав и свобод граждан Российской Федерации»",09.09.2022,,http://www.latynina.tv; https://t.me/Ylatynina; https://www.instagram.com/latynina.tv/; https://www.youtube.com/@yulialatynina71; https://x.com/Ylatynina; https://www.facebook.com/Julia.Latynina; https://boosty.to/latyninatv; https://www.patreon.com/latyninatv,Физические лица,,770303330820,,023-720-641 15,16.06.1966,,,,40817810338115400450,Московский банк ПАО Сбербанк,044525225,30101810400000000225,01.03.2025,
425,Общество с ограниченной ответственностью «Время колокольчиков»,Статья 25.1 Закона Российской Федерации от 27.12.1991 № 2124-1 «О средствах массовой информации»,09.09.2022,18.10.2024,,Юридические лица,,7730285584,1227700522774,,,,,,,,,,,
424,Афанасьев Андрей Андреевич,Статья 6 Закона Российской Федерации от 27.12.1991 № 2124-1 «О средствах массовой информации»,09.09.2022,,https://www.instagram.com/ander_corr/,Физические лица,,281001980230,,149-793-584 36,01.06.1993,,,,40817810103003329572,Благовещенское отделение №8636 ПАО Сбербанк,040813608,30101810600000000608,01.03.2025,
423,Макаревич Андрей Вадимович,"Статья 2.1 Федерального закона от 28.12.2012 № 272-ФЗ «О мерах воздействия на лиц, причастных к нарушениям основополагающих прав и свобод человека, прав и свобод граждан Российской Федерации»",02.09.2022,,https://t.me/andrey_makarevich; https://www.facebook.com/makarevichav; https://www.instagram.com/makarevich_andrey_official/; https://www.youtube.com/@andreymakarevich; https://vk.com/andreymakarevich; https://www.andreymakarevich.com,Физические лица,,772500287750,,001-705-374 96,11.12.1953,,,,40817810238263045692,Московский банк ПАО Сбербанк,044525225,30101810400000000225,01.03.2025,
422,Шац Михаил Григорьевич,Статья 6 Закона Российской Федерации от 27.12.1991 № 2124-1 «О средствах массовой информации»,02.09.2022,,https://dzen.ru/mikhailshats; https://shats.net/; https://www.youtube.com/@MICHAIL_SHATS; https://www.instagram.com/mikhailshats/; https://www.facebook.com/profile.php?id=100000260765712; https://x.com/mishats; https://www.tiktok.com/@mikhail.shats; https://boosty.to/shats,Физические лица,,782513559920,,023-214-779 13,07.06.1965,,,,40817810938263045691,Московский банк ПАО Сбербанк,044525225,30101810400000000225,01.03.2025,
421,Зимин Борис Дмитриевич,"Статья 2.1 Федерального закона от 28.12.2012 № 272-ФЗ «О мерах воздействия на лиц, причастных к нарушениям основополагающих прав и свобод человека, прав и свобод граждан Российской Федерации»",02.09.2022,,https://www.ziminfoundation.org/; https://t.me/ziminfoundation; https://ok.ru/profile/764407169; https://www.facebook.com/boris.zimin.3; https://www.instagram.com/boris.zimin/; https://x.com/bzimin,Физические лица,,774305900208,,004-484-117 19,24.11.1968,,,,40817810100027037013,Московский банк ПАО Сбербанк,044525225,30101810400000000225,01.03.2025,
420,Федоров Кирилл Владимирович,Статья 6 Закона Российской Федерации от 27.12.1991 № 2124-1 «О средствах массовой информации»,02.09.2022,,"https://vk.com/id30398887; https://www.facebook.com/100004567444911; https://t.me/dionis_daily, ID -1002365882798; https://www.instagram.com/kir2012piter",Физические лица,,721505012379,,146-166-472 70,02.03.1992,,,,40817810455192256518,Головное отделение Северо-Западного банка №9055 ПАО Сбербанк,044030653,30101810500000000653,01.03.2025,
419,Жданов Иван Юрьевич,"Статья 2.1 Федерального закона от 28.12.2012 № 272-ФЗ «О мерах воздействия на лиц, причастных к нарушениям основополагающих прав и свобод человека, прав и свобод граждан Российской Федерации»",02.09.2022,,https://izhdanov.ru/; https://t.me/ioannZH; https://www.youtube.com/@ioannzh/; https://vk.com/ioannzh; https://t.me/zhdanovlive; https://www.instagram.com/ioannzh/; https://x.com/IoannZH; https://www.facebook.com/zhdanovivan,Физические лица,,772611292925,,161-598-307 86,17.08.1988,,,,40817810038068815560,Московский банк ПАО Сбербанк,044525225,30101810400000000225,01.03.2025,
418,Гордон Дмитрий Ильич,"Статья 2.1 Федерального закона от 28.12.2012 № 272-ФЗ «О мерах воздействия на лиц, причастных к нарушениям основополагающих прав и свобод человека, прав и свобод граждан Российской Федерации»",02.09.2022,,https://gordonua.com/; https://www.youtube.com/@Gordonua; https://t.me/dmytrogordon_official; https://www.youtube.com/@DmytriyGordon; https://t.me/gordonuacom; https://www.facebook.com/gordondmitry; https://x.com/dmitry_gordon; https://www.instagram.com/gordondmytro/; https://www.tiktok.com/@gordondmytro; https://www.facebook.com/gordonuacom; https://x.com/Gordonuacom; https://gordonacademia.com/,Физические лица,,,,,21.10.1967,,,,,,,,,
417,Гордеева Катерина Владимировна,"Статья 2.1 Федерального закона от 28.12.2012 № 272-ФЗ «О мерах воздействия на лиц, причастных к нарушениям основополагающих прав и свобод человека, прав и свобод граждан Российской Федерации»",02.09.2022,,https://www.youtube.com/@skazhigordeevoy; https://t.me/skazhigordeevoy; https://vk.com/skazhigordeevoy; https://www.instagram.com/catherinagordeeva/; https://x.com/skazhigordeevoy; https://www.tiktok.com/@skazhigordeevoy; https://boosty.to/skazhigordeevoy,Физические лица,,774309644065,,046-475-786 95,23.03.1977,,,,40817810538045100125,Московский банк ПАО Сбербанк,044525225,30101810400000000225,01.03.2025,
416,Общество с ограниченной ответственностью «Новости»,Статья 6 Закона Российской Федерации от 27.12.1991 № 2124-1 «О средствах массовой информации»,02.09.2022,10.11.2023,,Юридические лица,,2460206389,1082468012956,,,,,,,,,,,
415,Крашенинников Федор Геннадиевич,"Статья 2.1 Федерального закона от 28.12.2012 № 272-ФЗ «О мерах воздействия на лиц, причастных к нарушениям основополагающих прав и свобод человека, прав и свобод граждан Российской Федерации»",02.09.2022,,https://www.youtube.com/@FedorKrasheninnikov; https://t.me/fyodork; https://x.com/Fyodorrrrr; https://www.facebook.com/fyodorkrasheninnikov; https://www.instagram.com/fedor_krasheninnikov/; https://www.linkedin.com/in/fyodor-krasheninnikov-470a5727/; https://boosty.to/fedorkrasheninnikov; https://www.tiktok.com/@fedor_krasheninnikov; https://linktr.ee/fedorkrasheninnikov; https://bsky.app/profile/kfedor.bsky.social,Физические лица,,668500789248,,066-890-681 16,16.07.1976,,,,,,,,,
414,Медведев Сергей Александрович,Статья 6 Закона Российской Федерации от 27.12.1991 № 2124-1 «О средствах массовой информации»,02.09.2022,,https://dzen.ru/sergei_medvedev; https://t.me/SergeiMedvedevPublic; https://www.facebook.com/sergei.medvedev3; https://www.instagram.com/sergei.medvedev3/,Физические лица,,773006742625,,130-329-245 15,20.12.1966,,,,40817810438068893920,Московский банк ПАО Сбербанк,044525225,30101810400000000225,17.04.2025,
413,Мартынов Кирилл Константинович,Статья 6 Закона Российской Федерации от 27.12.1991 № 2124-1 «О средствах массовой информации»,02.09.2022,,https://vk.com/public206018542; https://t.me/parrhesiapop; https://vk.com/kmartynov; https://x.com/kmartynov; https://www.facebook.com/kmartynov; https://www.instagram.com/kmartynov/,Физические лица,,770101424747,,042-790-950 69,25.04.1981,,,,40817810538115479456,Московский банк ПАО Сбербанк,044525225,30101810400000000225,08.04.2025,
412,Лойко Сергей Леонидович,Статья 6 Закона Российской Федерации от 27.12.1991 № 2124-1 «О средствах массовой информации»,02.09.2022,,https://www.instagram.com/sergei.l.loiko; https://www.youtube.com/@sergeiloiko6905/; https://x.com/SLLoiko; https://www.facebook.com/profile.php?id=61552570530820,Физические лица,,771465112009,,001-284-497 11,26.02.1953,,,,40817810238045100124,Московский банк ПАО Сбербанк,044525225,30101810400000000225,01.03.2025,
411,Галямина Юлия Евгеньевна,Статья 6 Закона Российской Федерации от 27.12.1991 № 2124-1 «О средствах массовой информации»,02.09.2022,,https://www.youtube.com/@galiamina_; https://ok.ru/galiamina; https://vk.com/galiamina; https://www.tiktok.com/@galiamina; https://www.instagram.com/jugaliamina; https://t.me/galyamina; https://x.com/galiamina; https://www.facebook.com/Iuliia.Galiamina/,Физические лица,,771306023000,,023-009-112 80,23.01.1973,,,,40817810938115400449,Московский банк ПАО Сбербанк,044525225,30101810400000000225,01.03.2025,
410,Быков Дмитрий Львович,Статья 6 Закона Российской Федерации от 27.12.1991 № 2124-1 «О средствах массовой информации»,29.07.2022,,https://dzen.ru/zhzl_bykov; https://www.youtube.com/@literatura_bykov; https://www.instagram.com/dmi_bykov/; https://www.facebook.com/BykovDmitriyLvovich/; https://x.com/dmitryibykov; https://www.youtube.com/@literatura_bykov; https://t.me/dmibykov; https://vk.com/dlbykov,Физические лица,,772900392206,,001-900-114 70,20.12.1967,,,,40817810638115400448,Московский банк ПАО Сбербанк,044525225,30101810400000000225,01.03.2025,
409,Альбац Евгения Марковна,Статья 6 Закона Российской Федерации от 27.12.1991 № 2124-1 «О средствах массовой информации»,29.07.2022,,https://www.youtube.com/@YevgeniaAlbats2024; https://www.facebook.com/yevgenia.albats; https://x.com/albats; https://www.instagram.com/ymalbats/; https://boosty.to/albats,Физические лица,,771000124876,,071-397-486 87,05.09.1958,,,,40817810938045100123,Московский банк ПАО Сбербанк,044525225,30101810400000000225,01.03.2025,
408,Алешковский Дмитрий Петрович,Статья 6 Закона Российской Федерации от 27.12.1991 № 2124-1 «О средствах массовой информации»,29.07.2022,,https://vk.com/aleshkovskiy; https://www.facebook.com/mitya.aleshkovskiy; https://x.com/aleshru,Физические лица,,773002412440,,134-005-315 97,04.03.1985,,,,40817810638263045690,Московский банк ПАО Сбербанк,044525225,30101810400000000225,01.03.2025,
407,Общество с ограниченной ответственностью «Иноагент ААВ»,Статья 25.1 Закона Российской Федерации от 27.12.1991 № 2124-1 «О средствах массовой информации»,27.07.2022,,,Юридические лица,,9728066187,1227700350624,,,,,,40702810438000000064,"ПАО ""Сбербанк"" 117312, Москва, ул. Вавилова, 19",044525225,30101810400000000225,01.03.2025,
406,Яшин Илья Валерьевич,"Статья 2.1 Федерального закона от 28.12.2012 № 272-ФЗ «О мерах воздействия на лиц, причастных к нарушениям основополагающих прав и свобод человека, прав и свобод граждан Российской Федерации»",22.07.2022,,https://www.youtube.com/c/ИльяЯшин1983; https://t.me/yashin_russia; https://dzen.ru/ilyayashin; https://yashin.livejournal.com/; https://vk.com/ilya_yashin; https://www.instagram.com/ilya_yashin/; https://twitter.com/ilyayashin; https://www.facebook.com/yashin.ilya; https://www.threads.com/@ilya_yashin,Физические лица,,773379596663,,152-496-647 88,29.06.1983,,,,40817810738700402191,Московский банк ПАО Сбербанк,044525225,30101810400000000225,01.03.2025,
405,Шаведдинов Руслан Табризович,"Статья 2.1 Федерального закона от 28.12.2012 № 272-ФЗ «О мерах воздействия на лиц, причастных к нарушениям основополагающих прав и свобод человека, прав и свобод граждан Российской Федерации»",22.07.2022,,https://vk.com/shaveddinov; https://www.youtube.com/@shaveddinov; https://www.instagram.com/rshaveddinov/; https://x.com/rshaveddinov; https://www.threads.net/@rshaveddinov,Физические лица,,,,180-653-425 66,22.07.1996,,,,40817810140109198830,Головное отделение Среднерусского банка №9040 ПАО Сбербанк,044525225,30101810400000000225,01.03.2025,
404,Лазарева Татьяна Юрьевна,"Статья 2.1 Федерального закона от 28.12.2012 № 272-ФЗ «О мерах воздействия на лиц, причастных к нарушениям основополагающих прав и свобод человека, прав и свобод граждан Российской Федерации»",22.07.2022,,https://www.youtube.com/@lazarevatut; https://lazareva-tatka.livejournal.com/; https://www.instagram.com/lazarevatut/; https://www.tiktok.com/@lazarevatut; https://t.me/lazarevatut; https://t.me/Lazareva_tanya; https://t.me/lazarevaforever; https://www.facebook.com/profile.php?id=100000829686292,Физические лица,,540814851592,,050-948-125 57,21.07.1966,,,,40817810238263045689,Московский банк ПАО Сбербанк,044525225,30101810400000000225,01.03.2025,
403,Кац Максим Евгеньевич,"Статья 2.1 Федерального закона от 28.12.2012 № 272-ФЗ «О мерах воздействия на лиц, причастных к нарушениям основополагающих прав и свобод человека, прав и свобод граждан Российской Федерации»",22.07.2022,,https://ok.ru/profile/590726378252; https://www.youtube.com/@Max_Katz; https://t.me/maximkatz; https://x.com/max_katz; https://vk.com/maxkatz; http://maxkatz.ru/; https://maxkatz.livejournal.com/; https://katz.buzzsprout.com/; https://www.tiktok.com/@maxim_katz; https://www.instagram.com/maxim_katz/; https://www.facebook.com/katz.max; https://vk.com/maximkatz; https://boosty.to/max_katz; https://www.the-treasurer.com/,Физические лица,,773471612660,,126-475-949 89,23.12.1984,,,,,,,,,
402,Белоцерковская Вероника Борисовна,"Статья 2.1 Федерального закона от 28.12.2012 № 272-ФЗ «О мерах воздействия на лиц, причастных к нарушениям основополагающих прав и свобод человека, прав и свобод граждан Российской Федерации»",22.07.2022,,https://belonika.ru/; https://www.youtube.com/@belonika3981; https://t.me/nikabelonika; https://www.instagram.com/belonika/; https://www.facebook.com/Belonika.kva; https://www.threads.net/@belonika,Физические лица,,781300028016,,069-050-081 52,25.06.1970,,,,40817810038068998908,Московский банк ПАО Сбербанк,044525225,30101810400000000225,04.07.2025,
401,Общество с ограниченной ответственностью «Вертолет и ко»,Статья 25.1 Закона Российской Федерации от 27.12.1991 № 2124-1 «О средствах массовой информации»,15.07.2022,,,Юридические лица,,9703092918,1227700348149,,,,,,40702810538000000320,"ПАО ""Сбербанк"" 117312, Москва, ул. Вавилова, 19",044525225,30101810400000000225,01.03.2025,
400,Общество с ограниченной ответственностью «Первый научный»,Статья 25.1 Закона Российской Федерации от 27.12.1991 № 2124-1 «О средствах массовой информации»,20.06.2022,,,Юридические лица,,7714485642,1227700281709,,,,,,40702810038000000118,"ПАО ""Сбербанк"" 117312, Москва, ул. Вавилова, 19",044525225,30101810400000000225,01.03.2025,
399,Команда против пыток (Комитет против пыток),Статья 29.1 Федерального закона от 19.05.1995 № 82-ФЗ «Об общественных объединениях»,10.06.2022,,"https://pytkam.net;
https://vk.com/no_torture;
https://twitter.com/pytkam_net;
https://t.me/s/no_torture;
https://www.youtube.com/@no_torture;
https://dzen.ru/no_torture","Общественные объединения, действующие без образования юридического лица",,,,,,"[Бабинец Сергей Сергеевич, Садовская Ольга Александровна, Курекина Наталья Владимировна, Шадрунова Вера Ивановна, Диогидзе Кристина Тамазовна, Мударисова Альбина Наилевна, Ванслова Екатерина Михайловна, Иванов Георгий Сергеевич, Романов Сергей Тимофеевич, Федотова Юлия Евгеньевна]","603105, г. Нижний Новгород, ул. Ошарская, д. 96 ""Б""
",,,,,,,
398,Чичваркин Евгений Александрович,"Статья 2.1 Федерального закона от 28.12.2012 № 272-ФЗ «О мерах воздействия на лиц, причастных к нарушениям основополагающих прав и свобод человека, прав и свобод граждан Российской Федерации»",03.06.2022,,https://t.me/chichvarkin; https://t.me/EvgenyChichvarkin; https://www.youtube.com/@totsamychichvarkin; https://www.instagram.com/tot_samy_chichvarkin/; https://www.facebook.com/profile.php?id=100007235320406; https://x.com/chich_8; https://vk.com/id15684712,Физические лица,,773002559604,,027-552-682 63,10.09.1974,,,,40817810338115400447,Московский банк ПАО Сбербанк,044525225,30101810400000000225,01.03.2025,
397,Цветкова Юлия Владимировна,Статья 6 Закона Российской Федерации от 27.12.1991 № 2124-1 «О средствах массовой информации»,03.06.2022,,https://t.me/brokenTSVET; https://vk.com/julieflower; https://www.instagram.com/yuljatsvet; https://t.me/jTSVET; https://t.me/tsvet_free,Физические лица,,270395530981,,128-343-637 61,23.05.1993,,,,40817810470003796142,Головное отделение Дальневосточного банка №9070 ПАО Сбербанк,040813608,30101810600000000608,01.03.2025,
396,Соколов Михаил Владимирович,Статья 6 Закона Российской Федерации от 27.12.1991 № 2124-1 «О средствах массовой информации»,03.06.2022,,https://vk.com/id79312100; https://www.facebook.com/mikhail.sokolov.16,Физические лица,,770502674705,,001-900-189 89,19.05.1962,,,,40817810638068815559,Московский банк ПАО Сбербанк,044525225,30101810400000000225,01.03.2025,
395,Пивоваров Алексей Владимирович,Статья 6 Закона Российской Федерации от 27.12.1991 № 2124-1 «О средствах массовой информации»,03.06.2022,,https://dzen.ru/redakciya; https://ok.ru/group/56248578146541/; https://vk.com/redakciya_pivovarova; https://t.me/Alexey_Pivo_varov; https://www.youtube.com/@redactsiya; https://www.instagram.com/pivo_varov/; https://x.com/pivo_varov; https://www.facebook.com/alexey.pivovarov.16; https://boosty.to/redakciya; https://rutube.ru/channel/43205835/,Физические лица,,770304656743,,013-271-107 90,12.06.1974,,,,,,,,,
394,Петров Николай Владимирович,Статья 6 Закона Российской Федерации от 27.12.1991 № 2124-1 «О средствах массовой информации»,03.06.2022,,,Физические лица,,772905454103,,044-710-470 32,18.05.1958,,,,40817810338049383928,Московский банк ПАО Сбербанк,044525225,30101810400000000225,01.07.2025,
393,Кашин Олег Владимирович,Статья 6 Закона Российской Федерации от 27.12.1991 № 2124-1 «О средствах массовой информации»,03.06.2022,,https://vk.com/kshn; https://t.me/kashinguru; https://www.instagram.com/kshn; https://www.youtube.com/@KSHN; https://www.facebook.com/oleg.kashin/; https://x.com/KSHN,Физические лица,,390521657070,,107-849-450 83,17.06.1980,,,,,,,,,
392,Данилович Ирина Брониславовна,Статья 6 Закона Российской Федерации от 27.12.1991 № 2124-1 «О средствах массовой информации»,03.06.2022,,https://www.facebook.com/profile.php?id=100014649101090,Физические лица,,310261905263,,184-328-558 93,06.05.1979,,,,,,,,,
391,"Томская региональная общественная организация по защите прав и интересов женщин ""Женский голос""",Статья 32 Федерального закона от 12.01.1996 № 7-ФЗ «О некоммерческих организациях»,27.05.2022,06.12.2022,,Юридические лица,,7017247288,1097000000987,,,,,,,,,,,
390,Общество с ограниченной ответственностью «Апрельские тезисы»,Статья 25.1 Закона Российской Федерации от 27.12.1991 № 2124-1 «О средствах массовой информации»,27.05.2022,,,Юридические лица,,4705094904,1224700007938,,,,,,40702810738000000214,"ПАО ""Сбербанк"" 117312, Москва, ул. Вавилова, 19",044525225,30101810400000000225,01.03.2025,
389,Ходорковский Михаил Борисович,"Статья 2.1 Федерального закона от 28.12.2012 № 272-ФЗ «О мерах воздействия на лиц, причастных к нарушениям основополагающих прав и свобод человека, прав и свобод граждан Российской Федерации»",20.05.2022,,https://t.me/khodorkovski; https://www.youtube.com/@khodorkovskyru; https://dragonbook.khodorkovsky.com/; https://www.instagram.com/m_khodorkovsky/; https://x.com/mich261213; https://www.facebook.com/mikhailkhodorkovsky,Физические лица,,770200035117,,168-196-008 95,26.06.1963,,,,,,,,,
388,Каспаров Гарри Кимович,"Статья 2.1 Федерального закона от 28.12.2012 № 272-ФЗ «О мерах воздействия на лиц, причастных к нарушениям основополагающих прав и свобод человека, прав и свобод граждан Российской Федерации»",20.05.2022,,https://www.kasparov.com/; https://www.instagram.com/garry_kasparov/; https://t.me/garrykasparov_official,Физические лица,,770400107320,,071-397-729 87,13.04.1963,,,,40817810038115400446,Московский банк ПАО Сбербанк,044525225,30101810400000000225,01.03.2025,
387,Общество с ограниченной ответственностью «ЛИЗА НОРМ»,Статья 25.1 Закона Российской Федерации от 27.12.1991 № 2124-1 «О средствах массовой информации»,18.05.2022,,,Юридические лица,,9704135434,1227700241856,,,,,,40702810238000000112,"ПАО ""Сбербанк"" 117312, Москва, ул. Вавилова, 19",044525225,30101810400000000225,01.03.2025,
386,Соболь Любовь Эдуардовна,Статья 6 Закона Российской Федерации от 27.12.1991 № 2124-1 «О средствах массовой информации»,06.05.2022,,https://www.tiktok.com/@sobollyubov; https://t.me/SobolLyubov; https://t.me/TeamSobol; https://www.youtube.com/@SobolLyubov; https://x.com/SobolLubov,Физические лица,,504793611782,,130-170-209 89,13.09.1987,,,,40817810740109198829,Головное отделенеи Среднерусского банка №9040 ПАО Сбербанк,044525225,30101810400000000225,01.03.2025,
385,Моргенштерн Алишер Тагирович,"Статья 2.1 Федерального закона от 28.12.2012 № 272-ФЗ «О мерах воздействия на лиц, причастных к нарушениям основополагающих прав и свобод человека, прав и свобод граждан Российской Федерации»",06.05.2022,,https://www.twitch.tv/morgenshtern; https://www.youtube.com/@mmdcrew; https://www.instagram.com/morgen_shtern/; https://vk.com/morgenshtern; https://t.me/alisherhateu; https://ok.ru/morgensh,Физические лица,,027618276085,,104-794-419 62,17.02.1998,,,,40817810606462991476,Башкирское отделение №8598 ПАО Сбербанк,048073601,30101810300000000601,01.03.2025,
384,"Автономная некоммерческая организация Краснодарский центр современного искусства ""Типография""",Статья 32 Федерального закона от 12.01.1996 № 7-ФЗ «О некоммерческих организациях»,06.05.2022,05.09.2025,https://t.me/typography_online; https://www.typography-worldwide.org/; http://typography-online.ru/; https://vk.com/typographycenter,Юридические лица,,2308216937,1152300000698,,,,,,40703810630000000026,"ПАО ""Сбербанк"" 117312, Москва, ул. Вавилова, 19",040349602,30101810100000000602,01.03.2025,
383,Милов Владимир Станиславович,Статья 6 Закона Российской Федерации от 27.12.1991 № 2124-1 «О средствах массовой информации»,06.05.2022,,http://milov.org/; https://www.youtube.com/@Vladimir_Milov; https://www.facebook.com/milov.vladimir; https://x.com/v_milov; https://www.instagram.com/milov_ru/; https://boosty.to/milov,Физические лица,,772808476126,,022-376-556 37,18.06.1972,,,,40817810738115400445,Московский банк ПАО Сбербанк,044525225,30101810400000000225,01.03.2025,
382,"Константинов Денис Владимирович ""Денис Волин""",Статья 6 Закона Российской Федерации от 27.12.1991 № 2124-1 «О средствах массовой информации»,06.05.2022,15.03.2024,,Физические лица,,575203694552,,087-474-753 20,07.05.1987,,,,,,,,,
381,Климарев Михаил Валерьевич,Статья 6 Закона Российской Федерации от 27.12.1991 № 2124-1 «О средствах массовой информации»,06.05.2022,,https://www.facebook.com/michael.klimarev; https://www.youtube.com/@klimarev/; https://x.com/wanderer_from; https://www.instagram.com/klimarev/; https://t.me/zatelecom; https://www.threads.net/@klimarev,Физические лица,,662844000870,,008-239-346 41,13.01.1973,,,,40817810616473732427,Свердловское отделение №7003 ПАО Сбербанк,046577674,30101810500000000674,01.03.2025,
380,Кагарлицкий Борис Юльевич,Статья 6 Закона Российской Федерации от 27.12.1991 № 2124-1 «О средствах массовой информации»,06.05.2022,,https://www.instagram.com/goboka/; https://t.me/kagarlitsky; https://www.youtube.com/@BorisKagarlitsky; https://www.instagram.com/goboka/; https://rabkor.ru/author/boris_kagarlitsky/; https://vk.com/id8244651; https://ok.ru/profile/561569274439,Физические лица,,771400247858,,019-825-214 60,29.08.1958,,,,40817810438115400444,Московский банк ПАО Сбербанк,044525225,30101810400000000225,01.03.2025,
379,Гозман Леонид Яковлевич,Статья 6 Закона Российской Федерации от 27.12.1991 № 2124-1 «О средствах массовой информации»,06.05.2022,,https://t.me/leonidgozman; https://vk.com/id431927813; https://www.facebook.com/leonid.gozman.77; https://x.com/leonid_gozman,Физические лица,,773600247739,,026-884-246 81,13.07.1950,,,,40817810138115400443,Московский банк ПАО Сбербанк,044525225,30101810400000000225,01.03.2025,
378,Общество с ограниченной ответственностью «Апология»,Статья 6 Закона Российской Федерации от 27.12.1991 № 2124-1 «О средствах массовой информации»,06.05.2022,14.09.2022,,Юридические лица,,2124034711,1112124000933,,,,,,,,,,,
377,Баранова Наталья Владимировна,Статья 6 Закона Российской Федерации от 27.12.1991 № 2124-1 «О средствах массовой информации»,06.05.2022,,https://www.youtube.com/@Переживаниеактивизма; https://t.me/razocharovannye; https://t.me/experiencing_activism; https://www.facebook.com/natalia.baranova93; https://x.com/Natalia_Volnaya; https://www.instagram.com/n_volnaya/; https://vk.com/n_volnaya,Физические лица,,432501258780,,152-619-400 51,20.10.1993,,,,40817810827008789212,Кировское отделение №8612 ПАО Сбербанк,043304609,30101810500000000609,01.03.2025,
376,Кара-Мурза Владимир Владимирович,"Статья 2.1 Федерального закона от 28.12.2012 № 272-ФЗ «О мерах воздействия на лиц, причастных к нарушениям основополагающих прав и свобод человека, прав и свобод граждан Российской Федерации»",22.04.2022,,https://t.me/vladimirkaramurza; https://ok.ru/profile/563527190774; https://vk.com/id263391319; https://www.youtube.com/c/VKaraMurza/; https://t.me/vkaramurza2022; https://x.com/vkaramurza; https://www.facebook.com/vladimir.karamurza.5; https://www.instagram.com/vkaramurza/,Физические лица,,770505728684,,112-360-147 97,07.09.1981,,,,40817810338068815558,Московский банк ПАО Сбербанк,044525225,30101810400000000225,01.03.2025,
375,Сироткин Ярослав Николаевич,Статья 6 Закона Российской Федерации от 27.12.1991 № 2124-1 «О средствах массовой информации»,22.04.2022,,"https://vk.com/inner_gdr; 
https://t.me/lgbt_dept",Физические лица,,760412277295,,125-232-325 12,10.02.1991,,,,40817810377031371480,Ярославское отделение №17,042908612,30101810100000000612,01.03.2025,
374,Пархоменко Сергей Борисович,Статья 6 Закона Российской Федерации от 27.12.1991 № 2124-1 «О средствах массовой информации»,22.04.2022,,https://www.youtube.com/@sparkhom; https://t.me/SergeiParkhomenko; https://t.me/sparkhomenkovoice; https://www.facebook.com/serguei.parkhomenko; https://boosty.to/sergey_parkhomenko,Физические лица,,771000169404,,007-275-029 28,13.03.1964,,,,40817810938263045688,Московский банк ПАО Сбербанк,044525225,30101810400000000225,01.03.2025,
373,Невзоров Александр Глебович,Статья 6 Закона Российской Федерации от 27.12.1991 № 2124-1 «О средствах массовой информации»,22.04.2022,,https://t.me/nevzorovtv; https://x.com/NevzorovAG; https://www.instagram.com/nevzorovofficial; https://www.youtube.com/@NevzorovTV; https://www.tiktok.com/@nevzorov2023; https://boosty.to/nevzorovtv,Физические лица,,780157161493,,024-829-169 61,03.08.1958,,,,40817810155192256517,Головное отделение Северо-Западного банка №9055 ПАО Сбербанк,044030653,30101810500000000653,01.03.2025,
372,Волков Леонид Михайлович,"Статья 2.1 Федерального закона от 28.12.2012 № 272-ФЗ «О мерах воздействия на лиц, причастных к нарушениям основополагающих прав и свобод человека, прав и свобод граждан Российской Федерации»",22.04.2022,,https://www.youtube.com/@leonid_volkov; https://vk.com/id4051048; https://x.com/leonidvolkov; https://www.facebook.com/leonid.m.volkov; https://www.instagram.com/leonidvolkov/; https://t.me/leonid_volkov,Физические лица,,666006426190,,044-805-525 51,10.11.1980,,,,40817810038068815557,Московский банк ПАО Сбербанк,044525225,30101810400000000225,01.03.2025,
371,Лушникова Екатерина Евгеньевна,Статья 6 Закона Российской Федерации от 27.12.1991 № 2124-1 «О средствах массовой информации»,22.04.2022,,"https://ok.ru/profile/569434979792; 
https://www.facebook.com/kate.lushnikova1",Физические лица,,434579940706,,058-460-226 65,11.01.1969,,,,40817810527008789211,Кировское отделение №8612 ПАО Сбербанк,043304609,30101810500000000609,01.03.2025,
370,Воронов Владимир Владимирович,Статья 6 Закона Российской Федерации от 27.12.1991 № 2124-1 «О средствах массовой информации»,22.04.2022,07.10.2022,,Физические лица,,,,,05.08.1963,,,,,,,,,
369,Венедиктов Алексей Алексеевич,Статья 6 Закона Российской Федерации от 27.12.1991 № 2124-1 «О средствах массовой информации»,22.04.2022,,https://t.me/aavst2022; https://t.me/aavst; https://www.facebook.com/profile.php?id=100078814636783; https://www.instagram.com/aavst/; https://www.instagram.com/venediktov.a/; https://x.com/aavst20551,Физические лица,,772817141408,,001-622-701 83,18.12.1955,,,,40817810838115400442,Московский банк ПАО Сбербанк,044525225,30101810400000000225,01.03.2025,
368,Вахштайн Виктор Семенович,Статья 6 Закона Российской Федерации от 27.12.1991 № 2124-1 «О средствах массовой информации»,22.04.2022,,"https://vk.com/id1452598;
https://ok.ru/profile/294655413;
https://www.facebook.com/victor.vakhshtayn",Физические лица,,583502457263,,102-268-470 22,23.01.1981,,,,40817810538115400441,Московский банк ПАО Сбербанк,044525225,30101810400000000225,01.03.2025,
367,Асафьев Артур Валерьевич,Статья 6 Закона Российской Федерации от 27.12.1991 № 2124-1 «О средствах массовой информации»,22.04.2022,,https://vk.com/aasafev66; https://www.facebook.com/aasafev,Физические лица,,027407381789,,014-546-344 30,31.05.1966,,,,40817810906463078506,Башкирское отделение №8598 ПАО Сбербанк,048073601,30101810300000000601,08.04.2025,
366,Шульман Екатерина Михайловна,Статья 6 Закона Российской Федерации от 27.12.1991 № 2124-1 «О средствах массовой информации»,15.04.2022,,https://t.me/eschulmann; https://ok.ru/profile/13966195402; https://www.youtube.com/@Ekaterina_Schulmann; https://www.facebook.com/Ekaterina.Schulmann; https://x.com/eschulmann; https://teletype.in/@eschulmann,Физические лица,,502707288430,,033-169-804 44,19.08.1978,,,,,,,,,
365,Шаинян Карен Багратович,Статья 6 Закона Российской Федерации от 27.12.1991 № 2124-1 «О средствах массовой информации»,15.04.2022,,"https://vk.com/karenshain; 
https://vk.com/straighttalkwithgaypeople;
https://t.me/queerography;
https://www.youtube.com/@KarenS; 
https://www.youtube.com/@karenshainyaneng1134;
https://www.tiktok.com/@karenshainyan; 
https://dzen.ru/karens; 
https://www.instagram.com/karenshain/; 
https://www.facebook.com/karen.shainyan",Физические лица,,771375879642,,069-203-899 85,01.07.1981,,,,40817810038700402189,Московский банк ПАО Сбербанк,044525225,30101810400000000225,01.03.2025,
364,Семенов Алексей Владимирович,Статья 6 Закона Российской Федерации от 27.12.1991 № 2124-1 «О средствах массовой информации»,15.04.2022,,,Физические лица,,602708115697,,003-937-733 47,14.10.1967,,,,40817810451861520331,Псковское отделение №8630 ПАО Сбербанк,045805602,30101810300000000602,01.03.2025,
363,Сабунаева Мария Леонидовна,Статья 6 Закона Российской Федерации от 27.12.1991 № 2124-1 «О средствах массовой информации»,15.04.2022,,https://vk.com/club15492347; https://vk.com/maria_sabunaeva; https://www.facebook.com/maria.sabunaeva; https://x.com/Maria_Sabunaeva,Физические лица,,781131933771,,105-923-167 41,26.09.1978,,,,40817810855192256516,Головное отделение Северо-Западного банка №9055 ПАО Сбербанк,044030653,30101810500000000653,01.03.2025,
362,Кругликов Кирилл Игоревич,Статья 6 Закона Российской Федерации от 27.12.1991 № 2124-1 «О средствах массовой информации»,15.04.2022,,https://vk.com/kkruglik; https://www.facebook.com/kirillkruglikov; https://www.instagram.com/krooglikof/,Физические лица,,352825198725,,165-729-935 16,30.05.1992,,,,40817810712002731974,Вологодское отделение №8638 ПАО Сбербанк,041909644,30101810900000000644,01.03.2025,
361,Елкин Сергей Владимирович,Статья 6 Закона Российской Федерации от 27.12.1991 № 2124-1 «О средствах массовой информации»,15.04.2022,,https://www.facebook.com/sergey.elkin1; https://www.instagram.com/elkin_cartoon; https://x.com/Sergey_Elkin; https://vk.com/elkin_politru,Физические лица,,366512216105,,035-413-858 41,26.05.1962,,,,40817810738068815556,Московский банк ПАО Сбербанк,044525225,30101810400000000225,01.03.2025,
360,Дудь Юрий Александрович,Статья 6 Закона Российской Федерации от 27.12.1991 № 2124-1 «О средствах массовой информации»,15.04.2022,,"https://ok.ru/vdud; https://www.youtube.com/@vdud; https://www.instagram.com/yurydud; https://vk.com/vdud; https://t.me/yurydud; https://ok.ru/yury.dud; https://x.com/yurydud; https://www.facebook.com/yury.dud/; https://boosty.to/vdudvdud; https://www.youtube.com/@vdud_short; https://t.me/duditagain, ID: - 1002747867934",Физические лица,,772210036177,,079-955-488 52,11.10.1986,,,,40817810238115400440,Московский банк ПАО Сбербанк,044525225,30101810400000000225,01.03.2025,
359,Доброхотов Роман Александрович,Статья 6 Закона Российской Федерации от 27.12.1991 № 2124-1 «О средствах массовой информации»,15.04.2022,,https://vk.com/dobrokhot; https://ok.ru/roman.dobrokhotov; https://www.facebook.com/r.dobrokhotov; https://x.com/Dobrokhotov; https://www.instagram.com/roma_dobrokhotov/,Физические лица,,772835416937,,107-971-125 62,06.08.1983,,,,40817810838115400439,Московский банк ПАО Сбербанк,044525225,30101810400000000225,01.03.2025,
358,Дзугкоева Регина Николаевна,Статья 6 Закона Российской Федерации от 27.12.1991 № 2124-1 «О средствах массовой информации»,15.04.2022,,"https://vk.com/regina248; https://ok.ru/regina.dzugkoeva; https://www.instagram.com/regina_dzugkoeva/; https://t.me/reginadjan/, ID: - 1002388149043",Физические лица,,344211050763,,074-942-009 74,11.12.1981,,,,40817810150005648107,Приморское отделение №8635 ПАО Сбербанк,040813608,30101810600000000608,01.03.2025,
357,Филимонов Андрей Викторович,Статья 6 Закона Российской Федерации от 27.12.1991 № 2124-1 «О средствах массовой информации»,08.04.2022,,,Физические лица,,701701918544,,066-711-942 77,07.07.1969,,,,40817810038045100120,Московский банк ПАО Сбербанк,044525225,30101810400000000225,01.03.2025,
356,Фейгин Марк Захарович,Статья 6 Закона Российской Федерации от 27.12.1991 № 2124-1 «О средствах массовой информации»,08.04.2022,,https://www.youtube.com/@FeyginLive; https://www.youtube.com/@FEYGINNEWS; https://www.tiktok.com/@feygin_live; https://linktr.ee/feyginlive; https://www.youtube.com/@FeyginShorts; https://www.youtube.com/@FEYGIN-WORLD; https://t.me/MarkFeygin; https://www.facebook.com/mark.feygin.z; https://www.instagram.com/mark_feygin; https://x.com/feyginmark4,Физические лица,,770470964649,,009-303-420 08,03.06.1971,,,,40817810854101986567,Самарское отделение №6991 ПАО Сбербанк,043601607,30101810200000000607,01.03.2025,
355,Маяковская Екатерина Алексеевна,Статья 6 Закона Российской Федерации от 27.12.1991 № 2124-1 «О средствах массовой информации»,08.04.2022,,https://vk.com/mayakovskaya_k; https://www.facebook.com/mayakovskaya.kate,Физические лица,,632519715306,,154-661-399 82,27.12.1994,,,,40817810554101986566,Самарское отделение №6991 ПАО Сбербанк,043601607,30101810200000000607,01.03.2025,
354,"Красноярская региональная общественная организация поддержки и развития альтернативных образовательных технологий и межкультурных коммуникаций ""ИНТЕРРА""",Статья 32 Федерального закона от 12.01.1996 № 7-ФЗ «О некоммерческих организациях»,08.04.2022,18.07.2025,https://www.youtube.com/@interra4697,Юридические лица,,2465087625,1042400014140,,,,,,40703810738000001144,"ПАО ""Сбербанк"" 117312, Москва, ул. Вавилова, 19",044525225,30101810400000000225,01.03.2025,
353,Дубровский Дмитрий Викторович,Статья 6 Закона Российской Федерации от 27.12.1991 № 2124-1 «О средствах массовой информации»,08.04.2022,,https://www.facebook.com/dubrovsky,Физические лица,,781617054270,,057-656-025 82,31.03.1970,,,,40817810555192256515,Головное отделение Северо-Западного банка №9055 ПАО Сбербанк,044030653,30101810500000000653,01.03.2025,
352,"Дремин Иван Тимофеевич ""Face""",Статья 6 Закона Российской Федерации от 27.12.1991 № 2124-1 «О средствах массовой информации»,08.04.2022,,https://t.me/durovkgb; https://vk.com/face; https://www.youtube.com/@facemoney; https://www.tiktok.com/@facehatestiktok; https://www.instagram.com/facepublicenemy,Физические лица,,027413734665,,189-624-438 22,08.04.1997,,,,40817810238049504852,Московский банк ПАО Сбербанк,044525225,30101810400000000225,04.09.2025,
351,Борухович Ирина Григорьевна,Статья 6 Закона Российской Федерации от 27.12.1991 № 2124-1 «О средствах массовой информации»,08.04.2022,,https://www.facebook.com/tumakova.i; https://vk.com/id5342885,Физические лица,,470501275474,,014-204-455 91,31.12.1970,,,,40817810638045100119,Московский банк ПАО Сбербанк,044525225,30101810400000000225,01.03.2025,
350,Киселев Евгений Алексеевич,"Статья 2.1 Федерального закона от 28.12.2012 № 272-ФЗ «О мерах воздействия на лиц, причастных к нарушениям основополагающих прав и свобод человека, прав и свобод граждан Российской Федерации»",05.04.2022,,https://t.me/kiselevtv; https://www.youtube.com/@evgeny.kiselev/; https://www.facebook.com/evgeny.kiselev.737; https://x.com/kisevg,Физические лица,,770700095266,,013-271-142 93,15.06.1956,,,,,,,,,
349,Ганапольский Матвей Юрьевич,"Статья 2.1 Федерального закона от 28.12.2012 № 272-ФЗ «О мерах воздействия на лиц, причастных к нарушениям основополагающих прав и свобод человека, прав и свобод граждан Российской Федерации»",05.04.2022,,https://www.youtube.com/@Ganapolsky; https://vk.com/matthew_ganapolsky; https://vk.com/id347567246; https://x.com/ganapolskytv; https://www.tiktok.com/@matvey_ganapolsky; https://www.patreon.com/ganapolsky,Физические лица,,771600599166,,001-622-681 96,14.12.1953,,,,40817810038263045685,Московский банк ПАО Сбербанк,044525225,30101810400000000225,01.03.2025,
348,Понасенков Евгений Николаевич,Статья 6 Закона Российской Федерации от 27.12.1991 № 2124-1 «О средствах массовой информации»,01.04.2022,,https://ponasenkov.net/; https://www.youtube.com/@SENSUSCOMMUNE/; https://www.youtube.com/@FirstScientific; https://dzen.ru/commonsense; https://vk.com/evgenyponasenkov; https://www.tiktok.com/@evgenii_ponasenkov/; https://www.youtube.com/@PonasenkovShorts; https://t.me/evgenii_ponasenkov; https://www.facebook.com/maestro777Eugene777Ponasenkov; https://www.instagram.com/evgenii_ponasenkov/; https://x.com/Ponasenkov; https://boosty.to/ponasenkov,Физические лица,,771401992887,,072-736-741 80,13.03.1982,,,,40817810338045100118,Московский банк ПАО Сбербанк,044525225,30101810400000000225,01.03.2025,
347,Осетинская Елизавета Николаевна,Статья 6 Закона Российской Федерации от 27.12.1991 № 2124-1 «О средствах массовой информации»,01.04.2022,,https://vk.com/id469902872; https://www.youtube.com/@Osetinskaia; https://www.instagram.com/osetinskayaliza; https://www.facebook.com/elizaveta.osetinskaya; https://dzen.ru/russiansareokay; https://t.me/osetinskayaliza; https://boosty.to/osetinskaya,Физические лица,,772908747997,,047-180-563 56,03.05.1977,,,,40817810938115479454,Московский банк ПАО Сбербанк,044525225,30101810400000000225,08.04.2025,
346,Мурадов Мурад Абдулгалимович,Статья 6 Закона Российской Федерации от 27.12.1991 № 2124-1 «О средствах массовой информации»,01.04.2022,,,Физические лица,,056103637806,,157-239-719 92,09.12.1987,,,,40817810760324943544,Дагестанское отделение №8590 ПАО Сбербанк,040702615,30101810907020000615,01.03.2025,
345,Малкова Ирина Владимировна,Статья 6 Закона Российской Федерации от 27.12.1991 № 2124-1 «О средствах массовой информации»,01.04.2022,,https://www.facebook.com/profile.php?id=100001843864648,Физические лица,,773179743776,,107-923-427 56,19.09.1982,,,,40817810738700402188,Московский банк ПАО Сбербанк,044525225,30101810400000000225,01.03.2025,
344,Константинова Алла Михайловна,Статья 6 Закона Российской Федерации от 27.12.1991 № 2124-1 «О средствах массовой информации»,01.04.2022,,https://vk.com/alla.konstantinova; https://www.facebook.com/alla.konstantinova.58; https://www.facebook.com/profile.php?id=100005034636297; https://www.instagram.com/alla_konstantin; https://t.me/livindavidalokaa,Физические лица,,100303283495,,108-327-229 39,30.10.1988,,,,40817810825861797884,Карельское отделение №8628 ПАО Сбербанк,048602673,30101810600000000673,01.03.2025,
343,Голубева Анна Львовна,Статья 6 Закона Российской Федерации от 27.12.1991 № 2124-1 «О средствах массовой информации»,01.04.2022,,"https://vk.com/agolu_psy; 
https://www.facebook.com/profile.php?id=100005034636297",Физические лица,,772434907705,,001-434-154 79,18.08.1970,,,,40817810804001842869,Архангельское отделение №8637 ПАО Сбербанк,041117601,30101810100000000601,01.03.2025,
342,Воробьев Виктор Викторович,Статья 6 Закона Российской Федерации от 27.12.1991 № 2124-1 «О средствах массовой информации»,01.04.2022,,,Физические лица,,110117564858,,149-539-269 10,19.06.1989,,,,,,,,,
341,Борзунова Мария Михайловна,Статья 6 Закона Российской Федерации от 27.12.1991 № 2124-1 «О средствах массовой информации»,01.04.2022,,https://www.youtube.com/@borzunova; https://www.youtube.com/@Fake_News; https://vk.com/mari_borzo; https://t.me/masha_on_tour; https://x.com/mborzunova; https://www.instagram.com/masha_borzo/; https://www.facebook.com/mashaborzo; https://www.patreon.com/MashaBorzunova; https://boosty.to/borzunova,Физические лица,,507462375787,,154-948-164 00,14.01.1995,,,,40817810838700487618,Московский банк ПАО Сбербанк,044525225,30101810400000000225,08.04.2025,
340,"Deutsche Welle (Германия, Kurt-Schumacher-Strasse 3, 53113 Bonn)",Статья 6 Закона Российской Федерации от 27.12.1991 № 2124-1 «О средствах массовой информации»,28.03.2022,,https://www.dw.com/ru/; https://www.youtube.com/@dwrussian; https://www.youtube.com/@zapovednik; https://vk.com/dw_ucheba; https://vk.com/dw; https://www.youtube.com/@dwrussianreporter; https://t.me/dwglavnoe; https://t.me/dwrussian; https://www.facebook.com/dw.russian/; https://x.com/dw_russian; https://www.instagram.com/dw_ekologia/; https://www.instagram.com/dw.novosti/; https://www.twitch.tv/dw_russian,Юридические лица,,,,,,,,,40807810438000000037,"ПАО ""Сбербанк"" 117312, Москва, ул. Вавилова, 19",044525225,30101810400000000225,01.03.2025,
339,Благотворительный фонд развития филантропии,Статья 32 Федерального закона от 12.01.1996 № 7-ФЗ «О некоммерческих организациях»,24.03.2022,,"https://www.cafrussia.ru/; 
https://vk.com/filantropy; 
https://vk.com/cafrussia; 
https://t.me/philanthropyRu",Юридические лица,,7701168082,1127799000560,,,,,,40703810838000000618,"ПАО ""Сбербанк"" 117312, Москва, ул. Вавилова, 19",044525225,30101810400000000225,01.03.2025,
338,"Автономная некоммерческая организация для издания научно-популярной газеты ""ТРОИЦКИЙ ВАРИАНТ-НАУКА""",Статья 32 Федерального закона от 12.01.1996 № 7-ФЗ «О некоммерческих организациях»,24.03.2022,26.04.2023,,Юридические лица,,5046998060,1125000000740,,,,,,,,,,,
337,"Автономная некоммерческая организация ""Друзья Балтики""",Статья 32 Федерального закона от 12.01.1996 № 7-ФЗ «О некоммерческих организациях»,24.03.2022,27.09.2022,,Юридические лица,,7819039395,1187800003566,,,,,,,,,,,
336,Общество с ограниченной ответственностью «Процесс 2021»,Статья 25.1 Закона Российской Федерации от 27.12.1991 № 2124-1 «О средствах массовой информации»,18.02.2022,10.11.2023,,Юридические лица,,9723125368,1217700455939,,,,,,,,,,,
335,Общество с ограниченной ответственностью «Новогодний выпуск»,Статья 25.1 Закона Российской Федерации от 27.12.1991 № 2124-1 «О средствах массовой информации»,18.02.2022,10.11.2023,,Юридические лица,,9701194784,1227700032284,,,,,,,,,,,
334,Московский комьюнити-центр для ЛГБТ+инициатив,Статья 29.1 Федерального закона от 19.05.1995 № 82-ФЗ «Об общественных объединениях»,11.02.2022,,http://mcclgbt.com/celi,"Общественные объединения, действующие без образования юридического лица",,,,,,"[Баранова Ольга Евгеньевна, Винниченко Татьяна Викторовна]","111123, г. Москва, шоссе Энтузиастов, д. 88, корп. 14
",,,,,,,
333,Айнбиндер Александра Александровна,Статья 6 Закона Российской Федерации от 27.12.1991 № 2124-1 «О средствах массовой информации»,11.02.2022,,https://vk.com/id194501605; https://www.instagram.com/ageevaalexandra/; https://www.facebook.com/aaageeva; https://x.com/ageevasana,Физические лица,,366516787413,,126-593-245 72,26.03.1986,,,,40817810538115400438,Московский банк ПАО Сбербанк,044525225,30101810400000000225,01.03.2025,
332,"Региональная национально-культурная общественная организация ""Туба калык"" (Тубалары)",Статья 32 Федерального закона от 12.01.1996 № 7-ФЗ «О некоммерческих организациях»,03.02.2022,02.11.2023,,Юридические лица,,0411154046,1120400000093,,,,,,,,,,,
331,Общество с ограниченной ответственностью «ЛПНМ»,Статья 25.1 Закона Российской Федерации от 27.12.1991 № 2124-1 «О средствах массовой информации»,26.01.2022,10.11.2023,,Юридические лица,,7804689489,1217800196118,,,,,,,,,,,
330,Общество  с ограниченной ответственностью Издательский дом «Новая глава»,Статья 25.1 Закона Российской Федерации от 27.12.1991 № 2124-1 «О средствах массовой информации»,26.01.2022,30.10.2024,,Юридические лица,,1658161591,1141690094710,,,,,,,,,,,
329,Общество с ограниченной ответственностью «Номер семьдесят семь»,Статья 25.1 Закона Российской Федерации от 27.12.1991 № 2124-1 «О средствах массовой информации»,13.01.2022,10.11.2023,,Юридические лица,,7817117947,1217800167507,,,,,,,,,,,
328,Общество с ограниченной ответственностью «Данное сообщение»,Статья 25.1 Закона Российской Федерации от 27.12.1991 № 2124-1 «О средствах массовой информации»,13.01.2022,06.09.2024,,Юридические лица,,9701192522,1217700628397,,,,,,,,,,,
327,Шендерович Виктор Анатольевич,Статья 6 Закона Российской Федерации от 27.12.1991 № 2124-1 «О средствах массовой информации»,30.12.2021,,https://x.com/shenderovich; https://www.facebook.com/profile.php?id=100001762579664; https://vk.com/id38862831; https://t.me/viktor_shenderovich; https://www.youtube.com/@V.Shenderovich/; http://www.shender.ru/,Физические лица,,771800761553,,042-413-513 06,15.08.1958,,,,40817810438700402187,Московский банк ПАО Сбербанк,044525225,30101810400000000225,01.03.2025,
326,Толоконникова Надежда Андреевна,Статья 6 Закона Российской Федерации от 27.12.1991 № 2124-1 «О средствах массовой информации»,30.12.2021,,https://t.me/nadyariotxx; https://vk.com/tolokno; https://onlyfans.com/pussyriot; https://www.facebook.com/tolokno; https://x.com/nadyariot; https://onlyfans.com/nadya,Физические лица,,245713844712,,174-629-892 17,07.11.1989,,,,40817810238115400437,Московский банк ПАО Сбербанк,044525225,30101810400000000225,01.03.2025,
325,Никульшина Вероника Юрьевна,Статья 6 Закона Российской Федерации от 27.12.1991 № 2124-1 «О средствах массовой информации»,30.12.2021,,"https://www.instagram.com/protrezvey; 
https://www.youtube.com/channel/UCQYcCfKYfYMcuCsem8z5CyQ; 
https://www.facebook.com/protrezzvey; 
https://vk.com/id415217133",Физические лица,,771974547822,,152-198-819 80,28.05.1997,,,,40817810038045100117,Московский банк ПАО Сбербанк,044525225,30101810400000000225,01.03.2025,
324,Гельман Марат Александрович,Статья 6 Закона Российской Федерации от 27.12.1991 № 2124-1 «О средствах массовой информации»,30.12.2021,,https://guelman.me/ru/; https://x.com/galerist; https://www.facebook.com/marat.guelman.9; https://www.instagram.com/galerist/; https://maratguelman.livejournal.com/; https://vk.com/galerist2010; https://t.me/marat_guelman; https://vk.com/id396675088; https://www.threads.com/@galerist,Физические лица,,771681721277,,019-640-728 59,24.12.1960,,,,40817810938115400436,Московский банк ПАО Сбербанк,044525225,30101810400000000225,01.03.2025,
323,Владыкина Елена Сергеевна,Статья 6 Закона Российской Федерации от 27.12.1991 № 2124-1 «О средствах массовой информации»,30.12.2021,,https://my.mail.ru/mail/vladykinaln/; https://vk.com/anikydalv; https://www.facebook.com/anikydalv,Физические лица,,433501333366,,147-846-439 07,08.04.1995,,,,40817810827008789209,Кировское отделение №8612 ПАО Сбербанк,043304609,30101810500000000609,01.03.2025,
322,Беляев Иван Михайлович,Статья 6 Закона Российской Федерации от 27.12.1991 № 2124-1 «О средствах массовой информации»,30.12.2021,,"https://vk.com/id25837061;
https://www.facebook.com/profile.php?id=100005743147395",Физические лица,,352525372891,,114-291-632 31,28.04.1986,,,,40817810412002731973,Вологодское отделение №8638 ПАО Сбербанк,041909644,30101810900000000644,01.03.2025,
321,Бекбулатова Таисия Львовна,Статья 6 Закона Российской Федерации от 27.12.1991 № 2124-1 «О средствах массовой информации»,30.12.2021,,"https://t.me/tort_i_text; 
https://vk.com/id695303239; 
https://twitter.com/protivorechie; 
https://www.facebook.com/heather.ale.9; 
https://www.instagram.com/protivorechie/",Физические лица,,500315974603,,156-459-679 15,10.03.1991,,,,40817810138700402186,Московский банк ПАО Сбербанк,044525225,30101810400000000225,01.03.2025,
320,Алексеев Андрей Викторович,Статья 6 Закона Российской Федерации от 27.12.1991 № 2124-1 «О средствах массовой информации»,30.12.2021,,https://vk.com/andr_aleks; https://t.me/chepygi; https://www.youtube.com/@AlekseevMedia; https://www.facebook.com/andraleks77; https://x.com/andr_aleks,Физические лица,,760701027880,,061-407-198 35,03.08.1977,,,,40817810977031371479,Ярославское отделение №17,042908612,30101810100000000612,01.03.2025,
319,"Инициативная группа ЛГБТ+ ""Реверс""",Статья 29.1 Федерального закона от 19.05.1995 № 82-ФЗ «Об общественных объединениях»,24.12.2021,,"https://vk.com/revers_lgbt; 
https://reverslgbt.org/","Общественные объединения, действующие без образования юридического лица",,,,,,[Широкова Татьяна Геннадьевна],"г. Краснодар
",,,,,,,
318,"Санкт-Петербургская ЛГБТ-инициативная группа ""Выход""",Статья 29.1 Федерального закона от 19.05.1995 № 82-ФЗ «Об общественных объединениях»,24.12.2021,,"https://comingoutspb.com/; 
https://vk.com/comingoutspb;
 https://www.facebook.com/comingoutspb/; 
https://www.instagram.com/comingoutspb/; 
https://www.youtube.com/user/ComingOutSPb; 
https://twitter.com/comingoutspb; 
https://www.tiktok.com/@comingoutspb/; 
https://t.me/keepcalmandcomingout","Общественные объединения, действующие без образования юридического лица",,,,,,"[Саволайнен Руслан Александрович, Воронов Александр Сергеевич]","191040, Санкт-Петербург, Лиговский пр., д. 87, офис 606.
",,,,,,,
317,"Дальневосточное общественное движение ""Маяк""",Статья 29.1 Федерального закона от 19.05.1995 № 82-ФЗ «Об общественных объединениях»,17.12.2021,,"http://dodmayak.ru; https://ok.ru/dodmayak/topics; https://www.facebook.com/yolamayak/; https://www.instagram.com/dod_mayak/; https://vk.com/dodmayak; https://t.me/dod_mayak, ID: -1001703383473; https://www.youtube.com/@dod_mayak; https://dodmayak.org; https://www.patreon.com/dodmayak","Общественные объединения, действующие без образования юридического лица",,,,,,[Дзугкоева Регина Николаевна],"Дальний Восток, Приморский край, г. Владивосток
",,,,,,,
316,"Автономная некоммерческая организация по реализации социально-правовых программ ""Лилит""",Статья 32 Федерального закона от 12.01.1996 № 7-ФЗ «О некоммерческих организациях»,17.12.2021,12.04.2024,https://vk.com/rigie_khisamova,Юридические лица,,2543134850,1192500000208,,,,,,,,,,,
315,"Хисамова Регина Фаритовна ""Карина Джамал""",Статья 6 Закона Российской Федерации от 27.12.1991 № 2124-1 «О средствах массовой информации»,03.12.2021,,https://www.youtube.com/@ReginaKhisamova; https://vk.com/rigie_khisamova; https://x.com/rigiekh; https://www.facebook.com/khisamova.regina,Физические лица,,121660587424,,150-917-200 41,11.01.1991,,,,40817810138068998976,Московский банк ПАО Сбербанк,044525225,30101810400000000225,04.07.2025,
314,"Ассоциация по содействию защите прав призывников, альтернативнослужащих и военнослужащих ""Правозащитная группа ""Гражданин.Армия.Право""",Статья 32 Федерального закона от 12.01.1996 № 7-ФЗ «О некоммерческих организациях»,03.12.2021,13.12.2024,,Юридические лица,,7707036540,1107799013728,,,,,,,,,,,
313,Григорьева Алина Александровна,Статья 6 Закона Российской Федерации от 27.12.1991 № 2124-1 «О средствах массовой информации»,03.12.2021,,https://www.facebook.com/profile.php?id=100000856069201,Физические лица,,165915341790,,076-537-598 10,05.04.1983,,,,40817810762490027085,Банк Татарстан отделение №8610 ПАО Сбербанк,049205603,30101810600000000603,01.03.2025,
312,Григорьев Андрей Валерьевич,Статья 6 Закона Российской Федерации от 27.12.1991 № 2124-1 «О средствах массовой информации»,03.12.2021,,https://www.youtube.com/@Объектив-ТВ-ю1ю; https://t.me/bathlist; https://www.facebook.com/profile.php?id=100001990311219; https://x.com/skeptick101; https://vk.com/id34501174,Физические лица,,165803819005,,070-513-682 38,31.01.1977,,,,40817810462490027084,Банк Татарстан отделение №8610 ПАО Сбербанк,049205603,30101810600000000603,01.03.2025,
311,"Гималова Регина Эмилевна ""Регина Альбертова""",Статья 6 Закона Российской Федерации от 27.12.1991 № 2124-1 «О средствах массовой информации»,03.12.2021,,https://ok.ru/profile/454093087806; https://www.facebook.com/gimregina; https://x.com/gimalovaR; https://www.instagram.com/gimregina/,Физические лица,,162403833472,,175-996-860 57,01.09.1997,,,,40817810162490027083,Банк Татарстан отделение №8610 ПАО Сбербанк,049205603,30101810600000000603,01.03.2025,
310,Общество с ограниченной ответственностью «Нобелевский призыв»,Статья 25.1 Закона Российской Федерации от 27.12.1991 № 2124-1 «О средствах массовой информации»,26.11.2021,,,Юридические лица,,9723128464,1217700537230,,,,,,40702810338000000038,"ПАО ""Сбербанк"" 117312, Москва, ул. Вавилова, 19",044525225,30101810400000000225,01.03.2025,
309,Еланчик Олег Александрович,Статья 6 Закона Российской Федерации от 27.12.1991 № 2124-1 «О средствах массовой информации»,26.11.2021,,https://www.facebook.com/stillfolego,Физические лица,,772487893703,,130-280-973 28,21.05.1990,,,,40817810840109198826,Головное отделение Среднерусского банка №9040 ПАО Сбербанк,044525225,30101810400000000225,01.03.2025,
308,Фонд развития книжной культуры «Иркутский союз библиофилов»,Статья 25.1 Закона Российской Федерации от 27.12.1991 № 2124-1 «О средствах массовой информации»,19.11.2021,24.11.2023,,Юридические лица,,3808123841,1053808124017,,,,,,,,,,,
307,Общество с ограниченной ответственностью «Честные выборы»,Статья 25.1 Закона Российской Федерации от 27.12.1991 № 2124-1 «О средствах массовой информации»,19.11.2021,,,Юридические лица,,9726001152,1217700524359,,,,,,40702810938000000056,"ПАО ""Сбербанк"" 117312, Москва, ул. Вавилова, 19",044525225,30101810400000000225,01.03.2025,
306,Кочетков Игорь Викторович,Статья 6 Закона Российской Федерации от 27.12.1991 № 2124-1 «О средствах массовой информации»,12.11.2021,,https://t.me/aboutus2224; https://vk.com/public174002260; https://yandex.ru/q/profile/mz3we0fjmgmf36c326dtcafa1c; https://www.youtube.com/@Немамкинполитолог; https://www.youtube.com/@IgorKochetkov2018; https://igor-kochetkov.tilda.ws/; https://www.facebook.com/igor.kochetkov; https://www.instagram.com/igorkochetkov; https://x.com/kochetkovigor; http://igor-kochetkov.tilda.ws/; https://www.facebook.com/philosophyofhr; https://boosty.to/igorkochetkov,Физические лица,,782020921099,,047-831-160 62,13.05.1970,,,,,,,,,
305,Общество с ограниченной ответственностью «Как бы инагент»,Статья 25.1 Закона Российской Федерации от 27.12.1991 № 2124-1 «О средствах массовой информации»,10.11.2021,16.05.2025,,Юридические лица,,6027204147,1216000000963,,,,,,40702810538000000252,"ПАО ""Сбербанк"" 117312, Москва, ул. Вавилова, 19",044525225,30101810400000000225,01.03.2025,
304,Скворцова Елена Сергеевна,Статья 6 Закона Российской Федерации от 27.12.1991 № 2124-1 «О средствах массовой информации»,08.11.2021,,https://vk.com/id405294126; https://x.com/Skvorchiik,Физические лица,,110605985384,,157-272-299 85,25.12.1998,,,,40817810655192256512,Головное отделение Северо-Западного банка №9055 ПАО Сбербанк,044030653,30101810500000000653,01.03.2025,
303,Павлов Иван Юрьевич,Статья 6 Закона Российской Федерации от 27.12.1991 № 2124-1 «О средствах массовой информации»,08.11.2021,,https://www.facebook.com/pavlov.svobodainfo; https://t.me/kanalsobakipavlova; https://vk.com/pavlovteam29; https://www.youtube.com/@advokatpavlov,Физические лица,,782574656494,,054-321-664 33,13.01.1971,,,,40817810355192256511,Головное отделение Северо-Западного банка №9055 ПАО Сбербанк,044030653,30101810500000000653,01.03.2025,
302,Оленичев Максим Владимирович,Статья 6 Закона Российской Федерации от 27.12.1991 № 2124-1 «О средствах массовой информации»,08.11.2021,,"https://vk.com/maxumax; 
https://www.facebook.com/molenichev",Физические лица,,100102977341,,059-435-683 98,10.05.1981,,,,40817810525861797883,Карельское отделение №8628 ПАО Сбербанк,048602673,30101810600000000673,01.03.2025,
301,"Межрегиональное общественное движение ""Российская ЛГБТ - сеть""",Статья 29.1 Федерального закона от 19.05.1995 № 82-ФЗ «Об общественных объединениях»,08.11.2021,,"https://lgbtnet.org/; 
https://youtube.com/ channel/UCVvo2gYf_ZlpXA3MO9haxdw","Общественные объединения, действующие без образования юридического лица",,,,,,"[Кочетков Игорь Викторович, Соловьева Наталья Евгеньевна]","191040, г. Санкт-Петербург, Лиговский пр-кт, д. 87, литера В
",,,,,,,
300,Заговора Максим Александрович,Статья 6 Закона Российской Федерации от 27.12.1991 № 2124-1 «О средствах массовой информации»,08.11.2021,,"https://www.youtube.com/@user-zr5kg9mo4z; 
https://vk.com/id231657334; 
https://www.facebook.com/maxim.zagovora",Физические лица,,780724423032,,145-037-229 37,07.12.1987,,,,40817810055192256510,Головное отделение Северо-Западного банка №9055 ПАО Сбербанк,044030653,30101810500000000653,01.03.2025,
299,Ветошкина Валерия Валерьевна,Статья 6 Закона Российской Федерации от 27.12.1991 № 2124-1 «О средствах массовой информации»,08.11.2021,,https://vk.com/valery_vetoshkina; https://www.facebook.com/profile.php?id=100006450367591; https://www.instagram.com/vetoshkinaaa/,Физические лица,,780438607159,,166-365-335 86,20.04.1997,,,,40817810538068998945,Московский банк ПАО Сбербанк,044525225,30101810400000000225,04.07.2025,
298,Общество с ограниченной ответственностью «Чайка Белые сады» (Общество с ограниченной ответственностью «Москоу диджитал медиа»),Статья 6 Закона Российской Федерации от 27.12.1991 № 2124-1 «О средствах массовой информации»,15.10.2021,31.05.2024,"https://republic.ru; 
https://twitter.com/Republic_Mag; 
https://www.facebook.com/republic.ru/; 
https://www.instagram.com/republic_ru/; 
https://t.me/RepublicMag",Юридические лица,,7704707198,5087746571567,,,,,,,,,,,
297,Акционерное общество «РС-Балт»,Статья 6 Закона Российской Федерации от 27.12.1991 № 2124-1 «О средствах массовой информации»,15.10.2021,25.08.2023,,Юридические лица,,7801164846,1027800547389,,,,,,,,,,,
296,Автономная некоммерческая организация по защите прав человека и информированию населения «Якутия – Наше Мнение»,Статья 25.1 Закона Российской Федерации от 27.12.1991 № 2124-1 «О средствах массовой информации»,14.10.2021,,http://yakutian.org/,Юридические лица,,1435358763,1211400002362,,,,,,40703810538000000002,"ПАО ""Сбербанк"" 117312, Москва, ул. Вавилова, 19",044525225,30101810400000000225,01.03.2025,
295,Сурначева Елизавета Дмитриевна,Статья 6 Закона Российской Федерации от 27.12.1991 № 2124-1 «О средствах массовой информации»,08.10.2021,,https://vk.com/esurnacheva; https://www.instagram.com/schroeding/; https://www.facebook.com/surnacheva; https://x.com/schroeding,Физические лица,,772403751776,,137-326-257 56,13.07.1986,,,,40817810738045100116,Московский банк ПАО Сбербанк,044525225,30101810400000000225,01.03.2025,
294,Сотников Даниил Владимирович,Статья 6 Закона Российской Федерации от 27.12.1991 № 2124-1 «О средствах массовой информации»,08.10.2021,,https://vk.com/mesotnikov; https://x.com/sotnikov_d; https://www.facebook.com/daniil.sotnikov; https://www.instagram.com/mesotnikov/,Физические лица,,773397626582,,192-919-008 97,30.09.1992,,,,40817810438045100115,Московский банк ПАО Сбербанк,044525225,30101810400000000225,01.03.2025,
293,Соловьева Елена Анатольевна,Статья 6 Закона Российской Федерации от 27.12.1991 № 2124-1 «О средствах массовой информации»,08.10.2021,,"https://vk.com/id14237091; 
https://www.facebook.com/profile.php?id=100001734038051; 
https://www.instagram.com/matv2hoda2/; 
https://twitter.com/matv2hoda2; 
https://matv2hoda.livejournal.com/",Физические лица,,110114698684,,085-152-061 50,27.03.1975,,,,40817810828782678133,Коми отделение №8617 ПАО Сбербанк,048702640,30101810400000000640,08.04.2025,
292,Симонов Евгений Алексеевич,Статья 6 Закона Российской Федерации от 27.12.1991 № 2124-1 «О средствах массовой информации»,08.10.2021,,https://www.facebook.com/profile.php?id=100011545038300; https://www.researchgate.net/profile/Eugene-Simonov,Физические лица,,507804001755,,019-690-037 64,06.05.1968,,,,40817810938046486833,Московский банк ПАО Сбербанк,044525225,30101810400000000225,08.04.2025,
291,Перл Роман Александрович,Статья 6 Закона Российской Федерации от 27.12.1991 № 2124-1 «О средствах массовой информации»,08.10.2021,,https://vk.com/rperl; https://www.youtube.com/channel/UCwCcIifFZIqrwrKmuQP_DQg,Физические лица,,780709698956,,128-020-543 16,04.05.1982,,,,40817810155192473633,Головное отделение №9055 ПАО Сбербанк,044030653,30101810500000000653,08.04.2025,
290,Общество с ограниченной ответственностью «МЕМО»,Статья 6 Закона Российской Федерации от 27.12.1991 № 2124-1 «О средствах массовой информации»,08.10.2021,,https://www.kavkaz-uzel.eu/; https://www.caucasianknot.com/; https://www.caucasianknot.net/; https://vk.com/azerbaijan_ku; https://vk.com/newsfromkavkaz; https://www.kavkaz-uzel.media/; https://www.kavkaz-uzel.org/; https://ok.ru/newsfromkavkaz; https://t.me/cknot; https://www.youtube.com/@CivilVideoCKnot; https://www.youtube.com/@CaucasianKnotEnglish; https://www.youtube.com/@CaucasianKnot; https://www.facebook.com/kavkaz.uzel/; https://x.com/caucasianknot,Юридические лица,,7707621767,5077746350567,,,,,,40702810338000000054,"ПАО ""Сбербанк"" 117312, Москва, ул. Вавилова, 19",044525225,30101810400000000225,01.03.2025,
289,Клепиковская Екатерина Дмитриевна,Статья 6 Закона Российской Федерации от 27.12.1991 № 2124-1 «О средствах массовой информации»,08.10.2021,,https://vk.com/id791332; https://www.facebook.com/katerina.klepikovskaya,Физические лица,,112104854627,,121-039-610 02,14.11.1988,,,,40817810928782655894,Коми отделение №8617 ПАО Сбербанк,048702640,30101810400000000640,01.03.2025,
288,Захаров Андрей Вячеславович,Статья 6 Закона Российской Федерации от 27.12.1991 № 2124-1 «О средствах массовой информации»,08.10.2021,,https://t.me/zakharovchannel; https://vk.com/avz1983; https://vk.com/anzakharov; https://linktr.ee/skazal_on; https://x.com/skazal_on; https://www.facebook.com/avz1983; https://one.link/skazal_on/donation,Физические лица,,781712090581,,125-638-778 85,27.07.1983,,,,40817810355192256508,Головное отделение Северо-Западного банка №9055 ПАО Сбербанк,044030653,30101810500000000653,01.03.2025,
287,"Компания «Stichting Bellingcat», зарегистрированная в Нидерландах (дата регистрации 11.07.2018)",Статья 6 Закона Российской Федерации от 27.12.1991 № 2124-1 «О средствах массовой информации»,08.10.2021,,https://ru.bellingcat.com/; https://t.me/bellingcat_en; https://t.me/bellingcat_ru; https://www.youtube.com/@bellingcatofficial;  https://t.me/bellingcat; https://vk.com/bellingcat; https://www.facebook.com/bellingcat; https://www.instagram.com/bellingcatofficial; https://bsky.app/profile/bellingcat.com; https://www.threads.com/@bellingcatofficial; https://www.patreon.com/bellingcat; https://www.twitch.tv/bellingcat_live; https://linktr.ee/bellingcatofficial,Юридические лица,72136030,,,,,,,,40807810838000000051,"ПАО ""Сбербанк"" 117312, Москва, ул. Вавилова, 19",044525225,30101810400000000225,01.03.2025,
286,"Американская компания «Mason G.E.S. Anonymous Foundation» (США), являющаяся владельцем интернет-издания https://mnews.world/",Статья 6 Закона Российской Федерации от 27.12.1991 № 2124-1 «О средствах массовой информации»,08.10.2021,,https://mnews.world/; https://www.youtube.com/@MNewsENG/featured; https://www.instagram.com/mnewsworld; https://www.threads.net/@mnewsworld; https://www.tiktok.com/@m.news.world,Юридические лица,,,,,,,,,40807810638000000060,"ПАО ""Сбербанк"" 117312, Москва, ул. Вавилова, 19",044525225,30101810400000000225,01.03.2025,
285,Вольтская Татьяна Анатольевна,Статья 6 Закона Российской Федерации от 27.12.1991 № 2124-1 «О средствах массовой информации»,08.10.2021,,https://vk.com/tatianavoltskaya; https://www.youtube.com/@TatianaVoltskayaPoems; https://t.me/voltskaya; https://vk.com/id76595796; https://www.facebook.com/tatiana.voltskaya,Физические лица,,780204166300,,067-823-025 75,12.12.1960,,,,40817810055192256507,Головное отделение Северо-Западного банка №9055 ПАО Сбербанк,044030653,30101810500000000653,01.03.2025,
284,Арапова Галина Юрьевна,Статья 6 Закона Российской Федерации от 27.12.1991 № 2124-1 «О средствах массовой информации»,08.10.2021,,https://vk.com/id168524465; https://www.facebook.com/galina.arapova.9,Физические лица,,366308919806,,035-219-799 59,16.06.1972,,,,40817810113007207683,Воронежское отделение №9013 ПАО Сбербанк,042007681,30101810600000000681,01.03.2025,
283,Общество с ограниченной ответственностью «ЖУРНАЛИСТ-ИНОСТРАННЫЙ АГЕНТ»,Статья 25.1 Закона Российской Федерации от 27.12.1991 № 2124-1 «О средствах массовой информации»,01.10.2021,14.02.2025,,Юридические лица,,6027204468,1216000001436,,,,,,,,,,,
282,Тихонов Михаил Сергеевич,Статья 6 Закона Российской Федерации от 27.12.1991 № 2124-1 «О средствах массовой информации»,29.09.2021,,https://www.facebook.com/tikhonovmc,Физические лица,,165807915905,,132-086-068 30,30.03.1990,,,,40817810862490027082,Банк Татарстан отделение №8610 ПАО Сбербанк,049205603,30101810600000000603,01.03.2025,
281,Смирнов Сергей Сергеевич,Статья 6 Закона Российской Федерации от 27.12.1991 № 2124-1 «О средствах массовой информации»,29.09.2021,,https://t.me/sssmirnovmedia; https://www.youtube.com/@sssmirnov; https://www.patreon.com/sssmirnov; https://boosty.to/sssmirnov; https://x.com/sssmirnov; https://www.instagram.com/sssmirnov/; https://t.me/minjustuebki; https://www.facebook.com/sergey.smirnov.165685,Физические лица,,771533460423,,042-114-139 91,20.04.1975,,,,40817810138045100114,Московский банк ПАО Сбербанк,044525225,30101810400000000225,01.03.2025,
280,Пискунов Сергей Евгеньевич,Статья 6 Закона Российской Федерации от 27.12.1991 № 2124-1 «О средствах массовой информации»,29.09.2021,,https://vk.com/id6912755; https://ok.ru/profile/558728889194,Физические лица,,246212063406,,083-642-397 82,05.10.1983,,,,40817810126008666489,Кемеровское отделение №8615 ПАО Сбербанк,043207612,30101810200000000612,01.03.2025,
279,Пигалкин Илья Валерьевич,Статья 6 Закона Российской Федерации от 27.12.1991 № 2124-1 «О средствах массовой информации»,29.09.2021,06.05.2022,,Физические лица,,,,,20.01.1979,,,,,,,,,
278,Петров Алексей Викторович,Статья 6 Закона Российской Федерации от 27.12.1991 № 2124-1 «О средствах массовой информации»,29.09.2021,,https://www.youtube.com/@PetrovMedia; https://t.me/petrov_irk; https://www.facebook.com/alexey.petrov.790; https://vk.com/alexey_petrov1975; https://www.instagram.com/petrov.media/; https://www.instagram.com/alexey_petrov_irk/; https://ok.ru/profile/564118820810; https://vk.com/petrov.media; https://ok.ru/petrov.media; https://dzen.ru/PetrovMedia; https://t.me/Petrov_Media,Физические лица,,381009837997,,101-100-421 39,11.09.1975,,,,40817810918352962250,Иркутское отделение №8586 ПАО Сбербанк,042520607,30101810900000000607,01.03.2025,
277,Лютов Александр Иванович,Статья 6 Закона Российской Федерации от 27.12.1991 № 2124-1 «О средствах массовой информации»,29.09.2021,06.05.2022,,Физические лица,,,,,19.10.1987,,,,,,,,,
276,Любарев Аркадий Ефимович,Статья 6 Закона Российской Федерации от 27.12.1991 № 2124-1 «О средствах массовой информации»,29.09.2021,29.04.2022,,Физические лица,,,,,17.04.1958,,,,,,,,,
275,Кузьмина Людмила Гавриловна,Статья 6 Закона Российской Федерации от 27.12.1991 № 2124-1 «О средствах массовой информации»,29.09.2021,29.04.2022,,Физические лица,,,,,09.01.1950,,,,,,,,,
274,Костылева Полина Владимировна,Статья 6 Закона Российской Федерации от 27.12.1991 № 2124-1 «О средствах массовой информации»,29.09.2021,23.08.2022,,Физические лица,,,,,25.08.1977,,,,,,,,,
273,Ковин Виталий Сергеевич,Статья 6 Закона Российской Федерации от 27.12.1991 № 2124-1 «О средствах массовой информации»,29.09.2021,05.10.2022,,Физические лица,,,,,09.03.1970,,,,,,,,,
272,Кильтау Екатерина Викторовна,Статья 6 Закона Российской Федерации от 27.12.1991 № 2124-1 «О средствах массовой информации»,29.09.2021,,https://www.facebook.com/kiltaukaterina/; https://vk.com/kiltaukaterina; https://ok.ru/profile/543713069810,Физические лица,,220901793709,,161-858-853 04,14.02.1992,,,,40817810702005833113,Алтайское отделение №8644 ПАО Сбербанк,040173604,30101810200000000604,01.03.2025,
271,Каткова Вероника Вячеславовна,Статья 6 Закона Российской Федерации от 27.12.1991 № 2124-1 «О средствах массовой информации»,29.09.2021,28.02.2023,,Физические лица,,,,,20.07.1955,,,,,,,,,
270,Карезина Инна Павловна,Статья 6 Закона Российской Федерации от 27.12.1991 № 2124-1 «О средствах массовой информации»,29.09.2021,,https://www.youtube.com/@1357917; https://www.youtube.com/@ИннаКарезина; https://x.com/karezzina,Физические лица,,301604876880,,042-737-171 48,13.06.1972,,,,40817810838700402185,Московский банк ПАО Сбербанк,044525225,30101810400000000225,01.03.2025,
269,Иванова София Юрьевна,Статья 6 Закона Российской Федерации от 27.12.1991 № 2124-1 «О средствах массовой информации»,29.09.2021,,https://ok.ru/sofiya.ivanovabarantseva; https://vk.com/sofiva; https://www.facebook.com/IvanovaSY; https://x.com/ivanovasy,Физические лица,,623103071858,,037-008-802 30,19.08.1962,,,,40817810853003487655,Рязанское отделение №8606 ПАО Сбербанк,046126614,30101810500000000614,01.03.2025,
268,Общество с ограниченной ответственностью «ЗП»,Статья 6 Закона Российской Федерации от 27.12.1991 № 2124-1 «О средствах массовой информации»,29.09.2021,12.04.2024,,Юридические лица,,7716777471,1147746680157,,,,,,,,,,,
267,Общество с ограниченной ответственностью «Зона права»,Статья 6 Закона Российской Федерации от 27.12.1991 № 2124-1 «О средствах массовой информации»,29.09.2021,21.07.2023,,Юридические лица,,7743143097,1167746222269,,,,,,,,,,,
266,Жилкин Владимир Владимирович,Статья 6 Закона Российской Федерации от 27.12.1991 № 2124-1 «О средствах массовой информации»,29.09.2021,06.05.2022,,Физические лица,,,,,21.12.1974,,,,,,,,,
265,Жилинский Владимир Александрович,Статья 6 Закона Российской Федерации от 27.12.1991 № 2124-1 «О средствах массовой информации»,29.09.2021,,https://vk.com/zylinski; https://ok.ru/vzhilinsky; https://www.youtube.com/@VladimirZhilinsky; https://t.me/MinisterOfJusticeOfficial; https://x.com/zhilinsky; https://www.facebook.com/zhilinsky; https://www.instagram.com/zhilinsky/; https://www.threads.net/@zhilinsky,Физические лица,,602717521790,,146-955-285 07,27.08.1984,,,,40817810151861520330,Псковское отделение №8630 ПАО Сбербанк,045805602,30101810300000000602,01.03.2025,
264,Егоров Владимир Владимирович,Статья 6 Закона Российской Федерации от 27.12.1991 № 2124-1 «О средствах массовой информации»,29.09.2021,,https://vk.com/egorowww; https://www.youtube.com/@egorowww; https://x.com/egorowww,Физические лица,,773000817137,,138-336-371 69,07.08.1968,,,,40817810538700402184,Московский банк ПАО Сбербанк,044525225,30101810400000000225,01.03.2025,
263,"Медиапроект ""ОВД-Инфо""",Статья 29.1 Федерального закона от 19.05.1995 № 82-ФЗ «Об общественных объединениях»,29.09.2021,,"https://ovdinfo.org;https://www.facebook.com/ovdinfo;https://vk.com/ovdinfo;https://instagram.com/ovdinfo;https://ovdinfo.medium.com;https://ovd.info;https://youtube.com/@kakteper;https://ovdinfo.legal/;https://en.ovdinfo.org/;https://www.instagram.com/ovdinfo_en;https://www.linkedin.com/company/ovdinfo/;https://www.threads.net/@ovdinfo_en;https://ok.ru/ovdinfo;https://ira-nymphs-132559.appspot.com/;https://dyatel.io/;https://dyatel-tuk-tuk.org/;https://generaptor.ovdinfo.legal/;https://letters-now.org/;https://maltas-rites-724846.appspot.com/;https://baymak.io/;https://x.com/ovdinfo;https://x.com/ovdinfo_en;https://t.me/ovdinfo, ID -1001106076053;https://t.me/ovdinfolive, ID -1001596253373;https://t.me/ovdinfo_data, ID -1001502526454;https://www.24liveblog.com/user/2993707997590884432;https://media.ovdinfo.com/;https://fluent-beyer-954835.appspot.com/;https://airtable.com/appwUgcSTJNZsTL4B/shrISdU8XZrpH7YvU;https://generaptor.oi.legal;https://repression.info","Общественные объединения, действующие без образования юридического лица",,,,,,"[Охотин Григорий Никитич, Бейлинсон Даниил Александрович]",г. Москва,,,,,,,
262,Гусев Андрей Юрьевич,Статья 6 Закона Российской Федерации от 27.12.1991 № 2124-1 «О средствах массовой информации»,29.09.2021,,https://vk.com/id2077107; https://ok.ru/profile/31032676573; https://www.facebook.com/andrey.gusev.984,Физические лица,,253801190331,,078-368-741 20,06.10.1983,,,,40817810850005648106,Приморское отделение №8635 ПАО Сбербанк,040813608,30101810600000000608,01.03.2025,
261,Гурман Юрий Альбертович,Статья 6 Закона Российской Федерации от 27.12.1991 № 2124-1 «О средствах массовой информации»,29.09.2021,,https://www.facebook.com/yurii.gurman; https://www.youtube.com/channel/UCVA2_2QqszVLpdIzholqvGw,Физические лица,,744001682894,,025-249-258 42,19.07.1972,,,,40817810572009671905,Челябинское отделение №8597 ПАО Сбербанк,047501602,30101810700000000602,01.03.2025,
260,Грезев Александр Викторович,Статья 6 Закона Российской Федерации от 27.12.1991 № 2124-1 «О средствах массовой информации»,29.09.2021,06.05.2022,,Физические лица,,,,,07.01.1987,,,,,,,,,
259,Автономная некоммерческая организация «Нижегородский центр немецкой и европейской культуры»,Статья 32 Федерального закона от 12.01.1996 № 7-ФЗ «О некоммерческих организациях»,29.09.2021,,,Юридические лица,,5260243935,1085200006132,,,,,,40703810738000000954,"ПАО ""Сбербанк"" 117312, Москва, ул. Вавилова, 19",044525225,30101810400000000225,01.03.2025,
258,Ивановская областная общественная организация «Центр гендерных исследований»,Статья 32 Федерального закона от 12.01.1996 № 7-ФЗ «О некоммерческих организациях»,29.09.2021,,http://icgs.ru/ru/; https://www.youtube.com/@Ивановскийцентргендерныхисслед,Юридические лица,,3729026725,1033700020683,,,,,,40703810917000000026,"ПАО ""Сбербанк"" 117312, Москва, ул. Вавилова, 19",042406608,30101810000000000608,01.03.2025,
257,Верзилов Петр Юрьевич,Статья 6 Закона Российской Федерации от 27.12.1991 № 2124-1 «О средствах массовой информации»,29.09.2021,,https://t.me/verzilovlive; https://x.com/gruppa_voina; https://www.instagram.com/petyaverzilov/; https://www.facebook.com/peter.verzilov,Физические лица,,774342289114,,193-622-509 79,25.10.1987,,,,40817810338068879688,Московский банк ПАО Сбербанк,044525225,30101810400000000225,08.04.2025,
256,Важенков Артем Валерьевич,Статья 6 Закона Российской Федерации от 27.12.1991 № 2124-1 «О средствах массовой информации»,29.09.2021,,https://vk.com/vazhenkov; https://www.youtube.com/@АртёмВаженков; https://art-vazhenkov.livejournal.com/; https://t.me/vazhenkovteam; https://ok.ru/komanda.v; https://www.tiktok.com/@vazhenkov; https://www.facebook.com/vazhenkov; https://www.instagram.com/vazhenkovart/,Физические лица,,691105156561,,120-963-271 41,25.03.1981,,,,40817810363007506717,Тверское отделение №8607 ПАО Сбербанк,042809679,30101810700000000679,01.03.2025,
255,Общество с ограниченной ответственностью «Важные иноагенты»,Статья 25.1 Закона Российской Федерации от 27.12.1991 № 2124-1 «О средствах массовой информации»,27.09.2021,,,Юридические лица,,9704087526,1217700424260,,,,,,40702810538000000294,"ПАО ""Сбербанк"" 117312, Москва, ул. Вавилова, 19",044525225,30101810400000000225,01.03.2025,
254,Общество с ограниченной ответственностью «Ромашки монолит»,Статья 25.1 Закона Российской Федерации от 27.12.1991 № 2124-1 «О средствах массовой информации»,03.09.2021,,,Юридические лица,,9701182563,1217700377487,,,,,,40702810438000000268,"ПАО ""Сбербанк"" 117312, Москва, ул. Вавилова, 19",044525225,30101810400000000225,01.03.2025,
253,Общество с ограниченной ответственностью «Главный редактор 2021»,Статья 25.1 Закона Российской Федерации от 27.12.1991 № 2124-1 «О средствах массовой информации»,03.09.2021,,,Юридические лица,,9715404914,1217700378070,,,,,,40702810838000000004,"ПАО ""Сбербанк"" 117312, Москва, ул. Вавилова, 19",044525225,30101810400000000225,01.03.2025,
252,Общество с ограниченной ответственностью «Вега 2021»,Статья 25.1 Закона Российской Федерации от 27.12.1991 № 2124-1 «О средствах массовой информации»,03.09.2021,18.10.2024,,Юридические лица,,7751203110,1217700376981,,,,,,,,,,,
251,Общество с ограниченной ответственностью «Альтаир 2021»,Статья 25.1 Закона Российской Федерации от 27.12.1991 № 2124-1 «О средствах массовой информации»,03.09.2021,22.11.2024,,Юридические лица,,9723121839,1217700377432,,,,,,,,,,,
250,Шмагун Олеся Валентиновна,Статья 6 Закона Российской Федерации от 27.12.1991 № 2124-1 «О средствах массовой информации»,20.08.2021,,https://www.youtube.com/@olesyashmagun936; https://vk.com/o.shmagun; https://ok.ru/profile/266437032; https://t.me/princetonadventure; https://www.instagram.com/shmagun; https://x.com/shmagun; https://www.facebook.com/olesya.shmagun,Физические лица,,773386578697,,124-518-835 54,21.08.1987,,,,40817810438263096234,Московский банк ПАО Сбербанк,044525225,30101810400000000225,08.04.2025,
249,Шлейнов Роман Юрьевич,Статья 6 Закона Российской Федерации от 27.12.1991 № 2124-1 «О средствах массовой информации»,20.08.2021,,https://www.facebook.com/roman.shleynov,Физические лица,,166108238201,,123-212-410 85,05.01.1975,,,,40817810338115400434,Московский банк ПАО Сбербанк,044525225,30101810400000000225,01.03.2025,
248,Общество с ограниченной ответственностью Телеканал Дождь,Статья 6 Закона Российской Федерации от 27.12.1991 № 2124-1 «О средствах массовой информации»,20.08.2021,01.12.2023,,Юридические лица,,7703663928,1087746541772,,,,,,,,,,,
247,Петров Степан Юрьевич,Статья 6 Закона Российской Федерации от 27.12.1991 № 2124-1 «О средствах массовой информации»,20.08.2021,,http://stepanpetrov.blogspot.com/; https://www.youtube.com/@stepanpetrov4420; https://www.facebook.com/profile.php?id=100003092240941,Физические лица,,143508179880,,068-585-860 28,05.01.1978,,,,40817810176002134242,Якутское отделение №8603 ПАО Сбербанк,049805609,30101810400000000609,01.03.2025,
246,Мароховская Алеся Алексеевна,Статья 6 Закона Российской Федерации от 27.12.1991 № 2124-1 «О средствах массовой информации»,20.08.2021,,https://www.instagram.com/marohovskaya/; https://www.facebook.com/AlesyaMarohovskaya/; https://vk.com/marohovskaya_alesya,Физические лица,,340735402694,,146-182-133 48,01.04.1995,,,,,,,,,
245,Долинина Ирина Николаевна,Статья 6 Закона Российской Федерации от 27.12.1991 № 2124-1 «О средствах массовой информации»,20.08.2021,,https://vk.com/i.dolinina; https://www.facebook.com/iradolinina/; https://www.youtube.com/@IraDolinina,Физические лица,,526317406448,,163-473-841 81,06.12.1994,,,,40817810842000279172,Нижегородское отделение №9042 ПАО Сбербанк,042202603,30101810900000000603,01.03.2025,
244,"Великовский Дмитрий Александрович ""Мика Великовский""",Статья 6 Закона Российской Федерации от 27.12.1991 № 2124-1 «О средствах массовой информации»,20.08.2021,,https://istories.media/author/dmitry-velikovsky/,Физические лица,,770203935589,,055-497-706 98,08.04.1980,,,,40817810138068815554,Московский банк ПАО Сбербанк,044525225,30101810400000000225,01.03.2025,
243,"Юридическое лицо Istories fonds, зарегистрированное в Латвийской Республике (регистрационный номер 50008295751, дата регистрации 24.02.2020)",Статья 6 Закона Российской Федерации от 27.12.1991 № 2124-1 «О средствах массовой информации»,20.08.2021,,https://istories.media/; https://t.me/istories_media; https://www.youtube.com/@istories_workshop; https://t.me/istories_workshop; https://www.youtube.com/@istories_media; https://www.instagram.com/istories.media; https://www.facebook.com/istories.media; https://x.com/istories_media,Юридические лица,50008295751,,,,,,,,40807810538000000063,"ПАО ""Сбербанк"" 117312, Москва, ул. Вавилова, 19",044525225,30101810400000000225,01.03.2025,
242,Пермская региональная общественная организация поддержки и развития медиа-проектов «Четвертый сектор»,Статья 32 Федерального закона от 12.01.1996 № 7-ФЗ «О некоммерческих организациях»,20.08.2021,10.11.2021,,Юридические лица,,5906149908,1175958040170,,,,,,,,,,,
241,Анин Роман Александрович,Статья 6 Закона Российской Федерации от 27.12.1991 № 2124-1 «О средствах массовой информации»,20.08.2021,,https://istories.media/author/roman-anin/; https://novayagazeta.ru/authors/44,Физические лица,,760212547000,,141-863-597 77,16.12.1986,,,,40817810238700402183,Московский банк ПАО Сбербанк,044525225,30101810400000000225,01.03.2025,
240,"Общероссийское общественное движение в защиту прав избирателей ""Голос""",Статья 29.1 Федерального закона от 19.05.1995 № 82-ФЗ «Об общественных объединениях»,18.08.2021,,https://www.golosinfo.org/,"Общественные объединения, действующие без образования юридического лица",,,,,,"[Андрейчук Станислав, Мельконьянц Григорий, Удот Роман]","г. Москва
",,,,,,,
239,Рубин Михаил Аркадьевич,Статья 6 Закона Российской Федерации от 27.12.1991 № 2124-1 «О средствах массовой информации»,23.07.2021,,https://www.facebook.com/profile.php?id=100001043386282; https://x.com/Mikh_Rubin,Физические лица,,771470675624,,142-165-383 38,20.04.1988,,,,,,,,,
238,Рождественский Илья Дмитриевич,Статья 6 Закона Российской Федерации от 27.12.1991 № 2124-1 «О средствах массовой информации»,23.07.2021,,https://x.com/akselenc; https://iliarozhdestvenskii.medium.com/; https://www.facebook.com/ilia.rozhdestvensky,Физические лица,,772087251099,,169-525-752 11,15.06.1990,,,,,,,,,
237,Постернак Алексей Евгеньевич,Статья 6 Закона Российской Федерации от 27.12.1991 № 2124-1 «О средствах массовой информации»,23.07.2021,,,Физические лица,,254000457602,,109-358-049 63,20.05.1992,,,,40817810550005648105,Приморское отделение №8635 ПАО Сбербанк,040813608,30101810600000000608,01.03.2025,
236,Гройсман Софья Романовна,Статья 6 Закона Российской Федерации от 27.12.1991 № 2124-1 «О средствах массовой информации»,23.07.2021,,https://vk.com/sonyagro; https://t.me/privetinoagent; https://www.facebook.com/sonya.groysman; https://www.instagram.com/sonyagro/; https://www.instagram.com/privetinoagent/; https://www.patreon.com/privetinoagent; https://www.youtube.com/@privetinoagent; https://x.com/sonyagro,Физические лица,,540703111909,,116-131-505 03,13.04.1994,,,,40817810138263045682,Московский банк ПАО Сбербанк,044525225,30101810400000000225,01.03.2025,
235,"Юридическое лицо «The Insider SIA», зарегистрированное в Риге, Латвийская Республика (дата регистрации 26.06.2015), являющееся администратором доменного имени интернет-издания «The Insider SIA», https://theins.ru",Статья 6 Закона Российской Федерации от 27.12.1991 № 2124-1 «О средствах массовой информации»,23.07.2021,,https://theins.ru/; https://t.me/theinsider; https://www.facebook.com/TheInsiderRussia; https://www.youtube.com/@TheInsiderVideo; https://www.youtube.com/@theinsiderlive; https://x.com/the_ins_ru,Юридические лица,,,,,,,,,40807810338000000069,"ПАО ""Сбербанк"" 117312, Москва, ул. Вавилова, 19",044525225,30101810400000000225,01.03.2025,
234,Некоммерческая организация «Фонд защиты прав граждан «Штаб»,Статья 32 Федерального закона от 12.01.1996 № 7-ФЗ «О некоммерческих организациях»,23.07.2021,12.04.2022,,Юридические лица,,0274946777,1190280033481,,,,,,,,,,,
233,Апухтина Юлия Владимировна,Статья 6 Закона Российской Федерации от 27.12.1991 № 2124-1 «О средствах массовой информации»,23.07.2021,07.03.2024,,Физические лица,,633007574125,,059-458-092 02,29.09.1977,,,,,,,,,
232,Ярош Юлия Петровна,Статья 6 Закона Российской Федерации от 27.12.1991 № 2124-1 «О средствах массовой информации»,15.07.2021,,https://www.facebook.com/yyarosh,Физические лица,,771526220815,,038-865-375 04,22.04.1978,,,,40817810838045100113,Московский банк ПАО Сбербанк,044525225,30101810400000000225,01.03.2025,
231,Чуракова Ольга Владимировна,Статья 6 Закона Российской Федерации от 27.12.1991 № 2124-1 «О средствах массовой информации»,15.07.2021,,https://www.patreon.com/privetinoagent; https://www.youtube.com/@privetinoagent; https://www.instagram.com/privetinoagent/; https://www.facebook.com/churakova.olga.3; https://t.me/privetinoagent; https://www.instagram.com/olylala/; https://www.tiktok.com/@olya_churakova_,Физические лица,,504711359310,,157-169-200 75,02.02.1989,,,,40817810938700402182,Московский банк ПАО Сбербанк,044525225,30101810400000000225,01.03.2025,
230,Маняхин Петр Борисович,Статья 6 Закона Российской Федерации от 27.12.1991 № 2124-1 «О средствах массовой информации»,15.07.2021,,https://vk.com/gschn; https://vk.com/public63076859; https://vk.com/pm0998; https://project12487135.tilda.ws,Физические лица,,540702790599,,194-205-425 61,14.09.1998,,,,40817810738068998965,Московский банк ПАО Сбербанк,044525225,30101810400000000225,04.07.2025,
229,Маетная Елизавета Витальевна,Статья 6 Закона Российской Федерации от 27.12.1991 № 2124-1 «О средствах массовой информации»,15.07.2021,,https://vk.com/id78833422; https://my.mail.ru/mail/lisa_ma/; https://www.facebook.com/profile.php?id=100001338855182,Физические лица,,504713308511,,001-356-804 01,30.06.1974,,,,40817810838263045681,Московский банк ПАО Сбербанк,044525225,30101810400000000225,01.03.2025,
228,Лукьянова Юлия Сергеевна,Статья 6 Закона Российской Федерации от 27.12.1991 № 2124-1 «О средствах массовой информации»,15.07.2021,,https://vk.com/lukyanovayu; https://www.instagram.com/yusergeevna/; https://x.com/gdetekst; https://www.facebook.com/lukyanovayu,Физические лица,,772745836408,,147-741-684 93,28.03.1997,,,,,,,,,
227,Железнова Мария Михайловна,Статья 6 Закона Российской Федерации от 27.12.1991 № 2124-1 «О средствах массовой информации»,15.07.2021,,https://www.facebook.com/masha.zheleznova,Физические лица,,771877045143,,076-150-815 59,12.04.1979,,,,40817810340109198821,Головное отделение Среднерусского банка №9040 ПАО Сбербанк,044525225,30101810400000000225,01.03.2025,
226,Гликин Максим Александрович,Статья 6 Закона Российской Федерации от 27.12.1991 № 2124-1 «О средствах массовой информации»,15.07.2021,,https://www.facebook.com/mglikin,Физические лица,,771200578563,,019-405-675 51,13.09.1969,,,,40817810800027037012,Московский банк ПАО Сбербанк,044525225,30101810400000000225,01.03.2025,
225,Баданин Роман Сергеевич,Статья 6 Закона Российской Федерации от 27.12.1991 № 2124-1 «О средствах массовой информации»,15.07.2021,,https://x.com/Rbadanin; https://www.facebook.com/100010368634687; https://www.facebook.com/profile.php?id=100070316041473,Физические лица,,450132926834,,007-292-113 21,06.11.1976,,,,,,,,,
224,Автономная некоммерческая организация «Институт права и публичной политики»,Статья 32 Федерального закона от 12.01.1996 № 7-ФЗ «О некоммерческих организациях»,15.07.2021,,https://ilpp.ru/; https://t.me/ilpp_public; https://vk.com/ilppr; https://www.youtube.com/@ilpp; https://www.facebook.com/ilppr,Юридические лица,,7702297281,1027739578767,,,,,,40703810838000000870,"ПАО ""Сбербанк"" 117312, Москва, ул. Вавилова, 19",044525225,30101810400000000225,01.03.2025,
223,Автономная некоммерческая организация по содействию распространению современных образовательных программ «Лаборатория социальных наук»,Статья 32 Федерального закона от 12.01.1996 № 7-ФЗ «О некоммерческих организациях»,21.06.2021,09.12.2021,,Юридические лица,,9701095046,1177700020860,,,,,,,,,,,
222,"Юридическое лицо, зарегистрированное в Королевстве Нидерландов, Stichting 2 Oktober (регистрационный номер № 69126968), являющееся администратором доменного имени интернет-ресурса «VTimes.io»",Статья 6 Закона Российской Федерации от 27.12.1991 № 2124-1 «О средствах массовой информации»,14.05.2021,,https://dzen.ru/vtimesmedia,Юридические лица,69126968,,,,,,,,40807810138000000081,"ПАО ""Сбербанк"" 117312, Москва, ул. Вавилова, 19",044525225,30101810400000000225,01.03.2025,
221,Некоммерческая организация «Фонд по борьбе с коррупцией»,Статья 32 Федерального закона от 12.01.1996 № 7-ФЗ «О некоммерческих организациях»,12.05.2021,,https://fbk.info/; https://vk.com/blank.php?rkn=87100272; https://www.facebook.com/anticorruption.fond/; https://x.com/fbkinfo; https://www.instagram.com/fbk.info/,Юридические лица,,9724015640,1207700230121,,,,,,40703810338000000668,"ПАО ""Сбербанк"" 117312, Москва, ул. Вавилова, 19",044525225,30101810400000000225,01.03.2025,
220,Общество с ограниченной ответственностью «Первое антикоррупционное СМИ»,Статья 6 Закона Российской Федерации от 27.12.1991 № 2124-1 «О средствах массовой информации»,23.04.2021,,,Юридические лица,,7704337846,5157746112156,,,,,,40702810238000000044,"ПАО ""Сбербанк"" 117312, Москва, ул. Вавилова, 19",044525225,30101810400000000225,01.03.2025,
219,"Юридическое лицо, зарегистрированное в Латвийской Республике, SIA «Medusa Project» (регистрационный номер 40103797863, дата регистрации 10.06.2014)",Статья 6 Закона Российской Федерации от 27.12.1991 № 2124-1 «О средствах массовой информации»,23.04.2021,,"https://meduza.io/; https://t.me/meduzapro; https://t.me/meduzasignal; https://dzen.ru/meduza.io; https://t.me/meduzalive; https://www.youtube.com/@meduzapodcasts; https://t.me/meduza_news; https://www.youtube.com/@MeduzaPro; https://vk.com/meduzaproject; https://meduza-io-feed.livejournal.com/;  https://t.me/plottwist_m, ID: -1002154290264",Юридические лица,40103797863,,,,,,,,40807810038000000097,"ПАО ""Сбербанк"" 117312, Москва, ул. Вавилова, 19",044525225,30101810400000000225,01.03.2025,
218,Межрегиональный профессиональный союз работников здравоохранения «Альянс врачей»,Статья 32 Федерального закона от 12.01.1996 № 7-ФЗ «О некоммерческих организациях»,03.03.2021,,https://ok.ru/alyansvrachey; https://www.youtube.com/@AnastasiaVasillyeva; https://vk.com/alyansvrachey; https://www.alyansvrachey.ru; https://vk.com/alyansvrachey_mo; https://vk.com/alyansvrachey_lip; https://vk.com/alyansvrachey_kgn; https://vk.com/alyansvrachey_astr; https://vk.com/alyans_yar; https://vk.com/public196337398; https://vk.com/club205252870; https://vk.com/alyansvrachey_ekb; https://vk.com/alyansvrachey_vlg; https://vk.com/alyansvrachey_lo; https://vk.com/alyansvrachey_spb; https://vk.com/alyansvrachey_omsk; https://vk.com/alyansvrachey_srtv; https://vk.com/alyansvrachey_mur; https://vk.com/alyansvrachey_vn; https://vk.com/club201336605; https://vk.com/alyansvrachey_kmr; https://vk.com/alyansvrachey_perm; https://www.instagram.com/alyansvrachey/; https://x.com/alyansvrachey,Юридические лица,,9723062894,1187700013698,,,,,,40703810738000001830,"ПАО ""Сбербанк"" 117312, Москва, ул. Вавилова, 19",044525225,30101810400000000225,01.03.2025,
217,"Автономная некоммерческая организация ""Центр по работе с проблемой насилия"" (Автономная некоммерческая организация «Центр по работе с проблемой насилия «НАСИЛИЮ.НЕТ»)",Статья 32 Федерального закона от 12.01.1996 № 7-ФЗ «О некоммерческих организациях»,29.12.2020,,https://nasiliu.net/; https://vk.com/club200917050; https://vk.com/nasiliutochkanet; https://www.youtube.com/@nasiliutochkanet; https://t.me/nn_com;  https://www.patreon.com/nasiliu_net,Юридические лица,,7720421735,1187700006911,,,,,,40703810038000001242,"ПАО ""Сбербанк"" 117312, Москва, ул. Вавилова, 19",044525225,30101810400000000225,01.03.2025,
216,Савицкая Людмила Алексеевна,Статья 6 Закона Российской Федерации от 27.12.1991 № 2124-1 «О средствах массовой информации»,28.12.2020,,https://vk.com/id25797959; https://lsavitskaya.tilda.ws/; https://www.instagram.com/lsavitskaya_/; https://www.facebook.com/lsavitskaya,Физические лица,,602722507030,,170-687-796 12,22.01.1991,,,,40817810751861520329,Псковское отделение №8630 ПАО Сбербанк,045805602,30101810300000000602,01.03.2025,
215,Пономарев Лев Александрович,Статья 6 Закона Российской Федерации от 27.12.1991 № 2124-1 «О средствах массовой информации»,28.12.2020,,https://www.youtube.com/@levzaprava; https://t.me/Lev_Ponomarev_Resistance; https://www.facebook.com/levpon41; https://vk.com/l.a.ponomarev; https://lev-ponomarev.livejournal.com/,Физические лица,,773404771583,,020-658-219 25,02.09.1941,,,,40817810638700402181,Московский банк ПАО Сбербанк,044525225,30101810400000000225,01.03.2025,
214,Маркелов Сергей Евгеньевич,Статья 6 Закона Российской Федерации от 27.12.1991 № 2124-1 «О средствах массовой информации»,28.12.2020,,http://xamin.tilda.ws/cv?fbclid=IwAR0VahYgErIPCn4LTpvm3gN4ATLIMi-VqRmniak6xjRX_UHATCEtzUDamEs; https://vk.com/markeloff;  https://www.facebook.com/marcelbeda; https://x.com/markelov07131; https://www.linkedin.com/in/sergei-markelov-624b32140/; https://www.linkedin.com/in/sergei-markelov-624b32140/,Физические лица,,100122365435,,134-056-978 58,11.10.1986,,,,40817810225861797882,Карельское отделение №8628 ПАО Сбербанк,048602673,30101810600000000673,01.03.2025,
213,Камалягин Денис Николаевич,Статья 6 Закона Российской Федерации от 27.12.1991 № 2124-1 «О средствах массовой информации»,28.12.2020,,https://t.me/guberniaband; https://t.me/iwantmorecoffee; https://www.youtube.com/@ДенисКамалягин; https://vk.com/id626810696; https://t.me/focus_reborn; https://www.facebook.com/denis.kamalyagin; https://vk.com/gubernia_vk,Физические лица,,602723196108,,073-189-300 67,22.02.1985,,,,40817810451861520328,Псковское отделение №8630 ПАО Сбербанк,045805602,30101810300000000602,01.03.2025,
212,Апахончич Дарья Александровна,Статья 6 Закона Российской Федерации от 27.12.1991 № 2124-1 «О средствах массовой информации»,28.12.2020,,https://vk.com/apakhonchich; https://www.facebook.com/gagarcka; https://www.instagram.com/daria_apakhonchich/,Физические лица,,420590908780,,135-692-757 94,24.03.1985,,,,40817810255192256501,Головное отделение Северо-Западного банка №9055 ПАО Сбербанк,044030653,30101810500000000653,01.03.2025,
211,Красноярская региональная общественная организация «Мы против СПИДа»,Статья 32 Федерального закона от 12.01.1996 № 7-ФЗ «О некоммерческих организациях»,25.12.2020,21.03.2025,https://protivspida24.ru/,Юридические лица,,2466068777,1022400005000,,,,,,40703810238000000496,"ПАО ""Сбербанк"" 117312, Москва, ул. Вавилова, 19",044525225,30101810400000000225,01.03.2025,
210,Программно-целевой Благотворительный Фонд «СВЕЧА»,Статья 32 Федерального закона от 12.01.1996 № 7-ФЗ «О некоммерческих организациях»,25.12.2020,27.06.2022,,Юридические лица,,7814306505,1047855090436,,,,,,,,,,,
209,Некоммерческая организация «Фонд защиты прав граждан»,Статья 32 Федерального закона от 12.01.1996 № 7-ФЗ «О некоммерческих организациях»,25.12.2020,08.09.2021,,Юридические лица,,7838086111,1197800001959,,,,,,,,,,,
208,Чешское информационное агентство «MEDIUM-ORIENT»,Статья 6 Закона Российской Федерации от 27.12.1991 № 2124-1 «О средствах массовой информации»,21.12.2020,,https://caucasustimes.com/ru/; https://www.facebook.com/caucasusnews/; https://x.com/TimesCaucasus; https://www.youtube.com/@caucasustimes4192,Юридические лица,27100791,,,,,,,,40807810738000000106,"ПАО ""Сбербанк"" 117312, Москва, ул. Вавилова, 19",044525225,30101810400000000225,01.03.2025,
207,Автономная некоммерческая организация социально-правовых услуг «Акцент»,Статья 32 Федерального закона от 12.01.1996 № 7-ФЗ «О некоммерческих организациях»,21.12.2020,16.08.2021,,Юридические лица,,6686076386,1169600000492,,,,,,,,,,,
206,Межрегиональная общественная организация реализации социально-просветительских инициатив и образовательных проектов «Открытый Петербург»,Статья 32 Федерального закона от 12.01.1996 № 7-ФЗ «О некоммерческих организациях»,21.12.2020,29.11.2023,,Юридические лица,,7801338549,1177800005063,,,,,,,,,,,
205,Социально-ориентированная автономная некоммерческая организация содействия профилактике и охране здоровья граждан «Феникс плюс»,Статья 32 Федерального закона от 12.01.1996 № 7-ФЗ «О некоммерческих организациях»,21.12.2020,09.12.2021,,Юридические лица,,5752081044,1195749002712,,,,,,,,,,,
204,Санкт-Петербургский благотворительный фонд «Гуманитарное действие»,Статья 32 Федерального закона от 12.01.1996 № 7-ФЗ «О некоммерческих организациях»,21.12.2020,09.09.2022,,Юридические лица,,7801183567,1037858012697,,,,,,,,,,,
203,Фонд содействия правовому просвещению населения «Лига Избирателей»,Статья 32 Федерального закона от 12.01.1996 № 7-ФЗ «О некоммерческих организациях»,28.10.2020,27.09.2022,,Юридические лица,,7706470890,1137799000041,,,,,,,,,,,
202,Автономная некоммерческая организация Центр развития социальных инициатив «Проектория»,Статья 32 Федерального закона от 12.01.1996 № 7-ФЗ «О некоммерческих организациях»,22.04.2020,05.11.2020,,Юридические лица,,7706445477,1167700076763,,,,,,,,,,,
201,Общество с ограниченной ответственностью «Радио Свободная Европа/Радио Свобода»,Статья 25.1 Закона Российской Федерации от 27.12.1991 № 2124-1 «О средствах массовой информации»,11.02.2020,,,Юридические лица,,7707437408,1207700021550,,,,,,40702810655000000004,"ПАО ""Сбербанк"" 117312, Москва, ул. Вавилова, 19",044030653,30101810500000000653,01.03.2025,
200,Некоммерческая организация Фонд «Правовая инициатива»,Статья 32 Федерального закона от 12.01.1996 № 7-ФЗ «О некоммерческих организациях»,13.12.2019,19.07.2024,https://www.srji.org/; https://t.me/srji_org,Юридические лица,,0608001382,1050603011480,,,,,,,,,,,
199,Фонд «Общественный фонд социального развития «Генезис»,Статья 32 Федерального закона от 12.01.1996 № 7-ФЗ «О некоммерческих организациях»,13.12.2019,30.06.2021,,Юридические лица,,0601019373,1050600084765,,,,,,,,,,,
198,«Север.Реалии»,Статья 6 Закона Российской Федерации от 27.12.1991 № 2124-1 «О средствах массовой информации»,15.11.2019,,https://www.severreal.org,Иные объединения лиц,,,,,,,,,,,,,,
197,Автономная некоммерческая организация информационных и правовых услуг «Гражданская инициатива против экологической преступности»,Статья 32 Федерального закона от 12.01.1996 № 7-ФЗ «О некоммерческих организациях»,25.10.2019,24.12.2021,,Юридические лица,,2368010602,1182375059481,,,,,,,,,,,
196,Ингушская региональная общественная организация «Институт социальных изменений»,Статья 32 Федерального закона от 12.01.1996 № 7-ФЗ «О некоммерческих организациях»,18.10.2019,07.07.2020,,Юридические лица,,0603284264,1090600000260,,,,,,,,,,,
195,Некоммерческая организация «Фонд борьбы с коррупцией»,Статья 32 Федерального закона от 12.01.1996 № 7-ФЗ «О некоммерческих организациях»,09.10.2019,08.09.2021,,Юридические лица,,7709471429,1117799018204,,,,,,,,,,,
194,Пензенский региональный общественный благотворительный фонд «Гражданский союз»,Статья 32 Федерального закона от 12.01.1996 № 7-ФЗ «О некоммерческих организациях»,15.05.2019,,https://penzafond.ru/; https://vk.com/penzafondgs; https://www.youtube.com/@penzafond,Юридические лица,,5836115081,1025800003350,,,,,,40703810738000000970,"ПАО ""Сбербанк"" 117312, Москва, ул. Вавилова, 19",044525225,30101810400000000225,01.03.2025,
193,"Саратовская региональная общественная организация инвалидов, больных сахарным диабетом",Статья 32 Федерального закона от 12.01.1996 № 7-ФЗ «О некоммерческих организациях»,30.04.2019,30.08.2019,,Юридические лица,,6454029227,1026403352491,,,,,,,,,,,
192,Ингушское республиканское отделение Общероссийской общественной организации «Российский Красный Крест»,Статья 32 Федерального закона от 12.01.1996 № 7-ФЗ «О некоммерческих организациях»,19.04.2019,17.09.2021,,Юридические лица,,0606005310,1020600000728,,,,,,,,,,,
191,Общественная организация «Саратовский областной еврейский благотворительный центр «Хасдей Ерушалаим» (Милосердие),Статья 32 Федерального закона от 12.01.1996 № 7-ФЗ «О некоммерческих организациях»,12.03.2019,16.06.2022,,Юридические лица,,6455023919,1026403683833,,,,,,,,,,,
190,Частное учреждение «Центр поддержки и содействия развитию средств массовой информации»,Статья 32 Федерального закона от 12.01.1996 № 7-ФЗ «О некоммерческих организациях»,19.02.2019,,,Юридические лица,,7701080688,1157700002030,,,,,,40703810438000000924,"ПАО ""Сбербанк"" 117312, Москва, ул. Вавилова, 19",044525225,30101810400000000225,01.03.2025,
189,Региональная общественная организация содействия соблюдению прав человека «Горячая линия»,Статья 32 Федерального закона от 12.01.1996 № 7-ФЗ «О некоммерческих организациях»,13.02.2019,04.04.2023,,Юридические лица,,7702216564,1037739135026,,,,,,,,,,,
188,Фонд «В защиту прав заключенных»,Статья 32 Федерального закона от 12.01.1996 № 7-ФЗ «О некоммерческих организациях»,13.02.2019,,https://www.youtube.com/@ФондВзащитуправзаключённых; https://vk.com/zashitazk; https://www.facebook.com/profile.php?id=100064867590837,Юридические лица,,7702587880,1057749410553,,,,,,40703810138000000376,"ПАО ""Сбербанк"" 117312, Москва, ул. Вавилова, 19",044525225,30101810400000000225,01.03.2025,
187,Общероссийское общественное движение защиты прав человека «За права человека»,Статья 32 Федерального закона от 12.01.1996 № 7-ФЗ «О некоммерческих организациях»,12.02.2019,11.02.2020,,Юридические лица,,7702240006,1037739134432,,,,,,,,,,,
186,Автономная некоммерческая организация «Институт глобализации и социальных движений»,Статья 32 Федерального закона от 12.01.1996 № 7-ФЗ «О некоммерческих организациях»,24.12.2018,,https://vk.com/igso_russia,Юридические лица,,7709440163,1067799033477,,,,,,40703810938000001986,"ПАО ""Сбербанк"" 117312, Москва, ул. Вавилова, 19",044525225,30101810400000000225,01.03.2025,
185,Автономная некоммерческая организация противодействия эпидемии ВИЧ/СПИДа и охраны здоровья социально-уязвимых групп населения «Центр социально-информационных инициатив Действие»,Статья 32 Федерального закона от 12.01.1996 № 7-ФЗ «О некоммерческих организациях»,24.12.2018,10.07.2023,,Юридические лица,,7806290964,1147800002591,,,,,,,,,,,
184,Автономная некоммерческая организация по оказанию услуг в области защиты прав человека «Молодежная правозащитная группа»,Статья 32 Федерального закона от 12.01.1996 № 7-ФЗ «О некоммерческих организациях»,10.08.2018,08.02.2019,,Юридические лица,,7801269341,1097800005247,,,,,,,,,,,
183,Челябинское региональное диабетическое общественное движение «ВМЕСТЕ»,Статья 32 Федерального закона от 12.01.1996 № 7-ФЗ «О некоммерческих организациях»,12.07.2018,28.01.2022,,Юридические лица,,7452990162,1127400002674,,,,,,,,,,,
182,Благотворительный фонд охраны здоровья и защиты прав граждан,Статья 32 Федерального закона от 12.01.1996 № 7-ФЗ «О некоммерческих организациях»,10.07.2018,18.04.2022,,Юридические лица,,1650483653,1111600002800,,,,,,,,,,,
181,Благотворительный фонд помощи осужденным и их семьям,Статья 32 Федерального закона от 12.01.1996 № 7-ФЗ «О некоммерческих организациях»,07.05.2018,,https://zekovnet.ru/; https://t.me/RS_Siberia; https://vk.com/club33602759; https://t.me/zekovnet; https://www.facebook.com/russidyaschaya,Юридические лица,,7728212532,1157700003702,,,,,,40703810538000001140,"ПАО ""Сбербанк"" 117312, Москва, ул. Вавилова, 19",044525225,30101810400000000225,01.03.2025,
180,Саратовское региональное отделение межрегиональной общественной организации «Евро-Азиатское геофизическое общество»,Статья 32 Федерального закона от 12.01.1996 № 7-ФЗ «О некоммерческих организациях»,05.03.2018,27.12.2019,,Юридические лица,,6452051820,1026402674275,,,,,,,,,,,
179,Фонд «Институт экономических и социальных исследований»,Статья 32 Федерального закона от 12.01.1996 № 7-ФЗ «О некоммерческих организациях»,28.12.2017,17.04.2019,,Юридические лица,,3442034322,1023402633803,,,,,,,,,,,
178,Городской благотворительный фонд «Фонд Тольятти»,Статья 32 Федерального закона от 12.01.1996 № 7-ФЗ «О некоммерческих организациях»,20.12.2017,14.10.2022,,Юридические лица,,6321077398,1036301056780,,,,,,,,,,,
177,Алтайское краевое общественное движение поддержки гражданских и социальных инициатив «Согласие»,Статья 32 Федерального закона от 12.01.1996 № 7-ФЗ «О некоммерческих организациях»,13.12.2017,03.10.2018,,Юридические лица,,2224034923,1022200529053,,,,,,,,,,,
176,Алтайская краевая общественная просветительская организация в сфере охраны здоровья «Выбор»,Статья 32 Федерального закона от 12.01.1996 № 7-ФЗ «О некоммерческих организациях»,13.12.2017,12.04.2018,,Юридические лица,,2204030261,1072202000848,,,,,,,,,,,
175,«Фактограф»,Статья 6 Закона Российской Федерации от 27.12.1991 № 2124-1 «О средствах массовой информации»,05.12.2017,,https://www.factograph.info,Иные объединения лиц,,,,,,,,,,,,,,
174,«Сибирь.Реалии»,Статья 6 Закона Российской Федерации от 27.12.1991 № 2124-1 «О средствах массовой информации»,05.12.2017,,https://www.sibreal.org,,,,,,,,,,,,,,,
173,Радио Свободная Европа/Радио Свобода (PCE/PC),Статья 6 Закона Российской Федерации от 27.12.1991 № 2124-1 «О средствах массовой информации»,05.12.2017,,https://www.svoboda.org/; https://www.youtube.com/@Radio-Svoboda; https://www.youtube.com/@radio-svoboda-live; https://www.youtube.com/@Signs-of-Life/featured; https://vk.com/svobodaradio; https://t.me/radiosvoboda; https://dzen.ru/svoboda.org; https://svobodaradio.livejournal.com/;  https://www.facebook.com/radiosvoboda; https://x.com/SvobodaRadio;  https://www.tiktok.com/@radio.svoboda;  https://www.instagram.com/radiosvoboda/;  https://t.me/podcastRS; https://t.me/svoboda_sound; https://www.youtube.com/@RadioSvobodaContext,,827418,,,,,,,,,,,,,
172,Татаро-башкирская служба Радио Свобода (Azatliq Radiosi),Статья 6 Закона Российской Федерации от 27.12.1991 № 2124-1 «О средствах массовой информации»,05.12.2017,,https://www.azatliq.org,,,,,,,,,,,,,,,
171,Телеканал Настоящее Время,Статья 6 Закона Российской Федерации от 27.12.1991 № 2124-1 «О средствах массовой информации»,05.12.2017,,http://www.currenttime.tv,,,,,,,,,,,,,,,
170,Крым.Реалии,Статья 6 Закона Российской Федерации от 27.12.1991 № 2124-1 «О средствах массовой информации»,05.12.2017,,https://ru.krymr.com; https://www.facebook.com/krymrealii; https://x.com/krymrealii; https://www.instagram.com/krymrealii,,,,,,,,,,,,,,,
169,Кавказ.Реалии,Статья 6 Закона Российской Федерации от 27.12.1991 № 2124-1 «О средствах массовой информации»,05.12.2017,,https://www.kavkazr.com,,,,,,,,,,,,,,,
168,«Idel.Реалии»,Статья 6 Закона Российской Федерации от 27.12.1991 № 2124-1 «О средствах массовой информации»,05.12.2017,,https://www.idelreal.org,,,,,,,,,,,,,,,
167,«Голос Америки»,Статья 6 Закона Российской Федерации от 27.12.1991 № 2124-1 «О средствах массовой информации»,05.12.2017,,https://www.golosameriki.com/; https://www.youtube.com/@golosameriki; https://t.me/GolosAmeriki; https://vk.com/golosameriki; https://www.instagram.com/GolosAmeriki/; https://x.com/GolosAmeriki https://vk.com/golosameriki; https://www.tiktok.com/@golos_ameriki; https://dzen.ru/id/5b12e22c20ea2b3957c3af21; https://apps.apple.com/ru/app/голос-америки/id632618796; https://www.instagram.com/GolosAmeriki/; https://x.com/GolosAmeriki,,,,,,,,,,,,,,,
166,Общероссийская общественная организация содействия развитию автомобильных перевозок «Объединение Перевозчиков России»,Статья 32 Федерального закона от 12.01.1996 № 7-ФЗ «О некоммерческих организациях»,01.12.2017,11.02.2018,,Юридические лица,,7806260744,1177700001830,,,,,,,,,,,
165,Вологодская региональная общественная организация «Культурно-просветительское общество «Полония»,Статья 32 Федерального закона от 12.01.1996 № 7-ФЗ «О некоммерческих организациях»,20.10.2017,02.02.2018,,Юридические лица,,3525380421,1163525082676,,,,,,,,,,,
164,Архангельская региональная молодежная экологическая общественная организация «Этас»,Статья 32 Федерального закона от 12.01.1996 № 7-ФЗ «О некоммерческих организациях»,01.09.2017,23.05.2018,,Юридические лица,,2901084296,1032902532960,,,,,,,,,,,
163,Краснодарское краевое отделение Общероссийской общественной организации «Российское историко-просветительское и правозащитное общество «Мемориал»,Статья 32 Федерального закона от 12.01.1996 № 7-ФЗ «О некоммерческих организациях»,21.08.2017,08.02.2018,,Юридические лица,,2312098034,1032335028550,,,,,,,,,,,
162,Свердловский региональный общественный фонд социальных проектов «Новое время»,Статья 32 Федерального закона от 12.01.1996 № 7-ФЗ «О некоммерческих организациях»,23.06.2017,,http://www.novoyevremya.ru/,Юридические лица,,6663068766,1036605604881,,,,,,40703810838000001280,"ПАО ""Сбербанк"" 117312, Москва, ул. Вавилова, 19",044525225,30101810400000000225,01.03.2025,
161,Фонд содействия устойчивому развитию «Серебряная тайга»,Статья 32 Федерального закона от 12.01.1996 № 7-ФЗ «О некоммерческих организациях»,14.06.2017,22.08.2025,https://t.me/silvertaiga; https://www.youtube.com/@silvertaigakomi; https://ok.ru/group/56377173671958; https://vk.com/silvertaiga; https://www.silvertaiga.ru/,Юридические лица,,1101050673,1021100509374,,,,,,40703810928000000002,"ПАО ""Сбербанк"" 117312, Москва, ул. Вавилова, 19",048702640,30101810400000000640,01.03.2025,
160,Мурманская областная общественная организация «Кольский экологический центр»,Статья 32 Федерального закона от 12.01.1996 № 7-ФЗ «О некоммерческих организациях»,20.04.2017,07.08.2017,,Юридические лица,,5191111251,1025100868132,,,,,,,,,,,
159,Фонд содействия развитию массовых коммуникаций и правовому просвещению «Так-так-Так»,Статья 32 Федерального закона от 12.01.1996 № 7-ФЗ «О некоммерческих организациях»,20.02.2017,,https://www.taktaktak.ru/;  https://ok.ru/pravoza; https://t.me/fondtaktaktak; https://vk.com/taktaktak_ru,Юридические лица,,5404487580,1135476101100,,,,,,40703810038000001682,"ПАО ""Сбербанк"" 117312, Москва, ул. Вавилова, 19",044525225,30101810400000000225,01.03.2025,
158,Калининградское региональное общественное учреждение «Общество немецкой культуры и российских немцев «Айнтрахт Согласие»,Статья 32 Федерального закона от 12.01.1996 № 7-ФЗ «О некоммерческих организациях»,31.01.2017,30.11.2017,,Юридические лица,,3906056304,1023900002796,,,,,,,,,,,
157,Молодежная Общественная Организация Солонешенского района «Про-Движение»,Статья 32 Федерального закона от 12.01.1996 № 7-ФЗ «О некоммерческих организациях»,25.01.2017,01.03.2018,,Юридические лица,,2273999530,1132225902258,,,,,,,,,,,
156,Санкт-Петербургская общественная организация Экологический правозащитный Центр «Беллона»,Статья 32 Федерального закона от 12.01.1996 № 7-ФЗ «О некоммерческих организациях»,16.01.2017,04.08.2017,,Юридические лица,,7825117098,1027800011183,,,,,,,,,,,
155,Свердловская областная общественная организация содействия легальной миграции «Нелегалов.Нет»,Статья 32 Федерального закона от 12.01.1996 № 7-ФЗ «О некоммерческих организациях»,10.01.2017,05.07.2018,,Юридические лица,,6658994747,1136600000184,,,,,,,,,,,
154,Региональная общественная организация содействия просвещению граждан «Информационно-аналитический центр «Сова»,Статья 32 Федерального закона от 12.01.1996 № 7-ФЗ «О некоммерческих организациях»,30.12.2016,19.10.2023,,Юридические лица,,7709392054,1027746001381,,,,,,,,,,,
153,"Свердловское отделение Общероссийской общественной организации «Российское историко-просветительское, благотворительное и правозащитное общество «Мемориал»",Статья 32 Федерального закона от 12.01.1996 № 7-ФЗ «О некоммерческих организациях»,29.12.2016,16.03.2017,,Юридические лица,,6661089545,1036605618081,,,,,,,,,,,
152,Краснодарская региональная благотворительная общественная организация «Южный правозащитный центр»,Статья 32 Федерального закона от 12.01.1996 № 7-ФЗ «О некоммерческих организациях»,27.12.2016,22.12.2017,,Юридические лица,,2308097743,1042335001390,,,,,,,,,,,
151,"Региональная общественная организация помощи женщинам и детям, находящимся в кризисной ситуации «Информационно-методический центр «Анна»",Статья 32 Федерального закона от 12.01.1996 № 7-ФЗ «О некоммерческих организациях»,26.12.2016,,https://vk.com/anna.center,Юридические лица,,7728132950,1037739728223,,,,,,40703810438000001910,"ПАО ""Сбербанк"" 117312, Москва, ул. Вавилова, 19",044525225,30101810400000000225,01.03.2025,
150,Автономная некоммерческая организация социальной поддержки населения «Проект Апрель»,Статья 32 Федерального закона от 12.01.1996 № 7-ФЗ «О некоммерческих организациях»,19.12.2016,04.04.2025,https://vk.com/projectapril,Юридические лица,,6321196349,1076300005583,,,,,,40703810554400000008,"ПАО ""Сбербанк"" 117312, Москва, ул. Вавилова, 19",043601607,30101810200000000607,01.03.2025,
149,Ассоциация «Интернет Сообщество»,Статья 32 Федерального закона от 12.01.1996 № 7-ФЗ «О некоммерческих организациях»,13.12.2016,28.11.2017,,Юридические лица,,6315990627,1136300001826,,,,,,,,,,,
148,Региональный благотворительный фонд «Самарская губерния»,Статья 32 Федерального закона от 12.01.1996 № 7-ФЗ «О некоммерческих организациях»,02.11.2016,29.11.2023,,Юридические лица,,6317066717,1066300014120,,,,,,,,,,,
147,Чапаевская городская общественная организация «Ассоциация медицинских работников города Чапаевска»,Статья 32 Федерального закона от 12.01.1996 № 7-ФЗ «О некоммерческих организациях»,21.10.2016,25.07.2019,,Юридические лица,,6335008620,1036303380915,,,,,,,,,,,
146,Свердловский областной общественный Фонд «Эра здоровья»,Статья 32 Федерального закона от 12.01.1996 № 7-ФЗ «О некоммерческих организациях»,11.10.2016,27.04.2023,,Юридические лица,,6671322871,1106600002035,,,,,,,,,,,
145,"Международная общественная организация «Международное историко-просветительское, благотворительное и правозащитное общество «Мемориал»",Статья 32 Федерального закона от 12.01.1996 № 7-ФЗ «О некоммерческих организациях»,04.10.2016,14.04.2022,,Юридические лица,,7707085308,1027700433771,,,,,,,,,,,
144,Фонд поддержки гражданских свобод «Правовая миссия»,Статья 32 Федерального закона от 12.01.1996 № 7-ФЗ «О некоммерческих организациях»,21.09.2016,13.12.2017,,Юридические лица,,7448117854,1097400000312,,,,,,,,,,,
143,Автономная некоммерческая правозащитная организация «Школа призывника»,Статья 32 Федерального закона от 12.01.1996 № 7-ФЗ «О некоммерческих организациях»,21.09.2016,13.12.2017,,Юридические лица,,7451990970,1147400001990,,,,,,,,,,,
142,Межрегиональная природоохранная и правозащитная общественная организация «Экологическая Вахта по Северному Кавказу»,Статья 32 Федерального закона от 12.01.1996 № 7-ФЗ «О некоммерческих организациях»,13.09.2016,26.12.2017,,Юридические лица,,2310094852,1042335003281,,,,,,,,,,,
141,Автономная Некоммерческая Организация «Аналитический Центр Юрия Левады»,Статья 32 Федерального закона от 12.01.1996 № 7-ФЗ «О некоммерческих организациях»,05.09.2016,,https://www.levada.ru/; https://x.com/levada_ru; https://www.facebook.com/levada.ru; https://t.me/levada_center; https://vk.com/lev_center,Юридические лица,,7705466756,1027705012060,,,,,,40703810138000000648,"ПАО ""Сбербанк"" 117312, Москва, ул. Вавилова, 19",044525225,30101810400000000225,01.03.2025,
140,Автономная некоммерческая организация «Издательство «Парк Гагарина»,Статья 32 Федерального закона от 12.01.1996 № 7-ФЗ «О некоммерческих организациях»,31.08.2016,01.11.2022,,Юридические лица,,6315990112,1116300004138,,,,,,,,,,,
139,Самарская региональная общественная организация «Клуб выпускников американских программ»,Статья 32 Федерального закона от 12.01.1996 № 7-ФЗ «О некоммерческих организациях»,26.08.2016,07.06.2017,,Юридические лица,,6317041582,1036303391178,,,,,,,,,,,
138,Пензенская региональная молодежная общественная организация по профилактике негативных явлений среди молодежи «Панацея»,Статья 32 Федерального закона от 12.01.1996 № 7-ФЗ «О некоммерческих организациях»,15.08.2016,08.12.2016,,Юридические лица,,5803900135,1125800001414,,,,,,,,,,,
137,Фонд «Институт экономического анализа»,Статья 32 Федерального закона от 12.01.1996 № 7-ФЗ «О некоммерческих организациях»,22.07.2016,19.07.2017,,Юридические лица,,7703010291,1027739455314,,,,,,,,,,,
136,Автономная некоммерческая организация «Свободное слово»,Статья 32 Федерального закона от 12.01.1996 № 7-ФЗ «О некоммерческих организациях»,13.07.2016,03.02.2017,,Юридические лица,,6027083333,1046000311708,,,,,,,,,,,
135,Алтайская региональная спортивно-патриотическая молодежная общественная организация «Арктика»,Статья 32 Федерального закона от 12.01.1996 № 7-ФЗ «О некоммерческих организациях»,06.07.2016,25.01.2017,,Юридические лица,,2204994202,1122202000315,,,,,,,,,,,
134,Фонд содействия защите здоровья и социальной справедливости имени Андрея Рылькова,Статья 32 Федерального закона от 12.01.1996 № 7-ФЗ «О некоммерческих организациях»,29.06.2016,,https://rylkov-fond.org/; http://hragents.org/org/far/; https://t.me/rylkovfond;  https://www.instagram.com/farfond/; https://www.facebook.com/RylkovFondEng,Юридические лица,,7734268614,1097799015027,,,,,,40703810438000001198,"ПАО ""Сбербанк"" 117312, Москва, ул. Вавилова, 19",044525225,30101810400000000225,01.03.2025,
133,Некоммерческое партнерство по поддержке социально-профилактических программ в сфере общественного здоровья «ЭСВЕРО»,Статья 32 Федерального закона от 12.01.1996 № 7-ФЗ «О некоммерческих организациях»,22.06.2016,02.11.2017,,Юридические лица,,3664056831,1043600008880,,,,,,,,,,,
132,Региональная общественная организация Интеграционный центр «Миграция и Закон»,Статья 32 Федерального закона от 12.01.1996 № 7-ФЗ «О некоммерческих организациях»,16.06.2016,01.02.2019,,Юридические лица,,7702471170,1127799016718,,,,,,,,,,,
131,Пермская региональная общественная организация «Пермская гражданская палата»,Статья 32 Федерального закона от 12.01.1996 № 7-ФЗ «О некоммерческих организациях»,09.06.2016,21.09.2016,,Юридические лица,,5902704928,1025900000147,,,,,,,,,,,
130,Саратовская Региональная Общественная Организация «Социум»,Статья 32 Федерального закона от 12.01.1996 № 7-ФЗ «О некоммерческих организациях»,30.05.2016,14.07.2017,,Юридические лица,,6449024713,1026402004628,,,,,,,,,,,
129,Красноярская региональная общественная организация «Агентство общественных инициатив»,Статья 32 Федерального закона от 12.01.1996 № 7-ФЗ «О некоммерческих организациях»,27.05.2016,21.09.2016,,Юридические лица,,2466075598,1022400005341,,,,,,,,,,,
128,Автономная некоммерческая организация «Ганзейское бюро/Информационное бюро земли Шлезвиг-Гольштейн в Калининграде»,Статья 32 Федерального закона от 12.01.1996 № 7-ФЗ «О некоммерческих организациях»,24.05.2016,30.12.2016,,Юридические лица,,3905089949,1083900001844,,,,,,,,,,,
127,Региональная общественная организация  «Школа экологии Души «Тенгри»,Статья 32 Федерального закона от 12.01.1996 № 7-ФЗ «О некоммерческих организациях»,17.05.2016,29.06.2017,,Юридические лица,,0404004988,1020400000940,,,,,,,,,,,
126,Автономная некоммерческая организация «Издательский дом «Валентин Мануйлов»,Статья 32 Федерального закона от 12.01.1996 № 7-ФЗ «О некоммерческих организациях»,15.04.2016,01.12.2020,,Юридические лица,,5836141170,1105800001053,,,,,,,,,,,
125,Региональная общественная экологическая организация Республики Алтай «Архар»,Статья 32 Федерального закона от 12.01.1996 № 7-ФЗ «О некоммерческих организациях»,05.04.2016,06.10.2016,,Юридические лица,,0411116795,1040400000706,,,,,,,,,,,
124,Автономная некоммерческая организация «Центр социально-трудовых прав»,Статья 32 Федерального закона от 12.01.1996 № 7-ФЗ «О некоммерческих организациях»,21.03.2016,29.06.2017,,Юридические лица,,7707279529,1027739535262,,,,,,,,,,,
123,"Некоммерческая организация Международный Фонд развития коренных малочисленных народов Севера, Сибири и Дальнего Востока «БАТАНИ»",Статья 32 Федерального закона от 12.01.1996 № 7-ФЗ «О некоммерческих организациях»,11.03.2016,10.11.2017,,Юридические лица,,7706548440,1047796617703,,,,,,,,,,,
122,Межрегиональная общественная организация «Центр гражданского образования и прав человека»,Статья 32 Федерального закона от 12.01.1996 № 7-ФЗ «О некоммерческих организациях»,03.03.2016,23.08.2018,,Юридические лица,,5902709348,1035900009287,,,,,,,,,,,
121,Благотворительный фонд социально-правовой помощи «Сфера»,Статья 32 Федерального закона от 12.01.1996 № 7-ФЗ «О некоммерческих организациях»,01.03.2016,28.10.2022,,Юридические лица,,7840290139,1117800008336,,,,,,,,,,,
120,Челябинский региональный общественный фонд поддержки демократии «Уральский демократический фонд»,Статья 32 Федерального закона от 12.01.1996 № 7-ФЗ «О некоммерческих организациях»,15.02.2016,07.04.2017,,Юридические лица,,7447041708,1027400005445,,,,,,,,,,,
119,Челябинский региональный орган общественной самодеятельности «Уральская правозащитная группа»,Статья 32 Федерального закона от 12.01.1996 № 7-ФЗ «О некоммерческих организациях»,15.02.2016,,http://uraldem.ru/,Юридические лица,,7423011599,1027400004114,,,,,,40703810372000000070,"ПАО ""Сбербанк"" 117312, Москва, ул. Вавилова, 19",047501602,30101810700000000602,01.03.2025,
118,Омская региональная общественная организация «Центр охраны здоровья и социальной защиты «СИБАЛЬТ»,Статья 32 Федерального закона от 12.01.1996 № 7-ФЗ «О некоммерческих организациях»,15.02.2016,30.11.2022,,Юридические лица,,5501047249,1025500006102,,,,,,,,,,,
117,Челябинский региональный орган общественной самодеятельности – женское общественное объединение «Женщины Евразии»,Статья 32 Федерального закона от 12.01.1996 № 7-ФЗ «О некоммерческих организациях»,15.02.2016,,https://woea.ru/; https://t.me/bolnichniesiroty; https://vk.com/bolnichnie_siroti; https://www.youtube.com/@ОбъединениеЖенщиныЕвразии,Юридические лица,,7448065187,1047400004068,,,,,,40703810972000000014,"ПАО ""Сбербанк"" 117312, Москва, ул. Вавилова, 19",047501602,30101810700000000602,01.03.2025,
116,Санкт-Петербургская общественная организация «Общество содействия социальной защите граждан «Петербургская ЭГИДА»,Статья 32 Федерального закона от 12.01.1996 № 7-ФЗ «О некоммерческих организациях»,02.02.2016,26.04.2016,,Юридические лица,,7825497467,1037858005767,,,,,,,,,,,
115,Городская общественная организация «Рязанское историко-просветительское и правозащитное общество «Мемориал» (Рязанский Мемориал),Статья 32 Федерального закона от 12.01.1996 № 7-ФЗ «О некоммерческих организациях»,01.02.2016,02.07.2024,,Юридические лица,,6228025356,1026200004401,,,,,,,,,,,
114,Нижегородская региональная общественная организация «Институт прогнозирования и урегулирования политических конфликтов»,Статья 32 Федерального закона от 12.01.1996 № 7-ФЗ «О некоммерческих организациях»,22.01.2016,10.07.2018,,Юридические лица,,5257985920,1145200002232,,,,,,,,,,,
113,Межрегиональная общественная организация «Бюро общественных расследований»,Статья 32 Федерального закона от 12.01.1996 № 7-ФЗ «О некоммерческих организациях»,14.01.2016,24.01.2018,,Юридические лица,,5260987324,1145200002540,,,,,,,,,,,
112,Межрегиональная общественная организация «Комитет по предотвращению пыток»,Статья 32 Федерального закона от 12.01.1996 № 7-ФЗ «О некоммерческих организациях»,14.01.2016,22.03.2018,,Юридические лица,,5612087624,1145658035951,,,,,,,,,,,
111,Городская общественная организация «Екатеринбургское общество «МЕМОРИАЛ»,Статья 32 Федерального закона от 12.01.1996 № 7-ФЗ «О некоммерческих организациях»,30.12.2015,,https://ekmemorial.org/; https://www.youtube.com/@UralMemorial; https://t.me/ekmemorial,Юридические лица,,6660038763,1026600001120,,,,,,40703810838000001808,"ПАО ""Сбербанк"" 117312, Москва, ул. Вавилова, 19",044525225,30101810400000000225,01.03.2025,
110,Забайкальское краевое общественное учреждение «Общественный экологический центр «Даурия»,Статья 32 Федерального закона от 12.01.1996 № 7-ФЗ «О некоммерческих организациях»,30.12.2015,01.09.2016,,Юридические лица,,7536040600,1037575004499,,,,,,,,,,,
109,Региональная общественная организация «Информационно-исследовательский центр «Панорама»,Статья 32 Федерального закона от 12.01.1996 № 7-ФЗ «О некоммерческих организациях»,18.12.2015,11.12.2018,,Юридические лица,,7705361834,1027700204950,,,,,,,,,,,
108,Калининградская региональная общественная организация содействия развитию женского сообщества «Мир женщины»,Статья 32 Федерального закона от 12.01.1996 № 7-ФЗ «О некоммерческих организациях»,11.12.2015,14.06.2017,,Юридические лица,,3906902420,1113900002259,,,,,,,,,,,
107,Автономная некоммерческая организация «Правозащитная организация «МАШР»,Статья 32 Федерального закона от 12.01.1996 № 7-ФЗ «О некоммерческих организациях»,08.12.2015,07.04.2017,,Юридические лица,,0603278920,1050600281632,,,,,,,,,,,
106,Местная общественная благотворительная экологическая организация Зеленый Мир,Статья 32 Федерального закона от 12.01.1996 № 7-ФЗ «О некоммерческих организациях»,02.12.2015,20.02.2017,,Юридические лица,,4714010724,1034700005812,,,,,,,,,,,
105,Межрегиональная общественная организация «Центр содействия коренным малочисленным народам Севера»,Статья 32 Федерального закона от 12.01.1996 № 7-ФЗ «О некоммерческих организациях»,27.11.2015,12.04.2018,,Юридические лица,,7729426304,1037746000731,,,,,,,,,,,
104,Автономная некоммерческая организация  «Институт прав человека»,Статья 32 Федерального закона от 12.01.1996 № 7-ФЗ «О некоммерческих организациях»,20.11.2015,,http://hrights.ru/,Юридические лица,,7701147420,1027739041615,,,,,,40703810138000000774,"ПАО ""Сбербанк"" 117312, Москва, ул. Вавилова, 19",044525225,30101810400000000225,01.03.2025,
103,Некоммерческая организация «Фонд защиты гласности»,Статья 32 Федерального закона от 12.01.1996 № 7-ФЗ «О некоммерческих организациях»,19.11.2015,11.04.2025,https://t.me/GlasnostDefense,Юридические лица,,7704146560,1037739286892,,,,,,40703810038000000984,"ПАО ""Сбербанк"" 117312, Москва, ул. Вавилова, 19",044525225,30101810400000000225,01.03.2025,
102,Иркутская региональная общественная организация «Байкальская Экологическая Волна»,Статья 32 Федерального закона от 12.01.1996 № 7-ФЗ «О некоммерческих организациях»,10.11.2015,01.08.2016,,Юридические лица,,3812051068,1023800007186,,,,,,,,,,,
101,Региональное общественное учреждение научно-информационный центр «МЕМОРИАЛ»,Статья 32 Федерального закона от 12.01.1996 № 7-ФЗ «О некоммерческих организациях»,06.11.2015,,https://vk.com/memorial_spb; https://memorial-nic.org/,Юридические лица,,7814020111,1027800014065,,,,,,40703810655000000016,"ПАО ""Сбербанк"" 117312, Москва, ул. Вавилова, 19",044030653,30101810500000000653,01.03.2025,
100,Омская городская общественная организация «Фотоклуб «Со-бытие»,Статья 32 Федерального закона от 12.01.1996 № 7-ФЗ «О некоммерческих организациях»,28.10.2015,16.12.2015,,Юридические лица,,5507092287,1075500002522,,,,,,,,,,,
99,Красноярское региональное экологическое общественное движение «Друзья сибирских лесов»,Статья 32 Федерального закона от 12.01.1996 № 7-ФЗ «О некоммерческих организациях»,28.10.2015,06.12.2016,,Юридические лица,,2463008956,1022400002030,,,,,,,,,,,
98,Фонд содействия развитию гражданского общества и правам человека «Женщины Дона»,Статья 32 Федерального закона от 12.01.1996 № 7-ФЗ «О некоммерческих организациях»,27.10.2015,07.11.2018,,Юридические лица,,6150080937,1136100005590,,,,,,,,,,,
97,Союз общественных объединений «Российский исследовательский центр по правам человека»,Статья 32 Федерального закона от 12.01.1996 № 7-ФЗ «О некоммерческих организациях»,20.10.2015,02.07.2024,,Юридические лица,,7701024108,1037739634481,,,,,,,,,,,
96,Автономная некоммерческая организация «Дальневосточный центр развития гражданских инициатив и социального партнерства»,Статья 32 Федерального закона от 12.01.1996 № 7-ФЗ «О некоммерческих организациях»,13.10.2015,24.11.2022,,Юридические лица,,2536137843,1032501339331,,,,,,,,,,,
95,Межрегиональная общественная благотворительная организация «Общество защиты прав потребителей и охраны окружающей среды «ПРИНЦИПЪ»,Статья 32 Федерального закона от 12.01.1996 № 7-ФЗ «О некоммерческих организациях»,05.10.2015,19.07.2017,,Юридические лица,,5032173157,1075000007279,,,,,,,,,,,
94,Автономная некоммерческая организация «Информационно-исследовательский центр «Ясавэй Манзара»,Статья 32 Федерального закона от 12.01.1996 № 7-ФЗ «О некоммерческих организациях»,23.09.2015,15.06.2016,,Юридические лица,,2983001611,1038302275010,,,,,,,,,,,
93,Региональная общественная организация «Экологическая вахта Сахалина»,Статья 32 Федерального закона от 12.01.1996 № 7-ФЗ «О некоммерческих организациях»,18.09.2015,15.03.2017,,Юридические лица,,6501080921,1026500003210,,,,,,,,,,,
92,Региональная общественная организация  «Еврейский общинный культурный центр Рязанской области «Хесед-Тшува»,Статья 32 Федерального закона от 12.01.1996 № 7-ФЗ «О некоммерческих организациях»,11.09.2015,13.12.2016,,Юридические лица,,6231050507,1036200001243,,,,,,,,,,,
91,Фонд в поддержку демократии «ГОЛОС»,Статья 32 Федерального закона от 12.01.1996 № 7-ФЗ «О некоммерческих организациях»,04.09.2015,21.06.2016,,Юридические лица,,7709443767,1107799010000,,,,,,,,,,,
90,Региональная общественная организация по улучшению качества жизни общества «Сибирская линия жизни»,Статья 32 Федерального закона от 12.01.1996 № 7-ФЗ «О некоммерческих организациях»,03.09.2015,03.02.2017,,Юридические лица,,5405300040,1055400017012,,,,,,,,,,,
89,ОБЩЕСТВЕННАЯ ОРГАНИЗАЦИЯ «ПЕРМСКИЙ РЕГИОНАЛЬНЫЙ ПРАВОЗАЩИТНЫЙ ЦЕНТР»,Статья 32 Федерального закона от 12.01.1996 № 7-ФЗ «О некоммерческих организациях»,03.09.2015,03.02.2022,,Юридические лица,,5902703434,1025900000136,,,,,,,,,,,
88,Межрегиональный общественный экологический фонд «ИСАР-СИБИРЬ»,Статья 32 Федерального закона от 12.01.1996 № 7-ФЗ «О некоммерческих организациях»,26.08.2015,11.01.2018,,Юридические лица,,5410127183,1025480000699,,,,,,,,,,,
87,ЧЕЧЕНСКАЯ РЕГИОНАЛЬНАЯ ОБЩЕСТВЕННАЯ ОРГАНИЗАЦИЯ «ПРАВОЗАЩИТНЫЙ ЦЕНТР ЧЕЧЕНСКОЙ РЕСПУБЛИКИ»,Статья 32 Федерального закона от 12.01.1996 № 7-ФЗ «О некоммерческих организациях»,21.08.2015,19.06.2020,,Юридические лица,,2013430830,1062000001436,,,,,,,,,,,
86,Кабардино-Балкарский республиканский общественный правозащитный центр Региональное отделение Общероссийского общественного движения «За права человека»,Статья 32 Федерального закона от 12.01.1996 № 7-ФЗ «О некоммерческих организациях»,17.08.2015,06.11.2015,,Юридические лица,,0721008937,1040700001154,,,,,,,,,,,
85,Некоммерческое партнерство «Альянс фондов местных сообществ Пермского края»,Статья 32 Федерального закона от 12.01.1996 № 7-ФЗ «О некоммерческих организациях»,11.08.2015,26.10.2016,,Юридические лица,,5902219833,1105900001063,,,,,,,,,,,
84,ФОНД «ГРАЖДАНСКОЕ ДЕЙСТВИЕ»,Статья 32 Федерального закона от 12.01.1996 № 7-ФЗ «О некоммерческих организациях»,05.08.2015,05.07.2022,,Юридические лица,,5902195830,1055900216459,,,,,,,,,,,
83,Нижегородская областная социально-экологическая общественная организация «Зеленый мир»,Статья 32 Федерального закона от 12.01.1996 № 7-ФЗ «О некоммерческих организациях»,29.07.2015,28.10.2016,,Юридические лица,,5259033429,1025200000649,,,,,,,,,,,
82,ФОНД ПОДДЕРЖКИ СРЕДСТВ МАССОВОЙ ИНФОРМАЦИИ «СРЕДА»,Статья 32 Федерального закона от 12.01.1996 № 7-ФЗ «О некоммерческих организациях»,28.07.2015,20.01.2020,,Юридические лица,,7743111063,1147799009192,,,,,,,,,,,
81,МЕЖРЕГИОНАЛЬНЫЙ ОБЩЕСТВЕННЫЙ ФОНД СОДЕЙСТВИЯ РАЗВИТИЮ ГРАЖДАНСКОГО ОБЩЕСТВА «ГОЛОС – УРАЛ»,Статья 32 Федерального закона от 12.01.1996 № 7-ФЗ «О некоммерческих организациях»,27.07.2015,02.08.2021,,Юридические лица,,7404048201,1077400002921,,,,,,,,,,,
80,Алтайский краевой эколого-культурный общественный фонд «Алтай-21век»,Статья 32 Федерального закона от 12.01.1996 № 7-ФЗ «О некоммерческих организациях»,22.07.2015,28.03.2016,,Юридические лица,,2224042339,1022200530659,,,,,,,,,,,
79,КОМИ РЕГИОНАЛЬНАЯ ОБЩЕСТВЕННАЯ ОРГАНИЗАЦИЯ «КОМИССИЯ ПО ЗАЩИТЕ ПРАВ ЧЕЛОВЕКА «МЕМОРИАЛ»,Статья 32 Федерального закона от 12.01.1996 № 7-ФЗ «О некоммерческих организациях»,21.07.2015,24.12.2019,,Юридические лица,,1101478540,1021100005850,,,,,,,,,,,
78,Межрегиональная общественная организация  «Северная природоохранная коалиция»,Статья 32 Федерального закона от 12.01.1996 № 7-ФЗ «О некоммерческих организациях»,08.07.2015,01.12.2015,,Юридические лица,,1001043129,1031002191692,,,,,,,,,,,
77,АССОЦИАЦИЯ «СОДЕЙСТВИЕ В ПРАВОВОЙ ЗАЩИТЕ НАСЕЛЕНИЯ «ПРАВОВАЯ ОСНОВА»,Статья 32 Федерального закона от 12.01.1996 № 7-ФЗ «О некоммерческих организациях»,03.07.2015,25.01.2019,,Юридические лица,,6671346142,1106600005050,,,,,,,,,,,
76,Алтайская краевая общественная организация «Геблеровское экологическое общество»,Статья 32 Федерального закона от 12.01.1996 № 7-ФЗ «О некоммерческих организациях»,23.06.2015,27.01.2017,,Юридические лица,,2222028057,1022200528646,,,,,,,,,,,
75,Региональная общественная организация содействия охране репродуктивного здоровья граждан «Народонаселение и Развитие»,Статья 32 Федерального закона от 12.01.1996 № 7-ФЗ «О некоммерческих организациях»,23.06.2015,07.10.2019,,Юридические лица,,7707056900,1027739771256,,,,,,,,,,,
74,Автономная некоммерческая организация «Центр информации «ФРИИНФОРМ»,Статья 32 Федерального закона от 12.01.1996 № 7-ФЗ «О некоммерческих организациях»,22.06.2015,21.06.2016,,Юридические лица,,7705058436,1097799014950,,,,,,,,,,,
73,Автономная некоммерческая организация «Центр независимых социологических исследований»,Статья 32 Федерального закона от 12.01.1996 № 7-ФЗ «О некоммерческих организациях»,22.06.2015,,https://www.youtube.com/@CISRspb; http://cisr.ru/about.html; https://t.me/soc_bespredel,Юридические лица,,7826673891,1027810273083,,,,,,40703810038000000162,"ПАО ""Сбербанк"" 117312, Москва, ул. Вавилова, 19",044525225,30101810400000000225,01.03.2025,
72,МЕЖРЕГИОНАЛЬНЫЙ ОБЩЕСТВЕННЫЙ ФОНД МИРА НА ЮГЕ И СЕВЕРНОМ КАВКАЗЕ,Статья 32 Федерального закона от 12.01.1996 № 7-ФЗ «О некоммерческих организациях»,19.06.2015,11.09.2018,,Юридические лица,,2634090745,1102600001943,,,,,,,,,,,
71,РЕСПУБЛИКАНСКАЯ МОЛОДЕЖНАЯ ОБЩЕСТВЕННАЯ ОРГАНИЗАЦИЯ «НУОРИ КАРЬЯЛА» («МОЛОДАЯ КАРЕЛИЯ),Статья 32 Федерального закона от 12.01.1996 № 7-ФЗ «О некоммерческих организациях»,19.06.2015,25.03.2016,,Юридические лица,,1001028360,1031002196004,,,,,,,,,,,
70,"ФОНД ""СИБИРСКИЙ ЦЕНТР ПОДДЕРЖКИ ОБЩЕСТВЕННЫХ ИНИЦИАТИВ""",Статья 32 Федерального закона от 12.01.1996 № 7-ФЗ «О некоммерческих организациях»,19.06.2015,21.09.2016,,Юридические лица,,5404138194,1025400006796,,,,,,,,,,,
69,Региональная общественная организация «Центр независимых исследователей Республики Алтай»,Статья 32 Федерального закона от 12.01.1996 № 7-ФЗ «О некоммерческих организациях»,10.06.2015,11.12.2017,,Юридические лица,,0411153758,1110400000094,,,,,,,,,,,
68,Территориальное объединение работодателей «Ефремовский районный союз промышленников и предпринимателей»,Статья 32 Федерального закона от 12.01.1996 № 7-ФЗ «О некоммерческих организациях»,28.05.2015,13.12.2016,,Юридические лица,,7113021357,1027102872697,,,,,,,,,,,
67,НЕКОММЕРЧЕСКАЯ ОРГАНИЗАЦИЯ НАУЧНЫЙ ФОНД ТЕОРЕТИЧЕСКИХ И ПРИКЛАДНЫХ ИССЛЕДОВАНИЙ «ЛИБЕРАЛЬНАЯ МИССИЯ»,Статья 32 Федерального закона от 12.01.1996 № 7-ФЗ «О некоммерческих организациях»,25.05.2015,11.09.2015,,Юридические лица,,7704224930,1027700181244,,,,,,,,,,,
66,ФОНД НЕКОММЕРЧЕСКИХ ПРОГРАММ ДМИТРИЯ ЗИМИНА «ДИНАСТИЯ»,Статья 32 Федерального закона от 12.01.1996 № 7-ФЗ «О некоммерческих организациях»,25.05.2015,27.05.2020,,Юридические лица,,7710251587,1037700036582,,,,,,,,,,,
65,Нижегородская региональная общественная организация «Экологический центр «Дронт»,Статья 32 Федерального закона от 12.01.1996 № 7-ФЗ «О некоммерческих организациях»,22.05.2015,31.08.2017,,Юридические лица,,5260247111,1095200000642,,,,,,,,,,,
64,Свердловская региональная общественная организация «Сутяжник»,Статья 32 Федерального закона от 12.01.1996 № 7-ФЗ «О некоммерческих организациях»,15.05.2015,,http://sutyajnik.ru/,Юридические лица,,6661052880,1026600000272,,,,,,40703810438000001334,"ПАО ""Сбербанк"" 117312, Москва, ул. Вавилова, 19",044525225,30101810400000000225,01.03.2025,
63,Негосударственное образовательное учреждение дополнительного профессионального образования (повышение квалификации) специалистов «АКАДЕМИЯ ПО ПРАВАМ ЧЕЛОВЕКА»,Статья 32 Федерального закона от 12.01.1996 № 7-ФЗ «О некоммерческих организациях»,15.05.2015,22.03.2024,,Юридические лица,,6660044647,1036603502385,,,,,,,,,,,
62,Межрегиональная благотворительная общественная организация «Центр развития некоммерческих организаций»,Статья 32 Федерального закона от 12.01.1996 № 7-ФЗ «О некоммерческих организациях»,13.05.2015,25.11.2022,,Юридические лица,,7804048809,1037858001158,,,,,,,,,,,
61,«Частное учреждение в Калининграде по административной поддержке реализации программ и проектов Совета Министров  северных стран»,Статья 32 Федерального закона от 12.01.1996 № 7-ФЗ «О некоммерческих организациях»,13.05.2015,12.01.2023,,Юридические лица,,3906159518,1063900003177,,,,,,,,,,,
60,Некоммерческое партнерство «Клуб бухгалтеров и аудиторов некоммерческих организаций»,Статья 32 Федерального закона от 12.01.1996 № 7-ФЗ «О некоммерческих организациях»,13.05.2015,30.03.2016,,Юридические лица,,3906187071,1083900002405,,,,,,,,,,,
59,Ассоциация «Экспертно-правовое партнерство «Союз»,Статья 32 Федерального закона от 12.01.1996 № 7-ФЗ «О некоммерческих организациях»,07.05.2015,25.08.2015,,Юридические лица,,1001015210,1061001053189,,,,,,,,,,,
58,Автономная некоммерческая организация «Мемориальный центр истории политических репрессий «Пермь-36»,Статья 32 Федерального закона от 12.01.1996 № 7-ФЗ «О некоммерческих организациях»,29.04.2015,18.08.2016,,Юридические лица,,5902188906,1025900529005,,,,,,,,,,,
57,Калининградская региональная общественная организация информационно-правовых программ «Женская лига»,Статья 32 Федерального закона от 12.01.1996 № 7-ФЗ «О некоммерческих организациях»,29.04.2015,16.12.2015,,Юридические лица,,3906072338,1033918501715,,,,,,,,,,,
56,Фонд поддержки расследовательской журналистики – Фонд 19/29,Статья 32 Федерального закона от 12.01.1996 № 7-ФЗ «О некоммерческих организациях»,24.04.2015,11.07.2017,,Юридические лица,,7704300050,1117799004740,,,,,,,,,,,
55,Региональная общественная благотворительная организация помощи беженцам и мигрантам «Гражданское содействие»,Статья 32 Федерального закона от 12.01.1996 № 7-ФЗ «О некоммерческих организациях»,20.04.2015,,https://refugee.ru/; https://t.me/refugeehome; https://www.youtube.com/@refugee_help,Юридические лица,,7708037113,1027739104293,,,,,,40703810338000001162,"ПАО ""Сбербанк"" 117312, Москва, ул. Вавилова, 19",044525225,30101810400000000225,01.03.2025,
54,Новосибирский областной общественный фонд  «Фонд защиты прав потребителей»,Статья 32 Федерального закона от 12.01.1996 № 7-ФЗ «О некоммерческих организациях»,17.04.2015,12.05.2016,,Юридические лица,,5407053291,1085400002742,,,,,,,,,,,
53,Озерская городская социально-экологическая общественная организация «Планета надежд»,Статья 32 Федерального закона от 12.01.1996 № 7-ФЗ «О некоммерческих организациях»,15.04.2015,09.10.2018,,Юридические лица,,7422025863,1027400012210,,,,,,,,,,,
52,Автономная некоммерческая организация «Центр антикоррупционных исследований и инициатив «Трансперенси Интернешнл-Р»,Статья 32 Федерального закона от 12.01.1996 № 7-ФЗ «О некоммерческих организациях»,07.04.2015,29.09.2023,,Юридические лица,,7709311560,1027739847981,,,,,,,,,,,
51,Ростовская городская общественная организация «ЭКО-ЛОГИКА»,Статья 32 Федерального закона от 12.01.1996 № 7-ФЗ «О некоммерческих организациях»,03.04.2015,30.03.2016,,Юридические лица,,6165084780,1026100008802,,,,,,,,,,,
50,Фонд поддержки социальных проектов  «Миграция XXI век»,Статья 32 Федерального закона от 12.01.1996 № 7-ФЗ «О некоммерческих организациях»,27.03.2015,25.11.2016,,Юридические лица,,7719287933,1097799002696,,,,,,,,,,,
49,Частное учреждение дополнительного профессионального образования «Учебный центр экологии и безопасности»,Статья 32 Федерального закона от 12.01.1996 № 7-ФЗ «О некоммерческих организациях»,20.03.2015,08.10.2015,,Юридические лица,,6316093281,1046300561273,,,,,,,,,,,
48,Мурманская региональная общественная экологическая организация «Беллона-Мурманск»,Статья 32 Федерального закона от 12.01.1996 № 7-ФЗ «О некоммерческих организациях»,19.03.2015,16.10.2015,,Юридические лица,,5190109041,1025100835429,,,,,,,,,,,
47,Мурманская региональная молодежная общественная организация «Гуманистическое движение молодежи»,Статья 32 Федерального закона от 12.01.1996 № 7-ФЗ «О некоммерческих организациях»,13.03.2015,25.08.2015,,Юридические лица,,5190119160,1035100261679,,,,,,,,,,,
46,Самарская региональная общественная организация содействия гармонизации межнациональных отношений «АЗЕРБАЙДЖАН»,Статья 32 Федерального закона от 12.01.1996 № 7-ФЗ «О некоммерческих организациях»,13.03.2015,22.07.2016,,Юридические лица,,6311998417,1146300000197,,,,,,,,,,,
45,Общественное региональное движение «Новгородский Женский Парламент»,Статья 32 Федерального закона от 12.01.1996 № 7-ФЗ «О некоммерческих организациях»,06.03.2015,31.05.2017,,Юридические лица,,5321053490,1025300006071,,,,,,,,,,,
44,Челябинское региональное экологическое общественное движение «За природу»,Статья 32 Федерального закона от 12.01.1996 № 7-ФЗ «О некоммерческих организациях»,06.03.2015,17.05.2017,,Юридические лица,,7453990422,1117400006460,,,,,,,,,,,
43,Челябинский региональный благотворительный общественный фонд «За природу»,Статья 32 Федерального закона от 12.01.1996 № 7-ФЗ «О некоммерческих организациях»,06.03.2015,02.05.2017,,Юридические лица,,7448037969,1027400000430,,,,,,,,,,,
42,"Фонд ""Центр Защиты Прав Средств массовой информации"" (Региональный Фонд «Центр Защиты Прав Средств Массовой Информации»)",Статья 32 Федерального закона от 12.01.1996 № 7-ФЗ «О некоммерческих организациях»,26.02.2015,,https://mmdc.ru/; https://vk.com/pravilasety; https://www.youtube.com/@mmdc_defence; https://t.me/dagetal; https://diffamo.media/,Юридические лица,,3666064690,1023601544449,,,,,,40703810038000000968,"ПАО ""Сбербанк"" 117312, Москва, ул. Вавилова, 19",044525225,30101810400000000225,01.03.2025,
41,Городская общественная организация «Самарский центр гендерных исследований»,Статья 32 Федерального закона от 12.01.1996 № 7-ФЗ «О некоммерческих организациях»,16.02.2015,24.01.2020,,Юридические лица,,6316079826,1026300005962,,,,,,,,,,,
40,Фонд «Центр гражданского анализа и независимых исследований «ГРАНИ»,Статья 32 Федерального закона от 12.01.1996 № 7-ФЗ «О некоммерческих организациях»,13.02.2015,19.06.2015,,Юридические лица,,5902212468,1075900006600,,,,,,,,,,,
39,Межрегиональная благотворительная общественная организация «Сибирский экологический центр»,Статья 32 Федерального закона от 12.01.1996 № 7-ФЗ «О некоммерческих организациях»,12.02.2015,30.01.2018,,Юридические лица,,5408166026,1035400002197,,,,,,,,,,,
38,Межрегиональный общественный фонд содействия развитию гражданского общества «ГОЛОС – Поволжье»,Статья 32 Федерального закона от 12.01.1996 № 7-ФЗ «О некоммерческих организациях»,06.02.2015,25.04.2019,,Юридические лица,,6317067380,1076300000809,,,,,,,,,,,
37,Мурманская региональная общественная организация «Центр социально-психологической помощи и правовой поддержки жертв дискриминации и гомофобии «Максимум»,Статья 32 Федерального закона от 12.01.1996 № 7-ФЗ «О некоммерческих организациях»,04.02.2015,28.10.2015,,Юридические лица,,5190909055,1095100000896,,,,,,,,,,,
36,Некоммерческое партнерство «Институт развития прессы-Сибирь»,Статья 32 Федерального закона от 12.01.1996 № 7-ФЗ «О некоммерческих организациях»,30.01.2015,16.01.2024,,Юридические лица,,5404145160,1035401487890,,,,,,,,,,,
35,Еврейское областное региональное отделение Общероссийской общественной организации «Муниципальная Академия»,Статья 32 Федерального закона от 12.01.1996 № 7-ФЗ «О некоммерческих организациях»,26.01.2015,22.05.2015,,Юридические лица,,7901018694,1027900000963,,,,,,,,,,,
34,Автономная некоммерческая правозащитная организация «Молодежный центр консультации и тренинга»,Статья 32 Федерального закона от 12.01.1996 № 7-ФЗ «О некоммерческих организациях»,20.01.2015,22.07.2015,,Юридические лица,,3442112820,1113400000658,,,,,,,,,,,
33,«Частное учреждение в Санкт-Петербурге по административной поддержке реализации программ и проектов Совета Министров  северных стран»,Статья 32 Федерального закона от 12.01.1996 № 7-ФЗ «О некоммерческих организациях»,20.01.2015,06.12.2022,,Юридические лица,,7825403980,1027809252811,,,,,,,,,,,
32,Межрегиональная общественная организация  «Комитет против пыток»,Статья 32 Федерального закона от 12.01.1996 № 7-ФЗ «О некоммерческих организациях»,16.01.2015,13.09.2016,,Юридические лица,,5262090699,1025200024035,,,,,,,,,,,
31,Межрегиональная общественная организация «Информационно-просветительский центр «Мемориал»,Статья 32 Федерального закона от 12.01.1996 № 7-ФЗ «О некоммерческих организациях»,16.01.2015,,https://lib.memo.ru/; https://base.memo.ru/; https://memoirs.memo.ru/,Юридические лица,,6671126309,1026600008082,,,,,,40703810538000000280,"ПАО ""Сбербанк"" 117312, Москва, ул. Вавилова, 19",044525225,30101810400000000225,01.03.2025,
30,Автономная некоммерческая организация «Центр социального проектирования «Возрождение»,Статья 32 Федерального закона от 12.01.1996 № 7-ФЗ «О некоммерческих организациях»,30.12.2014,12.04.2017,,Юридические лица,,6027043010,1026000971590,,,,,,,,,,,
29,Межрегиональная общественная правозащитная организация «Человек и Закон»,Статья 32 Федерального закона от 12.01.1996 № 7-ФЗ «О некоммерческих организациях»,30.12.2014,06.02.2024,,Юридические лица,,1215063179,1021200003857,,,,,,,,,,,
28,Автономная некоммерческая организация информационных и правовых услуг «Ресурсный правозащитный центр»,Статья 32 Федерального закона от 12.01.1996 № 7-ФЗ «О некоммерческих организациях»,30.12.2014,03.11.2015,,Юридические лица,,7801268620,1087800000738,,,,,,,,,,,
27,Санкт-Петербургская общественная правозащитная организация «Гражданский контроль»,Статья 32 Федерального закона от 12.01.1996 № 7-ФЗ «О некоммерческих организациях»,30.12.2014,,https://citwatch.org/; https://courtmonitoring.org/ru/; https://t.me/citizenwatchspb; https://vk.com/citizenswatch,Юридические лица,,7825059110,1027800003758,,,,,,40703810938000000864,"ПАО ""Сбербанк"" 117312, Москва, ул. Вавилова, 19",044525225,30101810400000000225,01.03.2025,
26,Фонд поддержки свободы прессы,Статья 32 Федерального закона от 12.01.1996 № 7-ФЗ «О некоммерческих организациях»,30.12.2014,,,Юридические лица,,7703479573,1127799003683,,,,,,40703810838000001484,"ПАО ""Сбербанк"" 117312, Москва, ул. Вавилова, 19",044525225,30101810400000000225,01.03.2025,
25,Санкт-Петербургская правозащитная общественная организация «Лига избирательниц»,Статья 32 Федерального закона от 12.01.1996 № 7-ФЗ «О некоммерческих организациях»,30.12.2014,22.05.2015,,Юридические лица,,7826018607,1037858000070,,,,,,,,,,,
24,Региональная общественная организация «Общественная комиссия по сохранению наследия академика Сахарова»,Статья 32 Федерального закона от 12.01.1996 № 7-ФЗ «О некоммерческих организациях»,25.12.2014,04.04.2024,,Юридические лица,,7709051150,1037700082177,,,,,,,,,,,
23,Калининградская региональная общественная организация «Правозащитный центр»,Статья 32 Федерального закона от 12.01.1996 № 7-ФЗ «О некоммерческих организациях»,25.12.2014,21.07.2021,,Юридические лица,,3908032115,1053918505475,,,,,,,,,,,
22,Краснодарская краевая общественная организация выпускников вузов,Статья 32 Федерального закона от 12.01.1996 № 7-ФЗ «О некоммерческих организациях»,25.12.2014,22.04.2016,,Юридические лица,,2311056659,1022300002867,,,,,,,,,,,
21,Общероссийское общественное движение защиты прав человека «За права человека»,Статья 32 Федерального закона от 12.01.1996 № 7-ФЗ «О некоммерческих организациях»,22.12.2014,30.12.2015,,Юридические лица,,7702240006,1037739134432,,,,,,,,,,,
20,Карачаево-Черкесская Республиканская молодежная общественная организация «Союз молодых политологов»,Статья 32 Федерального закона от 12.01.1996 № 7-ФЗ «О некоммерческих организациях»,15.12.2014,05.04.2018,,Юридические лица,,0917014100,1090900000300,,,,,,,,,,,
19,"Архангельская региональная общественная организация социально-психологической и правовой помощи лесбиянкам, геям, бисексуалам и трансгендерам (ЛГБТ) «Ракурс»",Статья 32 Федерального закона от 12.01.1996 № 7-ФЗ «О некоммерческих организациях»,15.12.2014,12.09.2019,,Юридические лица,,2901168740,1072900001448,,,,,,,,,,,
18,Автономная некоммерческая организация «Московская школа гражданского просвещения»,Статья 32 Федерального закона от 12.01.1996 № 7-ФЗ «О некоммерческих организациях»,09.12.2014,17.03.2021,,Юридические лица,,7709515010,1037739960554,,,,,,,,,,,
17,Некоммерческое партнерство «Институт региональной прессы»,Статья 32 Федерального закона от 12.01.1996 № 7-ФЗ «О некоммерческих организациях»,20.11.2014,25.03.2022,,Юридические лица,,7841002055,1037867003470,,,,,,,,,,,
16,Частное учреждение «Информационное агентство МЕМО. РУ»,Статья 32 Федерального закона от 12.01.1996 № 7-ФЗ «О некоммерческих организациях»,20.11.2014,09.10.2024,http://www.iamemo.ru/,Юридические лица,,7707304743,1037700033216,,,,,,,,,,,
15,Ассоциация «Партнерство для развития» (Саратовская региональная общественная благотворительная организация),Статья 32 Федерального закона от 12.01.1996 № 7-ФЗ «О некоммерческих организациях»,02.10.2014,06.11.2015,,Юридические лица,,6452043709,1026402679148,,,,,,,,,,,
14,Автономная некоммерческая организация «Научный центр международных исследований «ПИР»,Статья 32 Федерального закона от 12.01.1996 № 7-ФЗ «О некоммерческих организациях»,03.09.2014,24.02.2016,,Юридические лица,,7729348818,1037739320431,,,,,,,,,,,
13,Фонд «Институт Развития Свободы Информации»,Статья 32 Федерального закона от 12.01.1996 № 7-ФЗ «О некоммерческих организациях»,28.08.2014,,,Юридические лица,,7840018077,1087800001486,,,,,,40703810438000001936,"ПАО ""Сбербанк"" 117312, Москва, ул. Вавилова, 19",044525225,30101810400000000225,01.03.2025,
12,Санкт-Петербургская региональная общественная правозащитная организация «Солдатские матери Санкт-Петербурга»,Статья 32 Федерального закона от 12.01.1996 № 7-ФЗ «О некоммерческих организациях»,28.08.2014,23.10.2015,,Юридические лица,,7809026358,1037858013093,,,,,,,,,,,
11,Межрегиональная Ассоциация правозащитных общественных объединений «Правозащитная ассоциация»,Статья 32 Федерального закона от 12.01.1996 № 7-ФЗ «О некоммерческих организациях»,21.07.2014,29.12.2016,,Юридические лица,,1655065434,1051664047984,,,,,,,,,,,
10,Автономная некоммерческая организация  «Юристы за конституционные права и свободы»,Статья 32 Федерального закона от 12.01.1996 № 7-ФЗ «О некоммерческих организациях»,21.07.2014,26.05.2015,,Юридические лица,,7709427476,1037709052028,,,,,,,,,,,
9,Межрегиональная общественная организация Правозащитный Центр «Мемориал»,Статья 32 Федерального закона от 12.01.1996 № 7-ФЗ «О некоммерческих организациях»,21.07.2014,26.05.2022,,Юридические лица,,7707061466,1027739615860,,,,,,,,,,,
8,Фонд содействия защите прав и свобод граждан «Общественный вердикт»,Статья 32 Федерального закона от 12.01.1996 № 7-ФЗ «О некоммерческих организациях»,21.07.2014,,http://publicverdict.org/; https://vk.com/public_verdict; https://dzen.ru/publicverdict; https://t.me/yardelo; https://www.youtube.com/@publicverdict; https://obshchestvennyj-verdikt.simplecast.com/; https://vigilant.myverdict.org/; https://t.me/publicverdict,Юридические лица,,7708516356,1047796086205,,,,,,40703810138000000606,"ПАО ""Сбербанк"" 117312, Москва, ул. Вавилова, 19",044525225,30101810400000000225,01.03.2025,
7,Калининградская региональная общественная организация «Экозащита!-Женсовет»,Статья 32 Федерального закона от 12.01.1996 № 7-ФЗ «О некоммерческих организациях»,21.07.2014,23.08.2024,https://ecodefense.ru/,Юридические лица,,3907062893,1093900001689,,,,,,,,,,,
6,Некоммерческая организация Фонд «Костромской центр поддержки общественных инициатив»,Статья 32 Федерального закона от 12.01.1996 № 7-ФЗ «О некоммерческих организациях»,05.06.2014,19.06.2015,,Юридические лица,,4401059496,1054408732256,,,,,,,,,,,
5,Региональная общественная организация в защиту демократических прав и свобод «ГОЛОС»,Статья 32 Федерального закона от 12.01.1996 № 7-ФЗ «О некоммерческих организациях»,05.06.2014,20.02.2017,,Юридические лица,,7709439312,1067799008860,,,,,,,,,,,
4,Автономная некоммерческая научно-исследовательская организация «Центр социальной политики и гендерных исследований»,Статья 32 Федерального закона от 12.01.1996 № 7-ФЗ «О некоммерческих организациях»,05.06.2014,22.05.2015,,Юридические лица,,6452083317,1036405207640,,,,,,,,,,,
3,Региональная общественная правозащитная организация «Союз «Женщины Дона»,Статья 32 Федерального закона от 12.01.1996 № 7-ФЗ «О некоммерческих организациях»,05.06.2014,29.02.2016,,Юридические лица,,6150025245,1026100023872,,,,,,,,,,,
2,Ассоциация некоммерческих организаций «В защиту прав избирателей «ГОЛОС»,Статья 32 Федерального закона от 12.01.1996 № 7-ФЗ «О некоммерческих организациях»,05.06.2014,13.03.2020,,Юридические лица,,7702295527,1037739618872,,,,,,,,,,,
1,«Евразийская антимонопольная ассоциация»,Статья 32 Федерального закона от 12.01.1996 № 7-ФЗ «О некоммерческих организациях»,27.06.2013,05.07.2023,,Юридические лица,,7729441207,1097799044518,,,,,,,,,,,
