    24 3.13450 0.15278  0.01893   7.21   0.00   602 24 Themis         
    62 3.12169 0.14981  0.02254   8.62  -0.97   602 24 Themis         
    90 3.14619 0.15382  0.02314   7.84   1.26   602 24 Themis         
   171 3.13613 0.15308  0.02339   8.41   0.14   602 24 Themis         
   222 3.13487 0.15525  0.01812   9.49   0.02   602 24 Themis         
   223 3.09011 0.13429  0.02652   9.74  -2.00   602 24 Themis         
   268 3.09684 0.16740  0.02438   8.30  -3.30   602 24 Themis         
   316 3.17499 0.13668  0.02382   9.95   1.66   602 24 Themis         
   379 3.13603 0.15522  0.03083   8.82   0.11   602 24 Themis         
   383 3.13408 0.15186  0.02467   9.74  -0.02   602 24 Themis         
   461 3.11426 0.15586  0.02395  10.40  -0.67   602 24 Themis         
   468 3.14189 0.15867  0.02151   9.69   0.34   602 24 Themis         
   492 3.11191 0.15107  0.02208   9.85  -0.97   602 24 Themis         
   515 3.12097 0.15496  0.01829  10.70  -0.39   602 24 Themis         
   526 3.12313 0.15646  0.02497  10.00  -0.45   602 24 Themis         
   561 3.16797 0.13683  0.02554  11.23   0.76   602 24 Themis         
   621 3.11930 0.15010  0.02540  10.98  -0.39   602 24 Themis         
   637 3.16331 0.16575  0.02388  11.51   0.57   602 24 Themis         
   656 3.15598 0.15464  0.02352   9.95   0.88   602 24 Themis         
   710 3.13320 0.15330  0.02045  10.94  -0.03   602 24 Themis         
   767 3.11818 0.15448  0.02385  10.06  -0.64   602 24 Themis         
   846 3.12791 0.15076  0.02686  10.25  -0.23   602 24 Themis         
   848 3.10646 0.14185  0.03375  11.13  -0.67   602 24 Themis         
   936 3.13832 0.15262  0.02827  10.28   0.13   602 24 Themis         
   938 3.16090 0.15749  0.02674  11.30   0.58   602 24 Themis         
   946 3.12288 0.14483  0.01243  10.50  -0.37   602 24 Themis         
   954 3.13701 0.15066  0.02309  10.07   0.10   602 24 Themis         
   981 3.10104 0.16734  0.02785  10.86  -0.90   602 24 Themis         
   991 3.14371 0.13984  0.02314  11.06   0.23   602 24 Themis         
   996 3.09362 0.15730  0.02716  10.96  -1.05   602 24 Themis         
  1003 3.14834 0.15113  0.02173  10.72   0.40   602 24 Themis         
  1027 3.15903 0.15225  0.02409  10.82   0.67   602 24 Themis         
  1073 3.17465 0.17587  0.02439  11.61   0.77   602 24 Themis         
  1074 3.15677 0.15297  0.01976  10.10   0.85   602 24 Themis         
  1082 3.12952 0.14802  0.02355  10.46  -0.16   602 24 Themis         
  1229 3.21491 0.14902  0.03076  11.32   1.75   602 24 Themis         
  1247 3.13875 0.16021  0.02971  10.58   0.13   602 24 Themis         
  1253 3.16829 0.17781  0.02285  11.95   0.55   602 24 Themis         
  1259 3.10212 0.16045  0.02292  10.53  -1.01   602 24 Themis         
  1302 3.12020 0.16164  0.02348  10.85  -0.39   602 24 Themis         
  1340 3.18107 0.16273  0.02657  11.04   1.15   602 24 Themis         
  1383 3.08235 0.15203  0.02219  12.01  -0.83   602 24 Themis         
  1445 3.11466 0.15300  0.01970  11.58  -0.38   602 24 Themis         
  1462 3.15349 0.12997  0.02371  11.12   0.45   602 24 Themis         
  1487 3.14048 0.15058  0.02219  11.02   0.15   602 24 Themis         
  1539 3.14795 0.15645  0.02044  11.12   0.32   602 24 Themis         
  1576 3.13607 0.15377  0.02092  10.92   0.04   602 24 Themis         
  1581 3.16446 0.14504  0.02371  10.91   0.79   602 24 Themis         
  1615 3.11423 0.16050  0.02366  11.27  -0.45   602 24 Themis         
  1623 3.13466 0.15294  0.02398  11.19   0.00   602 24 Themis         
  1624 3.18110 0.13281  0.02073  11.27   1.04   602 24 Themis         
  1633 3.17481 0.17542  0.02660  10.69   1.17   602 24 Themis         
  1669 3.14076 0.14276  0.02499  10.70   0.18   602 24 Themis         
  1674 3.18430 0.13955  0.02468  11.21   1.14   602 24 Themis         
  1686 3.16608 0.14835  0.02363  11.00   0.80   602 24 Themis         
  1687 3.15870 0.15317  0.02427  10.53   0.76   602 24 Themis         
  1691 3.16641 0.14619  0.02401  10.82   0.87   602 24 Themis         
  1698 3.15768 0.14150  0.02756  11.25   0.52   602 24 Themis         
  1764 3.09192 0.15171  0.03155  11.27  -0.95   602 24 Themis         
  1778 3.14410 0.15539  0.02245  11.70   0.18   602 24 Themis         
  1782 3.12060 0.16160  0.02442  11.66  -0.26   602 24 Themis         
  1788 3.11155 0.15010  0.01933  11.74  -0.41   602 24 Themis         
  1805 3.13335 0.15138  0.02542  11.40  -0.02   602 24 Themis         
  1851 3.10918 0.15295  0.03015  12.55  -0.31   602 24 Themis         
  1895 3.18287 0.15940  0.02649  12.14   0.72   602 24 Themis         
  1898 3.11998 0.13752  0.02061  12.24  -0.21   602 24 Themis         
  1939 3.12640 0.14879  0.01929  11.00  -0.20   602 24 Themis         
  1953 3.11586 0.14754  0.02420  11.84  -0.32   602 24 Themis         
  1956 3.19963 0.12648  0.02245  12.00   1.04   602 24 Themis         
  1986 3.09758 0.16347  0.02781  11.98  -0.59   602 24 Themis         
  2003 3.06283 0.14563  0.01941  11.91  -1.19   602 24 Themis         
  2009 3.11914 0.15011  0.02823  11.16  -0.36   602 24 Themis         
  2016 3.13815 0.15160  0.02461  11.79   0.06   602 24 Themis         
  2039 3.17432 0.15861  0.02313  12.52   0.50   602 24 Themis         
  2046 3.15084 0.15523  0.03031  11.43   0.34   602 24 Themis         
  2058 3.11924 0.15918  0.02230  11.39  -0.32   602 24 Themis         
  2114 3.20318 0.16527  0.02606  11.77   1.22   602 24 Themis         
  2142 3.17438 0.13592  0.01812  11.91   0.66   602 24 Themis         
  2153 3.11705 0.15226  0.01869  11.92  -0.29   602 24 Themis         
  2163 3.14944 0.15068  0.02429  11.66   0.28   602 24 Themis         
  2164 3.17482 0.13182  0.02530  11.80   0.70   602 24 Themis         
  2165 3.13393 0.14151  0.02533  11.37   0.00   602 24 Themis         
  2182 3.12913 0.15456  0.02906  11.55  -0.11   602 24 Themis         
  2197 3.15203 0.14094  0.03207  11.42   0.36   602 24 Themis         
  2203 3.10989 0.14915  0.02094  11.57  -0.48   602 24 Themis         
  2217 3.15842 0.15652  0.02281  11.29   0.53   602 24 Themis         
  2220 3.14988 0.13533  0.02442  12.16   0.23   602 24 Themis         
  2222 3.11619 0.15962  0.02287  11.29  -0.40   602 24 Themis         
  2228 3.14342 0.16027  0.02419  11.44   0.18   602 24 Themis         
  2237 3.15458 0.17604  0.02340  11.88   0.34   602 24 Themis         
  2238 3.06500 0.14977  0.02284  12.35  -0.94   602 24 Themis         
  2248 3.09948 0.15193  0.02677  11.34  -0.76   602 24 Themis         
  2250 3.17435 0.17286  0.02529  11.84   0.68   602 24 Themis         
  2256 3.09707 0.15474  0.01355  12.04  -0.59   602 24 Themis         
  2264 3.13084 0.15414  0.02342  10.92  -0.10   602 24 Themis         
  2270 3.15117 0.15233  0.01889  11.43   0.35   602 24 Themis         
  2293 3.13873 0.15534  0.02124  11.19   0.10   602 24 Themis         
  2296 3.19642 0.17441  0.01994  11.74   1.11   602 24 Themis         
  2297 3.16449 0.15699  0.01860  11.32   0.65   602 24 Themis         
  2310 3.15013 0.15229  0.02829  11.62   0.30   602 24 Themis         
  2325 3.14347 0.14622  0.02243  11.84   0.15   602 24 Themis         
  2336 3.19043 0.16858  0.02816  11.82   0.97   602 24 Themis         
  2342 3.20582 0.13309  0.02308  11.79   1.25   602 24 Themis         
  2361 3.14339 0.15343  0.02387  11.98   0.14   602 24 Themis         
  2372 3.11127 0.15809  0.02617  11.66  -0.43   602 24 Themis         
  2404 3.12706 0.14772  0.02684  11.64  -0.14   602 24 Themis         
  2405 3.19913 0.15367  0.02241  11.48   1.31   602 24 Themis         
  2418 3.11737 0.15015  0.02558  12.62  -0.21   602 24 Themis         
  2439 3.13086 0.15776  0.01623  11.78  -0.06   602 24 Themis         
  2450 3.11524 0.14505  0.02538  11.62  -0.37   602 24 Themis         
  2458 3.13410 0.12250  0.02067  11.85   0.00   602 24 Themis         
  2461 3.17868 0.14375  0.02377  11.56   0.86   602 24 Themis         
  2489 3.10993 0.14883  0.02171  12.05  -0.38   602 24 Themis         
  2492 3.17455 0.15756  0.02313  11.48   0.81   602 24 Themis         
  2499 3.10060 0.15094  0.02512  12.25  -0.48   602 24 Themis         
  2505 3.15137 0.17633  0.02462  11.58   0.33   602 24 Themis         
  2517 3.17079 0.15685  0.02836  11.77   0.64   602 24 Themis         
  2519 3.14765 0.15179  0.02258  11.51   0.26   602 24 Themis         
  2524 3.12023 0.14605  0.02556  11.08  -0.35   602 24 Themis         
  2525 3.14072 0.15550  0.02838  11.01   0.16   602 24 Themis         
  2528 3.14640 0.14487  0.02007  12.14   0.18   602 24 Themis         
  2533 3.09688 0.15121  0.03713  11.75  -0.67   602 24 Themis         
  2534 3.14360 0.14288  0.02128  11.32   0.20   602 24 Themis         
  2549 3.20060 0.14420  0.02216  12.45   0.86   602 24 Themis         
  2551 3.14374 0.15506  0.02479  12.37   0.12   602 24 Themis         
  2587 3.17435 0.15441  0.02448  11.50   0.80   602 24 Themis         
  2592 3.12303 0.15216  0.03542  12.03  -0.18   602 24 Themis         
  2627 3.11325 0.15216  0.02303  12.00  -0.34   602 24 Themis         
  2657 3.17436 0.13814  0.02987  11.99   0.64   602 24 Themis         
  2659 3.12315 0.13116  0.02226  11.67  -0.21   602 24 Themis         
  2667 3.20779 0.17824  0.02577  11.82   1.27   602 24 Themis         
  2673 3.19436 0.18171  0.02234  12.31   0.83   602 24 Themis         
  2688 3.15727 0.16039  0.03780  11.64   0.43   602 24 Themis         
  2708 3.08484 0.16548  0.02768  12.00  -0.79   602 24 Themis         
  2718 3.11266 0.14990  0.02210  11.72  -0.40   602 24 Themis         
  2721 3.21868 0.16300  0.01903  12.04   1.32   602 24 Themis         
  2722 3.20470 0.16264  0.01703  12.09   1.07   602 24 Themis         
  2723 3.12532 0.15964  0.02823  12.92  -0.10   602 24 Themis         
  2749 3.18695 0.14803  0.02338  12.36   0.71   602 24 Themis         
  2757 3.17435 0.17364  0.02520  11.79   0.70   602 24 Themis         
  2769 3.14328 0.15157  0.02288  11.99   0.14   602 24 Themis         
  2781 3.15367 0.15420  0.03061  11.86   0.33   602 24 Themis         
  2800 3.14639 0.15243  0.03149  12.53   0.15   602 24 Themis         
  2803 3.14834 0.15240  0.02921  11.85   0.24   602 24 Themis         
  2848 3.21321 0.15670  0.03437  11.59   1.51   602 24 Themis         
  2863 3.17436 0.15854  0.01581  12.18   0.58   602 24 Themis         
  2877 3.11215 0.17436  0.02218  12.03  -0.35   602 24 Themis         
  2882 3.16614 0.16385  0.02527  11.54   0.62   602 24 Themis         
  2884 3.11533 0.14875  0.02928  12.03  -0.30   602 24 Themis         
  2894 3.11426 0.15625  0.02499  12.49  -0.26   602 24 Themis         
  2918 3.17755 0.13826  0.02345  11.89   0.72   602 24 Themis         
  2919 3.13341 0.15420  0.02479  11.91  -0.02   602 24 Themis         
  2921 3.22230 0.15811  0.02071  13.14   0.83   602 24 Themis         
  2978 3.09995 0.15039  0.03470  12.08  -0.53   602 24 Themis         
  2981 3.14575 0.17820  0.02528  12.45   0.15   602 24 Themis         
  3008 3.17107 0.14340  0.02164  12.26   0.52   602 24 Themis         
  3010 3.21434 0.17075  0.01934  12.54   0.99   602 24 Themis         
  3049 3.12178 0.14636  0.02185  11.97  -0.21   602 24 Themis         
  3054 3.10049 0.17784  0.02641  11.68  -0.63   602 24 Themis         
  3071 3.19548 0.12583  0.02419  11.97   0.98   602 24 Themis         
  3128 3.11567 0.15432  0.02904  11.94  -0.31   602 24 Themis         
  3148 3.10858 0.15823  0.02754  12.18  -0.38   602 24 Themis         
  3154 3.10287 0.14211  0.02211  12.78  -0.35   602 24 Themis         
  3164 3.15098 0.17826  0.02721  12.19   0.24   602 24 Themis         
  3174 3.15479 0.15407  0.02395  11.95   0.33   602 24 Themis         
  3179 3.09146 0.15886  0.03533  11.86  -0.73   602 24 Themis         
  3186 3.11010 0.14002  0.02148  12.73  -0.28   602 24 Themis         
  3208 3.11614 0.14540  0.02690  12.10  -0.28   602 24 Themis         
  3213 3.19610 0.13614  0.02072  12.30   0.85   602 24 Themis         
  3245 3.12941 0.14331  0.02379  13.04  -0.05   602 24 Themis         
  3264 3.15191 0.16610  0.01476  12.22   0.25   602 24 Themis         
  3274 3.14898 0.13095  0.02552  12.60   0.17   602 24 Themis         
  3276 3.12180 0.14595  0.02847  12.24  -0.18   602 24 Themis         
  3292 3.16807 0.14662  0.02650  12.98   0.34   602 24 Themis         
  3297 3.14306 0.13818  0.02177  12.23   0.12   602 24 Themis         
  3358 3.19669 0.17207  0.02794  12.50   0.79   602 24 Themis         
  3399 3.09688 0.14686  0.02230  12.45  -0.49   602 24 Themis         
  3423 3.05103 0.13781  0.02603  12.30  -1.16   602 24 Themis         
  3441 3.10159 0.15354  0.02896  12.42  -0.43   602 24 Themis         
  3449 3.07596 0.15027  0.01532  12.69  -0.68   602 24 Themis         
  3495 3.19632 0.16869  0.02572  11.63   1.17   602 24 Themis         
  3499 3.10638 0.14643  0.02909  12.37  -0.38   602 24 Themis         
  3502 3.13427 0.15513  0.02729  11.70   0.00   602 24 Themis         
  3504 3.10669 0.17494  0.01710  11.98  -0.45   602 24 Themis         
  3507 3.14077 0.15959  0.03460  11.37   0.13   602 24 Themis         
  3543 3.19379 0.16333  0.02097  11.87   1.00   602 24 Themis         
  3591 3.15704 0.15194  0.02444  12.07   0.35   602 24 Themis         
  3597 3.15199 0.16808  0.02338  11.76   0.31   602 24 Themis         
  3598 3.17859 0.12088  0.01914  12.03   0.69   602 24 Themis         
  3599 3.16677 0.14288  0.02702  12.21   0.47   602 24 Themis         
  3601 3.22449 0.15388  0.02598  12.51   1.13   602 24 Themis         
  3615 3.15974 0.15273  0.02380  11.49   0.51   602 24 Themis         
  3663 3.16158 0.17468  0.03248  12.49   0.34   602 24 Themis         
  3666 3.12094 0.15634  0.02263  12.09  -0.21   602 24 Themis         
  3705 3.12129 0.14685  0.02083  12.28  -0.18   602 24 Themis         
  3766 3.21161 0.14719  0.01309  11.90   1.29   602 24 Themis         
  3785 3.22030 0.15704  0.02567  12.06   1.33   602 24 Themis         
  3790 3.16044 0.15144  0.02847  12.62   0.31   602 24 Themis         
  3797 3.20098 0.15471  0.02404  12.78   0.74   602 24 Themis         
  3799 3.15152 0.16143  0.02173  12.02   0.27   602 24 Themis         
  3814 3.14511 0.14741  0.01821  12.28   0.15   602 24 Themis         
  3832 3.13427 0.15069  0.02348  12.37   0.00   602 24 Themis         
  3878 3.10766 0.14638  0.03406  12.95  -0.28   602 24 Themis         
  3884 3.11730 0.14742  0.02850  12.94  -0.18   602 24 Themis         
  3898 3.10797 0.13644  0.02307  12.44  -0.34   602 24 Themis         
  3899 3.19844 0.14499  0.02829  11.50   1.28   602 24 Themis         
  3916 3.22648 0.14773  0.03449  12.08   1.41   602 24 Themis         
  3930 3.13183 0.15445  0.02223  12.59  -0.03   602 24 Themis         
  3933 3.22671 0.12526  0.02534  12.28   1.29   602 24 Themis         
  3946 3.08921 0.15731  0.03224  12.23  -0.65   602 24 Themis         
  3962 3.19055 0.16075  0.02623  12.25   0.80   602 24 Themis         
  3980 3.12852 0.14626  0.02190  12.81  -0.07   602 24 Themis         
  3981 3.16461 0.15792  0.02292  11.90   0.50   602 24 Themis         
  4009 3.13473 0.15705  0.02241  12.42   0.00   602 24 Themis         
  4013 3.14197 0.15617  0.02518  12.43   0.10   602 24 Themis         
  4061 3.11214 0.15001  0.03230  12.12  -0.34   602 24 Themis         
  4073 3.18067 0.14555  0.02551  12.06   0.72   602 24 Themis         
  4079 3.18349 0.13594  0.02454  12.55   0.61   602 24 Themis         
  4098 3.20594 0.15045  0.02959  12.86   0.77   602 24 Themis         
  4126 3.19509 0.15152  0.03315  12.16   0.90   602 24 Themis         
  4139 3.14606 0.14791  0.01634  12.15   0.17   602 24 Themis         
  4143 3.08940 0.15630  0.01463  12.35  -0.61   602 24 Themis         
  4153 3.15163 0.16627  0.01413  12.25   0.24   602 24 Themis         
  4174 3.18481 0.13104  0.02381  11.88   0.85   602 24 Themis         
  4176 3.10654 0.14770  0.02610  11.90  -0.47   602 24 Themis         
  4187 3.04808 0.15010  0.02692  12.67  -1.01   602 24 Themis         
  4192 3.19050 0.16183  0.02717  11.76   1.00   602 24 Themis         
  4193 3.14725 0.14582  0.01735  12.00   0.20   602 24 Themis         
  4198 3.12668 0.14191  0.02072  12.87  -0.08   602 24 Themis         
  4211 3.21444 0.15882  0.02099  11.80   1.40   602 24 Themis         
  4234 3.22590 0.15189  0.02596  12.38   1.22   602 24 Themis         
  4242 3.11302 0.17847  0.02084  12.71  -0.25   602 24 Themis         
  4301 3.10590 0.15117  0.02920  12.45  -0.37   602 24 Themis         
  4306 3.13581 0.13890  0.02598  12.50   0.02   602 24 Themis         
  4334 3.14979 0.16264  0.01726  12.87   0.16   602 24 Themis         
  4337 3.22397 0.15438  0.03347  12.15   1.33   602 24 Themis         
  4344 3.11130 0.15101  0.02262  12.59  -0.28   602 24 Themis         
  4361 3.14296 0.15326  0.02866  12.30   0.12   602 24 Themis         
  4366 3.16136 0.15263  0.02682  12.26   0.38   602 24 Themis         
  4385 3.17835 0.14252  0.01526  12.81   0.48   602 24 Themis         
  4393 3.21359 0.15889  0.02165  12.56   0.97   602 24 Themis         
  4412 3.13827 0.13398  0.02432  12.76   0.04   602 24 Themis         
  4462 3.07658 0.15549  0.01558  12.19  -0.85   602 24 Themis         
  4463 3.20174 0.14470  0.02766  12.87   0.72   602 24 Themis         
  4470 3.12948 0.15626  0.02409  12.37  -0.07   602 24 Themis         
  4474 3.18876 0.16309  0.02162  12.67   0.63   602 24 Themis         
  4545 3.14462 0.14380  0.02896  12.11   0.15   602 24 Themis         
  4571 3.16019 0.15087  0.02752  12.16   0.38   602 24 Themis         
  4592 3.17302 0.15088  0.01558  12.54   0.48   602 24 Themis         
  4616 3.15460 0.15569  0.02571  12.59   0.24   602 24 Themis         
  4642 3.17990 0.15018  0.01723  12.12   0.68   602 24 Themis         
  4657 3.10861 0.14479  0.02356  12.50  -0.33   602 24 Themis         
  4658 3.14522 0.17390  0.01906  12.76   0.12   602 24 Themis         
  4677 3.14035 0.16888  0.02295  12.60   0.07   602 24 Themis         
  4683 3.11845 0.15870  0.02387  12.08  -0.25   602 24 Themis         
  4685 3.18286 0.14996  0.02297  12.13   0.73   602 24 Themis         
  4746 3.23156 0.12707  0.02521  12.02   1.53   602 24 Themis         
  4752 3.09361 0.14426  0.02505  12.62  -0.49   602 24 Themis         
  4758 3.19287 0.16340  0.01733  12.11   0.88   602 24 Themis         
  4759 3.17805 0.15143  0.01546  12.30   0.60   602 24 Themis         
  4778 3.16808 0.15542  0.02741  12.85   0.36   602 24 Themis         
  4779 3.19221 0.14346  0.02703  12.30   0.80   602 24 Themis         
  4821 3.14006 0.17322  0.02045  12.65   0.07   602 24 Themis         
  4831 3.08983 0.15148  0.01824  12.38  -0.60   602 24 Themis         
  4903 3.15055 0.15180  0.02401  12.54   0.20   602 24 Themis         
  4940 3.09936 0.14620  0.02159  12.05  -0.55   602 24 Themis         
  4941 3.17516 0.15933  0.01832  12.38   0.54   602 24 Themis         
  4972 3.12725 0.14957  0.02616  13.16  -0.07   602 24 Themis         
  4980 3.18731 0.13973  0.02050  12.34   0.72   602 24 Themis         
  4985 3.22332 0.14299  0.02583  12.82   0.97   602 24 Themis         
  5021 3.19424 0.12929  0.01948  12.33   0.82   602 24 Themis         
  5043 3.10604 0.13921  0.02349  12.67  -0.33   602 24 Themis         
  5045 3.14238 0.15435  0.02947  12.70   0.09   602 24 Themis         
  5055 3.09323 0.15417  0.03471  12.35  -0.56   602 24 Themis         
  5082 3.13737 0.14914  0.03063  12.71   0.03   602 24 Themis         
  5088 3.11102 0.14811  0.02372  12.47  -0.30   602 24 Themis         
  5138 3.10330 0.16624  0.02633  12.48  -0.40   602 24 Themis         
  5149 3.16108 0.15851  0.02386  12.69   0.31   602 24 Themis         
  5151 3.18779 0.18282  0.01834  13.31   0.46   602 24 Themis         
  5157 3.19659 0.14023  0.02547  12.33   0.85   602 24 Themis         
  5193 3.19340 0.14920  0.02582  11.82   1.02   602 24 Themis         
  5204 3.14102 0.14926  0.02370  12.70   0.08   602 24 Themis         
  5219 3.19889 0.15350  0.02427  12.44   0.84   602 24 Themis         
  5221 3.20073 0.13381  0.02935  12.37   0.89   602 24 Themis         
  5225 3.08287 0.15163  0.02025  12.37  -0.69   602 24 Themis         
  5228 3.10289 0.14091  0.03350  12.49  -0.40   602 24 Themis         
  5249 3.18036 0.16346  0.01984  12.12   0.69   602 24 Themis         
  5296 3.12169 0.14096  0.02859  12.13  -0.19   602 24 Themis         
  5346 3.14645 0.15023  0.02638  12.27   0.17   602 24 Themis         
  5375 3.18076 0.14103  0.02207  13.11   0.44   602 24 Themis         
  5400 3.08598 0.12993  0.02091  13.20  -0.44   602 24 Themis         
  5413 3.16982 0.16556  0.01914  12.08   0.54   602 24 Themis         
  5429 3.20021 0.16473  0.02495  12.62   0.79   602 24 Themis         
  5446 3.19986 0.13731  0.01965  12.13   0.98   602 24 Themis         
  5466 3.11046 0.14742  0.02985  12.75  -0.27   602 24 Themis         
  5550 3.09224 0.16169  0.01612  12.10  -0.64   602 24 Themis         
  5566 3.19223 0.14484  0.02319  12.62   0.69   602 24 Themis         
  5575 3.08460 0.15136  0.01593  12.66  -0.59   602 24 Themis         
  5609 3.08699 0.14962  0.03318  12.66  -0.56   602 24 Themis         
  5613 3.10648 0.15310  0.03757  12.66  -0.33   602 24 Themis         
  5680 3.16749 0.12786  0.02341  12.54   0.41   602 24 Themis         
  5714 3.13678 0.16230  0.02255  11.96   0.04   602 24 Themis         
  5770 3.22555 0.14983  0.01638  12.54   1.13   602 24 Themis         
  5800 3.09825 0.13654  0.03240  12.79  -0.40   602 24 Themis         
  5826 3.07713 0.14237  0.03442  11.88  -0.97   602 24 Themis         
  5837 3.12957 0.15565  0.01728  12.90  -0.05   602 24 Themis         
  5854 3.17744 0.15522  0.02641  12.24   0.61   602 24 Themis         
  5880 3.08655 0.15344  0.02318  12.51  -0.60   602 24 Themis         
  5919 3.20812 0.14007  0.02551  12.13   1.10   602 24 Themis         
  5974 3.13059 0.18518  0.02754  12.41  -0.05   602 24 Themis         
  6062 3.22690 0.14759  0.02894  12.20   1.34   602 24 Themis         
  6075 3.14285 0.12664  0.02574  12.53   0.10   602 24 Themis         
  6106 3.16893 0.14397  0.02627  12.54   0.43   602 24 Themis         
  6175 3.21474 0.16195  0.02046  12.52   1.01   602 24 Themis         
  6187 3.14223 0.13976  0.02342  12.65   0.09   602 24 Themis         
  6188 3.16940 0.14773  0.02646  12.89   0.37   602 24 Themis         
  6214 3.16834 0.14935  0.02221  12.16   0.50   602 24 Themis         
  6221 3.16686 0.14308  0.02298  12.83   0.35   602 24 Themis         
  6227 3.21132 0.17948  0.02454  12.84   0.83   602 24 Themis         
  6229 3.08430 0.14749  0.02054  12.99  -0.51   602 24 Themis         
  6248 3.11291 0.15814  0.02157  13.02  -0.21   602 24 Themis         
  6279 3.12248 0.17809  0.02513  12.44  -0.16   602 24 Themis         
  6287 3.13435 0.14798  0.02394  12.69   0.00   602 24 Themis         
  6288 3.20124 0.16432  0.03291  12.67   0.78   602 24 Themis         
  6289 3.18217 0.14277  0.03028  12.72   0.54   602 24 Themis         
  6297 3.14391 0.15916  0.02159  12.38   0.13   602 24 Themis         
  6300 3.22095 0.15844  0.01782  12.81   0.95   602 24 Themis         
  6301 3.18382 0.16496  0.02249  12.09   0.75   602 24 Themis         
  6308 3.15984 0.15277  0.02523  12.83   0.28   602 24 Themis         
  6375 3.17745 0.14876  0.02457  12.61   0.52   602 24 Themis         
  6378 3.17119 0.15059  0.02857  12.67   0.43   602 24 Themis         
  6482 3.16643 0.15064  0.01878  13.27   0.28   602 24 Themis         
  6531 3.20311 0.17097  0.02381  12.89   0.73   602 24 Themis         
  6541 3.13200 0.16280  0.02596  12.64  -0.03   602 24 Themis         
  6576 3.11886 0.14465  0.02548  12.42  -0.21   602 24 Themis         
  6625 3.16833 0.15359  0.03309  13.29   0.30   602 24 Themis         
  6639 3.15790 0.14498  0.02778  12.53   0.29   602 24 Themis         
  6645 3.13998 0.16909  0.02320  12.81   0.06   602 24 Themis         
  6656 3.17435 0.16925  0.02302  12.31   0.55   602 24 Themis         
  6676 3.16772 0.17040  0.02240  13.04   0.33   602 24 Themis         
  6725 3.14601 0.13716  0.02103  12.33   0.16   602 24 Themis         
  6739 3.21477 0.12615  0.02350  12.58   0.98   602 24 Themis         
  6777 3.18995 0.18404  0.03066  12.93   0.58   602 24 Themis         
  6786 3.12008 0.13743  0.02365  12.81  -0.16   602 24 Themis         
  6805 3.19138 0.16117  0.02098  12.87   0.61   602 24 Themis         
  6812 3.13151 0.12855  0.02509  13.12  -0.03   602 24 Themis         
  6824 3.12635 0.16105  0.01675  12.71  -0.09   602 24 Themis         
  6848 3.10562 0.16271  0.02953  13.00  -0.29   602 24 Themis         
  6860 3.11333 0.15405  0.02257  13.10  -0.20   602 24 Themis         
  6883 3.12951 0.15088  0.01576  12.81  -0.05   602 24 Themis         
  6890 3.23206 0.13014  0.02825  11.96   1.58   602 24 Themis         
  6930 3.20813 0.15711  0.01723  12.83   0.80   602 24 Themis         
  6953 3.12306 0.16936  0.02782  12.57  -0.14   602 24 Themis         
  6955 3.11281 0.13684  0.02081  12.28  -0.30   602 24 Themis         
  6990 3.14233 0.14807  0.03005  12.76   0.09   602 24 Themis         
  7024 3.11281 0.14237  0.02740  12.20  -0.32   602 24 Themis         
  7035 3.16497 0.16050  0.02320  12.56   0.37   602 24 Themis         
  7038 3.19785 0.15196  0.01849  12.69   0.73   602 24 Themis         
  7064 3.14713 0.17562  0.02592  12.62   0.15   602 24 Themis         
  7077 3.19846 0.15673  0.01766  12.76   0.72   602 24 Themis         
  7099 3.15924 0.14456  0.01773  12.76   0.28   602 24 Themis         
  7142 3.15324 0.14554  0.01619  12.64   0.22   602 24 Themis         
  7149 3.13238 0.14355  0.02489  13.59  -0.02   602 24 Themis         
  7226 3.20244 0.16150  0.02523  12.53   0.85   602 24 Themis         
  7270 3.20382 0.16837  0.02577  12.53   0.86   602 24 Themis         
  7314 3.12774 0.16164  0.02922  12.82  -0.07   602 24 Themis         
  7347 3.08316 0.15105  0.02544  12.95  -0.53   602 24 Themis         
  7348 3.09149 0.14056  0.02548  12.72  -0.49   602 24 Themis         
  7367 3.20790 0.13464  0.02299  13.70   0.53   602 24 Themis         
  7371 3.21487 0.15580  0.02323  13.49   0.64   602 24 Themis         
  7378 3.14658 0.14204  0.03876  12.82   0.13   602 24 Themis         
  7412 3.17911 0.16435  0.02269  12.78   0.50   602 24 Themis         
  7413 3.08251 0.16270  0.02127  13.21  -0.47   602 24 Themis         
  7415 3.16949 0.13839  0.02559  12.72   0.40   602 24 Themis         
  7432 3.08255 0.13895  0.01786  12.92  -0.54   602 24 Themis         
  7442 3.15961 0.14982  0.01796  13.09   0.24   602 24 Themis         
  7452 3.11479 0.15988  0.02904  13.18  -0.18   602 24 Themis         
  7454 3.15965 0.13079  0.02459  13.23   0.23   602 24 Themis         
  7461 3.20422 0.15079  0.02367  13.12   0.66   602 24 Themis         
  7506 3.21746 0.16300  0.02388  13.54   0.65   602 24 Themis         
  7511 3.20382 0.13377  0.01691  13.62   0.52   602 24 Themis         
  7519 3.21127 0.15302  0.03063  13.38   0.65   602 24 Themis         
  7548 3.15061 0.15790  0.02342  13.32   0.14   602 24 Themis         
  7571 3.10846 0.15299  0.01935  12.56  -0.32   602 24 Themis         
  7573 3.10668 0.13210  0.02509  13.11  -0.27   602 24 Themis         
  7621 3.14864 0.14757  0.02615  14.51   0.07   602 24 Themis         
  7623 3.17470 0.16296  0.02048  12.85   0.43   602 24 Themis         
  7634 3.19543 0.15465  0.02469  13.49   0.49   602 24 Themis         
  7639 3.21255 0.16949  0.01904  12.92   0.81   602 24 Themis         
  7720 3.22186 0.15746  0.02205  14.44   0.45   602 24 Themis         
  7746 3.19042 0.14649  0.02284  12.06   0.87   602 24 Themis         
  7755 3.14080 0.15184  0.02442  12.10   0.10   602 24 Themis         
  7793 3.05220 0.12651  0.03124  12.80  -0.91   602 24 Themis         
  7863 3.12860 0.15305  0.02179  13.14  -0.06   602 24 Themis         
  7892 3.21915 0.13531  0.02586  13.24   0.76   602 24 Themis         
  7896 3.14445 0.16510  0.02341  12.38   0.13   602 24 Themis         
  7909 3.15943 0.16327  0.02445  13.35   0.21   602 24 Themis         
  7924 3.10213 0.15010  0.03063  12.72  -0.37   602 24 Themis         
  7935 3.08977 0.15141  0.02384  12.86  -0.48   602 24 Themis         
  7943 3.15186 0.13073  0.02413  12.61   0.21   602 24 Themis         
  7951 3.13794 0.15071  0.01605  13.41   0.03   602 24 Themis         
  7956 3.09511 0.13274  0.02197  13.14  -0.37   602 24 Themis         
  7968 3.16397 0.15268  0.02410  15.13   0.11   602 24 Themis         
  7969 3.17457 0.16482  0.02778  12.71   0.46   602 24 Themis         
  7972 3.21687 0.14395  0.02909  13.40   0.69   602 24 Themis         
  7991 3.14187 0.16642  0.01843  12.52   0.09   602 24 Themis         
  7994 3.05875 0.13579  0.02223  12.55  -0.94   602 24 Themis         
  8001 3.14014 0.15453  0.02373  12.97   0.06   602 24 Themis         
  8012 3.09440 0.14686  0.02840  13.45  -0.33   602 24 Themis         
  8061 3.17054 0.15969  0.01984  13.16   0.34   602 24 Themis         
  8076 3.19413 0.16266  0.02249  12.65   0.70   602 24 Themis         
  8095 3.15113 0.15333  0.02471  12.52   0.21   602 24 Themis         
  8133 3.15506 0.15877  0.01883  12.35   0.28   602 24 Themis         
  8161 3.15705 0.15224  0.02343  13.22   0.20   602 24 Themis         
  8172 3.07578 0.12584  0.02067  12.92  -0.61   602 24 Themis         
  8204 3.10160 0.14217  0.02250  12.72  -0.38   602 24 Themis         
  8205 3.18817 0.17141  0.02182  12.77   0.60   602 24 Themis         
  8239 3.15465 0.13628  0.02429  13.22   0.18   602 24 Themis         
  8261 3.03693 0.16022  0.03271  13.14  -0.92   602 24 Themis         
  8282 3.08861 0.14490  0.01616  13.20  -0.42   602 24 Themis         
  8314 3.19189 0.14041  0.02561  12.84   0.62   602 24 Themis         
  8319 3.18752 0.15744  0.03075  13.26   0.47   602 24 Themis         
  8322 3.20836 0.14608  0.02414  12.99   0.75   602 24 Themis         
  8329 3.18254 0.15085  0.02390  12.62   0.57   602 24 Themis         
  8337 3.19863 0.13643  0.02644  13.24   0.58   602 24 Themis         
  8339 3.17429 0.15689  0.02401  13.10   0.38   602 24 Themis         
  8346 3.15989 0.17477  0.03079  12.71   0.29   602 24 Themis         
  8363 3.08312 0.15197  0.02713  12.60  -0.62   602 24 Themis         
  8374 3.21063 0.16443  0.02968  12.37   1.02   602 24 Themis         
  8385 3.12318 0.16824  0.02374  13.34  -0.10   602 24 Themis         
  8408 3.04628 0.12974  0.02340  13.85  -0.60   602 24 Themis         
  8410 3.21003 0.16772  0.02639  12.52   0.95   602 24 Themis         
  8415 3.18770 0.16044  0.02373  12.34   0.72   602 24 Themis         
  8432 3.18382 0.18281  0.02130  13.23   0.45   602 24 Themis         
  8459 3.12961 0.15337  0.02317  13.62  -0.04   602 24 Themis         
  8463 3.22554 0.16409  0.03192  14.05   0.56   602 24 Themis         
  8518 3.11277 0.13918  0.01984  12.73  -0.25   602 24 Themis         
  8535 3.14539 0.15296  0.02485  13.18   0.10   602 24 Themis         
  8561 3.11360 0.17573  0.02304  13.14  -0.20   602 24 Themis         
  8586 3.19895 0.15662  0.02415  12.69   0.75   602 24 Themis         
  8590 3.21326 0.14309  0.01567  13.14   0.74   602 24 Themis         
  8591 3.16209 0.16154  0.01764  12.78   0.31   602 24 Themis         
  8598 3.15983 0.14829  0.03040  13.52   0.20   602 24 Themis         
  8614 3.15852 0.15740  0.03407  12.78   0.27   602 24 Themis         
  8679 3.03568 0.14270  0.02288  13.40  -0.83   602 24 Themis         
  8681 3.05295 0.13557  0.03569  12.79  -0.90   602 24 Themis         
  8682 3.13909 0.14625  0.01474  12.71   0.05   602 24 Themis         
  8697 3.09833 0.15732  0.03719  13.45  -0.30   602 24 Themis         
  8700 3.20244 0.16148  0.02138  12.67   0.79   602 24 Themis         
  8712 3.13128 0.13612  0.02275  12.46  -0.04   602 24 Themis         
  8717 3.19238 0.16220  0.02042  12.78   0.64   602 24 Themis         
  8744 3.13320 0.14882  0.02358  13.16   0.00   602 24 Themis         
  8767 3.12784 0.14670  0.02203  13.82  -0.05   602 24 Themis         
  8770 3.11626 0.14457  0.01986  12.64  -0.22   602 24 Themis         
  8779 3.19573 0.16107  0.02980  13.15   0.57   602 24 Themis         
  8786 3.17159 0.12212  0.02038  13.39   0.31   602 24 Themis         
  8826 3.17421 0.15319  0.02076  12.88   0.42   602 24 Themis         
  8872 3.19998 0.12879  0.02274  13.03   0.65   602 24 Themis         
  8890 3.16102 0.17762  0.02028  13.09   0.26   602 24 Themis         
  8892 3.09016 0.15864  0.01679  13.13  -0.42   602 24 Themis         
  8906 3.22602 0.15650  0.01877  12.71   1.05   602 24 Themis         
  8912 3.14186 0.16011  0.03686  13.00   0.07   602 24 Themis         
  8926 3.23177 0.12830  0.02331  13.52   0.77   602 24 Themis         
  8944 3.11970 0.16134  0.02616  13.75  -0.11   602 24 Themis         
  8961 3.20808 0.16974  0.02138  13.54   0.58   602 24 Themis         
  8963 3.21916 0.13418  0.02439  13.11   0.81   602 24 Themis         
  8965 3.15468 0.15307  0.01909  12.96   0.21   602 24 Themis         
  8966 3.05583 0.16652  0.02999  13.77  -0.55   602 24 Themis         
  8970 3.09121 0.14894  0.01718  13.85  -0.29   602 24 Themis         
  8971 3.10648 0.15146  0.01428  13.29  -0.25   602 24 Themis         
  8976 3.09788 0.14377  0.01621  13.18  -0.34   602 24 Themis         
  8978 3.21666 0.12857  0.02410  13.52   0.65   602 24 Themis         
  8986 3.09749 0.15630  0.03303  12.99  -0.37   602 24 Themis         
  8998 3.22598 0.15812  0.02765  13.48   0.74   602 24 Themis         
  9025 3.21359 0.15793  0.02325  13.62   0.60   602 24 Themis         
  9026 3.17374 0.13596  0.02040  13.06   0.38   602 24 Themis         
  9057 3.18751 0.15318  0.01684  12.40   0.70   602 24 Themis         
  9097 3.14702 0.14535  0.02032  13.20   0.11   602 24 Themis         
  9112 3.11307 0.15100  0.02710  12.84  -0.23   602 24 Themis         
  9132 3.11722 0.16770  0.02565  12.49  -0.22   602 24 Themis         
  9163 3.17442 0.17722  0.03447  13.55   0.31   602 24 Themis         
  9166 3.18449 0.14762  0.02286  12.52   0.63   602 24 Themis         
  9195 3.21641 0.15221  0.02393  12.71   0.94   602 24 Themis         
  9203 3.16827 0.12447  0.02429  12.34   0.46   602 24 Themis         
  9230 3.09415 0.15030  0.02242  13.47  -0.33   602 24 Themis         
  9243 3.11035 0.14668  0.02272  13.48  -0.19   602 24 Themis         
  9251 3.11034 0.14415  0.02531  13.94  -0.16   602 24 Themis         
  9263 3.14815 0.14912  0.02232  13.16   0.13   602 24 Themis         
  9270 3.05273 0.17330  0.02272  13.07  -0.80   602 24 Themis         
  9278 3.17790 0.14234  0.02225  12.78   0.48   602 24 Themis         
  9293 3.18707 0.15262  0.02324  12.63   0.63   602 24 Themis         
  9309 3.18165 0.15708  0.02623  13.34   0.41   602 24 Themis         
  9310 3.14318 0.17662  0.02615  12.90   0.09   602 24 Themis         
  9322 3.16322 0.13968  0.02188  13.25   0.26   602 24 Themis         
  9330 3.20769 0.14786  0.02255  12.84   0.79   602 24 Themis         
  9339 3.15747 0.16711  0.01993  13.53   0.18   602 24 Themis         
  9340 3.21206 0.15479  0.01815  12.93   0.80   602 24 Themis         
  9378 3.16199 0.16356  0.02871  13.01   0.27   602 24 Themis         
  9383 3.05249 0.16385  0.02302  13.88  -0.55   602 24 Themis         
  9396 3.09161 0.13472  0.03697  13.36  -0.37   602 24 Themis         
  9410 3.20783 0.15808  0.01787  12.45   0.95   602 24 Themis         
  9444 3.13578 0.12111  0.02044  12.78   0.00   602 24 Themis         
  9446 3.16414 0.14882  0.02545  12.91   0.31   602 24 Themis         
  9451 3.19248 0.14040  0.02459  12.81   0.64   602 24 Themis         
  9457 3.18375 0.15319  0.01953  13.01   0.49   602 24 Themis         
  9470 3.16014 0.14670  0.03259  13.66   0.19   602 24 Themis         
  9472 3.06000 0.14597  0.02604  13.51  -0.59   602 24 Themis         
  9480 3.12038 0.14016  0.02624  13.06  -0.14   602 24 Themis         
  9534 3.15792 0.16886  0.02317  12.81   0.26   602 24 Themis         
  9539 3.09104 0.15203  0.02581  13.48  -0.35   602 24 Themis         
  9540 3.09693 0.14250  0.02400  12.87  -0.40   602 24 Themis         
  9558 3.21256 0.13863  0.03021  12.81   0.86   602 24 Themis         
  9646 3.22191 0.12512  0.01944  12.81   0.96   602 24 Themis         
  9660 3.18410 0.15277  0.02082  12.72   0.57   602 24 Themis         
  9664 3.19637 0.14350  0.02129  13.06   0.60   602 24 Themis         
  9669 3.22049 0.15911  0.03000  12.98   0.87   602 24 Themis         
  9676 3.08348 0.14041  0.02904  13.34  -0.44   602 24 Themis         
  9736 3.16402 0.15975  0.02361  13.42   0.24   602 24 Themis         
  9789 3.14529 0.16040  0.02610  12.33   0.15   602 24 Themis         
  9797 3.18742 0.15372  0.02652  13.14   0.50   602 24 Themis         
  9858 3.22594 0.14841  0.02843  12.98   0.93   602 24 Themis         
 10002 3.14085 0.14579  0.03417  13.26   0.06   602 24 Themis         
 10018 3.09944 0.15904  0.02714  13.24  -0.32   602 24 Themis         
 10045 3.11419 0.14311  0.03407  12.67  -0.24   602 24 Themis         
 10099 3.23441 0.13007  0.02865  13.30   0.87   602 24 Themis         
 10105 3.12317 0.14530  0.01525  13.25  -0.10   602 24 Themis         
 10119 3.13492 0.16150  0.02459  12.88   0.00   602 24 Themis         
 10121 3.19901 0.15248  0.02129  13.11   0.62   602 24 Themis         
 10122 3.20791 0.17051  0.01783  13.15   0.69   602 24 Themis         
 10147 3.18467 0.14157  0.03065  13.05   0.49   602 24 Themis         
 10148 3.23483 0.13377  0.02401  12.39   1.34   602 24 Themis         
 10196 3.18869 0.13375  0.01961  13.13   0.51   602 24 Themis         
 10223 3.12601 0.16769  0.02240  12.91  -0.09   602 24 Themis         
 10241 3.04546 0.13152  0.02301  13.35  -0.76   602 24 Themis         
 10264 3.20266 0.17598  0.02600  12.94   0.70   602 24 Themis         
 10269 3.14007 0.13956  0.02353  12.40   0.07   602 24 Themis         
 10338 3.11410 0.12537  0.02393  13.04  -0.20   602 24 Themis         
 10343 3.12744 0.12880  0.02871  13.55  -0.06   602 24 Themis         
 10377 3.21145 0.15810  0.02479  13.58   0.59   602 24 Themis         
 10397 3.09613 0.16500  0.02041  13.53  -0.30   602 24 Themis         
 10408 3.05236 0.13274  0.02233  13.52  -0.65   602 24 Themis         
 10409 3.11869 0.17468  0.02762  12.93  -0.16   602 24 Themis         
 10417 3.14055 0.16873  0.01741  12.99   0.06   602 24 Themis         
 10463 3.11640 0.15593  0.02843  13.25  -0.16   602 24 Themis         
 10485 3.22862 0.14540  0.02223  12.95   0.97   602 24 Themis         
 10553 3.20575 0.13717  0.02642  13.72   0.51   602 24 Themis         
 10624 3.19626 0.12173  0.02276  12.87   0.66   602 24 Themis         
 10625 3.18493 0.14591  0.02393  12.78   0.56   602 24 Themis         
 10641 3.16093 0.14406  0.02276  13.16   0.25   602 24 Themis         
 10659 3.16627 0.14296  0.02719  13.82   0.22   602 24 Themis         
 10663 3.20768 0.15685  0.02239  13.54   0.57   602 24 Themis         
 10681 3.15271 0.15045  0.02561  13.06   0.18   602 24 Themis         
 10807 3.16483 0.16211  0.02911  12.82   0.33   602 24 Themis         
 10816 3.13377 0.12436  0.02627  13.41   0.00   602 24 Themis         
 10819 3.14503 0.16847  0.02232  13.43   0.09   602 24 Themis         
 10865 3.08783 0.14410  0.02723  13.00  -0.47   602 24 Themis         
 10883 3.13439 0.14864  0.02617  13.27   0.00   602 24 Themis         
 10914 3.17948 0.16412  0.02506  13.70   0.33   602 24 Themis         
 10918 3.11332 0.16017  0.03004  13.66  -0.16   602 24 Themis         
 10920 3.19004 0.13744  0.02114  12.72   0.63   602 24 Themis         
 10929 3.15822 0.13486  0.02636  12.82   0.26   602 24 Themis         
 10966 3.12641 0.12947  0.02629  14.00  -0.05   602 24 Themis         
 10968 3.12254 0.15239  0.02174  13.97  -0.08   602 24 Themis         
 11193 3.19773 0.15230  0.02192  12.68   0.74   602 24 Themis         
 11204 3.13595 0.16029  0.02414  13.01   0.00   602 24 Themis         
 11255 3.10546 0.16079  0.02565  13.15  -0.27   602 24 Themis         
 11289 3.09691 0.14779  0.02738  13.22  -0.34   602 24 Themis         
 11317 3.16244 0.16746  0.02759  13.44   0.23   602 24 Themis         
 11352 3.16285 0.15299  0.02059  12.72   0.32   602 24 Themis         
 11377 3.21038 0.15237  0.02292  13.12   0.72   602 24 Themis         
 11390 3.09251 0.14064  0.02685  13.17  -0.39   602 24 Themis         
 11408 3.17443 0.15773  0.03113  13.00   0.40   602 24 Themis         
 11409 3.19936 0.12975  0.02091  12.58   0.79   602 24 Themis         
 11432 3.12649 0.15213  0.02552  14.18  -0.05   602 24 Themis         
 11468 3.08235 0.12744  0.02922  14.10  -0.32   602 24 Themis         
 11479 3.17589 0.17458  0.03590  12.47   0.53   602 24 Themis         
 11485 3.16606 0.14192  0.03200  13.86   0.21   602 24 Themis         
 11502 3.09800 0.15837  0.03150  12.93  -0.38   602 24 Themis         
 11517 3.11421 0.15396  0.02687  13.15  -0.19   602 24 Themis         
 11518 3.21333 0.15121  0.02378  13.08   0.76   602 24 Themis         
 11521 3.15758 0.15653  0.01899  13.24   0.21   602 24 Themis         
 11609 3.08520 0.13665  0.02023  12.88  -0.52   602 24 Themis         
 11652 3.10209 0.15385  0.02980  12.47  -0.42   602 24 Themis         
 11655 3.16536 0.11897  0.02021  13.27   0.27   602 24 Themis         
 11664 3.16537 0.12773  0.02875  12.87   0.33   602 24 Themis         
 11670 3.09619 0.13736  0.02332  12.92  -0.40   602 24 Themis         
 11717 3.21656 0.13124  0.02470  12.68   0.96   602 24 Themis         
 11729 3.14573 0.15411  0.02911  12.50   0.14   602 24 Themis         
 11738 3.18952 0.14887  0.01887  12.35   0.75   602 24 Themis         
 11776 3.18231 0.14227  0.03008  13.53   0.38   602 24 Themis         
 11783 3.16899 0.17413  0.03031  13.23   0.31   602 24 Themis         
 11794 3.10667 0.13211  0.02348  13.20  -0.26   602 24 Themis         
 11826 3.19649 0.16242  0.03482  13.56   0.48   602 24 Themis         
 11844 3.18209 0.15164  0.02197  12.89   0.50   602 24 Themis         
 11845 3.22474 0.15795  0.01775  13.03   0.89   602 24 Themis         
 11858 3.14973 0.14380  0.02172  13.29   0.13   602 24 Themis         
 11860 3.15148 0.14166  0.02198  12.95   0.17   602 24 Themis         
 11898 3.20482 0.15940  0.02068  13.06   0.69   602 24 Themis         
 11946 3.14535 0.16660  0.02043  12.94   0.11   602 24 Themis         
 11948 3.18476 0.15854  0.02883  13.09   0.48   602 24 Themis         
 11950 3.20119 0.16427  0.02061  13.31   0.58   602 24 Themis         
 11974 3.11091 0.17376  0.02366  12.92  -0.25   602 24 Themis         
 12033 3.22051 0.14992  0.02474  13.30   0.75   602 24 Themis         
 12129 3.18074 0.17450  0.02206  12.70   0.53   602 24 Themis         
 12175 3.10839 0.14880  0.03267  13.01  -0.26   602 24 Themis         
 12183 3.21203 0.17098  0.02853  13.07   0.75   602 24 Themis         
 12192 3.08506 0.13502  0.02967  13.94  -0.32   602 24 Themis         
 12359 3.20803 0.12422  0.02276  12.63   0.88   602 24 Themis         
 12360 3.23492 0.13765  0.02599  13.16   0.94   602 24 Themis         
 12361 3.12428 0.14692  0.02632  13.78  -0.07   602 24 Themis         
 12363 3.16337 0.15428  0.02426  12.91   0.30   602 24 Themis         
 12393 3.08342 0.14052  0.01555  13.31  -0.44   602 24 Themis         
 12439 3.14443 0.15865  0.01863  12.56   0.12   602 24 Themis         
 12490 3.18579 0.16738  0.01580  14.22   0.29   602 24 Themis         
 12546 3.08302 0.15416  0.01663  13.13  -0.49   602 24 Themis         
 12560 3.14866 0.14112  0.01999  12.87   0.15   602 24 Themis         
 12561 3.10753 0.16836  0.01876  12.59  -0.33   602 24 Themis         
 12567 3.19566 0.13472  0.02984  12.88   0.65   602 24 Themis         
 12609 3.12536 0.15257  0.03578  13.95  -0.06   602 24 Themis         
 12620 3.10204 0.16441  0.02401  13.58  -0.25   602 24 Themis         
 12694 3.22657 0.13429  0.01601  13.58   0.71   602 24 Themis         
 12758 3.13682 0.14975  0.02016  13.80   0.02   602 24 Themis         
 12884 3.19061 0.13330  0.02336  12.81   0.62   602 24 Themis         
 12887 3.17435 0.17789  0.02551  13.26   0.36   602 24 Themis         
 12889 3.11334 0.15568  0.03904  12.76  -0.24   602 24 Themis         
 12904 3.21608 0.14458  0.02052  13.09   0.79   602 24 Themis         
 12905 3.20208 0.14263  0.02117  12.95   0.69   602 24 Themis         
 12911 3.10112 0.15993  0.02050  12.89  -0.35   602 24 Themis         
 12912 3.17469 0.14463  0.02673  12.98   0.41   602 24 Themis         
 12930 3.20305 0.16350  0.02015  13.37   0.58   602 24 Themis         
 12944 3.10649 0.15848  0.02403  14.08  -0.17   602 24 Themis         
 12969 3.09584 0.14672  0.02538  14.89  -0.16   602 24 Themis         
 13149 3.12299 0.15399  0.03266  13.74  -0.08   602 24 Themis         
 13179 3.11138 0.15068  0.02394  13.53  -0.18   602 24 Themis         
 13228 3.16785 0.15470  0.03269  12.60   0.40   602 24 Themis         
 13231 3.21803 0.15390  0.01980  13.59   0.64   602 24 Themis         
 13327 3.09411 0.13521  0.03533  13.90  -0.27   602 24 Themis         
 13330 3.11253 0.14643  0.02536  12.85  -0.24   602 24 Themis         
 13348 3.16386 0.14499  0.02419  12.56   0.36   602 24 Themis         
 13363 3.12555 0.13682  0.02676  13.04  -0.09   602 24 Themis         
 13369 3.12948 0.14505  0.02399  13.29  -0.04   602 24 Themis         
 13419 3.15564 0.15870  0.01707  13.84   0.14   602 24 Themis         
 13436 3.19400 0.15132  0.02644  12.40   0.79   602 24 Themis         
 13485 3.12209 0.15289  0.03177  13.19  -0.11   602 24 Themis         
 13499 3.21302 0.16168  0.02300  13.48   0.63   602 24 Themis         
 13534 3.21584 0.14145  0.02987  13.30   0.71   602 24 Themis         
 13536 3.17439 0.14925  0.01987  12.99   0.40   602 24 Themis         
 13562 3.17425 0.15315  0.03115  13.80   0.28   602 24 Themis         
 13590 3.20809 0.14988  0.01997  13.57   0.57   602 24 Themis         
 13644 3.15608 0.17846  0.02005  13.17   0.20   602 24 Themis         
 13649 3.20098 0.14951  0.02511  12.70   0.77   602 24 Themis         
 13686 3.10747 0.15530  0.03606  13.80  -0.19   602 24 Themis         
 13787 3.18725 0.13943  0.01540  13.03   0.52   602 24 Themis         
 13794 3.14525 0.15780  0.02654  13.22   0.10   602 24 Themis         
 13795 3.18141 0.15640  0.02799  13.16   0.44   602 24 Themis         
 13796 3.19543 0.13594  0.02969  13.46   0.50   602 24 Themis         
 13805 3.21768 0.15206  0.02805  12.99   0.84   602 24 Themis         
 13820 3.10924 0.15861  0.02349  13.21  -0.23   602 24 Themis         
 13829 3.12961 0.15798  0.01863  13.09  -0.05   602 24 Themis         
 13845 3.17065 0.15382  0.02204  14.19   0.21   602 24 Themis         
 13875 3.08864 0.15294  0.03316  13.71  -0.33   602 24 Themis         
 13962 3.17431 0.16869  0.02828  12.93   0.41   602 24 Themis         
 13964 3.20045 0.13740  0.03177  13.17   0.61   602 24 Themis         
 13965 3.09630 0.15638  0.02606  13.79  -0.27   602 24 Themis         
 13984 3.09101 0.13739  0.02415  14.10  -0.26   602 24 Themis         
 14013 3.11506 0.15567  0.02509  14.07  -0.12   602 24 Themis         
 14072 3.14571 0.14607  0.02930  13.20   0.10   602 24 Themis         
 14075 3.11428 0.16911  0.02163  13.47  -0.16   602 24 Themis         
 14099 3.18610 0.15209  0.02678  13.01   0.52   602 24 Themis         
 14100 3.13126 0.11651  0.02373  13.40  -0.03   602 24 Themis         
 14167 3.09482 0.15166  0.02360  13.08  -0.38   602 24 Themis         
 14168 3.16091 0.15471  0.02434  13.02   0.26   602 24 Themis         
 14227 3.10990 0.14610  0.02507  12.30  -0.34   602 24 Themis         
 14242 3.22413 0.14637  0.01740  13.78   0.63   602 24 Themis         
 14248 3.16229 0.15010  0.01866  13.12   0.26   602 24 Themis         
 14279 3.09204 0.14991  0.02313  13.43  -0.35   602 24 Themis         
 14314 3.13929 0.15510  0.02426  13.46   0.04   602 24 Themis         
 14367 3.14972 0.16405  0.02787  13.99   0.10   602 24 Themis         
 14389 3.19614 0.15860  0.02760  12.94   0.64   602 24 Themis         
 14406 3.13131 0.13624  0.02413  13.49  -0.03   602 24 Themis         
 14428 3.16869 0.16736  0.01500  13.00   0.34   602 24 Themis         
 14448 3.09439 0.16092  0.01335  13.26  -0.36   602 24 Themis         
 14478 3.17314 0.17526  0.02033  13.00   0.39   602 24 Themis         
 14519 3.22095 0.15195  0.01972  13.13   0.82   602 24 Themis         
 14547 3.11744 0.17669  0.02641  14.02  -0.11   602 24 Themis         
 14556 3.19952 0.13487  0.02485  13.13   0.62   602 24 Themis         
 14638 3.14180 0.14491  0.03117  13.67   0.05   602 24 Themis         
 14654 3.14635 0.12980  0.02336  13.18   0.11   602 24 Themis         
 14681 3.10360 0.15895  0.03579  13.63  -0.23   602 24 Themis         
 14716 3.19902 0.13756  0.02211  12.87   0.69   602 24 Themis         
 14732 3.20158 0.16583  0.02403  13.15   0.63   602 24 Themis         
 14750 3.06470 0.17459  0.01933  14.76  -0.31   602 24 Themis         
 14770 3.20385 0.16892  0.02996  13.87   0.47   602 24 Themis         
 14771 3.23978 0.12731  0.01871  13.26   0.94   602 24 Themis         
 14887 3.17044 0.14666  0.02216  13.58   0.28   602 24 Themis         
 14963 3.13078 0.15517  0.01875  13.37  -0.03   602 24 Themis         
 14987 3.19037 0.13490  0.02790  13.64   0.42   602 24 Themis         
 15002 3.21577 0.14128  0.02382  13.70   0.59   602 24 Themis         
 15057 3.18252 0.14611  0.03046  13.98   0.31   602 24 Themis         
 15074 3.10849 0.14702  0.02500  13.18  -0.24   602 24 Themis         
 15085 3.09332 0.14363  0.01322  12.74  -0.47   602 24 Themis         
 15086 3.21298 0.13319  0.02820  14.02   0.49   602 24 Themis         
 15122 3.14190 0.17971  0.02344  14.09   0.05   602 24 Themis         
 15123 3.16920 0.15053  0.02051  12.73   0.39   602 24 Themis         
 15125 3.18160 0.14777  0.01817  13.91   0.31   602 24 Themis         
 15187 3.22071 0.14512  0.01945  13.68   0.63   602 24 Themis         
 15222 3.15716 0.14979  0.02735  12.49   0.29   602 24 Themis         
 15245 3.11679 0.11715  0.02579  13.35  -0.15   602 24 Themis         
 15255 3.14590 0.13607  0.02710  13.74   0.08   602 24 Themis         
 15257 3.12967 0.15698  0.03115  13.78  -0.03   602 24 Themis         
 15261 3.16244 0.15751  0.02470  13.29   0.25   602 24 Themis         
 15262 3.20530 0.14569  0.02433  13.11   0.68   602 24 Themis         
 15292 3.10192 0.16035  0.03189  12.90  -0.34   602 24 Themis         
 15323 3.19943 0.17980  0.02181  13.73   0.47   602 24 Themis         
 15324 3.10138 0.17875  0.02314  13.99  -0.21   602 24 Themis         
 15342 3.09543 0.15129  0.01864  13.86  -0.26   602 24 Themis         
 15395 3.15024 0.14083  0.01609  14.17   0.09   602 24 Themis         
 15412 3.16580 0.17217  0.02957  13.34   0.27   602 24 Themis         
 15472 3.22320 0.13740  0.02510  13.61   0.67   602 24 Themis         
 15482 3.13299 0.12297  0.02544  13.44   0.00   602 24 Themis         
 15485 3.13514 0.14810  0.02470  13.48   0.00   602 24 Themis         
 15497 3.14183 0.13602  0.02719  14.08   0.04   602 24 Themis         
 15572 3.21641 0.15242  0.01734  13.32   0.71   602 24 Themis         
 15588 3.20802 0.15299  0.02754  13.72   0.53   602 24 Themis         
 15656 3.19206 0.12360  0.02138  13.04   0.57   602 24 Themis         
 15657 3.17446 0.15404  0.02841  13.93   0.26   602 24 Themis         
 15698 3.12871 0.14805  0.01480  13.39  -0.05   602 24 Themis         
 15771 3.16233 0.16415  0.02721  13.21   0.25   602 24 Themis         
 15837 3.08756 0.14074  0.02235  13.97  -0.30   602 24 Themis         
 15839 3.10664 0.14080  0.02407  13.79  -0.19   602 24 Themis         
 15867 3.15629 0.14931  0.02256  13.35   0.19   602 24 Themis         
 15929 3.17798 0.13348  0.01873  13.13   0.41   602 24 Themis         
 15931 3.18160 0.16924  0.02005  12.83   0.51   602 24 Themis         
 15944 3.12312 0.14026  0.03319  12.98  -0.12   602 24 Themis         
 15968 3.22134 0.14280  0.02522  13.15   0.81   602 24 Themis         
 16015 3.13759 0.15539  0.01702  13.49   0.02   602 24 Themis         
 16031 3.19108 0.15946  0.01701  12.96   0.58   602 24 Themis         
 16039 3.21167 0.14042  0.02405  13.26   0.69   602 24 Themis         
 16048 3.04947 0.13816  0.01905  13.51  -0.68   602 24 Themis         
 16050 3.10657 0.14820  0.02376  13.08  -0.27   602 24 Themis         
 16086 3.19222 0.17065  0.01827  13.15   0.54   602 24 Themis         
 16115 3.21815 0.15394  0.02659  12.96   0.86   602 24 Themis         
 16178 3.22415 0.12045  0.02759  13.33   0.77   602 24 Themis         
 16179 3.13962 0.13444  0.02573  13.66   0.04   602 24 Themis         
 16228 3.11951 0.14581  0.01912  13.50  -0.12   602 24 Themis         
 16229 3.17685 0.12928  0.02467  13.74   0.30   602 24 Themis         
 16231 3.09195 0.12966  0.03046  13.72  -0.31   602 24 Themis         
 16246 3.09047 0.15722  0.01462  14.20  -0.25   602 24 Themis         
 16263 3.22445 0.15449  0.02282  14.00   0.57   602 24 Themis         
 16265 3.11207 0.14785  0.02461  13.78  -0.16   602 24 Themis         
 16269 3.10685 0.14645  0.01573  14.27  -0.15   602 24 Themis         
 16278 3.18026 0.16743  0.01972  13.03   0.45   602 24 Themis         
 16279 3.08244 0.15070  0.02271  12.76  -0.58   602 24 Themis         
 16298 3.10650 0.12983  0.02228  14.14  -0.17   602 24 Themis         
 16300 3.21812 0.14412  0.03243  13.21   0.76   602 24 Themis         
 16303 3.09836 0.15875  0.03630  14.12  -0.22   602 24 Themis         
 16316 3.21279 0.17044  0.02496  13.51   0.62   602 24 Themis         
 16332 3.13650 0.13775  0.02285  12.89   0.02   602 24 Themis         
 16356 3.15174 0.15687  0.03562  12.53   0.22   602 24 Themis         
 16515 3.17433 0.14682  0.02329  12.98   0.40   602 24 Themis         
 16568 3.22909 0.12216  0.02384  13.20   0.87   602 24 Themis         
 16575 3.12706 0.13901  0.03229  13.27  -0.07   602 24 Themis         
 16576 3.21129 0.12415  0.02781  13.45   0.63   602 24 Themis         
 16615 3.22070 0.15972  0.01656  13.98   0.55   602 24 Themis         
 16688 3.09759 0.14717  0.03052  13.32  -0.32   602 24 Themis         
 16716 3.10274 0.14993  0.02835  14.68  -0.15   602 24 Themis         
 16719 3.11277 0.14582  0.02438  13.10  -0.21   602 24 Themis         
 16723 3.16642 0.15970  0.02055  13.78   0.22   602 24 Themis         
 16781 3.17450 0.13793  0.02471  13.04   0.39   602 24 Themis         
 16788 3.18148 0.13952  0.02130  12.68   0.55   602 24 Themis         
 16853 3.10273 0.14833  0.01733  13.03  -0.31   602 24 Themis         
 16877 3.05774 0.15290  0.02356  13.50  -0.61   602 24 Themis         
 16889 3.22026 0.11631  0.02072  14.19   0.50   602 24 Themis         
 16892 3.10683 0.15285  0.01974  12.93  -0.29   602 24 Themis         
 16900 3.03907 0.14482  0.02287  13.26  -0.85   602 24 Themis         
 16923 3.19249 0.14366  0.02887  13.16   0.54   602 24 Themis         
 16945 3.22025 0.14475  0.01588  12.94   0.89   602 24 Themis         
 16969 3.21476 0.16699  0.02341  13.71   0.58   602 24 Themis         
 17097 3.10646 0.15120  0.03381  14.04  -0.17   602 24 Themis         
 17104 3.20814 0.16973  0.02451  13.78   0.52   602 24 Themis         
 17150 3.17045 0.14581  0.02617  13.18   0.33   602 24 Themis         
 17231 3.12953 0.14560  0.01843  13.65  -0.04   602 24 Themis         
 17238 3.12867 0.14140  0.02784  13.53  -0.05   602 24 Themis         
 17291 3.18360 0.17809  0.02655  13.78   0.34   602 24 Themis         
 17329 3.11425 0.16866  0.02560  14.12  -0.12   602 24 Themis         
 17389 3.10619 0.14927  0.02444  13.14  -0.27   602 24 Themis         
 17524 3.11359 0.15762  0.02316  14.23  -0.12   602 24 Themis         
 17526 3.11308 0.15353  0.02877  14.24  -0.12   602 24 Themis         
 17533 3.09408 0.13593  0.01880  13.89  -0.27   602 24 Themis         
 17573 3.21380 0.12040  0.02164  13.34   0.68   602 24 Themis         
 17627 3.20731 0.14146  0.01895  12.88   0.77   602 24 Themis         
 17680 3.13653 0.13336  0.02208  13.35   0.02   602 24 Themis         
 17699 3.18667 0.16218  0.01992  13.57   0.40   602 24 Themis         
 17755 3.09035 0.17987  0.01793  13.05  -0.43   602 24 Themis         
 17771 3.21986 0.15314  0.01890  13.61   0.65   602 24 Themis         
 17801 3.12001 0.14568  0.01691  13.68  -0.11   602 24 Themis         
 17843 3.15479 0.14640  0.02958  13.29   0.18   602 24 Themis         
 17931 3.22116 0.15865  0.01981  13.36   0.74   602 24 Themis         
 18011 3.20782 0.16940  0.02158  13.70   0.53   602 24 Themis         
 18148 3.15013 0.14278  0.01571  12.69   0.18   602 24 Themis         
 18212 3.21819 0.16485  0.03144  13.19   0.77   602 24 Themis         
 18214 3.19725 0.14059  0.02361  14.09   0.38   602 24 Themis         
 18235 3.09210 0.17209  0.03007  13.78  -0.30   602 24 Themis         
 18296 3.17417 0.16686  0.01869  14.21   0.23   602 24 Themis         
 18326 3.22589 0.13945  0.02743  13.41   0.76   602 24 Themis         
 18337 3.20102 0.16364  0.01976  13.85   0.45   602 24 Themis         
 18383 3.10140 0.13404  0.02292  13.97  -0.21   602 24 Themis         
 18484 3.09181 0.16907  0.02372  13.34  -0.37   602 24 Themis         
 18486 3.15833 0.17319  0.03200  13.32   0.21   602 24 Themis         
 18553 3.11143 0.15052  0.02611  13.28  -0.20   602 24 Themis         
 18564 3.10442 0.15284  0.02079  13.48  -0.24   602 24 Themis         
 18645 3.10723 0.17229  0.02678  13.59  -0.21   602 24 Themis         
 18669 3.09152 0.15758  0.03421  14.08  -0.26   602 24 Themis         
 18670 3.10241 0.15991  0.02033  13.91  -0.21   602 24 Themis         
 18673 3.22834 0.12270  0.02486  13.41   0.78   602 24 Themis         
 18705 3.22468 0.15725  0.02824  13.38   0.76   602 24 Themis         
 18717 3.18933 0.14734  0.02911  14.22   0.31   602 24 Themis         
 18723 3.21456 0.15988  0.02486  12.82   0.87   602 24 Themis         
 18828 3.22657 0.14431  0.01589  13.29   0.81   602 24 Themis         
 18852 3.17923 0.15393  0.01779  12.81   0.49   602 24 Themis         
 18939 3.12311 0.14005  0.02344  13.38  -0.10   602 24 Themis         
 18946 3.05099 0.13976  0.02751  14.01  -0.53   602 24 Themis         
 19087 3.12739 0.13556  0.02583  13.75  -0.05   602 24 Themis         
 19199 3.12146 0.13379  0.03441  14.03  -0.08   602 24 Themis         
 19223 3.18785 0.15178  0.02747  13.47   0.43   602 24 Themis         
 19248 3.10122 0.17017  0.03080  13.77  -0.23   602 24 Themis         
 19282 3.08892 0.14849  0.02036  13.66  -0.34   602 24 Themis         
 19360 3.10449 0.14602  0.01741  14.28  -0.17   602 24 Themis         
 19528 3.18255 0.15580  0.01893  13.94   0.31   602 24 Themis         
 19588 3.13494 0.14669  0.01848  13.69   0.00   602 24 Themis         
 19601 3.19719 0.17326  0.02619  14.07   0.38   602 24 Themis         
 19636 3.12482 0.15313  0.02149  13.26  -0.09   602 24 Themis         
 19643 3.09506 0.14489  0.01763  13.88  -0.26   602 24 Themis         
 19697 3.22042 0.13186  0.02562  13.53   0.68   602 24 Themis         
 19704 3.21893 0.12218  0.02734  13.14   0.80   602 24 Themis         
 19783 3.05869 0.15361  0.02214  13.12  -0.72   602 24 Themis         
 19798 3.06649 0.15112  0.02840  13.65  -0.51   602 24 Themis         
 19800 3.22916 0.13697  0.02390  13.76   0.67   602 24 Themis         
 19923 3.15522 0.15214  0.02341  13.74   0.15   602 24 Themis         
 20099 3.11300 0.16355  0.02147  13.77  -0.15   602 24 Themis         
 20100 3.13314 0.15492  0.02140  13.92   0.00   602 24 Themis         
 20127 3.10246 0.14677  0.02255  14.56  -0.16   602 24 Themis         
 20135 3.08411 0.17998  0.02001  14.04  -0.31   602 24 Themis         
 20211 3.10400 0.14531  0.03673  14.17  -0.18   602 24 Themis         
 20221 3.09531 0.13642  0.01816  14.44  -0.20   602 24 Themis         
 20422 3.20132 0.15516  0.03218  13.11   0.64   602 24 Themis         
 20530 3.15355 0.14111  0.02590  14.03   0.12   602 24 Themis         
 20656 3.19858 0.16365  0.03094  13.92   0.42   602 24 Themis         
 20659 3.14825 0.15858  0.02995  13.80   0.10   602 24 Themis         
 20661 3.22133 0.14502  0.02272  13.77   0.61   602 24 Themis         
 20667 3.17473 0.13528  0.01894  13.44   0.33   602 24 Themis         
 20692 3.22667 0.13599  0.02350  12.99   0.93   602 24 Themis         
 20693 3.11510 0.14165  0.02465  13.78  -0.14   602 24 Themis         
 20696 3.14785 0.14595  0.02350  13.98   0.09   602 24 Themis         
 20818 3.11942 0.11973  0.02020  14.18  -0.09   602 24 Themis         
 20922 3.12953 0.15450  0.02890  13.99  -0.03   602 24 Themis         
 21013 3.07622 0.12395  0.02820  14.49  -0.29   602 24 Themis         
 21014 3.14163 0.18291  0.02881  13.64   0.05   602 24 Themis         
 21064 3.18335 0.14604  0.02516  13.83   0.33   602 24 Themis         
 21219 3.07727 0.13163  0.02290  13.56  -0.44   602 24 Themis         
 21349 3.20798 0.16115  0.02324  13.80   0.51   602 24 Themis         
 21360 3.18760 0.14205  0.02438  13.61   0.40   602 24 Themis         
 21537 3.07604 0.17074  0.02183  13.95  -0.38   602 24 Themis         
 21547 3.17437 0.12781  0.02518  13.22   0.36   602 24 Themis         
 21569 3.15649 0.15182  0.02334  13.65   0.16   602 24 Themis         
 21576 3.17436 0.15232  0.02567  13.62   0.30   602 24 Themis         
 21579 3.14183 0.14615  0.02932  13.51   0.06   602 24 Themis         
 21586 3.09759 0.14643  0.01628  12.44  -0.48   602 24 Themis         
 21588 3.09285 0.16995  0.03042  13.83  -0.29   602 24 Themis         
 21699 3.11529 0.14823  0.03210  13.56  -0.15   602 24 Themis         
 21706 3.19187 0.13404  0.02450  13.77   0.40   602 24 Themis         
 21805 3.09894 0.15816  0.02524  13.34  -0.31   602 24 Themis         
 21855 3.19326 0.14340  0.02947  13.11   0.56   602 24 Themis         
 21892 3.11105 0.14010  0.02188  13.64  -0.18   602 24 Themis         
 21985 3.11057 0.14650  0.02136  14.06  -0.15   602 24 Themis         
 22020 3.18883 0.15554  0.02267  13.41   0.45   602 24 Themis         
 22021 3.20098 0.14271  0.01530  13.52   0.53   602 24 Themis         
 22157 3.12021 0.15232  0.02655  13.95  -0.09   602 24 Themis         
 22204 3.17403 0.15304  0.02354  14.05   0.24   602 24 Themis         
 22238 3.11256 0.13423  0.02698  14.13  -0.13   602 24 Themis         
 22287 3.07672 0.14221  0.02458  14.32  -0.32   602 24 Themis         
 22435 3.21308 0.12978  0.02825  14.16   0.46   602 24 Themis         
 22438 3.21973 0.11473  0.01751  13.88   0.57   602 24 Themis         
 22439 3.20165 0.16704  0.02665  13.42   0.56   602 24 Themis         
 22508 3.20240 0.14772  0.01487  13.83   0.47   602 24 Themis         
 22634 3.16315 0.17174  0.02151  14.26   0.16   602 24 Themis         
 22716 3.13388 0.12263  0.02812  13.67   0.00   602 24 Themis         
 22724 3.22854 0.12148  0.02835  12.91   0.98   602 24 Themis         
 22726 3.12384 0.12068  0.02551  13.52  -0.08   602 24 Themis         
 22732 3.18480 0.17666  0.03021  13.54   0.39   602 24 Themis         
 22773 3.16927 0.15776  0.03006  13.47   0.28   602 24 Themis         
 22864 3.12321 0.15442  0.01964  12.85  -0.12   602 24 Themis         
 22934 3.19722 0.14912  0.02329  13.95   0.41   602 24 Themis         
 22935 3.22039 0.15391  0.03419  13.76   0.61   602 24 Themis         
 22938 3.18157 0.15158  0.02990  14.69   0.22   602 24 Themis         
 22969 3.09574 0.14770  0.01445  14.04  -0.24   602 24 Themis         
 22984 3.16257 0.14534  0.01789  13.03   0.28   602 24 Themis         
 22986 3.21307 0.17067  0.01600  14.17   0.46   602 24 Themis         
 22998 3.17001 0.15892  0.02376  14.27   0.20   602 24 Themis         
 23061 3.11870 0.15021  0.03378  13.72  -0.11   602 24 Themis         
 23065 3.10559 0.15077  0.03501  13.48  -0.23   602 24 Themis         
 23067 3.13076 0.14653  0.02250  13.77  -0.03   602 24 Themis         
 23117 3.10599 0.16459  0.01547  13.67  -0.21   602 24 Themis         
 23157 3.13370 0.14121  0.02147  13.42   0.00   602 24 Themis         
 23189 3.20325 0.12936  0.02096  13.59   0.53   602 24 Themis         
 23374 3.12179 0.14861  0.01685  14.08  -0.08   602 24 Themis         
 23376 3.10194 0.15557  0.03114  14.46  -0.17   602 24 Themis         
 23441 3.18906 0.15124  0.01506  13.64   0.41   602 24 Themis         
 23487 3.11061 0.14616  0.02505  13.58  -0.18   602 24 Themis         
 23517 3.02954 0.14144  0.02297  14.17  -0.62   602 24 Themis         
 23537 3.05163 0.15204  0.02604  14.21  -0.48   602 24 Themis         
 23539 3.09706 0.12972  0.03409  14.27  -0.21   602 24 Themis         
 23574 3.06362 0.16671  0.02662  13.66  -0.53   602 24 Themis         
 23700 3.07684 0.16612  0.02801  14.35  -0.31   602 24 Themis         
 23701 3.10661 0.16555  0.01516  13.87  -0.19   602 24 Themis         
 23793 3.14462 0.17649  0.02482  13.90   0.07   602 24 Themis         
 23803 3.08634 0.17199  0.02230  13.88  -0.32   602 24 Themis         
 23866 3.19494 0.15178  0.02141  13.22   0.55   602 24 Themis         
 23878 3.08934 0.14777  0.01811  14.33  -0.25   602 24 Themis         
 23889 3.10369 0.13905  0.01939  14.74  -0.14   602 24 Themis         
 23898 3.19729 0.15590  0.02187  12.79   0.69   602 24 Themis         
 23906 3.11185 0.13422  0.02609  13.91  -0.15   602 24 Themis         
 24221 3.20264 0.14378  0.02151  14.68   0.32   602 24 Themis         
 24315 3.11011 0.13495  0.03036  13.27  -0.22   602 24 Themis         
 24415 3.20277 0.17908  0.02802  13.61   0.52   602 24 Themis         
 24416 3.18574 0.14701  0.01888  13.43   0.42   602 24 Themis         
 24429 3.18514 0.13489  0.02639  13.31   0.44   602 24 Themis         
 24715 3.19587 0.15977  0.02704  13.28   0.54   602 24 Themis         
 24752 3.11309 0.12485  0.02242  13.37  -0.18   602 24 Themis         
 24792 3.09090 0.16079  0.02792  14.81  -0.19   602 24 Themis         
 24877 3.17158 0.16672  0.02542  14.18   0.22   602 24 Themis         
 24880 3.11437 0.14308  0.01800  14.38  -0.11   602 24 Themis         
 24953 3.15038 0.14769  0.02704  13.93   0.10   602 24 Themis         
 25128 3.12936 0.15303  0.01640  13.56  -0.04   602 24 Themis         
 25154 3.09096 0.13489  0.02627  14.04  -0.27   602 24 Themis         
 25157 3.10124 0.16044  0.02286  14.60  -0.16   602 24 Themis         
 25196 3.22290 0.13145  0.01812  13.66   0.66   602 24 Themis         
 25221 3.06209 0.14597  0.02756  14.03  -0.45   602 24 Themis         
 25248 3.13919 0.13975  0.01795  13.82   0.03   602 24 Themis         
 25296 3.11217 0.15657  0.02231  13.31  -0.19   602 24 Themis         
 25500 3.09098 0.13689  0.02609  13.79  -0.30   602 24 Themis         
 25579 3.10849 0.15474  0.02245  13.57  -0.20   602 24 Themis         
 25585 3.21050 0.16914  0.02282  14.24   0.43   602 24 Themis         
 25591 3.16048 0.15708  0.03228  14.08   0.16   602 24 Themis         
 25601 3.21880 0.15913  0.02583  13.65   0.63   602 24 Themis         
 25612 3.11643 0.14622  0.02547  14.09  -0.11   602 24 Themis         
 25633 3.18314 0.15323  0.01403  13.69   0.36   602 24 Themis         
 25652 3.12118 0.13997  0.02097  14.19  -0.08   602 24 Themis         
 25668 3.16974 0.14814  0.02031  13.66   0.26   602 24 Themis         
 25712 3.20384 0.14962  0.02443  13.67   0.51   602 24 Themis         
 25749 3.15519 0.12804  0.03006  13.13   0.20   602 24 Themis         
 25758 3.09519 0.13572  0.02763  13.52  -0.31   602 24 Themis         
 25778 3.20810 0.16198  0.01497  13.52   0.58   602 24 Themis         
 25818 3.08759 0.13151  0.02237  13.47  -0.38   602 24 Themis         
 25819 3.13781 0.13384  0.02087  13.71   0.02   602 24 Themis         
 25824 3.19846 0.15668  0.02176  14.09   0.39   602 24 Themis         
 25831 3.20789 0.17217  0.02706  13.86   0.50   602 24 Themis         
 25900 3.18672 0.13895  0.02437  13.52   0.41   602 24 Themis         
 25971 3.08762 0.14360  0.02712  13.57  -0.36   602 24 Themis         
 26140 3.15931 0.15215  0.02358  13.74   0.18   602 24 Themis         
 26518 3.05120 0.13382  0.02954  13.97  -0.54   602 24 Themis         
 26525 3.05997 0.15315  0.03347  13.60  -0.57   602 24 Themis         
 26528 3.14705 0.12442  0.02713  13.58   0.10   602 24 Themis         
 26585 3.20798 0.16541  0.02136  13.58   0.57   602 24 Themis         
 26614 3.13603 0.17696  0.02404  13.25   0.00   602 24 Themis         
 26633 3.20467 0.16595  0.02343  13.81   0.49   602 24 Themis         
 26634 3.05817 0.14029  0.02747  13.90  -0.51   602 24 Themis         
 26635 3.16141 0.14075  0.01958  12.89   0.28   602 24 Themis         
 26685 3.06954 0.14491  0.02511  13.99  -0.41   602 24 Themis         
 26740 3.19900 0.14858  0.01696  14.39   0.34   602 24 Themis         
 26921 3.20795 0.16260  0.02318  13.36   0.63   602 24 Themis         
 27114 3.21438 0.17188  0.02877  14.22   0.46   602 24 Themis         
 27155 3.12741 0.14028  0.02276  13.93  -0.05   602 24 Themis         
 27177 3.23085 0.13141  0.02448  13.01   0.96   602 24 Themis         
 27227 3.11026 0.12502  0.02521  13.47  -0.20   602 24 Themis         
 27371 3.16068 0.13997  0.02554  13.53   0.21   602 24 Themis         
 27379 3.09111 0.14387  0.02597  14.19  -0.25   602 24 Themis         
 27436 3.10724 0.16440  0.03133  13.57  -0.21   602 24 Themis         
 27452 3.05367 0.16492  0.03328  14.02  -0.51   602 24 Themis         
 27454 3.12442 0.14712  0.01829  14.27  -0.06   602 24 Themis         
 27461 3.18069 0.14250  0.02528  13.88   0.31   602 24 Themis         
 27500 3.15550 0.17970  0.02191  13.03   0.21   602 24 Themis         
 27516 3.19756 0.14570  0.03125  13.72   0.45   602 24 Themis         
 27598 3.19092 0.15859  0.02128  13.73   0.41   602 24 Themis         
 27645 3.09242 0.12712  0.02368  15.45  -0.14   602 24 Themis         
 27696 3.21821 0.17852  0.02433  13.95   0.54   602 24 Themis         
 27732 3.11707 0.16785  0.02069  14.10  -0.11   602 24 Themis         
 27733 3.12584 0.13013  0.02145  13.94  -0.06   602 24 Themis         
 27803 3.20803 0.14187  0.01987  13.39   0.62   602 24 Themis         
 27921 3.11703 0.13751  0.02691  13.55  -0.14   602 24 Themis         
 28289 3.16832 0.14327  0.02344  13.55   0.26   602 24 Themis         
 28330 3.08270 0.15385  0.01823  14.34  -0.28   602 24 Themis         
 28345 3.06731 0.15410  0.03312  13.35  -0.57   602 24 Themis         
 28374 3.19675 0.13868  0.02250  13.23   0.56   602 24 Themis         
 28375 3.11796 0.16066  0.02202  13.25  -0.15   602 24 Themis         
 28523 3.21636 0.16715  0.02451  14.24   0.46   602 24 Themis         
 28561 3.13956 0.15443  0.02590  13.92   0.03   602 24 Themis         
 28586 3.18683 0.17157  0.02095  13.67   0.39   602 24 Themis         
 28604 3.04997 0.17557  0.02512  13.89  -0.56   602 24 Themis         
 28631 3.08305 0.13210  0.02171  14.29  -0.29   602 24 Themis         
 28671 3.13130 0.16061  0.02109  13.56  -0.02   602 24 Themis         
 28675 3.05463 0.15252  0.01953  14.13  -0.48   602 24 Themis         
 28709 3.13321 0.18522  0.03104  13.29   0.00   602 24 Themis         
 28758 3.11015 0.15304  0.02797  13.52  -0.19   602 24 Themis         
 28763 3.09583 0.14125  0.02343  13.54  -0.30   602 24 Themis         
 28789 3.12210 0.15187  0.02496  14.40  -0.07   602 24 Themis         
 28843 3.17403 0.12449  0.02583  13.64   0.30   602 24 Themis         
 28915 3.20797 0.16124  0.02463  14.06   0.45   602 24 Themis         
 28917 3.07106 0.13236  0.03549  14.26  -0.36   602 24 Themis         
 29004 3.23396 0.13494  0.02166  13.39   0.84   602 24 Themis         
 29033 3.09707 0.16209  0.01780  13.79  -0.26   602 24 Themis         
 29036 3.12933 0.14921  0.03081  13.21  -0.05   602 24 Themis         
 29177 3.13810 0.13683  0.02162  13.90   0.02   602 24 Themis         
 29230 3.19978 0.13499  0.02620  13.34   0.56   602 24 Themis         
 29285 3.17114 0.13341  0.01909  13.78   0.26   602 24 Themis         
 29354 3.11813 0.12996  0.02376  13.81  -0.11   602 24 Themis         
 29356 3.16632 0.16641  0.03108  13.58   0.24   602 24 Themis         
 29500 3.08537 0.15416  0.02550  13.75  -0.35   602 24 Themis         
 29508 3.13542 0.15473  0.01845  14.17   0.00   602 24 Themis         
 29522 3.15530 0.17920  0.02007  14.29   0.12   602 24 Themis         
 29539 3.21303 0.14540  0.01760  13.57   0.61   602 24 Themis         
 29545 3.10226 0.13659  0.02118  13.35  -0.28   602 24 Themis         
 29557 3.09768 0.16393  0.02828  13.68  -0.27   602 24 Themis         
 29583 3.09400 0.14455  0.01724  13.36  -0.34   602 24 Themis         
 29584 3.11169 0.15565  0.02802  13.41  -0.19   602 24 Themis         
 29771 3.16482 0.15065  0.03509  13.41   0.25   602 24 Themis         
 29773 3.09027 0.12232  0.02634  13.92  -0.29   602 24 Themis         
 29820 3.11290 0.15559  0.02019  14.07  -0.13   602 24 Themis         
 29824 3.17934 0.17853  0.02359  14.48   0.23   602 24 Themis         
 29838 3.13672 0.13356  0.02451  13.87   0.00   602 24 Themis         
 29839 3.09465 0.18189  0.02625  13.74  -0.28   602 24 Themis         
 29880 3.11162 0.14381  0.02985  13.97  -0.15   602 24 Themis         
 29881 3.17340 0.15044  0.02420  14.09   0.24   602 24 Themis         
 29918 3.11061 0.15868  0.03150  12.71  -0.27   602 24 Themis         
 29983 3.09811 0.12975  0.02850  13.90  -0.24   602 24 Themis         
 29993 3.19867 0.15066  0.02209  13.16   0.60   602 24 Themis         
 30146 3.15839 0.16609  0.02045  13.87   0.16   602 24 Themis         
 30225 3.11495 0.14559  0.02280  14.42  -0.10   602 24 Themis         
 30247 3.18456 0.16162  0.02538  13.40   0.42   602 24 Themis         
 30315 3.22790 0.14155  0.01826  14.12   0.56   602 24 Themis         
 30354 3.23739 0.13685  0.02434  14.51   0.52   602 24 Themis         
 30390 3.12626 0.11700  0.02115  13.78  -0.06   602 24 Themis         
 30469 3.21078 0.15939  0.02602  13.69   0.56   602 24 Themis         
 30487 3.18426 0.12997  0.02574  14.03   0.31   602 24 Themis         
 30491 3.19987 0.14383  0.02385  13.72   0.47   602 24 Themis         
 30492 3.17438 0.15948  0.02684  13.58   0.31   602 24 Themis         
 30500 3.08883 0.14246  0.02297  13.79  -0.32   602 24 Themis         
 30562 3.20131 0.14394  0.01688  13.74   0.48   602 24 Themis         
 30659 3.17434 0.17394  0.01897  13.32   0.35   602 24 Themis         
 30670 3.20817 0.16148  0.02836  13.91   0.49   602 24 Themis         
 30673 3.15211 0.13456  0.01847  15.65   0.05   602 24 Themis         
 30683 3.19455 0.16980  0.02833  13.49   0.48   602 24 Themis         
 30686 3.16818 0.15873  0.02006  13.76   0.24   602 24 Themis         
 30745 3.14008 0.14876  0.01791  14.19   0.03   602 24 Themis         
 30757 3.14196 0.14875  0.01893  14.68   0.03   602 24 Themis         
 30804 3.16663 0.13630  0.02092  13.62   0.24   602 24 Themis         
 30875 3.15791 0.12619  0.02077  13.58   0.18   602 24 Themis         
 30906 3.22720 0.13582  0.01825  13.12   0.88   602 24 Themis         
 30907 3.10537 0.13697  0.02193  14.51  -0.15   602 24 Themis         
 30949 3.17401 0.17485  0.01967  13.64   0.30   602 24 Themis         
 30982 3.15729 0.16137  0.02499  13.60   0.17   602 24 Themis         
 30984 3.22634 0.14450  0.01869  14.07   0.56   602 24 Themis         
 30985 3.09705 0.12729  0.03576  14.25  -0.21   602 24 Themis         
 31084 3.21687 0.15379  0.01658  14.17   0.48   602 24 Themis         
 31093 3.14495 0.14096  0.03536  13.37   0.09   602 24 Themis         
 31226 3.08642 0.14333  0.02433  13.93  -0.31   602 24 Themis         
 31271 3.13992 0.12003  0.01964  13.72   0.04   602 24 Themis         
 31279 3.21891 0.15653  0.02317  14.04   0.53   602 24 Themis         
 31291 3.15435 0.17764  0.03285  14.01   0.13   602 24 Themis         
 31292 3.08931 0.14638  0.01709  13.89  -0.30   602 24 Themis         
 31322 3.19243 0.14127  0.02767  14.05   0.36   602 24 Themis         
 31334 3.18206 0.15363  0.01889  13.47   0.38   602 24 Themis         
 31591 3.16083 0.16680  0.02744  14.01   0.17   602 24 Themis         
 31602 3.09870 0.13783  0.01907  13.68  -0.26   602 24 Themis         
 31609 3.19406 0.14334  0.01285  13.22   0.54   602 24 Themis         
 31614 3.21116 0.15353  0.03024  13.49   0.61   602 24 Themis         
 31633 3.16466 0.16834  0.02047  14.37   0.16   602 24 Themis         
 31653 3.14690 0.15482  0.02487  14.12   0.07   602 24 Themis         
 31665 3.04479 0.12489  0.02982  14.28  -0.50   602 24 Themis         
 31689 3.10281 0.15195  0.01603  14.14  -0.19   602 24 Themis         
 31690 3.18744 0.14585  0.01899  14.05   0.33   602 24 Themis         
 31700 3.18459 0.16287  0.02719  13.95   0.32   602 24 Themis         
 32082 3.05784 0.13643  0.02531  15.27  -0.27   602 24 Themis         
 32159 3.10992 0.14383  0.01777  13.72  -0.18   602 24 Themis         
 32215 3.11338 0.18036  0.02524  13.82  -0.15   602 24 Themis         
 32225 3.09972 0.15100  0.02514  13.94  -0.23   602 24 Themis         
 32282 3.14249 0.15420  0.01833  14.25   0.05   602 24 Themis         
 32334 3.07653 0.15617  0.02528  14.01  -0.37   602 24 Themis         
 32351 3.05160 0.17241  0.02452  13.59  -0.63   602 24 Themis         
 32360 3.09219 0.17330  0.03086  13.93  -0.28   602 24 Themis         
 32389 3.10160 0.15439  0.02703  14.79  -0.14   602 24 Themis         
 32462 3.17001 0.14744  0.02178  14.05   0.22   602 24 Themis         
 32546 3.15095 0.12726  0.02263  13.83   0.11   602 24 Themis         
 32624 3.21202 0.16364  0.03630  14.09   0.47   602 24 Themis         
 32633 3.09867 0.14857  0.03249  13.92  -0.24   602 24 Themis         
 32686 3.13415 0.15920  0.02255  14.24   0.00   602 24 Themis         
 32691 3.11517 0.13492  0.03537  14.59  -0.09   602 24 Themis         
 32707 3.09312 0.13389  0.02824  13.86  -0.28   602 24 Themis         
 32734 3.18365 0.14410  0.01985  13.10   0.47   602 24 Themis         
 32741 3.19029 0.14512  0.01664  14.72   0.25   602 24 Themis         
 32788 3.14421 0.16689  0.02084  13.66   0.07   602 24 Themis         
 32841 3.14711 0.13692  0.03505  13.19   0.12   602 24 Themis         
 32880 3.10637 0.15307  0.02845  13.66  -0.21   602 24 Themis         
 32904 3.19412 0.17861  0.02691  13.93   0.39   602 24 Themis         
 32949 3.20523 0.12412  0.02311  13.96   0.46   602 24 Themis         
 32981 3.09864 0.15430  0.02264  14.41  -0.19   602 24 Themis         
 33009 3.15205 0.15241  0.02355  15.60   0.05   602 24 Themis         
 33013 3.19297 0.14096  0.02393  14.02   0.37   602 24 Themis         
 33014 3.12603 0.13997  0.02814  13.93  -0.06   602 24 Themis         
 33197 3.15706 0.14526  0.03115  14.20   0.13   602 24 Themis         
 33198 3.06313 0.12452  0.02815  14.78  -0.32   602 24 Themis         
 33205 3.11000 0.14441  0.02385  14.17  -0.14   602 24 Themis         
 33212 3.19905 0.16603  0.02576  13.55   0.50   602 24 Themis         
 33264 3.16680 0.15684  0.01886  14.22   0.19   602 24 Themis         
 33270 3.08715 0.13189  0.03478  13.81  -0.33   602 24 Themis         
 33283 3.08164 0.12205  0.02468  14.14  -0.31   602 24 Themis         
 33299 3.20800 0.13140  0.01823  13.58   0.57   602 24 Themis         
 33479 3.08495 0.14725  0.02033  13.30  -0.43   602 24 Themis         
 33567 3.11313 0.17740  0.02461  14.61  -0.10   602 24 Themis         
 33695 3.14836 0.17251  0.03016  14.69   0.06   602 24 Themis         
 33751 3.21676 0.14449  0.02468  13.77   0.58   602 24 Themis         
 33757 3.09403 0.15728  0.03291  13.59  -0.31   602 24 Themis         
 33764 3.19493 0.15043  0.02311  13.06   0.59   602 24 Themis         
 33777 3.13979 0.15414  0.01976  12.98   0.05   602 24 Themis         
 33781 3.03482 0.15478  0.02786  13.34  -0.86   602 24 Themis         
 33783 3.12101 0.14922  0.02335  13.66  -0.10   602 24 Themis         
 33797 3.20342 0.15403  0.02139  13.62   0.52   602 24 Themis         
 33838 3.17988 0.14146  0.01795  14.37   0.24   602 24 Themis         
 34107 3.07629 0.17088  0.02372  14.62  -0.28   602 24 Themis         
 34125 3.17836 0.13492  0.02707  14.67   0.20   602 24 Themis         
 34135 3.14899 0.15639  0.02451  14.84   0.06   602 24 Themis         
 34142 3.14441 0.14414  0.01924  14.67   0.05   602 24 Themis         
 34153 3.18852 0.15919  0.02619  14.57   0.26   602 24 Themis         
 34183 3.13684 0.15474  0.01738  14.36   0.00   602 24 Themis         
 34393 3.11299 0.13721  0.02870  14.20  -0.12   602 24 Themis         
 34433 3.11429 0.14217  0.02774  14.39  -0.11   602 24 Themis         
 34449 3.20429 0.14632  0.02550  14.35   0.38   602 24 Themis         
 34477 3.08613 0.13075  0.01914  13.76  -0.34   602 24 Themis         
 34519 3.15305 0.16123  0.01871  13.92   0.12   602 24 Themis         
 34523 3.06779 0.14417  0.02702  14.18  -0.39   602 24 Themis         
 34526 3.20178 0.15622  0.01884  13.51   0.53   602 24 Themis         
 34554 3.20779 0.17030  0.02332  13.93   0.48   602 24 Themis         
 34591 3.14962 0.15891  0.02150  13.99   0.10   602 24 Themis         
 34611 3.16528 0.15224  0.03639  14.12   0.18   602 24 Themis         
 34666 3.17101 0.16973  0.01592  14.52   0.18   602 24 Themis         
 34727 3.18898 0.13993  0.01878  13.49   0.44   602 24 Themis         
 34730 3.18844 0.16128  0.02883  15.33   0.19   602 24 Themis         
 34739 3.15166 0.17442  0.02987  13.96   0.11   602 24 Themis         
 34743 3.08700 0.14906  0.01322  14.20  -0.27   602 24 Themis         
 34783 3.18066 0.18238  0.02368  13.70   0.34   602 24 Themis         
 34795 3.12182 0.14541  0.01568  13.90  -0.08   602 24 Themis         
 34898 3.18791 0.16233  0.02321  13.77   0.38   602 24 Themis         
 34914 3.19704 0.13263  0.02008  14.03   0.39   602 24 Themis         
 34915 3.22003 0.14248  0.02943  14.76   0.38   602 24 Themis         
 34921 3.19211 0.14217  0.01567  14.28   0.32   602 24 Themis         
 34933 3.13659 0.17944  0.01834  13.78   0.00   602 24 Themis         
 34957 3.17438 0.15828  0.02502  14.17   0.23   602 24 Themis         
 34965 3.12974 0.16051  0.01433  14.45  -0.02   602 24 Themis         
 35094 3.18425 0.15345  0.01950  13.86   0.34   602 24 Themis         
 35156 3.14576 0.17309  0.02730  14.96   0.05   602 24 Themis         
 35201 3.08547 0.13964  0.02980  14.61  -0.23   602 24 Themis         
 35202 3.07645 0.14252  0.02150  14.34  -0.31   602 24 Themis         
 35214 3.12614 0.12556  0.02108  15.18  -0.03   602 24 Themis         
 35216 3.22024 0.14260  0.02280  14.24   0.49   602 24 Themis         
 35326 3.16457 0.14832  0.02147  14.35   0.16   602 24 Themis         
 35343 3.16270 0.18209  0.02193  14.15   0.17   602 24 Themis         
 35614 3.19372 0.18201  0.01993  14.06   0.37   602 24 Themis         
 36042 3.06137 0.13277  0.02140  13.85  -0.50   602 24 Themis         
 36077 3.21117 0.13829  0.01768  14.13   0.46   602 24 Themis         
 36089 3.19857 0.13407  0.02039  14.06   0.40   602 24 Themis         
 36113 3.11809 0.14140  0.02135  13.91  -0.11   602 24 Themis         
 36141 3.21704 0.13801  0.03357  14.21   0.48   602 24 Themis         
 36147 3.09200 0.13906  0.01634  13.52  -0.34   602 24 Themis         
 36216 3.18459 0.16795  0.02943  13.29   0.44   602 24 Themis         
 36257 3.13243 0.15433  0.02619  13.32  -0.02   602 24 Themis         
 36477 3.12516 0.14933  0.02100  14.26  -0.05   602 24 Themis         
 36540 3.11005 0.16210  0.02497  13.89  -0.16   602 24 Themis         
 36660 3.16128 0.17757  0.02709  14.99   0.11   602 24 Themis         
 36742 3.09930 0.13920  0.02399  13.98  -0.23   602 24 Themis         
 36797 3.15441 0.16209  0.02773  14.24   0.11   602 24 Themis         
 36818 3.22399 0.13601  0.01647  14.78   0.40   602 24 Themis         
 36841 3.18743 0.15478  0.02624  14.24   0.30   602 24 Themis         
 36876 3.22854 0.13823  0.02659  13.93   0.62   602 24 Themis         
 36914 3.17156 0.14801  0.01913  14.53   0.18   602 24 Themis         
 36920 3.12468 0.15096  0.02460  14.19  -0.06   602 24 Themis         
 36939 3.18079 0.14135  0.02434  15.33   0.16   602 24 Themis         
 37027 3.20108 0.14867  0.02594  14.60   0.32   602 24 Themis         
 37028 3.13542 0.14343  0.03080  14.40   0.00   602 24 Themis         
 37035 3.11165 0.15590  0.03922  14.15  -0.14   602 24 Themis         
 37044 3.08256 0.13524  0.02374  14.22  -0.30   602 24 Themis         
 37050 3.14537 0.16057  0.02082  13.94   0.07   602 24 Themis         
 37052 3.08336 0.12879  0.01894  14.36  -0.27   602 24 Themis         
 37060 3.23303 0.13552  0.02685  14.30   0.54   602 24 Themis         
 37064 3.16914 0.15673  0.02409  14.27   0.19   602 24 Themis         
 37065 3.12317 0.17863  0.02385  13.82  -0.08   602 24 Themis         
 37124 3.14555 0.13953  0.02614  14.28   0.06   602 24 Themis         
 37127 3.08715 0.17311  0.03107  13.91  -0.31   602 24 Themis         
 37374 3.21366 0.16425  0.03748  13.88   0.53   602 24 Themis         
 37400 3.21172 0.16649  0.02983  13.88   0.52   602 24 Themis         
 37443 3.14456 0.15714  0.02162  14.14   0.06   602 24 Themis         
 37503 3.09366 0.16102  0.02378  14.27  -0.23   602 24 Themis         
 37597 3.12309 0.13451  0.02215  14.15  -0.07   602 24 Themis         
 37661 3.06304 0.17539  0.02581  15.44  -0.23   602 24 Themis         
 37761 3.18729 0.17158  0.01935  14.21   0.30   602 24 Themis         
 37775 3.12409 0.14754  0.01370  14.43  -0.05   602 24 Themis         
 37933 3.07593 0.14155  0.02639  14.35  -0.32   602 24 Themis         
 38039 3.20787 0.16509  0.02742  13.79   0.51   602 24 Themis         
 38243 3.16303 0.17919  0.03257  14.42   0.15   602 24 Themis         
 38250 3.17376 0.15798  0.02246  14.49   0.20   602 24 Themis         
 38252 3.22090 0.14365  0.01625  14.32   0.47   602 24 Themis         
 38305 3.14554 0.14722  0.01894  13.82   0.08   602 24 Themis         
 38365 3.22620 0.14533  0.02337  13.99   0.58   602 24 Themis         
 38394 3.17089 0.16931  0.02850  14.32   0.20   602 24 Themis         
 38452 3.22577 0.14531  0.01973  13.62   0.69   602 24 Themis         
 38456 3.21719 0.12736  0.01979  13.62   0.62   602 24 Themis         
 38462 3.18575 0.14266  0.02211  14.19   0.30   602 24 Themis         
 38463 3.06061 0.14660  0.02885  14.51  -0.37   602 24 Themis         
 38501 3.09105 0.13405  0.02594  14.45  -0.22   602 24 Themis         
 38502 3.17497 0.17753  0.02526  13.85   0.27   602 24 Themis         
 38526 3.21215 0.15560  0.03424  13.91   0.51   602 24 Themis         
 38527 3.22642 0.14400  0.01325  14.34   0.50   602 24 Themis         
 38533 3.21615 0.16355  0.02005  14.09   0.50   602 24 Themis         
 38551 3.21374 0.13757  0.02233  14.44   0.41   602 24 Themis         
 38560 3.22759 0.13176  0.02043  14.28   0.52   602 24 Themis         
 38563 3.12525 0.14216  0.02507  14.85  -0.04   602 24 Themis         
 38977 3.21560 0.15095  0.02385  14.44   0.42   602 24 Themis         
 39068 3.08724 0.14881  0.03324  14.36  -0.25   602 24 Themis         
 39077 3.05195 0.16305  0.02844  14.33  -0.45   602 24 Themis         
 39083 3.10847 0.14518  0.02242  14.54  -0.13   602 24 Themis         
 39104 3.08829 0.16007  0.02803  14.56  -0.23   602 24 Themis         
 39167 3.11341 0.13983  0.02280  14.86  -0.09   602 24 Themis         
 39234 3.18846 0.14960  0.01864  13.75   0.38   602 24 Themis         
 39306 3.18787 0.16712  0.02953  13.79   0.37   602 24 Themis         
 39336 3.13456 0.13759  0.02037  15.10   0.00   602 24 Themis         
 39339 3.17442 0.14086  0.02367  14.59   0.19   602 24 Themis         
 39348 3.23132 0.14993  0.02483  14.32   0.53   602 24 Themis         
 39444 3.19471 0.14386  0.02067  14.89   0.25   602 24 Themis         
 39449 3.20298 0.15546  0.03112  15.15   0.26   602 24 Themis         
 39450 3.21639 0.14634  0.02687  14.58   0.40   602 24 Themis         
 39593 3.21620 0.15031  0.02295  14.68   0.38   602 24 Themis         
 40003 3.21247 0.14458  0.02649  14.59   0.38   602 24 Themis         
 40117 3.04535 0.15695  0.02074  14.18  -0.52   602 24 Themis         
 40122 3.08700 0.12656  0.02386  14.54  -0.23   602 24 Themis         
 40136 3.22493 0.14020  0.02462  14.25   0.51   602 24 Themis         
 40177 3.12531 0.15922  0.02711  14.00  -0.06   602 24 Themis         
 40198 3.19555 0.15762  0.02396  13.59   0.47   602 24 Themis         
 40225 3.10703 0.16308  0.02074  14.23  -0.16   602 24 Themis         
 40230 3.17800 0.18272  0.02128  13.70   0.32   602 24 Themis         
 40439 3.14421 0.16175  0.01627  13.97   0.06   602 24 Themis         
 40456 3.08125 0.14854  0.02653  14.05  -0.33   602 24 Themis         
 40586 3.09010 0.13650  0.02725  14.39  -0.24   602 24 Themis         
 40640 3.13340 0.17087  0.01632  14.43   0.00   602 24 Themis         
 40742 3.11742 0.17746  0.01930  14.25  -0.10   602 24 Themis         
 40743 3.09883 0.14053  0.01671  14.13  -0.21   602 24 Themis         
 40749 3.09667 0.17939  0.02513  13.91  -0.25   602 24 Themis         
 40872 3.13194 0.13310  0.02623  13.92  -0.02   602 24 Themis         
 40985 3.17348 0.15512  0.02756  13.87   0.26   602 24 Themis         
 41040 3.09566 0.17913  0.02416  13.79  -0.27   602 24 Themis         
 41062 3.14646 0.15205  0.02173  14.18   0.07   602 24 Themis         
 41064 3.18503 0.14949  0.03324  14.02   0.32   602 24 Themis         
 41106 3.10832 0.14043  0.02477  13.43  -0.22   602 24 Themis         
 41121 3.18816 0.15179  0.03034  14.21   0.31   602 24 Themis         
 41126 3.20311 0.16457  0.02413  14.81   0.30   602 24 Themis         
 41147 3.09330 0.13781  0.02702  14.43  -0.21   602 24 Themis         
 41152 3.16976 0.13115  0.02335  14.07   0.22   602 24 Themis         
 41237 3.12489 0.13449  0.02463  14.32  -0.05   602 24 Themis         
 41327 3.15499 0.15227  0.02338  13.61   0.16   602 24 Themis         
 41702 3.21086 0.15811  0.02071  14.38   0.41   602 24 Themis         
 41927 3.08783 0.13675  0.02906  14.93  -0.19   602 24 Themis         
 42029 3.08443 0.13776  0.03265  14.29  -0.28   602 24 Themis         
 42037 3.08493 0.15536  0.02266  14.06  -0.31   602 24 Themis         
 42126 3.17136 0.14874  0.03031  13.69   0.27   602 24 Themis         
 42161 3.12088 0.14058  0.02842  14.33  -0.07   602 24 Themis         
 42323 3.08219 0.13212  0.02862  15.15  -0.20   602 24 Themis         
 42400 3.11747 0.15934  0.02495  14.52  -0.08   602 24 Themis         
 42446 3.11000 0.13092  0.02228  14.17  -0.14   602 24 Themis         
 42500 3.11274 0.16746  0.02007  14.18  -0.13   602 24 Themis         
 42519 3.20117 0.14791  0.02416  13.78   0.47   602 24 Themis         
 42547 3.23598 0.12475  0.02445  13.95   0.66   602 24 Themis         
 42746 3.22387 0.13243  0.01730  14.66   0.42   602 24 Themis         
 42747 3.14189 0.12055  0.02502  13.52   0.06   602 24 Themis         
 42770 3.12564 0.15325  0.03466  14.19  -0.05   602 24 Themis         
 42848 3.09913 0.15472  0.02935  14.27  -0.20   602 24 Themis         
 43019 3.16103 0.14150  0.02568  13.75   0.19   602 24 Themis         
 43126 3.19563 0.16858  0.01968  13.66   0.45   602 24 Themis         
 43193 3.05881 0.14635  0.02305  14.59  -0.37   602 24 Themis         
 43194 3.13715 0.15317  0.03062  14.02   0.02   602 24 Themis         
 43243 3.12769 0.13593  0.02225  14.34  -0.04   602 24 Themis         
 43244 3.13986 0.16739  0.02315  14.06   0.03   602 24 Themis         
 43252 3.20256 0.13068  0.02108  13.86   0.46   602 24 Themis         
 43480 3.21597 0.14846  0.02098  14.21   0.47   602 24 Themis         
 43500 3.08790 0.13266  0.03026  14.63  -0.22   602 24 Themis         
 43511 3.14390 0.12425  0.02664  14.85   0.04   602 24 Themis         
 43618 3.07733 0.12786  0.02129  14.14  -0.34   602 24 Themis         
 43762 3.17412 0.15086  0.03106  13.61   0.30   602 24 Themis         
 43877 3.03692 0.13656  0.02946  14.71  -0.45   602 24 Themis         
 44474 3.20101 0.16491  0.02408  13.48   0.54   602 24 Themis         
 44498 3.10162 0.14322  0.02963  13.98  -0.21   602 24 Themis         
 44562 3.13199 0.15998  0.02584  13.96  -0.02   602 24 Themis         
 45254 3.08204 0.15331  0.03090  13.47  -0.42   602 24 Themis         
 45500 3.11197 0.15903  0.02789  13.91  -0.15   602 24 Themis         
 45515 3.19844 0.13899  0.01822  13.22   0.58   602 24 Themis         
 45587 3.17436 0.15571  0.01672  13.65   0.30   602 24 Themis         
 45589 3.19639 0.13482  0.02253  13.47   0.50   602 24 Themis         
 45645 3.10611 0.17180  0.03026  13.53  -0.22   602 24 Themis         
 45673 3.19641 0.14808  0.02516  14.62   0.29   602 24 Themis         
 45713 3.21824 0.14532  0.01985  14.68   0.39   602 24 Themis         
 45716 3.20035 0.13130  0.02291  13.77   0.46   602 24 Themis         
 45868 3.22396 0.12144  0.02480  14.14   0.53   602 24 Themis         
 46040 3.08868 0.13578  0.02796  14.05  -0.28   602 24 Themis         
 46208 3.18562 0.15671  0.02178  14.57   0.25   602 24 Themis         
 46220 3.13285 0.18168  0.02539  14.07   0.00   602 24 Themis         
 46228 3.20135 0.14850  0.02079  14.37   0.36   602 24 Themis         
 46249 3.21247 0.14396  0.02275  14.76   0.35   602 24 Themis         
 46270 3.21500 0.11603  0.01811  13.85   0.55   602 24 Themis         
 46300 3.09489 0.12956  0.03040  14.01  -0.25   602 24 Themis         
 46342 3.09551 0.14449  0.03032  13.59  -0.30   602 24 Themis         
 46351 3.12774 0.14886  0.01997  14.48  -0.03   602 24 Themis         
 46671 3.23447 0.14068  0.02072  14.83   0.43   602 24 Themis         
 46675 3.14692 0.15801  0.02752  13.85   0.08   602 24 Themis         
 46715 3.12764 0.14438  0.01741  14.71  -0.03   602 24 Themis         
 46737 3.17123 0.14629  0.01980  13.89   0.24   602 24 Themis         
 46741 3.13323 0.14979  0.01792  14.60   0.00   602 24 Themis         
 47040 3.22605 0.15747  0.02721  13.12   0.87   602 24 Themis         
 47075 3.23816 0.12575  0.01914  13.40   0.87   602 24 Themis         
 47076 3.09302 0.14931  0.03198  13.71  -0.30   602 24 Themis         
 47085 3.11032 0.15034  0.01760  14.44  -0.13   602 24 Themis         
 47095 3.17075 0.17251  0.02721  13.85   0.25   602 24 Themis         
 47103 3.15660 0.15791  0.02844  14.35   0.12   602 24 Themis         
 47108 3.12044 0.14685  0.03385  13.56  -0.11   602 24 Themis         
 47131 3.20549 0.15927  0.01901  14.07   0.44   602 24 Themis         
 47595 3.18395 0.12895  0.01750  14.04   0.31   602 24 Themis         
 47609 3.10842 0.13238  0.02192  13.95  -0.17   602 24 Themis         
 47615 3.20806 0.14567  0.01753  14.10   0.45   602 24 Themis         
 47616 3.10774 0.13131  0.02217  13.57  -0.21   602 24 Themis         
 47639 3.18285 0.17050  0.02674  13.69   0.35   602 24 Themis         
 47679 3.14344 0.14196  0.03980  13.69   0.07   602 24 Themis         
 47727 3.12284 0.13124  0.03338  14.13  -0.07   602 24 Themis         
 47731 3.19344 0.14763  0.02201  14.09   0.36   602 24 Themis         
 47736 3.12407 0.14683  0.01670  14.03  -0.07   602 24 Themis         
 47742 3.11715 0.15642  0.03017  13.87  -0.12   602 24 Themis         
 47745 3.22835 0.14934  0.02488  13.74   0.67   602 24 Themis         
 47777 3.18367 0.15798  0.02444  13.73   0.35   602 24 Themis         
 47867 3.19328 0.13870  0.02325  13.88   0.39   602 24 Themis         
 47891 3.13592 0.16543  0.02263  14.13   0.00   602 24 Themis         
 47904 3.19756 0.16325  0.01737  13.74   0.45   602 24 Themis         
 47905 3.16218 0.13621  0.02919  13.77   0.20   602 24 Themis         
 47920 3.12513 0.13996  0.03033  13.31  -0.08   602 24 Themis         
 47927 3.09462 0.15068  0.03779  14.43  -0.21   602 24 Themis         
 47944 3.10660 0.14044  0.02724  13.64  -0.21   602 24 Themis         
 48206 3.20607 0.14533  0.02027  14.39   0.38   602 24 Themis         
 48265 3.21557 0.17742  0.02124  14.34   0.44   602 24 Themis         
 48311 3.12787 0.14132  0.02406  13.98  -0.04   602 24 Themis         
 48501 3.16508 0.16455  0.02988  13.31   0.27   602 24 Themis         
 48566 3.22629 0.13191  0.02322  13.72   0.66   602 24 Themis         
 48711 3.17486 0.16555  0.02784  14.03   0.25   602 24 Themis         
 48791 3.19918 0.15615  0.02482  14.43   0.34   602 24 Themis         
 48802 3.18417 0.15892  0.02550  13.89   0.33   602 24 Themis         
 48818 3.05470 0.13597  0.02187  14.09  -0.49   602 24 Themis         
 48820 3.11197 0.13798  0.02179  14.21  -0.13   602 24 Themis         
 48826 3.14043 0.14218  0.02860  13.78   0.04   602 24 Themis         
 49481 3.09788 0.14872  0.02088  14.07  -0.22   602 24 Themis         
 49501 3.08899 0.14563  0.01327  13.84  -0.31   602 24 Themis         
 49565 3.09539 0.15856  0.03145  14.27  -0.22   602 24 Themis         
 49584 3.08697 0.15793  0.02945  14.23  -0.27   602 24 Themis         
 49585 3.10701 0.12951  0.02734  14.28  -0.15   602 24 Themis         
 49608 3.12522 0.15968  0.01834  14.27  -0.05   602 24 Themis         
 49613 3.21448 0.16149  0.02282  13.61   0.61   602 24 Themis         
 50388 3.20108 0.17013  0.01585  13.96   0.43   602 24 Themis         
 50462 3.21495 0.16412  0.01816  13.40   0.67   602 24 Themis         
 50467 3.10139 0.13803  0.01819  14.03  -0.21   602 24 Themis         
 50577 3.04496 0.16581  0.02689  14.55  -0.44   602 24 Themis         
 50625 3.21104 0.13728  0.03241  13.89   0.51   602 24 Themis         
 50628 3.20115 0.14504  0.01834  13.74   0.48   602 24 Themis         
 50703 3.20472 0.15612  0.02099  13.32   0.61   602 24 Themis         
 50904 3.14634 0.15771  0.02312  14.36   0.06   602 24 Themis         
 50935 3.08826 0.13139  0.02239  14.29  -0.26   602 24 Themis         
 50953 3.22837 0.12403  0.02680  13.63   0.71   602 24 Themis         
 50959 3.16465 0.15915  0.02470  13.52   0.24   602 24 Themis         
 51101 3.22348 0.14257  0.01644  14.35   0.48   602 24 Themis         
 51105 3.18374 0.16758  0.01735  13.88   0.33   602 24 Themis         
 51117 3.11968 0.13419  0.02061  13.82  -0.10   602 24 Themis         
 51143 3.13918 0.15725  0.01966  13.43   0.04   602 24 Themis         
 51166 3.12670 0.15553  0.02748  13.98  -0.05   602 24 Themis         
 51240 3.21162 0.12505  0.02663  13.67   0.57   602 24 Themis         
 51288 3.16586 0.15263  0.03497  14.36   0.17   602 24 Themis         
 51290 3.08573 0.15954  0.01864  13.93  -0.32   602 24 Themis         
 51579 3.17807 0.17874  0.02440  14.11   0.26   602 24 Themis         
 51804 3.19339 0.13239  0.02848  14.37   0.31   602 24 Themis         
 51863 3.11338 0.14683  0.01937  14.76  -0.09   602 24 Themis         
 51972 3.17585 0.16494  0.01857  13.59   0.32   602 24 Themis         
 52047 3.08815 0.13803  0.03344  14.24  -0.26   602 24 Themis         
 52071 3.23337 0.14105  0.02100  13.95   0.64   602 24 Themis         
 52162 3.15811 0.14189  0.01995  13.83   0.16   602 24 Themis         
 52167 3.19520 0.15483  0.02634  13.93   0.40   602 24 Themis         
 52253 3.22475 0.13660  0.01351  15.13   0.34   602 24 Themis         
 52288 3.10178 0.16933  0.02261  14.33  -0.18   602 24 Themis         
 52363 3.19170 0.15044  0.02004  14.55   0.28   602 24 Themis         
 52680 3.20316 0.13543  0.01904  14.22   0.39   602 24 Themis         
 52691 3.17917 0.14285  0.02604  14.89   0.19   602 24 Themis         
 52696 3.12955 0.15965  0.02588  14.79  -0.02   602 24 Themis         
 52701 3.14160 0.13423  0.02061  14.15   0.04   602 24 Themis         
 52703 3.08598 0.15236  0.02097  14.31  -0.27   602 24 Themis         
 52716 3.05898 0.15935  0.02853  14.35  -0.41   602 24 Themis         
 52717 3.13769 0.12092  0.02019  14.70   0.00   602 24 Themis         
 52721 3.20313 0.16360  0.03619  14.85   0.29   602 24 Themis         
 53291 3.12642 0.17420  0.01769  14.52  -0.04   602 24 Themis         
 53292 3.19554 0.15764  0.02600  14.43   0.32   602 24 Themis         
 53293 3.09759 0.12515  0.02575  14.55  -0.18   602 24 Themis         
 53406 3.22409 0.13099  0.02826  14.01   0.57   602 24 Themis         
 53960 3.08294 0.14290  0.02751  14.64  -0.24   602 24 Themis         
 54102 3.21146 0.13345  0.01716  14.02   0.48   602 24 Themis         
 54109 3.14519 0.17768  0.02104  13.67   0.08   602 24 Themis         
 54182 3.13226 0.12873  0.02512  14.27   0.00   602 24 Themis         
 54349 3.17889 0.17029  0.02178  13.40   0.37   602 24 Themis         
 54843 3.19888 0.15659  0.02958  14.71   0.29   602 24 Themis         
 54920 3.04825 0.15688  0.02178  14.92  -0.36   602 24 Themis         
 54932 3.09640 0.14039  0.02093  14.67  -0.18   602 24 Themis         
 54951 3.12743 0.12884  0.02015  13.85  -0.05   602 24 Themis         
 55001 3.22386 0.12999  0.01832  14.04   0.56   602 24 Themis         
 55027 3.09923 0.14620  0.01918  13.91  -0.23   602 24 Themis         
 55107 3.19008 0.13790  0.02230  14.37   0.30   602 24 Themis         
 55134 3.13594 0.15924  0.02170  13.88   0.00   602 24 Themis         
 55144 3.16053 0.15519  0.02689  14.20   0.15   602 24 Themis         
 55152 3.12269 0.14588  0.02330  14.31  -0.06   602 24 Themis         
 55188 3.15909 0.15225  0.02333  13.53   0.19   602 24 Themis         
 55203 3.05755 0.15790  0.02673  14.38  -0.41   602 24 Themis         
 55219 3.06621 0.14432  0.02891  14.73  -0.31   602 24 Themis         
 55254 3.14583 0.11945  0.02142  14.32   0.06   602 24 Themis         
 55278 3.07086 0.15922  0.02224  14.38  -0.34   602 24 Themis         
 55368 3.19749 0.14332  0.02187  14.35   0.34   602 24 Themis         
 55435 3.14939 0.15914  0.03747  14.12   0.09   602 24 Themis         
 55491 3.13964 0.17724  0.02418  13.92   0.03   602 24 Themis         
 55516 3.09614 0.15764  0.02938  14.55  -0.19   602 24 Themis         
 55534 3.22693 0.13112  0.01905  14.53   0.46   602 24 Themis         
 55827 3.13802 0.13310  0.02831  15.04   0.00   602 24 Themis         
 55860 3.20226 0.14245  0.01390  14.88   0.29   602 24 Themis         
 55922 3.10110 0.17023  0.02648  13.85  -0.23   602 24 Themis         
 55949 3.21270 0.17607  0.02010  14.13   0.47   602 24 Themis         
 55950 3.16305 0.14261  0.02987  14.68   0.13   602 24 Themis         
 55951 3.19022 0.13129  0.01841  14.76   0.25   602 24 Themis         
 55955 3.19036 0.18115  0.03083  14.22   0.32   602 24 Themis         
 56943 3.16083 0.15303  0.02452  13.96   0.17   602 24 Themis         
 56971 3.15486 0.17656  0.02657  13.71   0.15   602 24 Themis         
 57124 3.17763 0.12847  0.02086  13.17   0.40   602 24 Themis         
 57426 3.21724 0.16413  0.01700  14.57   0.40   602 24 Themis         
 57558 3.12903 0.14888  0.02014  14.62  -0.03   602 24 Themis         
 57560 3.09259 0.13327  0.02500  14.52  -0.21   602 24 Themis         
 57590 3.22952 0.13683  0.01531  14.05   0.59   602 24 Themis         
 57691 3.21455 0.13137  0.01407  14.39   0.42   602 24 Themis         
 57704 3.09286 0.16415  0.01652  14.79  -0.18   602 24 Themis         
 57708 3.22248 0.14654  0.01777  13.82   0.61   602 24 Themis         
 57719 3.14122 0.14038  0.03160  14.44   0.03   602 24 Themis         
 57760 3.08656 0.13812  0.02798  14.52  -0.24   602 24 Themis         
 57861 3.13840 0.14229  0.02193  14.94   0.02   602 24 Themis         
 57864 3.17976 0.15678  0.02618  14.67   0.21   602 24 Themis         
 57978 3.16616 0.17543  0.02341  15.44   0.10   602 24 Themis         
 57979 3.14048 0.16091  0.02450  14.24   0.03   602 24 Themis         
 58060 3.21979 0.16429  0.02777  14.36   0.46   602 24 Themis         
 58075 3.22881 0.13904  0.02191  13.80   0.66   602 24 Themis         
 58193 3.08636 0.12430  0.02602  14.53  -0.24   602 24 Themis         
 58231 3.20539 0.14676  0.01654  13.92   0.47   602 24 Themis         
 58256 3.12383 0.17656  0.02000  14.29  -0.06   602 24 Themis         
 58302 3.10258 0.15808  0.03289  14.13  -0.19   602 24 Themis         
 58321 3.07951 0.17244  0.02047  14.61  -0.26   602 24 Themis         
 58329 3.19789 0.15930  0.02558  14.61   0.30   602 24 Themis         
 58369 3.09185 0.12398  0.02850  14.31  -0.23   602 24 Themis         
 58384 3.11551 0.11954  0.02749  15.62  -0.06   602 24 Themis         
 58393 3.17774 0.14021  0.02696  15.92   0.11   602 24 Themis         
 58525 3.08879 0.15744  0.02031  14.95  -0.19   602 24 Themis         
 58528 3.18379 0.14585  0.02103  14.44   0.26   602 24 Themis         
 58539 3.18439 0.14194  0.02688  15.38   0.17   602 24 Themis         
 58541 3.11765 0.15318  0.03000  14.24  -0.10   602 24 Themis         
 58552 3.22137 0.14132  0.03069  14.10   0.53   602 24 Themis         
 58704 3.16541 0.15249  0.02763  14.11   0.19   602 24 Themis         
 58928 3.09586 0.15543  0.03564  14.50  -0.19   602 24 Themis         
 59004 3.12854 0.15715  0.03136  14.30  -0.03   602 24 Themis         
 59847 3.13158 0.11678  0.02853  14.44  -0.02   602 24 Themis         
 59860 3.17607 0.15278  0.03282  14.38   0.22   602 24 Themis         
 59862 3.11291 0.14627  0.01870  14.60  -0.10   602 24 Themis         
 59863 3.21097 0.16214  0.02563  14.04   0.48   602 24 Themis         
 59875 3.18628 0.16320  0.02836  14.45   0.27   602 24 Themis         
 59896 3.10390 0.14334  0.02456  14.81  -0.13   602 24 Themis         
 60001 3.11374 0.12492  0.02401  14.39  -0.11   602 24 Themis         
 60004 3.17431 0.16491  0.02568  13.82   0.27   602 24 Themis         
 60007 3.09887 0.14776  0.01340  14.19  -0.21   602 24 Themis         
 60025 3.19482 0.17049  0.02729  14.85   0.26   602 24 Themis         
 60031 3.03557 0.13093  0.03093  14.36  -0.53   602 24 Themis         
 60062 3.15324 0.15692  0.02172  14.30   0.10   602 24 Themis         
 60066 3.08931 0.15975  0.02309  14.34  -0.24   602 24 Themis         
 60068 3.09574 0.12932  0.01912  14.16  -0.23   602 24 Themis         
 60132 3.22312 0.12822  0.02698  14.15   0.52   602 24 Themis         
 60135 3.20524 0.13021  0.01890  14.03   0.44   602 24 Themis         
 60136 3.22787 0.14744  0.01359  13.83   0.64   602 24 Themis         
 60137 3.19453 0.14358  0.02778  13.83   0.41   602 24 Themis         
 60166 3.22624 0.14868  0.02735  15.10   0.35   602 24 Themis         
 60174 3.09591 0.15112  0.03102  14.19  -0.22   602 24 Themis         
 60180 3.10111 0.14382  0.01182  14.95  -0.14   602 24 Themis         
 60446 3.12021 0.17675  0.02163  13.99  -0.09   602 24 Themis         
 60527 3.04727 0.13517  0.01937  14.26  -0.49   602 24 Themis         
 60559 3.09831 0.13424  0.02518  15.27  -0.13   602 24 Themis         
 60682 3.19814 0.14768  0.02272  14.27   0.36   602 24 Themis         
 60732 3.10638 0.14165  0.01902  13.93  -0.18   602 24 Themis         
 60792 3.11172 0.13675  0.02356  14.94  -0.09   602 24 Themis         
 60838 3.12584 0.14362  0.01772  14.10  -0.05   602 24 Themis         
 61039 3.19397 0.15800  0.03214  14.02   0.37   602 24 Themis         
 61423 3.18203 0.14919  0.02298  14.69   0.22   602 24 Themis         
 61451 3.11503 0.17185  0.02222  14.01  -0.12   602 24 Themis         
 61472 3.19479 0.16491  0.02335  14.00   0.38   602 24 Themis         
 61884 3.16269 0.15564  0.02060  14.65   0.13   602 24 Themis         
 62432 3.21816 0.15511  0.02049  13.85   0.57   602 24 Themis         
 62490 3.06325 0.14066  0.02124  14.76  -0.32   602 24 Themis         
 62608 3.20582 0.15324  0.02676  14.44   0.37   602 24 Themis         
 62696 3.10666 0.17271  0.02374  14.71  -0.13   602 24 Themis         
 62741 3.20529 0.13175  0.02648  14.66   0.33   602 24 Themis         
 62777 3.09301 0.15895  0.03310  14.47  -0.21   602 24 Themis         
 62825 3.12128 0.14707  0.02363  14.43  -0.07   602 24 Themis         
 62854 3.14006 0.14820  0.02095  14.49   0.03   602 24 Themis         
 62925 3.21021 0.15122  0.02580  14.31   0.42   602 24 Themis         
 62969 3.09848 0.14508  0.01959  14.52  -0.18   602 24 Themis         
 62997 3.09146 0.15422  0.02632  14.97  -0.17   602 24 Themis         
 63145 3.19421 0.15375  0.01852  14.58   0.29   602 24 Themis         
 63186 3.23744 0.12925  0.01632  14.74   0.46   602 24 Themis         
 63201 3.11059 0.11521  0.01973  14.42  -0.12   602 24 Themis         
 63230 3.17958 0.13739  0.02211  14.64   0.21   602 24 Themis         
 63534 3.12845 0.14683  0.01813  14.59  -0.03   602 24 Themis         
 63568 3.23141 0.14616  0.02700  13.88   0.65   602 24 Themis         
 63586 3.04747 0.14056  0.02943  14.63  -0.41   602 24 Themis         
 63594 3.18916 0.17044  0.02290  14.43   0.28   602 24 Themis         
 63721 3.22619 0.13392  0.01649  14.69   0.42   602 24 Themis         
 63903 3.13379 0.15943  0.02410  14.41   0.00   602 24 Themis         
 63951 3.16045 0.15212  0.02350  14.85   0.11   602 24 Themis         
 64069 3.15051 0.15604  0.02719  14.39   0.08   602 24 Themis         
 64426 3.10241 0.13738  0.01735  15.32  -0.11   602 24 Themis         
 64533 3.12946 0.16828  0.02611  15.31  -0.02   602 24 Themis         
 64580 3.14273 0.12733  0.02563  14.78   0.04   602 24 Themis         
 64642 3.10885 0.15566  0.02926  14.48  -0.13   602 24 Themis         
 64654 3.15031 0.15062  0.02211  14.67   0.07   602 24 Themis         
 64722 3.13597 0.18060  0.02306  14.46   0.00   602 24 Themis         
 64749 3.19825 0.15224  0.01871  14.44   0.33   602 24 Themis         
 64763 3.19305 0.16587  0.02758  14.21   0.34   602 24 Themis         
 64813 3.20807 0.13531  0.02625  14.99   0.30   602 24 Themis         
 64822 3.06384 0.14930  0.02378  14.85  -0.30   602 24 Themis         
 64844 3.12530 0.14713  0.01803  14.78  -0.04   602 24 Themis         
 64862 3.15968 0.15005  0.01918  14.83   0.11   602 24 Themis         
 64886 3.14324 0.13305  0.02284  14.66   0.04   602 24 Themis         
 64895 3.22670 0.14653  0.02477  14.08   0.56   602 24 Themis         
 64938 3.06318 0.17691  0.02748  14.27  -0.40   602 24 Themis         
 64967 3.22296 0.14731  0.02987  14.28   0.49   602 24 Themis         
 64974 3.19687 0.15770  0.01987  14.13   0.37   602 24 Themis         
 64986 3.11945 0.15545  0.01896  14.49  -0.08   602 24 Themis         
 65023 3.04868 0.14698  0.01781  15.19  -0.31   602 24 Themis         
 65036 3.15559 0.13207  0.02201  13.84   0.14   602 24 Themis         
 65076 3.21036 0.15863  0.03097  14.42   0.40   602 24 Themis         
 65085 3.09009 0.13157  0.02560  15.42  -0.15   602 24 Themis         
 65143 3.18630 0.14455  0.02339  14.87   0.22   602 24 Themis         
 65151 3.12574 0.14577  0.02513  15.24  -0.03   602 24 Themis         
 65191 3.17443 0.15098  0.02016  14.70   0.18   602 24 Themis         
 65198 3.11979 0.15667  0.01897  14.94  -0.06   602 24 Themis         
 65314 3.19159 0.14405  0.02452  15.63   0.17   602 24 Themis         
 65352 3.20085 0.14418  0.02296  14.02   0.42   602 24 Themis         
 65353 3.17834 0.14714  0.02986  15.41   0.15   602 24 Themis         
 65373 3.08326 0.16448  0.03395  14.13  -0.31   602 24 Themis         
 65413 3.08821 0.15736  0.02428  14.93  -0.19   602 24 Themis         
 65448 3.15631 0.17862  0.02321  14.92   0.09   602 24 Themis         
 65517 3.13698 0.14341  0.02778  15.82   0.00   602 24 Themis         
 65607 3.14173 0.17554  0.02161  15.27   0.03   602 24 Themis         
 65675 3.17805 0.15918  0.02633  13.78   0.31   602 24 Themis         
 65746 3.14395 0.16152  0.02733  14.63   0.04   602 24 Themis         
 65768 3.13658 0.18385  0.02758  14.28   0.00   602 24 Themis         
 65795 3.21816 0.15195  0.02299  15.67   0.25   602 24 Themis         
 65812 3.15462 0.13961  0.02415  14.47   0.10   602 24 Themis         
 66065 3.11490 0.14633  0.02563  14.69  -0.09   602 24 Themis         
 66099 3.10580 0.17718  0.01926  14.24  -0.16   602 24 Themis         
 66100 3.17870 0.18121  0.01857  14.30   0.24   602 24 Themis         
 66128 3.17469 0.14743  0.01588  14.23   0.23   602 24 Themis         
 66131 3.09275 0.15185  0.02778  14.97  -0.17   602 24 Themis         
 66147 3.22330 0.14411  0.01642  13.69   0.65   602 24 Themis         
 66149 3.14971 0.13501  0.02281  13.72   0.11   602 24 Themis         
 66191 3.10396 0.13493  0.02306  13.54  -0.24   602 24 Themis         
 66215 3.09200 0.16293  0.02478  14.27  -0.24   602 24 Themis         
 66690 3.15088 0.16373  0.01779  13.90   0.11   602 24 Themis         
 66822 3.15035 0.14450  0.01878  15.03   0.06   602 24 Themis         
 66990 3.17436 0.14460  0.02648  13.85   0.27   602 24 Themis         
 67125 3.11502 0.16026  0.03105  14.62  -0.09   602 24 Themis         
 67167 3.07686 0.13200  0.02366  14.94  -0.24   602 24 Themis         
 67177 3.23013 0.13406  0.01911  14.56   0.47   602 24 Themis         
 67181 3.19767 0.15271  0.02274  13.59   0.48   602 24 Themis         
 67184 3.02437 0.13120  0.02229  14.68  -0.51   602 24 Themis         
 67197 3.22661 0.14576  0.02967  14.06   0.57   602 24 Themis         
 67207 3.13791 0.15190  0.02521  14.21   0.02   602 24 Themis         
 67214 3.15331 0.15120  0.02324  14.28   0.10   602 24 Themis         
 67240 3.09415 0.15486  0.02340  14.43  -0.21   602 24 Themis         
 67242 3.11820 0.15173  0.01734  14.22  -0.09   602 24 Themis         
 67291 3.13810 0.14581  0.01794  14.27   0.02   602 24 Themis         
 67358 3.13780 0.14129  0.02363  14.24   0.02   602 24 Themis         
 67360 3.14927 0.14002  0.03104  15.20   0.05   602 24 Themis         
 67393 3.21829 0.14769  0.01261  14.31   0.46   602 24 Themis         
 67702 3.11956 0.11787  0.02194  14.49  -0.08   602 24 Themis         
 68026 3.19917 0.18235  0.03215  13.82   0.45   602 24 Themis         
 68240 3.03347 0.14347  0.02641  15.09  -0.39   602 24 Themis         
 68314 3.23378 0.13250  0.01591  14.54   0.49   602 24 Themis         
 68451 3.16160 0.15827  0.01650  14.26   0.15   602 24 Themis         
 68457 3.09812 0.12271  0.02760  14.36  -0.20   602 24 Themis         
 68802 3.21415 0.14876  0.02088  14.31   0.44   602 24 Themis         
 68891 3.04322 0.13477  0.02234  14.82  -0.40   602 24 Themis         
 68899 3.09099 0.14562  0.02589  15.22  -0.16   602 24 Themis         
 68953 3.19716 0.14879  0.01789  14.39   0.33   602 24 Themis         
 68955 3.22380 0.12581  0.01795  14.61   0.43   602 24 Themis         
 68988 3.10146 0.14773  0.02805  14.06  -0.20   602 24 Themis         
 69060 3.08841 0.13783  0.02223  15.12  -0.17   602 24 Themis         
 69093 3.22856 0.13616  0.02398  14.73   0.43   602 24 Themis         
 69197 3.20389 0.15587  0.02500  14.44   0.36   602 24 Themis         
 69220 3.05277 0.15657  0.02752  14.96  -0.33   602 24 Themis         
 69435 3.19457 0.17506  0.01879  14.22   0.34   602 24 Themis         
 69541 3.23216 0.13829  0.03166  14.77   0.43   602 24 Themis         
 69852 3.13135 0.16237  0.02241  15.36   0.00   602 24 Themis         
 69907 3.06207 0.16164  0.02690  14.56  -0.35   602 24 Themis         
 69929 3.08763 0.14321  0.02226  14.66  -0.22   602 24 Themis         
 69952 3.11748 0.16606  0.02160  14.45  -0.09   602 24 Themis         
 69979 3.09195 0.13873  0.02365  14.71  -0.19   602 24 Themis         
 70000 3.18886 0.13340  0.02433  14.69   0.25   602 24 Themis         
 70002 3.12187 0.16648  0.02164  14.61  -0.06   602 24 Themis         
 70014 3.22972 0.13824  0.02779  13.91   0.63   602 24 Themis         
 70954 3.18532 0.15502  0.02443  14.12   0.30   602 24 Themis         
 71284 3.10597 0.16185  0.02591  14.62  -0.14   602 24 Themis         
 71327 3.10814 0.14423  0.02031  14.19  -0.15   602 24 Themis         
 71437 3.21712 0.12376  0.02119  14.67   0.38   602 24 Themis         
 71466 3.20461 0.13204  0.02581  15.04   0.28   602 24 Themis         
 71479 3.22694 0.13852  0.01794  14.45   0.48   602 24 Themis         
 71489 3.15884 0.15228  0.02333  13.71   0.18   602 24 Themis         
 71524 3.22851 0.14897  0.02304  13.49   0.75   602 24 Themis         
 71527 3.16838 0.17255  0.01931  14.31   0.19   602 24 Themis         
 71532 3.12780 0.15776  0.02338  14.02  -0.04   602 24 Themis         
 71546 3.08205 0.15781  0.01730  14.36  -0.28   602 24 Themis         
 71552 3.18651 0.14859  0.02591  14.52   0.26   602 24 Themis         
 71561 3.07683 0.16024  0.01914  14.47  -0.29   602 24 Themis         
 71564 3.14488 0.12639  0.02326  14.32   0.06   602 24 Themis         
 71571 3.04564 0.15803  0.02181  14.95  -0.36   602 24 Themis         
 71577 3.21925 0.13939  0.01945  13.98   0.54   602 24 Themis         
 71586 3.10089 0.15352  0.02580  14.46  -0.17   602 24 Themis         
 71593 3.19896 0.16328  0.03628  14.31   0.35   602 24 Themis         
 71623 3.11970 0.16376  0.02624  14.34  -0.08   602 24 Themis         
 71650 3.15801 0.15725  0.04045  14.56   0.12   602 24 Themis         
 71667 3.10817 0.13915  0.02812  14.07  -0.16   602 24 Themis         
 71681 3.19973 0.16105  0.02555  13.89   0.44   602 24 Themis         
 71707 3.12022 0.15358  0.02701  14.46  -0.07   602 24 Themis         
 71716 3.08573 0.14750  0.01883  14.09  -0.30   602 24 Themis         
 71717 3.12124 0.15894  0.02573  13.90  -0.09   602 24 Themis         
 71725 3.15481 0.15425  0.01922  14.22   0.12   602 24 Themis         
 72305 3.21274 0.17070  0.02676  13.92   0.51   602 24 Themis         
 72472 3.11998 0.13794  0.02408  14.36  -0.08   602 24 Themis         
 72485 3.18080 0.15286  0.02369  14.20   0.27   602 24 Themis         
 72540 3.12407 0.16061  0.02317  14.78  -0.05   602 24 Themis         
 72582 3.12012 0.14956  0.02169  14.83  -0.06   602 24 Themis         
 72781 3.20051 0.14190  0.02102  15.86   0.18   602 24 Themis         
 72858 3.09647 0.14671  0.02869  15.12  -0.14   602 24 Themis         
 73328 3.10735 0.16488  0.02624  14.66  -0.13   602 24 Themis         
 73330 3.21253 0.12977  0.02585  14.39   0.41   602 24 Themis         
 73492 3.17884 0.14395  0.02221  14.59   0.21   602 24 Themis         
 73707 3.10634 0.13853  0.02272  14.63  -0.13   602 24 Themis         
 73753 3.06355 0.13227  0.02498  15.12  -0.27   602 24 Themis         
 73756 3.20415 0.17172  0.02946  14.06   0.43   602 24 Themis         
 73851 3.17417 0.14360  0.02201  14.48   0.20   602 24 Themis         
 73941 3.07619 0.15737  0.01848  15.39  -0.19   602 24 Themis         
 73959 3.18834 0.15108  0.02764  14.10   0.33   602 24 Themis         
 74364 3.10221 0.17640  0.02877  14.61  -0.15   602 24 Themis         
 74418 3.16073 0.17270  0.02050  14.78   0.12   602 24 Themis         
 74421 3.17009 0.14079  0.01605  14.46   0.18   602 24 Themis         
 74463 3.19621 0.16052  0.02296  14.23   0.35   602 24 Themis         
 74485 3.12074 0.15156  0.02456  14.38  -0.07   602 24 Themis         
 74509 3.11780 0.13905  0.02849  14.14  -0.10   602 24 Themis         
 74524 3.17430 0.14066  0.01936  13.93   0.26   602 24 Themis         
 75968 3.16473 0.15943  0.02446  14.08   0.18   602 24 Themis         
 76024 3.08532 0.15773  0.02875  15.19  -0.18   602 24 Themis         
 76025 3.08346 0.14261  0.02522  14.73  -0.23   602 24 Themis         
 76196 3.08987 0.14501  0.01898  14.52  -0.22   602 24 Themis         
 76212 3.11422 0.14677  0.02723  13.72  -0.15   602 24 Themis         
 76353 3.22285 0.12370  0.02457  14.21   0.51   602 24 Themis         
 76388 3.05852 0.12344  0.02587  15.02  -0.30   602 24 Themis         
 76516 3.11339 0.15228  0.02328  14.78  -0.09   602 24 Themis         
 76532 3.16100 0.17744  0.03059  14.57   0.13   602 24 Themis         
 76542 3.16794 0.13743  0.01962  14.38   0.18   602 24 Themis         
 76632 3.13474 0.13970  0.03000  14.88   0.00   602 24 Themis         
 76633 3.20033 0.15303  0.03189  14.72   0.30   602 24 Themis         
 76637 3.11789 0.13836  0.02678  13.54  -0.13   602 24 Themis         
 76666 3.09603 0.14382  0.02882  14.38  -0.20   602 24 Themis         
 76673 3.09665 0.17929  0.02372  14.02  -0.24   602 24 Themis         
 76681 3.10389 0.15230  0.02212  15.03  -0.12   602 24 Themis         
 76755 3.16115 0.16255  0.01513  14.78   0.12   602 24 Themis         
 76762 3.16046 0.14255  0.02657  14.71   0.12   602 24 Themis         
 77444 3.11986 0.15357  0.02306  14.32  -0.08   602 24 Themis         
 77594 3.07591 0.12832  0.02734  14.12  -0.35   602 24 Themis         
 77652 3.21900 0.14903  0.02275  14.88   0.36   602 24 Themis         
 77829 3.21494 0.12287  0.02774  13.74   0.57   602 24 Themis         
 78064 3.11909 0.15771  0.02093  14.97  -0.06   602 24 Themis         
 78083 3.07833 0.12203  0.02587  14.75  -0.25   602 24 Themis         
 78137 3.08205 0.14154  0.01373  14.43  -0.27   602 24 Themis         
 78179 3.10364 0.17025  0.02159  15.40  -0.10   602 24 Themis         
 78239 3.14004 0.17456  0.02335  15.21   0.02   602 24 Themis         
 78281 3.12313 0.15545  0.02340  15.90  -0.03   602 24 Themis         
 78418 3.14184 0.17290  0.02807  14.58   0.04   602 24 Themis         
 78423 3.08585 0.13729  0.02139  14.79  -0.21   602 24 Themis         
 78440 3.21596 0.15233  0.02155  13.78   0.57   602 24 Themis         
 78466 3.16520 0.15415  0.01909  14.93   0.13   602 24 Themis         
 78498 3.09945 0.15887  0.03375  15.12  -0.13   602 24 Themis         
 78540 3.20992 0.13419  0.02495  15.34   0.26   602 24 Themis         
 78562 3.18487 0.15834  0.02758  14.90   0.21   602 24 Themis         
 78586 3.22585 0.15438  0.02023  14.57   0.45   602 24 Themis         
 78598 3.14184 0.16578  0.01631  13.96   0.05   602 24 Themis         
 78632 3.21297 0.16152  0.02797  14.32   0.43   602 24 Themis         
 78646 3.14710 0.14377  0.02435  14.32   0.07   602 24 Themis         
 78707 3.17435 0.14564  0.02358  14.39   0.21   602 24 Themis         
 78762 3.13744 0.14142  0.02546  14.18   0.02   602 24 Themis         
 78888 3.10660 0.15272  0.02486  14.93  -0.12   602 24 Themis         
 78954 3.16211 0.16880  0.01488  15.28   0.10   602 24 Themis         
 79018 3.17924 0.13955  0.03094  14.15   0.26   602 24 Themis         
 79027 3.12530 0.14618  0.01459  14.29  -0.05   602 24 Themis         
 79033 3.22567 0.14707  0.02918  14.16   0.54   602 24 Themis         
 79125 3.10643 0.13895  0.02686  14.10  -0.17   602 24 Themis         
 79293 3.12698 0.12937  0.02007  15.10  -0.03   602 24 Themis         
 79332 3.20251 0.15134  0.02930  14.89   0.29   602 24 Themis         
 79461 3.03555 0.13025  0.02181  14.27  -0.55   602 24 Themis         
 79466 3.12455 0.16653  0.01893  15.52  -0.03   602 24 Themis         
 80012 3.08942 0.16389  0.02547  13.82  -0.31   602 24 Themis         
 80036 3.11108 0.16625  0.03393  14.62  -0.11   602 24 Themis         
 81589 3.09823 0.16570  0.02248  14.25  -0.20   602 24 Themis         
 81673 3.05924 0.14387  0.03151  14.64  -0.36   602 24 Themis         
 81693 3.13686 0.15885  0.01440  14.05   0.00   602 24 Themis         
 81933 3.17153 0.17917  0.01842  14.64   0.17   602 24 Themis         
 81954 3.13726 0.12176  0.02614  14.29   0.02   602 24 Themis         
 81955 3.08439 0.16713  0.01829  14.44  -0.26   602 24 Themis         
 81957 3.16095 0.15261  0.02346  15.02   0.10   602 24 Themis         
 81970 3.14854 0.13875  0.02305  14.29   0.08   602 24 Themis         
 81981 3.06249 0.16509  0.02850  14.70  -0.33   602 24 Themis         
 81999 3.17436 0.15075  0.02172  14.59   0.19   602 24 Themis         
 82001 3.12341 0.13169  0.02653  14.99  -0.04   602 24 Themis         
 82767 3.22202 0.15513  0.01891  14.30   0.48   602 24 Themis         
 82768 3.14065 0.14762  0.03269  14.15   0.04   602 24 Themis         
 82779 3.09972 0.15549  0.02846  13.98  -0.22   602 24 Themis         
 82842 3.03597 0.15221  0.02279  14.70  -0.45   602 24 Themis         
 82853 3.12273 0.14949  0.02069  14.06  -0.07   602 24 Themis         
 82922 3.11203 0.13810  0.02074  15.17  -0.08   602 24 Themis         
 83006 3.16183 0.15540  0.02424  14.20   0.16   602 24 Themis         
 83090 3.19984 0.14019  0.02191  14.23   0.37   602 24 Themis         
 83122 3.20164 0.13273  0.02491  14.07   0.41   602 24 Themis         
 83195 3.17168 0.15290  0.03190  14.53   0.18   602 24 Themis         
 83201 3.20169 0.14056  0.03038  13.99   0.43   602 24 Themis         
 83246 3.20389 0.15878  0.01878  14.14   0.41   602 24 Themis         
 83297 3.21977 0.14930  0.02904  14.40   0.45   602 24 Themis         
 83425 3.21966 0.15042  0.03138  14.33   0.46   602 24 Themis         
 83562 3.09145 0.14406  0.02598  15.07  -0.17   602 24 Themis         
 83569 3.09795 0.16557  0.01406  14.59  -0.18   602 24 Themis         
 83574 3.03499 0.15738  0.02434  14.57  -0.49   602 24 Themis         
 83578 3.18267 0.15240  0.02928  14.07   0.30   602 24 Themis         
 83656 3.09642 0.16337  0.02871  14.58  -0.18   602 24 Themis         
 83701 3.08202 0.16005  0.02507  14.48  -0.27   602 24 Themis         
 83876 3.11866 0.15905  0.02700  14.88  -0.07   602 24 Themis         
 83894 3.12950 0.12167  0.02017  14.85  -0.02   602 24 Themis         
 83914 3.09940 0.17787  0.02633  15.03  -0.14   602 24 Themis         
 84220 3.11718 0.14770  0.01766  14.52  -0.09   602 24 Themis         
 84230 3.15731 0.15301  0.02392  14.96   0.09   602 24 Themis         
 84316 3.03797 0.12916  0.02815  14.99  -0.39   602 24 Themis         
 84650 3.16851 0.13334  0.02435  15.12   0.13   602 24 Themis         
 84807 3.19415 0.14455  0.02014  14.25   0.34   602 24 Themis         
 84819 3.16759 0.14163  0.03047  15.25   0.12   602 24 Themis         
 84902 3.11997 0.14252  0.01860  14.02  -0.09   602 24 Themis         
 84973 3.20800 0.14108  0.02345  14.48   0.37   602 24 Themis         
 85008 3.13163 0.13170  0.02887  14.78   0.00   602 24 Themis         
 85017 3.14472 0.13757  0.02554  14.58   0.05   602 24 Themis         
 85067 3.12491 0.15570  0.02568  14.70  -0.04   602 24 Themis         
 85150 3.22295 0.15356  0.02400  14.89   0.37   602 24 Themis         
 85256 3.17421 0.17893  0.02245  15.35   0.14   602 24 Themis         
 85268 3.12155 0.17937  0.02612  14.82  -0.06   602 24 Themis         
 85283 3.17948 0.14763  0.01849  14.81   0.20   602 24 Themis         
 85340 3.18310 0.14620  0.02214  15.15   0.18   602 24 Themis         
 85601 3.22019 0.13461  0.01937  14.41   0.45   602 24 Themis         
 85606 3.20204 0.15793  0.03131  15.10   0.26   602 24 Themis         
 85665 3.17435 0.17331  0.03530  14.12   0.24   602 24 Themis         
 85764 3.18627 0.16742  0.01747  14.67   0.24   602 24 Themis         
 85796 3.13306 0.12033  0.02029  15.41   0.00   602 24 Themis         
 86080 3.08451 0.15283  0.03053  14.79  -0.22   602 24 Themis         
 86137 3.05345 0.13406  0.03296  14.89  -0.34   602 24 Themis         
 86237 3.12367 0.13509  0.02316  15.20  -0.04   602 24 Themis         
 86267 3.10945 0.14974  0.02042  15.01  -0.10   602 24 Themis         
 86270 3.22593 0.12851  0.02542  14.06   0.56   602 24 Themis         
 86303 3.15771 0.13947  0.02098  14.22   0.13   602 24 Themis         
 86304 3.07584 0.15978  0.01928  14.52  -0.29   602 24 Themis         
 86311 3.23768 0.12728  0.01727  14.87   0.44   602 24 Themis         
 86334 3.16830 0.18294  0.02053  13.95   0.22   602 24 Themis         
 86341 3.22528 0.14452  0.02149  14.68   0.42   602 24 Themis         
 87703 3.10156 0.14657  0.02573  14.38  -0.18   602 24 Themis         
 87745 3.08855 0.15420  0.03154  14.12  -0.28   602 24 Themis         
 88003 3.17435 0.16391  0.01868  14.10   0.24   602 24 Themis         
 88072 3.08114 0.12588  0.02404  14.43  -0.28   602 24 Themis         
 88079 3.15425 0.15254  0.02325  14.72   0.09   602 24 Themis         
 88231 3.16273 0.14008  0.02076  14.59   0.14   602 24 Themis         
 88247 3.13094 0.13103  0.02686  14.08  -0.02   602 24 Themis         
 88262 3.10637 0.14355  0.01744  14.79  -0.12   602 24 Themis         
 88456 3.05049 0.12946  0.02984  15.13  -0.32   602 24 Themis         
 89108 3.10654 0.13320  0.02556  15.77  -0.08   602 24 Themis         
 89217 3.11624 0.15571  0.01891  14.31  -0.10   602 24 Themis         
 89257 3.19063 0.13204  0.02613  14.84   0.24   602 24 Themis         
 89401 3.19450 0.18133  0.02393  15.32   0.21   602 24 Themis         
 89651 3.12411 0.11713  0.02134  14.75  -0.05   602 24 Themis         
 89793 3.18986 0.15397  0.02093  13.98   0.35   602 24 Themis         
 89808 3.23756 0.12406  0.02500  14.65   0.48   602 24 Themis         
 89909 3.12448 0.12801  0.03094  15.19  -0.04   602 24 Themis         
 89980 3.09409 0.13678  0.03444  14.76  -0.18   602 24 Themis         
 90029 3.10909 0.14548  0.02110  15.06  -0.10   602 24 Themis         
 90151 3.12952 0.16384  0.01818  15.08  -0.02   602 24 Themis         
 90282 3.21834 0.17247  0.02678  14.40   0.44   602 24 Themis         
 90765 3.17681 0.14286  0.01687  14.80   0.19   602 24 Themis         
 90901 3.09209 0.12574  0.02567  14.89  -0.18   602 24 Themis         
 91149 3.13347 0.15338  0.02226  15.26   0.00   602 24 Themis         
 91153 3.17251 0.15331  0.02323  14.84   0.16   602 24 Themis         
 91170 3.11100 0.14276  0.01390  14.48  -0.12   602 24 Themis         
 91180 3.19528 0.16028  0.02273  14.88   0.26   602 24 Themis         
 91623 3.18765 0.13890  0.02640  15.87   0.14   602 24 Themis         
 91632 3.17408 0.13511  0.02166  14.46   0.20   602 24 Themis         
 91690 3.07711 0.14066  0.02502  14.86  -0.24   602 24 Themis         
 91823 3.02909 0.14426  0.02670  14.76  -0.47   602 24 Themis         
 91892 3.19851 0.14500  0.01708  15.22   0.23   602 24 Themis         
 91904 3.17191 0.14879  0.01827  14.68   0.17   602 24 Themis         
 91910 3.09192 0.13470  0.02052  15.08  -0.16   602 24 Themis         
 91918 3.21504 0.16253  0.02376  14.83   0.35   602 24 Themis         
 91934 3.12455 0.15394  0.01926  14.80  -0.04   602 24 Themis         
 91935 3.08539 0.14369  0.02007  14.69  -0.23   602 24 Themis         
 91942 3.14287 0.15281  0.02512  14.91   0.03   602 24 Themis         
 91945 3.10477 0.15603  0.03611  14.36  -0.16   602 24 Themis         
 91952 3.09937 0.13443  0.02609  14.78  -0.16   602 24 Themis         
 91965 3.20780 0.17514  0.01930  13.95   0.48   602 24 Themis         
 91975 3.11348 0.14511  0.01846  15.42  -0.07   602 24 Themis         
 91978 3.13724 0.15187  0.02798  15.38   0.00   602 24 Themis         
 91998 3.07647 0.15968  0.02368  15.22  -0.21   602 24 Themis         
 92037 3.07658 0.16687  0.02769  15.26  -0.21   602 24 Themis         
 92069 3.12474 0.14843  0.03005  14.73  -0.04   602 24 Themis         
 92090 3.19103 0.16457  0.02540  14.03   0.35   602 24 Themis         
 92097 3.22615 0.14273  0.02532  14.19   0.53   602 24 Themis         
 92104 3.08736 0.15751  0.02484  15.01  -0.19   602 24 Themis         
 92105 3.09560 0.14211  0.02723  14.53  -0.19   602 24 Themis         
 92111 3.13114 0.17237  0.02419  14.54  -0.02   602 24 Themis         
 92112 3.19561 0.13831  0.02170  14.44   0.32   602 24 Themis         
 92114 3.15352 0.14234  0.02717  14.29   0.11   602 24 Themis         
 92115 3.16170 0.16572  0.02432  14.35   0.15   602 24 Themis         
 92123 3.22657 0.12712  0.01626  14.25   0.52   602 24 Themis         
 92124 3.21259 0.15010  0.02389  14.58   0.38   602 24 Themis         
 92156 3.10014 0.14545  0.01503  16.00  -0.09   602 24 Themis         
 92218 3.12155 0.15216  0.02441  14.34  -0.07   602 24 Themis         
 92219 3.17437 0.17166  0.01799  14.85   0.17   602 24 Themis         
 92221 3.14902 0.17577  0.02594  14.85   0.06   602 24 Themis         
 92223 3.15732 0.13851  0.02568  14.71   0.10   602 24 Themis         
 93856 3.04486 0.14918  0.02350  14.98  -0.36   602 24 Themis         
 94083 3.22903 0.14829  0.02395  14.01   0.60   602 24 Themis         
 94086 3.11523 0.14760  0.01902  14.77  -0.09   602 24 Themis         
 94208 3.04994 0.16082  0.03386  14.88  -0.36   602 24 Themis         
 94238 3.17047 0.18171  0.01682  15.09   0.14   602 24 Themis         
 94272 3.13464 0.14112  0.02092  14.97   0.00   602 24 Themis         
 94277 3.13570 0.13705  0.03546  15.00   0.00   602 24 Themis         
 94297 3.08247 0.14535  0.02424  14.80  -0.23   602 24 Themis         
 94329 3.22061 0.14985  0.02415  14.82   0.37   602 24 Themis         
 95217 3.13783 0.14087  0.02461  14.44   0.02   602 24 Themis         
 95258 3.13287 0.11427  0.02380  14.59   0.00   602 24 Themis         
 95298 3.17474 0.17628  0.01679  14.80   0.18   602 24 Themis         
 95300 3.10100 0.16229  0.02735  14.62  -0.16   602 24 Themis         
 95313 3.19875 0.14073  0.02098  14.67   0.30   602 24 Themis         
 95402 3.12089 0.12976  0.03470  14.79  -0.06   602 24 Themis         
 95405 3.07535 0.13295  0.02514  15.14  -0.22   602 24 Themis         
 95442 3.10448 0.13952  0.02917  14.53  -0.15   602 24 Themis         
 95567 3.17400 0.12541  0.02343  15.03   0.16   602 24 Themis         
 95638 3.17437 0.13645  0.02021  14.88   0.17   602 24 Themis         
 95691 3.17411 0.16645  0.02143  15.05   0.15   602 24 Themis         
 95966 3.17876 0.17669  0.01539  15.47   0.14   602 24 Themis         
 96065 3.12644 0.14809  0.02241  15.77  -0.02   602 24 Themis         
 96082 3.09898 0.15740  0.03241  14.91  -0.15   602 24 Themis         
 96255 3.11183 0.15855  0.02856  15.09  -0.09   602 24 Themis         
 96510 3.18083 0.15503  0.02489  14.61   0.22   602 24 Themis         
 96520 3.08287 0.14441  0.02255  15.01  -0.21   602 24 Themis         
 96522 3.10312 0.13328  0.02680  14.77  -0.14   602 24 Themis         
 96528 3.10285 0.15435  0.02004  14.94  -0.13   602 24 Themis         
 96544 3.16008 0.13584  0.02172  14.55   0.13   602 24 Themis         
 96568 3.04553 0.16419  0.03370  14.80  -0.39   602 24 Themis         
 96586 3.09091 0.15441  0.03624  14.95  -0.18   602 24 Themis         
 96589 3.12467 0.16190  0.02860  14.84  -0.04   602 24 Themis         
 96591 3.10179 0.14792  0.01687  14.75  -0.15   602 24 Themis         
 96602 3.21142 0.13476  0.01951  14.74   0.35   602 24 Themis         
 97013 3.11532 0.14938  0.01863  15.51  -0.06   602 24 Themis         
 97022 3.18264 0.14151  0.01626  14.59   0.23   602 24 Themis         
 97094 3.08254 0.12955  0.02771  15.00  -0.21   602 24 Themis         
 97161 3.10137 0.15300  0.02012  15.25  -0.12   602 24 Themis         
 97323 3.17439 0.15850  0.02449  15.77   0.11   602 24 Themis         
 97349 3.12641 0.13927  0.02440  14.52  -0.04   602 24 Themis         
 97369 3.15617 0.14623  0.01988  14.34   0.12   602 24 Themis         
 97376 3.21069 0.15898  0.01772  14.51   0.38   602 24 Themis         
 97455 3.21115 0.16578  0.03691  14.06   0.47   602 24 Themis         
 97493 3.18343 0.13394  0.02106  14.98   0.20   602 24 Themis         
 97522 3.09023 0.16461  0.03159  14.88  -0.19   602 24 Themis         
 97530 3.16084 0.15251  0.02357  14.79   0.12   602 24 Themis         
 97546 3.15890 0.12671  0.02204  14.39   0.13   602 24 Themis         
 97547 3.06220 0.17573  0.02375  14.90  -0.30   602 24 Themis         
 97561 3.17435 0.16396  0.02310  14.03   0.25   602 24 Themis         
 97580 3.10280 0.12877  0.02949  14.46  -0.16   602 24 Themis         
 97582 3.15021 0.15704  0.01969  14.69   0.07   602 24 Themis         
 97598 3.05059 0.12373  0.02712  15.22  -0.30   602 24 Themis         
 97600 3.09477 0.14822  0.01661  15.00  -0.16   602 24 Themis         
 97626 3.14319 0.15749  0.01800  14.45   0.04   602 24 Themis         
 97668 3.13565 0.15364  0.02452  14.53   0.00   602 24 Themis         
 97684 3.21446 0.12920  0.02085  14.42   0.42   602 24 Themis         
 97687 3.18335 0.14591  0.01901  14.92   0.20   602 24 Themis         
 97706 3.16784 0.16659  0.02752  14.79   0.15   602 24 Themis         
 97715 3.22600 0.14632  0.03251  14.59   0.44   602 24 Themis         
 97721 3.13772 0.12084  0.02286  14.15   0.02   602 24 Themis         
 97777 3.22835 0.14965  0.02022  14.57   0.46   602 24 Themis         
 98827 3.11061 0.14218  0.02669  15.24  -0.09   602 24 Themis         
 98967 3.10424 0.12907  0.02930  14.02  -0.19   602 24 Themis         
 99600 3.13323 0.16957  0.02599  14.77   0.00   602 24 Themis         
 99639 3.23198 0.14237  0.02415  14.43   0.51   602 24 Themis         
 99768 3.04636 0.15006  0.01942  15.26  -0.31   602 24 Themis         
 99848 3.16930 0.14176  0.02188  14.67   0.16   602 24 Themis         
100090 3.21161 0.13719  0.02327  14.89   0.32   602 24 Themis         
100213 3.12066 0.15840  0.02290  15.27  -0.05   602 24 Themis         
100258 3.21544 0.14837  0.02449  14.84   0.35   602 24 Themis         
100265 3.09528 0.15889  0.01485  15.08  -0.15   602 24 Themis         
100294 3.09143 0.17880  0.01570  14.84  -0.19   602 24 Themis         
100340 3.17436 0.15389  0.02154  14.89   0.17   602 24 Themis         
100350 3.09731 0.14055  0.02148  15.65  -0.11   602 24 Themis         
100352 3.08191 0.12126  0.02289  15.14  -0.20   602 24 Themis         
100537 3.22302 0.14800  0.01756  15.01   0.35   602 24 Themis         
100543 3.16154 0.14841  0.02273  15.45   0.09   602 24 Themis         
100549 3.06631 0.15921  0.01948  14.62  -0.32   602 24 Themis         
100699 3.14177 0.15152  0.02396  15.13   0.03   602 24 Themis         
100734 3.10859 0.14791  0.02326  15.54  -0.08   602 24 Themis         
101196 3.11192 0.15696  0.03909  15.25  -0.08   602 24 Themis         
101351 3.22565 0.15581  0.03357  15.39   0.30   602 24 Themis         
101543 3.20077 0.14071  0.01380  15.55   0.21   602 24 Themis         
101673 3.10189 0.14179  0.02558  15.00  -0.13   602 24 Themis         
101702 3.15714 0.13005  0.02477  15.83   0.06   602 24 Themis         
101705 3.14179 0.14576  0.02837  15.69   0.02   602 24 Themis         
101751 3.20787 0.14685  0.02441  15.93   0.19   602 24 Themis         
101927 3.16504 0.13572  0.02251  14.29   0.17   602 24 Themis         
102052 3.14877 0.16885  0.02578  15.43   0.05   602 24 Themis         
103012 3.08566 0.15100  0.02391  14.99  -0.20   602 24 Themis         
103480 3.20472 0.15786  0.02039  15.49   0.22   602 24 Themis         
103573 3.09416 0.13330  0.02731  15.22  -0.15   602 24 Themis         
103652 3.15555 0.14325  0.02357  15.34   0.07   602 24 Themis         
103670 3.22031 0.14399  0.02872  14.52   0.43   602 24 Themis         
103707 3.11894 0.14702  0.01816  14.50  -0.08   602 24 Themis         
103802 3.11854 0.13834  0.03090  15.76  -0.04   602 24 Themis         
103851 3.17023 0.14009  0.02069  15.26   0.13   602 24 Themis         
103947 3.07917 0.12268  0.02095  14.94  -0.23   602 24 Themis         
103963 3.09736 0.15402  0.02389  15.06  -0.14   602 24 Themis         
104145 3.17050 0.17475  0.01802  15.16   0.13   602 24 Themis         
104152 3.20800 0.15437  0.02411  15.08   0.28   602 24 Themis         
104366 3.08565 0.12631  0.02010  15.01  -0.19   602 24 Themis         
104507 3.08572 0.16465  0.03260  15.48  -0.16   602 24 Themis         
104524 3.10123 0.14784  0.02473  14.34  -0.18   602 24 Themis         
104548 3.21909 0.14289  0.02426  15.26   0.30   602 24 Themis         
104549 3.15434 0.16967  0.02596  15.17   0.07   602 24 Themis         
104628 3.08944 0.18170  0.02113  14.91  -0.19   602 24 Themis         
104665 3.20635 0.15899  0.03083  15.33   0.25   602 24 Themis         
104671 3.15830 0.15199  0.02340  15.37   0.08   602 24 Themis         
104672 3.20801 0.14467  0.03213  14.54   0.36   602 24 Themis         
104780 3.10982 0.15767  0.02643  14.96  -0.10   602 24 Themis         
104810 3.16231 0.15158  0.02557  14.73   0.13   602 24 Themis         
104819 3.10942 0.14394  0.02987  14.83  -0.11   602 24 Themis         
104900 3.16521 0.13103  0.01930  14.71   0.14   602 24 Themis         
104901 3.07647 0.12965  0.01757  15.03  -0.23   602 24 Themis         
104929 3.05210 0.17606  0.02307  15.39  -0.28   602 24 Themis         
104945 3.09836 0.16797  0.02122  14.69  -0.17   602 24 Themis         
104951 3.08759 0.15150  0.02326  15.26  -0.17   602 24 Themis         
104952 3.23833 0.12584  0.02338  14.31   0.57   602 24 Themis         
104981 3.17437 0.12451  0.02137  14.65   0.19   602 24 Themis         
105023 3.11804 0.14427  0.01936  14.51  -0.08   602 24 Themis         
105026 3.16738 0.18228  0.01465  14.58   0.16   602 24 Themis         
105073 3.14002 0.16818  0.02292  15.29   0.02   602 24 Themis         
105394 3.12768 0.15789  0.02688  14.24  -0.04   602 24 Themis         
105395 3.22382 0.12735  0.02875  14.78   0.40   602 24 Themis         
105473 3.11757 0.14827  0.02669  15.17  -0.06   602 24 Themis         
105586 3.08272 0.17083  0.02028  14.54  -0.26   602 24 Themis         
105691 3.09580 0.14193  0.02549  14.57  -0.19   602 24 Themis         
105692 3.10447 0.15143  0.01712  14.64  -0.14   602 24 Themis         
105708 3.10321 0.15282  0.02322  14.79  -0.14   602 24 Themis         
105774 3.16827 0.15572  0.01636  14.65   0.16   602 24 Themis         
105784 3.10866 0.13555  0.02949  14.92  -0.11   602 24 Themis         
105824 3.17434 0.15287  0.02182  15.14   0.15   602 24 Themis         
105838 3.09922 0.17540  0.02939  14.99  -0.14   602 24 Themis         
105842 3.10862 0.15542  0.02332  14.15  -0.15   602 24 Themis         
105933 3.13789 0.14425  0.01908  15.17   0.00   602 24 Themis         
106096 3.11347 0.13616  0.03028  14.79  -0.09   602 24 Themis         
106124 3.10789 0.14468  0.02292  15.42  -0.09   602 24 Themis         
106150 3.11902 0.14228  0.01961  15.63  -0.05   602 24 Themis         
106161 3.07009 0.12161  0.02505  15.02  -0.26   602 24 Themis         
106208 3.21385 0.17050  0.02620  13.99   0.51   602 24 Themis         
106209 3.20833 0.14441  0.03044  14.82   0.32   602 24 Themis         
106216 3.11285 0.16016  0.02319  14.91  -0.09   602 24 Themis         
106231 3.19875 0.18136  0.02929  14.38   0.34   602 24 Themis         
106235 3.17457 0.17987  0.02710  15.01   0.16   602 24 Themis         
106238 3.21158 0.16332  0.01852  15.27   0.27   602 24 Themis         
106363 3.22068 0.16051  0.01985  14.18   0.50   602 24 Themis         
106372 3.16113 0.15275  0.02555  14.73   0.12   602 24 Themis         
106580 3.16464 0.14591  0.02447  15.21   0.11   602 24 Themis         
106652 3.17932 0.13866  0.02818  14.37   0.24   602 24 Themis         
106831 3.19222 0.13136  0.01436  16.23   0.13   602 24 Themis         
107879 3.19849 0.13965  0.03029  14.65   0.30   602 24 Themis         
109133 3.12671 0.14955  0.02488  14.75  -0.03   602 24 Themis         
109374 3.17451 0.17246  0.02264  14.69   0.18   602 24 Themis         
109451 3.11906 0.14555  0.01723  15.12  -0.06   602 24 Themis         
109459 3.13139 0.16746  0.02560  15.13   0.00   602 24 Themis         
109502 3.17470 0.18074  0.01856  15.13   0.15   602 24 Themis         
109507 3.12782 0.12840  0.02027  15.08  -0.03   602 24 Themis         
109516 3.19282 0.13248  0.02877  14.41   0.31   602 24 Themis         
109680 3.08205 0.12868  0.02147  14.99  -0.21   602 24 Themis         
109791 3.19093 0.15751  0.02149  14.77   0.25   602 24 Themis         
109800 3.22591 0.14175  0.02200  14.51   0.46   602 24 Themis         
109911 3.09474 0.14235  0.02201  15.20  -0.15   602 24 Themis         
109912 3.17027 0.17564  0.02141  14.86   0.15   602 24 Themis         
109934 3.10232 0.14579  0.02489  14.77  -0.14   602 24 Themis         
110193 3.04521 0.12372  0.02781  15.03  -0.35   602 24 Themis         
110194 3.22544 0.16064  0.02714  15.10   0.35   602 24 Themis         
110195 3.09833 0.15813  0.02444  15.15  -0.14   602 24 Themis         
110215 3.14101 0.12645  0.01977  15.76   0.02   602 24 Themis         
110222 3.15507 0.14592  0.01883  15.61   0.06   602 24 Themis         
110248 3.20403 0.16077  0.03134  14.59   0.34   602 24 Themis         
110266 3.10350 0.17160  0.02735  15.76  -0.09   602 24 Themis         
110297 3.22140 0.14907  0.03109  14.87   0.37   602 24 Themis         
110628 3.11347 0.16059  0.02043  15.06  -0.08   602 24 Themis         
110949 3.21591 0.16870  0.02851  14.86   0.35   602 24 Themis         
110968 3.05343 0.14384  0.01960  15.01  -0.32   602 24 Themis         
111160 3.17908 0.17166  0.02372  15.37   0.15   602 24 Themis         
111302 3.08840 0.16006  0.03001  15.01  -0.18   602 24 Themis         
111400 3.10272 0.14460  0.02531  14.46  -0.16   602 24 Themis         
111405 3.20351 0.15652  0.02127  15.27   0.24   602 24 Themis         
111421 3.04936 0.17152  0.02473  14.80  -0.37   602 24 Themis         
111501 3.22563 0.15771  0.02265  14.25   0.51   602 24 Themis         
111511 3.06861 0.14619  0.03392  14.74  -0.30   602 24 Themis         
111590 3.14048 0.13716  0.02658  15.37   0.02   602 24 Themis         
111591 3.19940 0.15493  0.03348  14.85   0.28   602 24 Themis         
111609 3.14041 0.15304  0.01684  14.74   0.03   602 24 Themis         
111625 3.20518 0.15141  0.02489  14.90   0.30   602 24 Themis         
111644 3.09036 0.15142  0.02818  15.10  -0.17   602 24 Themis         
111645 3.22293 0.15325  0.03093  14.65   0.42   602 24 Themis         
111739 3.22227 0.13561  0.02496  14.71   0.40   602 24 Themis         
111773 3.12935 0.16916  0.02263  15.45  -0.02   602 24 Themis         
111802 3.10644 0.17449  0.02680  14.52  -0.14   602 24 Themis         
112385 3.07633 0.14318  0.03625  14.30  -0.32   602 24 Themis         
112407 3.07638 0.15585  0.01983  15.08  -0.22   602 24 Themis         
112528 3.10129 0.14965  0.03303  15.48  -0.11   602 24 Themis         
112838 3.12387 0.15282  0.02006  14.99  -0.04   602 24 Themis         
112932 3.16811 0.12473  0.01958  14.90   0.14   602 24 Themis         
112997 3.14183 0.14736  0.01906  15.43   0.02   602 24 Themis         
113013 3.08724 0.14854  0.03592  14.57  -0.23   602 24 Themis         
113044 3.05748 0.15968  0.01946  14.85  -0.33   602 24 Themis         
113117 3.20312 0.16656  0.02452  14.84   0.30   602 24 Themis         
113126 3.15524 0.17604  0.03086  14.98   0.08   602 24 Themis         
113143 3.10972 0.14158  0.01524  15.23  -0.09   602 24 Themis         
113281 3.10299 0.14630  0.01773  15.09  -0.12   602 24 Themis         
113329 3.22454 0.11829  0.02878  15.26   0.32   602 24 Themis         
113331 3.11078 0.15252  0.02359  15.35  -0.08   602 24 Themis         
113398 3.21049 0.16283  0.01649  14.50   0.38   602 24 Themis         
113481 3.12211 0.13163  0.02899  14.98  -0.05   602 24 Themis         
113587 3.10781 0.13536  0.02281  15.28  -0.09   602 24 Themis         
113854 3.08333 0.12300  0.02888  14.66  -0.24   602 24 Themis         
114074 3.04618 0.17069  0.02603  15.14  -0.33   602 24 Themis         
114635 3.12387 0.11688  0.02346  14.60  -0.05   602 24 Themis         
114639 3.21389 0.14367  0.02881  14.96   0.32   602 24 Themis         
114658 3.13024 0.13784  0.02112  14.82  -0.02   602 24 Themis         
114668 3.10457 0.13090  0.02052  14.79  -0.13   602 24 Themis         
114669 3.18425 0.16094  0.02042  14.36   0.27   602 24 Themis         
114679 3.04838 0.12173  0.02891  15.19  -0.32   602 24 Themis         
114680 3.08704 0.14729  0.02436  15.00  -0.19   602 24 Themis         
114681 3.18601 0.18001  0.02376  14.80   0.23   602 24 Themis         
114987 3.14676 0.12251  0.02603  15.08   0.05   602 24 Themis         
115161 3.23107 0.14903  0.02411  14.74   0.44   602 24 Themis         
115163 3.14924 0.14558  0.02628  14.97   0.06   602 24 Themis         
115165 3.23329 0.13850  0.02910  14.62   0.47   602 24 Themis         
115314 3.09234 0.13943  0.01878  14.77  -0.19   602 24 Themis         
115355 3.11859 0.16599  0.02730  14.95  -0.07   602 24 Themis         
115433 3.08499 0.14750  0.03766  14.41  -0.26   602 24 Themis         
115707 3.22811 0.12686  0.01875  14.81   0.41   602 24 Themis         
115743 3.21695 0.14743  0.01996  14.57   0.40   602 24 Themis         
115826 3.17435 0.15474  0.02192  15.02   0.16   602 24 Themis         
115987 3.08941 0.16022  0.01471  15.01  -0.18   602 24 Themis         
115988 3.21502 0.14264  0.02023  15.12   0.30   602 24 Themis         
116118 3.08270 0.14733  0.02923  15.22  -0.19   602 24 Themis         
116206 3.21649 0.12583  0.02485  15.40   0.27   602 24 Themis         
116290 3.08494 0.13243  0.01971  15.43  -0.16   602 24 Themis         
116298 3.04402 0.16286  0.03067  15.93  -0.24   602 24 Themis         
116302 3.20495 0.12484  0.02435  14.40   0.37   602 24 Themis         
116359 3.15566 0.13931  0.02093  15.49   0.07   602 24 Themis         
116411 3.13797 0.12526  0.02080  15.15   0.00   602 24 Themis         
116540 3.12505 0.12520  0.02456  15.69  -0.03   602 24 Themis         
116557 3.16048 0.15211  0.02342  15.27   0.09   602 24 Themis         
116972 3.03717 0.13778  0.02304  15.33  -0.33   602 24 Themis         
116975 3.12413 0.12971  0.02601  14.99  -0.04   602 24 Themis         
117011 3.22187 0.15826  0.02395  15.21   0.32   602 24 Themis         
117076 3.09892 0.15609  0.02502  15.26  -0.13   602 24 Themis         
117265 3.22335 0.12523  0.01660  15.00   0.36   602 24 Themis         
117390 3.19870 0.13412  0.02159  15.13   0.24   602 24 Themis         
117883 3.22918 0.15637  0.02419  14.97   0.38   602 24 Themis         
117931 3.11856 0.15536  0.02192  14.95  -0.07   602 24 Themis         
118015 3.16584 0.14941  0.02797  15.22   0.11   602 24 Themis         
118018 3.06661 0.12499  0.02944  15.29  -0.24   602 24 Themis         
118133 3.20404 0.14554  0.02243  15.31   0.24   602 24 Themis         
118401 3.21788 0.14440  0.02440  15.08   0.32   602 24 Themis         
118420 3.19072 0.13995  0.03081  15.25   0.20   602 24 Themis         
118422 3.21228 0.14010  0.02274  15.21   0.28   602 24 Themis         
118439 3.06164 0.14909  0.02036  15.87  -0.20   602 24 Themis         
118440 3.10112 0.15337  0.02463  15.59  -0.10   602 24 Themis         
118455 3.19977 0.16116  0.02459  14.99   0.26   602 24 Themis         
118826 3.21057 0.16322  0.01898  14.56   0.37   602 24 Themis         
118915 3.22668 0.14729  0.02353  15.15   0.34   602 24 Themis         
118931 3.07009 0.18034  0.02186  16.45  -0.13   602 24 Themis         
118940 3.04151 0.14010  0.02692  14.73  -0.42   602 24 Themis         
118970 3.12178 0.16785  0.02732  14.56  -0.06   602 24 Themis         
118975 3.10658 0.15331  0.03618  15.01  -0.11   602 24 Themis         
118977 3.16645 0.15158  0.01900  15.04   0.13   602 24 Themis         
118997 3.12199 0.15357  0.02547  15.11  -0.05   602 24 Themis         
118998 3.08417 0.16340  0.02925  14.94  -0.21   602 24 Themis         
119004 3.07666 0.16643  0.01934  14.81  -0.25   602 24 Themis         
119629 3.17491 0.17596  0.02138  15.29   0.14   602 24 Themis         
119812 3.17443 0.16356  0.02284  15.11   0.15   602 24 Themis         
119817 3.09251 0.14190  0.01660  15.07  -0.16   602 24 Themis         
119820 3.06825 0.12738  0.02001  15.16  -0.25   602 24 Themis         
119838 3.10096 0.16145  0.01803  15.54  -0.10   602 24 Themis         
119843 3.14495 0.15040  0.02945  14.88   0.04   602 24 Themis         
119848 3.22080 0.16773  0.02801  14.64   0.41   602 24 Themis         
119857 3.14181 0.14763  0.01701  14.92   0.03   602 24 Themis         
119876 3.10627 0.16736  0.02844  15.33  -0.10   602 24 Themis         
119910 3.10322 0.14546  0.01642  14.70  -0.14   602 24 Themis         
119917 3.05811 0.15714  0.02375  15.59  -0.23   602 24 Themis         
119919 3.08305 0.14318  0.01767  15.68  -0.15   602 24 Themis         
120510 3.15685 0.14972  0.02733  15.40   0.07   602 24 Themis         
120567 3.18538 0.14334  0.02772  15.70   0.15   602 24 Themis         
120627 3.11290 0.13545  0.02054  15.73  -0.06   602 24 Themis         
120631 3.14512 0.16105  0.01808  14.75   0.05   602 24 Themis         
120696 3.14002 0.15154  0.01998  15.60   0.02   602 24 Themis         
120906 3.06024 0.13272  0.02676  15.65  -0.22   602 24 Themis         
120908 3.21381 0.14219  0.02583  15.51   0.25   602 24 Themis         
121068 3.18035 0.13934  0.02260  15.06   0.18   602 24 Themis         
121327 3.05298 0.16426  0.02434  15.51  -0.26   602 24 Themis         
121369 3.11706 0.14946  0.02769  15.12  -0.07   602 24 Themis         
121422 3.08853 0.15255  0.02759  15.15  -0.17   602 24 Themis         
121466 3.09021 0.14927  0.02687  14.73  -0.20   602 24 Themis         
121571 3.19492 0.12455  0.02281  15.58   0.19   602 24 Themis         
121581 3.17455 0.14713  0.01577  14.80   0.18   602 24 Themis         
121586 3.14581 0.14114  0.01927  15.12   0.04   602 24 Themis         
121591 3.17020 0.12771  0.02118  14.97   0.14   602 24 Themis         
121607 3.20173 0.14652  0.02277  14.49   0.34   602 24 Themis         
121639 3.21368 0.15687  0.02325  15.17   0.29   602 24 Themis         
121650 3.11102 0.14727  0.01707  15.76  -0.07   602 24 Themis         
121673 3.18063 0.14321  0.01841  14.81   0.20   602 24 Themis         
121680 3.09917 0.17946  0.02067  15.71  -0.10   602 24 Themis         
121683 3.07480 0.14518  0.03400  15.35  -0.20   602 24 Themis         
121686 3.10332 0.14977  0.02399  15.80  -0.09   602 24 Themis         
121694 3.18601 0.14525  0.01777  14.97   0.21   602 24 Themis         
121751 3.20093 0.16495  0.01755  14.99   0.27   602 24 Themis         
121768 3.22400 0.12889  0.02329  15.61   0.27   602 24 Themis         
121820 3.13376 0.15478  0.02363  15.48   0.00   602 24 Themis         
121828 3.14718 0.14941  0.02166  14.93   0.05   602 24 Themis         
121830 3.16715 0.16763  0.02551  15.08   0.13   602 24 Themis         
121832 3.08500 0.15087  0.01471  15.61  -0.15   602 24 Themis         
121861 3.16465 0.18391  0.01342  15.31   0.10   602 24 Themis         
121871 3.15983 0.14771  0.03169  15.65   0.08   602 24 Themis         
121873 3.19188 0.15945  0.02039  15.37   0.19   602 24 Themis         
121878 3.16512 0.14795  0.02737  14.73   0.14   602 24 Themis         
121900 3.16107 0.16855  0.02222  15.07   0.10   602 24 Themis         
121904 3.19940 0.13606  0.02369  14.53   0.32   602 24 Themis         
121907 3.20086 0.14838  0.02670  14.70   0.30   602 24 Themis         
121970 3.22539 0.15295  0.03215  15.29   0.32   602 24 Themis         
121982 3.14182 0.14776  0.02603  14.87   0.03   602 24 Themis         
123264 3.11354 0.14880  0.02143  14.90  -0.09   602 24 Themis         
123348 3.14600 0.13165  0.02679  14.86   0.05   602 24 Themis         
123468 3.09699 0.13902  0.01808  15.85  -0.10   602 24 Themis         
123628 3.14118 0.17714  0.02676  15.19   0.02   602 24 Themis         
123637 3.09035 0.13920  0.03007  14.79  -0.19   602 24 Themis         
123646 3.20560 0.14747  0.02682  14.60   0.34   602 24 Themis         
123652 3.04376 0.13878  0.03561  14.91  -0.38   602 24 Themis         
123680 3.12637 0.12969  0.02352  15.19  -0.03   602 24 Themis         
123926 3.13451 0.14110  0.01756  15.64   0.00   602 24 Themis         
123960 3.11710 0.15409  0.01841  15.06  -0.07   602 24 Themis         
123964 3.20797 0.18166  0.03302  14.70   0.34   602 24 Themis         
123998 3.09712 0.13976  0.02814  14.60  -0.18   602 24 Themis         
124007 3.14093 0.15739  0.02136  16.02   0.02   602 24 Themis         
124008 3.10392 0.14408  0.02026  15.35  -0.10   602 24 Themis         
124016 3.13453 0.13432  0.02354  15.27   0.00   602 24 Themis         
124042 3.12086 0.15128  0.02455  15.39  -0.05   602 24 Themis         
124075 3.06236 0.15723  0.02837  15.96  -0.19   602 24 Themis         
124084 3.13434 0.14863  0.02696  14.64   0.00   602 24 Themis         
124095 3.17259 0.17556  0.03382  14.96   0.16   602 24 Themis         
125365 3.04566 0.13699  0.02193  15.18  -0.33   602 24 Themis         
126063 3.11569 0.14463  0.01606  14.69  -0.09   602 24 Themis         
126306 3.10638 0.12729  0.02713  14.94  -0.12   602 24 Themis         
126474 3.18346 0.16985  0.02289  14.31   0.27   602 24 Themis         
126559 3.12097 0.14502  0.02307  15.11  -0.05   602 24 Themis         
126561 3.19775 0.12615  0.02210  14.69   0.29   602 24 Themis         
126571 3.17452 0.16676  0.02197  14.98   0.16   602 24 Themis         
126669 3.22900 0.14299  0.02199  14.94   0.39   602 24 Themis         
126675 3.21678 0.15914  0.02634  14.34   0.45   602 24 Themis         
126676 3.19013 0.14248  0.02688  14.83   0.24   602 24 Themis         
126717 3.20500 0.15553  0.01882  14.36   0.38   602 24 Themis         
126769 3.06595 0.15329  0.03106  14.92  -0.28   602 24 Themis         
126871 3.11205 0.15693  0.02049  15.09  -0.09   602 24 Themis         
126943 3.09331 0.15101  0.01662  14.82  -0.18   602 24 Themis         
127016 3.09902 0.15993  0.03069  14.86  -0.15   602 24 Themis         
127046 3.10648 0.13966  0.01870  14.79  -0.12   602 24 Themis         
127065 3.18157 0.15924  0.01723  14.70   0.22   602 24 Themis         
127187 3.21079 0.15813  0.01949  15.21   0.28   602 24 Themis         
127244 3.05956 0.14614  0.03330  15.09  -0.29   602 24 Themis         
127279 3.14556 0.17324  0.02938  14.90   0.05   602 24 Themis         
127303 3.09037 0.14065  0.03257  14.86  -0.19   602 24 Themis         
127367 3.09439 0.14140  0.03318  15.13  -0.15   602 24 Themis         
127377 3.08537 0.14025  0.02216  15.21  -0.18   602 24 Themis         
127378 3.14576 0.14975  0.02859  14.87   0.05   602 24 Themis         
127380 3.22898 0.11674  0.01941  15.23   0.34   602 24 Themis         
127397 3.11703 0.14693  0.02028  15.08  -0.07   602 24 Themis         
127416 3.14976 0.13791  0.02815  15.53   0.05   602 24 Themis         
127454 3.13197 0.17405  0.02347  15.05   0.00   602 24 Themis         
127470 3.20783 0.13565  0.01875  14.43   0.38   602 24 Themis         
127487 3.11370 0.15581  0.02926  14.72  -0.09   602 24 Themis         
127722 3.17463 0.14909  0.02672  14.84   0.17   602 24 Themis         
128012 3.13243 0.17157  0.02219  15.23   0.00   602 24 Themis         
128045 3.20030 0.14640  0.02617  15.18   0.24   602 24 Themis         
128112 3.08622 0.15215  0.02303  15.21  -0.18   602 24 Themis         
128195 3.15402 0.15433  0.03297  14.56   0.10   602 24 Themis         
128237 3.11868 0.16315  0.02335  15.15  -0.06   602 24 Themis         
128248 3.10931 0.15140  0.02248  14.37  -0.13   602 24 Themis         
128377 3.19998 0.18384  0.03293  15.51   0.21   602 24 Themis         
128469 3.18379 0.15890  0.02801  15.92   0.13   602 24 Themis         
128516 3.14631 0.14512  0.01777  15.57   0.04   602 24 Themis         
128653 3.12784 0.13390  0.03424  15.21  -0.02   602 24 Themis         
128682 3.12204 0.14748  0.01947  15.41  -0.04   602 24 Themis         
128815 3.21124 0.16798  0.01928  16.17   0.18   602 24 Themis         
128862 3.15342 0.15244  0.02362  15.65   0.06   602 24 Themis         
128906 3.20745 0.12348  0.01647  15.20   0.27   602 24 Themis         
128918 3.16536 0.17287  0.03342  15.33   0.11   602 24 Themis         
128934 3.07683 0.17279  0.03281  15.33  -0.20   602 24 Themis         
128938 3.12056 0.15594  0.01767  14.81  -0.06   602 24 Themis         
128987 3.23073 0.14421  0.02459  15.08   0.37   602 24 Themis         
128989 3.05783 0.15217  0.02369  15.34  -0.26   602 24 Themis         
129066 3.04844 0.13756  0.02112  15.12  -0.33   602 24 Themis         
129139 3.18966 0.15988  0.02113  15.00   0.22   602 24 Themis         
129298 3.16049 0.15381  0.03145  15.20   0.09   602 24 Themis         
129333 3.08413 0.15616  0.02281  14.96  -0.21   602 24 Themis         
129351 3.09091 0.12185  0.02237  15.65  -0.13   602 24 Themis         
129368 3.15123 0.14717  0.01693  15.88   0.04   602 24 Themis         
129420 3.14006 0.15730  0.02233  15.36   0.02   602 24 Themis         
129731 3.04864 0.13306  0.03123  14.89  -0.36   602 24 Themis         
130166 3.12676 0.14999  0.02540  16.16  -0.02   602 24 Themis         
130214 3.16375 0.14085  0.02636  16.44   0.06   602 24 Themis         
130218 3.14098 0.15146  0.02815  15.19   0.02   602 24 Themis         
130228 3.18534 0.15150  0.02414  15.50   0.16   602 24 Themis         
130229 3.11738 0.14655  0.03117  15.35  -0.06   602 24 Themis         
130238 3.05433 0.17221  0.02705  15.84  -0.22   602 24 Themis         
130269 3.16596 0.13377  0.03012  15.35   0.11   602 24 Themis         
130272 3.14897 0.13279  0.02079  14.76   0.06   602 24 Themis         
130291 3.09397 0.14289  0.01961  14.77  -0.18   602 24 Themis         
130294 3.11428 0.16133  0.02049  15.29  -0.07   602 24 Themis         
130296 3.16696 0.15168  0.02278  15.48   0.10   602 24 Themis         
130316 3.20058 0.18265  0.02523  14.54   0.33   602 24 Themis         
130320 3.19494 0.14491  0.01925  14.95   0.25   602 24 Themis         
130331 3.09392 0.15342  0.03099  15.46  -0.13   602 24 Themis         
130348 3.16792 0.14925  0.02779  16.48   0.07   602 24 Themis         
130368 3.18990 0.15582  0.02330  15.42   0.18   602 24 Themis         
131261 3.17553 0.18109  0.02569  15.21   0.15   602 24 Themis         
131424 3.19101 0.16636  0.02650  15.40   0.19   602 24 Themis         
131477 3.16246 0.14589  0.01907  14.79   0.12   602 24 Themis         
131483 3.16454 0.12850  0.02623  14.76   0.13   602 24 Themis         
132662 3.09292 0.13953  0.02235  15.12  -0.16   602 24 Themis         
132808 3.20385 0.14016  0.02294  15.38   0.23   602 24 Themis         
132819 3.12757 0.14247  0.02492  16.35   0.00   602 24 Themis         
132836 3.17879 0.14151  0.02418  14.59   0.21   602 24 Themis         
132845 3.11671 0.14879  0.01884  15.28  -0.06   602 24 Themis         
132862 3.08349 0.12347  0.02603  15.38  -0.17   602 24 Themis         
132867 3.02262 0.14152  0.02281  14.98  -0.45   602 24 Themis         
132869 3.06087 0.15911  0.02791  15.02  -0.29   602 24 Themis         
132903 3.11965 0.12005  0.02578  15.52  -0.05   602 24 Themis         
132925 3.10283 0.17547  0.02537  15.30  -0.11   602 24 Themis         
132937 3.16087 0.13928  0.02267  14.54   0.13   602 24 Themis         
132938 3.17470 0.13965  0.02107  15.42   0.13   602 24 Themis         
132943 3.22074 0.13810  0.01715  14.77   0.38   602 24 Themis         
132945 3.10283 0.16564  0.02092  15.03  -0.12   602 24 Themis         
133386 3.13992 0.13198  0.02427  15.37   0.02   602 24 Themis         
133448 3.19195 0.13855  0.02776  15.57   0.18   602 24 Themis         
133467 3.10224 0.15159  0.01701  15.99  -0.08   602 24 Themis         
133469 3.11786 0.15762  0.02212  14.93  -0.07   602 24 Themis         
133576 3.12052 0.13855  0.02366  14.90  -0.06   602 24 Themis         
133609 3.12948 0.15217  0.02978  15.53  -0.02   602 24 Themis         
133717 3.08923 0.14695  0.01998  15.49  -0.14   602 24 Themis         
133753 3.14054 0.14707  0.01960  15.25   0.02   602 24 Themis         
133761 3.08501 0.14783  0.02423  15.96  -0.13   602 24 Themis         
133765 3.14288 0.14324  0.01929  14.72   0.04   602 24 Themis         
133795 3.12225 0.14342  0.02477  15.02  -0.05   602 24 Themis         
133830 3.10934 0.14709  0.02014  15.78  -0.07   602 24 Themis         
133839 3.18071 0.14164  0.02852  15.08   0.18   602 24 Themis         
133925 3.03903 0.14318  0.02739  15.98  -0.24   602 24 Themis         
134079 3.12957 0.15264  0.03644  15.36  -0.02   602 24 Themis         
134105 3.10033 0.14080  0.01956  15.37  -0.12   602 24 Themis         
134108 3.05677 0.13480  0.02171  15.37  -0.26   602 24 Themis         
134122 3.16121 0.17724  0.02378  15.40   0.09   602 24 Themis         
134149 3.09903 0.15402  0.02885  15.69  -0.10   602 24 Themis         
134177 3.14487 0.13917  0.03526  15.59   0.03   602 24 Themis         
134178 3.14950 0.14772  0.01983  15.80   0.04   602 24 Themis         
134381 3.16419 0.15317  0.02375  15.48   0.10   602 24 Themis         
134389 3.07059 0.13012  0.01847  14.74  -0.29   602 24 Themis         
134510 3.20595 0.13261  0.02141  15.23   0.26   602 24 Themis         
134513 3.09423 0.15461  0.01839  14.73  -0.18   602 24 Themis         
134867 3.10981 0.16425  0.02394  14.59  -0.12   602 24 Themis         
135240 3.09416 0.14701  0.03381  15.31  -0.14   602 24 Themis         
135243 3.04516 0.16049  0.02295  14.93  -0.37   602 24 Themis         
135250 3.10670 0.17505  0.02514  14.62  -0.13   602 24 Themis         
135288 3.15068 0.15629  0.02590  15.54   0.05   602 24 Themis         
135301 3.09624 0.13978  0.02116  14.93  -0.16   602 24 Themis         
135302 3.19953 0.16474  0.03031  15.14   0.24   602 24 Themis         
135305 3.10443 0.13847  0.02629  14.96  -0.12   602 24 Themis         
135317 3.22970 0.12908  0.02633  14.40   0.50   602 24 Themis         
135353 3.12953 0.16068  0.01193  15.33  -0.02   602 24 Themis         
135354 3.15460 0.14547  0.02591  14.71   0.09   602 24 Themis         
135357 3.11193 0.14303  0.01849  15.10  -0.09   602 24 Themis         
135420 3.08772 0.14978  0.02988  14.98  -0.19   602 24 Themis         
135436 3.20792 0.16099  0.03077  14.62   0.35   602 24 Themis         
135444 3.17439 0.15080  0.01640  15.49   0.13   602 24 Themis         
135452 3.22026 0.16120  0.03130  14.70   0.39   602 24 Themis         
135474 3.11543 0.14788  0.01617  15.51  -0.06   602 24 Themis         
135495 3.15723 0.17116  0.02053  14.92   0.09   602 24 Themis         
135506 3.20383 0.16144  0.03005  15.28   0.24   602 24 Themis         
135784 3.09635 0.14177  0.03314  15.26  -0.14   602 24 Themis         
136040 3.08500 0.15468  0.02638  14.90  -0.21   602 24 Themis         
136291 3.08645 0.13488  0.02669  15.28  -0.17   602 24 Themis         
136335 3.17432 0.14283  0.02588  15.26   0.14   602 24 Themis         
136352 3.20582 0.14060  0.02535  15.14   0.27   602 24 Themis         
136533 3.07579 0.15511  0.01864  15.41  -0.19   602 24 Themis         
136634 3.22149 0.16368  0.02305  14.86   0.37   602 24 Themis         
136637 3.11317 0.15146  0.02474  15.40  -0.07   602 24 Themis         
136680 3.07046 0.15679  0.03138  15.77  -0.18   602 24 Themis         
136681 3.15139 0.15267  0.02358  15.72   0.05   602 24 Themis         
136692 3.09440 0.13795  0.02345  16.31  -0.09   602 24 Themis         
137341 3.12525 0.14177  0.01813  15.67  -0.03   602 24 Themis         
138209 3.22601 0.14968  0.02407  15.33   0.31   602 24 Themis         
138559 3.10640 0.13417  0.02451  15.41  -0.09   602 24 Themis         
138587 3.12216 0.17173  0.02160  15.37  -0.04   602 24 Themis         
138683 3.08400 0.15967  0.02436  15.21  -0.18   602 24 Themis         
138690 3.11539 0.14943  0.02575  15.64  -0.06   602 24 Themis         
138723 3.10666 0.17373  0.02056  15.53  -0.09   602 24 Themis         
138736 3.21787 0.15615  0.02814  14.68   0.39   602 24 Themis         
138737 3.13250 0.12093  0.02032  15.39   0.00   602 24 Themis         
138744 3.10643 0.16186  0.02701  15.45  -0.09   602 24 Themis         
138839 3.20466 0.15298  0.02434  14.99   0.28   602 24 Themis         
138903 3.16039 0.15248  0.02330  15.18   0.10   602 24 Themis         
139774 3.09852 0.14183  0.03319  14.81  -0.16   602 24 Themis         
139964 3.09520 0.14415  0.01940  14.97  -0.16   602 24 Themis         
139971 3.10612 0.14582  0.03256  14.94  -0.12   602 24 Themis         
140213 3.07004 0.12389  0.02058  15.46  -0.21   602 24 Themis         
140233 3.20813 0.15703  0.02117  15.18   0.27   602 24 Themis         
140238 3.08944 0.14955  0.01521  14.61  -0.22   602 24 Themis         
140397 3.07622 0.13326  0.02680  15.13  -0.22   602 24 Themis         
140399 3.15549 0.15224  0.02326  14.54   0.10   602 24 Themis         
140609 3.08779 0.12920  0.02929  14.79  -0.21   602 24 Themis         
140678 3.08837 0.15340  0.01855  15.09  -0.18   602 24 Themis         
140751 3.17435 0.13924  0.02475  14.98   0.16   602 24 Themis         
140760 3.18438 0.15919  0.02496  15.25   0.18   602 24 Themis         
140877 3.15388 0.15329  0.02905  15.14   0.07   602 24 Themis         
140887 3.06817 0.17746  0.01850  15.67  -0.19   602 24 Themis         
140890 3.09855 0.16710  0.02809  15.18  -0.13   602 24 Themis         
140893 3.14707 0.13966  0.03565  14.92   0.05   602 24 Themis         
140968 3.14239 0.15585  0.02394  14.87   0.03   602 24 Themis         
141016 3.03308 0.13925  0.02230  15.50  -0.32   602 24 Themis         
141051 3.18157 0.13024  0.02128  15.40   0.16   602 24 Themis         
141058 3.21880 0.15355  0.01897  15.09   0.32   602 24 Themis         
141104 3.04196 0.13441  0.02586  15.18  -0.34   602 24 Themis         
141108 3.11201 0.14414  0.01865  15.16  -0.08   602 24 Themis         
141134 3.10067 0.14895  0.02756  14.70  -0.16   602 24 Themis         
141139 3.11997 0.15454  0.02591  14.80  -0.06   602 24 Themis         
141145 3.06041 0.16586  0.02204  16.02  -0.19   602 24 Themis         
141158 3.04358 0.13613  0.02821  15.17  -0.34   602 24 Themis         
141161 3.12402 0.13358  0.02254  15.25  -0.04   602 24 Themis         
141162 3.17436 0.15213  0.03035  15.01   0.16   602 24 Themis         
141181 3.15986 0.14928  0.02220  14.90   0.11   602 24 Themis         
141226 3.09693 0.14152  0.01511  15.51  -0.12   602 24 Themis         
141236 3.17439 0.12753  0.02135  15.27   0.14   602 24 Themis         
141240 3.16923 0.15620  0.02244  15.62   0.10   602 24 Themis         
141274 3.08348 0.15046  0.02337  15.30  -0.18   602 24 Themis         
141279 3.13769 0.15263  0.02039  14.83   0.00   602 24 Themis         
141285 3.08902 0.15055  0.02390  15.55  -0.14   602 24 Themis         
141287 3.09272 0.12955  0.02316  14.66  -0.20   602 24 Themis         
141369 3.19374 0.15167  0.02489  15.58   0.18   602 24 Themis         
141385 3.06905 0.15983  0.02350  15.79  -0.18   602 24 Themis         
141402 3.09703 0.14670  0.01869  15.85  -0.10   602 24 Themis         
141403 3.15514 0.15553  0.02503  16.14   0.05   602 24 Themis         
141405 3.22573 0.15356  0.02430  15.30   0.32   602 24 Themis         
141452 3.04792 0.16441  0.02581  15.74  -0.25   602 24 Themis         
141460 3.04878 0.12899  0.03368  14.92  -0.36   602 24 Themis         
141497 3.15015 0.15916  0.02400  15.08   0.06   602 24 Themis         
141511 3.09816 0.14323  0.03492  15.45  -0.12   602 24 Themis         
141514 3.09870 0.16916  0.02548  14.99  -0.14   602 24 Themis         
143429 3.15714 0.16512  0.02442  15.04   0.09   602 24 Themis         
143440 3.07595 0.15021  0.02095  16.18  -0.14   602 24 Themis         
143498 3.16293 0.12466  0.02213  15.23   0.10   602 24 Themis         
143535 3.18077 0.14612  0.02773  14.44   0.24   602 24 Themis         
143536 3.15319 0.17009  0.02794  15.24   0.07   602 24 Themis         
143542 3.18390 0.16341  0.02258  15.24   0.18   602 24 Themis         
143566 3.15889 0.16589  0.02906  14.74   0.11   602 24 Themis         
143586 3.06512 0.16650  0.02523  15.29  -0.24   602 24 Themis         
143588 3.09866 0.15255  0.02524  15.30  -0.12   602 24 Themis         
143633 3.15134 0.15241  0.02346  15.83   0.05   602 24 Themis         
144175 3.02917 0.13083  0.02399  15.38  -0.35   602 24 Themis         
144213 3.17390 0.17927  0.02486  15.22   0.14   602 24 Themis         
144402 3.10926 0.16054  0.02053  15.35  -0.09   602 24 Themis         
144667 3.21880 0.13417  0.02373  15.52   0.27   602 24 Themis         
144689 3.21606 0.16890  0.02693  14.41   0.43   602 24 Themis         
144732 3.16019 0.15177  0.02312  15.49   0.08   602 24 Themis         
144823 3.12236 0.11855  0.02771  15.29  -0.04   602 24 Themis         
144845 3.14075 0.14100  0.01827  15.99   0.02   602 24 Themis         
145354 3.20513 0.16175  0.02784  15.26   0.25   602 24 Themis         
145384 3.09875 0.15669  0.02096  15.92  -0.09   602 24 Themis         
145423 3.11167 0.14391  0.02981  15.18  -0.08   602 24 Themis         
145438 3.11517 0.14606  0.02016  15.37  -0.07   602 24 Themis         
145454 3.04277 0.13658  0.01937  15.22  -0.33   602 24 Themis         
145457 3.08530 0.12469  0.02281  15.50  -0.16   602 24 Themis         
145498 3.18961 0.14000  0.01508  15.92   0.14   602 24 Themis         
145546 3.12434 0.16796  0.01717  15.70  -0.03   602 24 Themis         
145764 3.12926 0.15656  0.02326  15.46  -0.02   602 24 Themis         
145872 3.17415 0.14381  0.01857  15.04   0.16   602 24 Themis         
146113 3.13120 0.12728  0.02939  14.98   0.00   602 24 Themis         
146143 3.04350 0.13963  0.03545  15.52  -0.29   602 24 Themis         
146163 3.11243 0.14635  0.03964  15.03  -0.09   602 24 Themis         
146168 3.07581 0.16349  0.02394  14.96  -0.24   602 24 Themis         
146196 3.07598 0.14809  0.02340  15.86  -0.16   602 24 Themis         
146209 3.06770 0.14749  0.02094  15.28  -0.23   602 24 Themis         
146256 3.19614 0.16302  0.03250  15.26   0.22   602 24 Themis         
146721 3.16218 0.17245  0.02101  15.14   0.10   602 24 Themis         
146760 3.20809 0.13593  0.02809  15.33   0.25   602 24 Themis         
146797 3.04632 0.12746  0.03227  16.00  -0.22   602 24 Themis         
146865 3.04229 0.13474  0.02791  15.52  -0.29   602 24 Themis         
146889 3.15880 0.15189  0.02226  15.64   0.07   602 24 Themis         
146901 3.16829 0.13261  0.02180  15.20   0.12   602 24 Themis         
146902 3.16113 0.16293  0.02803  15.29   0.09   602 24 Themis         
146906 3.11589 0.13634  0.02507  15.24  -0.07   602 24 Themis         
146913 3.09378 0.15358  0.02432  15.80  -0.11   602 24 Themis         
146916 3.08350 0.13410  0.02505  15.51  -0.16   602 24 Themis         
146921 3.04765 0.12266  0.02805  15.82  -0.24   602 24 Themis         
146934 3.08514 0.14935  0.02072  16.08  -0.12   602 24 Themis         
146947 3.15696 0.17666  0.02734  15.50   0.07   602 24 Themis         
146948 3.21009 0.14055  0.02801  14.93   0.31   602 24 Themis         
146953 3.18081 0.13183  0.02237  15.72   0.13   602 24 Themis         
146954 3.18695 0.16097  0.02334  14.84   0.23   602 24 Themis         
147730 3.04031 0.13857  0.02594  16.26  -0.21   602 24 Themis         
147771 3.13837 0.12579  0.03224  15.41   0.00   602 24 Themis         
147803 3.11531 0.16133  0.02031  15.77  -0.05   602 24 Themis         
147807 3.14707 0.14886  0.01886  15.58   0.04   602 24 Themis         
147817 3.21736 0.16591  0.02783  15.71   0.24   602 24 Themis         
147824 3.15893 0.16057  0.02452  15.32   0.08   602 24 Themis         
147828 3.11426 0.16006  0.02847  16.03  -0.05   602 24 Themis         
147847 3.11237 0.14331  0.01800  15.19  -0.08   602 24 Themis         
147927 3.10446 0.15379  0.01458  15.80  -0.08   602 24 Themis         
147979 3.07650 0.16606  0.01873  16.45  -0.12   602 24 Themis         
148005 3.06995 0.17793  0.02066  15.70  -0.19   602 24 Themis         
148142 3.19886 0.14095  0.02791  15.39   0.22   602 24 Themis         
148376 3.17436 0.15125  0.02537  15.55   0.12   602 24 Themis         
148409 3.09806 0.14550  0.01816  16.03  -0.09   602 24 Themis         
148458 3.12316 0.13066  0.02574  15.09  -0.04   602 24 Themis         
148836 3.10318 0.14519  0.02023  15.46  -0.10   602 24 Themis         
149024 3.09958 0.12888  0.03504  14.78  -0.15   602 24 Themis         
149038 3.09829 0.13461  0.02079  15.55  -0.11   602 24 Themis         
149062 3.14382 0.16646  0.02405  15.32   0.03   602 24 Themis         
149082 3.10405 0.13927  0.02642  14.79  -0.13   602 24 Themis         
149084 3.17468 0.18227  0.02290  15.02   0.16   602 24 Themis         
149130 3.16052 0.13390  0.02017  15.09   0.10   602 24 Themis         
149154 3.10306 0.14984  0.01722  15.95  -0.08   602 24 Themis         
149504 3.14073 0.12024  0.02014  15.58   0.02   602 24 Themis         
149553 3.09838 0.14660  0.01798  15.87  -0.10   602 24 Themis         
149643 3.04333 0.13348  0.02477  16.09  -0.22   602 24 Themis         
149644 3.22332 0.15641  0.02170  14.73   0.40   602 24 Themis         
149669 3.12006 0.14716  0.01870  15.55  -0.04   602 24 Themis         
149783 3.15909 0.15228  0.02316  15.75   0.07   602 24 Themis         
149859 3.08981 0.14169  0.03306  15.63  -0.13   602 24 Themis         
149872 3.16009 0.15212  0.02339  15.91   0.07   602 24 Themis         
150011 3.05124 0.15924  0.02042  15.91  -0.22   602 24 Themis         
150078 3.12526 0.13490  0.03278  15.28  -0.03   602 24 Themis         
150146 3.12548 0.15826  0.02405  16.04  -0.02   602 24 Themis         
150185 3.17453 0.17178  0.02752  15.02   0.16   602 24 Themis         
150212 3.21963 0.15524  0.02308  14.85   0.36   602 24 Themis         
150279 3.21392 0.15370  0.02036  15.25   0.28   602 24 Themis         
150280 3.15269 0.16528  0.01700  15.21   0.07   602 24 Themis         
150318 3.19152 0.17957  0.02120  15.15   0.21   602 24 Themis         
150322 3.16821 0.13428  0.01953  15.91   0.09   602 24 Themis         
150324 3.04166 0.15233  0.01693  15.41  -0.31   602 24 Themis         
150333 3.21006 0.12121  0.02202  15.32   0.26   602 24 Themis         
150334 3.12482 0.14989  0.01920  15.41  -0.03   602 24 Themis         
150586 3.05603 0.15631  0.01852  15.60  -0.24   602 24 Themis         
150588 3.06321 0.14773  0.02901  15.23  -0.26   602 24 Themis         
150617 3.17837 0.18017  0.02015  15.05   0.17   602 24 Themis         
150625 3.16214 0.15214  0.02338  16.00   0.07   602 24 Themis         
150650 3.17438 0.15416  0.01961  15.67   0.12   602 24 Themis         
150651 3.19666 0.15652  0.02793  15.17   0.23   602 24 Themis         
151369 3.12412 0.15477  0.02207  15.28  -0.04   602 24 Themis         
151430 3.06959 0.13946  0.02773  15.77  -0.18   602 24 Themis         
151441 3.09755 0.17397  0.02991  15.11  -0.14   602 24 Themis         
151447 3.04930 0.16531  0.02958  15.45  -0.28   602 24 Themis         
151477 3.10312 0.14513  0.02797  15.22  -0.11   602 24 Themis         
151487 3.12314 0.15206  0.02249  15.03  -0.04   602 24 Themis         
152050 3.21200 0.13216  0.01981  14.97   0.31   602 24 Themis         
152116 3.12796 0.12768  0.02175  15.51  -0.02   602 24 Themis         
152121 3.16102 0.12911  0.02104  15.43   0.09   602 24 Themis         
152232 3.20359 0.12715  0.01924  15.96   0.18   602 24 Themis         
152233 3.14349 0.17638  0.01932  16.09   0.02   602 24 Themis         
152337 3.13424 0.16228  0.02777  15.40   0.00   602 24 Themis         
152386 3.07007 0.15534  0.03127  15.88  -0.17   602 24 Themis         
152432 3.20383 0.13493  0.02742  15.11   0.26   602 24 Themis         
152466 3.08425 0.14940  0.02685  15.23  -0.18   602 24 Themis         
152493 3.14516 0.15108  0.02072  15.64   0.03   602 24 Themis         
152501 3.12934 0.15394  0.02315  15.32  -0.02   602 24 Themis         
152506 3.19271 0.14841  0.02540  15.44   0.19   602 24 Themis         
152514 3.18699 0.15035  0.03140  15.70   0.15   602 24 Themis         
152552 3.15424 0.16598  0.01714  15.79   0.05   602 24 Themis         
152616 3.21204 0.16219  0.02593  15.02   0.31   602 24 Themis         
152617 3.18486 0.17980  0.02825  15.71   0.15   602 24 Themis         
152829 3.13068 0.15789  0.02773  15.55   0.00   602 24 Themis         
152840 3.16384 0.13708  0.01911  15.67   0.09   602 24 Themis         
152842 3.15635 0.14639  0.01876  15.28   0.08   602 24 Themis         
152845 3.11491 0.15180  0.01553  16.13  -0.05   602 24 Themis         
152847 3.16137 0.15215  0.02350  15.92   0.07   602 24 Themis         
152854 3.21147 0.14261  0.02356  16.06   0.19   602 24 Themis         
153203 3.09617 0.15216  0.02304  15.76  -0.11   602 24 Themis         
153300 3.21973 0.16333  0.01921  15.29   0.30   602 24 Themis         
153994 3.13047 0.17924  0.02620  16.11   0.00   602 24 Themis         
154206 3.11626 0.14728  0.03191  16.13  -0.04   602 24 Themis         
154599 3.08547 0.15830  0.02198  15.54  -0.15   602 24 Themis         
154610 3.09489 0.15377  0.03065  15.46  -0.13   602 24 Themis         
154846 3.08189 0.16404  0.02799  15.58  -0.16   602 24 Themis         
154878 3.18552 0.13420  0.02427  15.61   0.15   602 24 Themis         
154900 3.18428 0.14949  0.02366  15.59   0.15   602 24 Themis         
154938 3.09571 0.14614  0.02043  16.09  -0.09   602 24 Themis         
154941 3.21909 0.14131  0.01939  14.70   0.39   602 24 Themis         
154959 3.06449 0.14558  0.02063  15.32  -0.24   602 24 Themis         
155078 3.07542 0.17039  0.02072  16.00  -0.15   602 24 Themis         
155169 3.08730 0.13929  0.02216  16.24  -0.11   602 24 Themis         
155266 3.06619 0.15278  0.02917  15.37  -0.23   602 24 Themis         
155272 3.18168 0.15795  0.02238  15.25   0.17   602 24 Themis         
155299 3.14304 0.15157  0.01871  15.61   0.03   602 24 Themis         
155300 3.22780 0.12006  0.02326  15.24   0.33   602 24 Themis         
155316 3.09221 0.16000  0.02496  16.13  -0.10   602 24 Themis         
155322 3.17436 0.14168  0.02489  15.27   0.14   602 24 Themis         
155387 3.16637 0.14928  0.01887  15.71   0.09   602 24 Themis         
155489 3.14191 0.15282  0.02569  15.95   0.02   602 24 Themis         
155559 3.16568 0.14091  0.02433  15.88   0.08   602 24 Themis         
155566 3.19862 0.16762  0.02969  15.88   0.17   602 24 Themis         
155567 3.04232 0.13543  0.03298  16.21  -0.21   602 24 Themis         
155579 3.14269 0.14984  0.01720  15.47   0.03   602 24 Themis         
155877 3.06929 0.15922  0.02797  15.01  -0.26   602 24 Themis         
155888 3.08579 0.16050  0.02532  15.84  -0.13   602 24 Themis         
156584 3.12356 0.11885  0.02261  15.29  -0.04   602 24 Themis         
156592 3.10365 0.15550  0.02583  16.04  -0.08   602 24 Themis         
156682 3.05558 0.13730  0.02024  15.79  -0.22   602 24 Themis         
157012 3.15456 0.15263  0.02345  15.30   0.07   602 24 Themis         
157061 3.19517 0.15943  0.01955  15.26   0.22   602 24 Themis         
157066 3.19818 0.14814  0.02082  14.86   0.27   602 24 Themis         
157068 3.19701 0.14485  0.02692  15.59   0.19   602 24 Themis         
157315 3.15732 0.13114  0.02167  15.21   0.08   602 24 Themis         
157420 3.14067 0.12957  0.02181  14.99   0.02   602 24 Themis         
157430 3.07016 0.15147  0.02405  15.49  -0.21   602 24 Themis         
157454 3.07636 0.14791  0.02009  15.94  -0.15   602 24 Themis         
157510 3.12309 0.17205  0.02452  16.19  -0.03   602 24 Themis         
157659 3.22291 0.13150  0.02711  15.03   0.35   602 24 Themis         
157662 3.09394 0.14589  0.02612  15.25  -0.14   602 24 Themis         
157683 3.12948 0.15484  0.02049  15.89   0.00   602 24 Themis         
157698 3.11845 0.14736  0.01925  15.40  -0.05   602 24 Themis         
157707 3.16792 0.16570  0.02109  15.81   0.09   602 24 Themis         
157724 3.19727 0.13870  0.02822  15.91   0.17   602 24 Themis         
157728 3.08830 0.14358  0.02158  15.28  -0.16   602 24 Themis         
157738 3.11570 0.13075  0.02107  15.77  -0.05   602 24 Themis         
157751 3.16185 0.14659  0.02014  15.77   0.08   602 24 Themis         
157755 3.19598 0.15076  0.02659  15.56   0.19   602 24 Themis         
157760 3.15324 0.15232  0.02351  15.78   0.05   602 24 Themis         
157764 3.02866 0.12885  0.02181  16.29  -0.23   602 24 Themis         
157796 3.18082 0.12850  0.02536  15.74   0.13   602 24 Themis         
157897 3.09745 0.15189  0.01821  16.54  -0.07   602 24 Themis         
158592 3.17047 0.17967  0.02880  15.52   0.11   602 24 Themis         
158771 3.08693 0.13052  0.02834  15.27  -0.17   602 24 Themis         
158794 3.08826 0.13238  0.02349  14.92  -0.19   602 24 Themis         
158816 3.23086 0.14228  0.02958  16.11   0.23   602 24 Themis         
158915 3.09013 0.14299  0.02076  15.64  -0.13   602 24 Themis         
159039 3.20802 0.15504  0.02588  16.14   0.17   602 24 Themis         
159097 3.19095 0.14719  0.02310  15.59   0.17   602 24 Themis         
159104 3.05128 0.13294  0.03876  15.38  -0.28   602 24 Themis         
159138 3.05449 0.15643  0.01779  15.33  -0.27   602 24 Themis         
159142 3.08985 0.13753  0.03031  15.16  -0.17   602 24 Themis         
159240 3.23512 0.13554  0.02361  15.66   0.30   602 24 Themis         
159244 3.17436 0.15163  0.02475  15.28   0.14   602 24 Themis         
159245 3.10247 0.16066  0.02568  15.96  -0.08   602 24 Themis         
159250 3.14631 0.14595  0.02003  16.05   0.03   602 24 Themis         
159258 3.16447 0.15192  0.02651  15.34   0.10   602 24 Themis         
159264 3.12045 0.13726  0.02453  16.06  -0.03   602 24 Themis         
159307 3.15164 0.14441  0.01833  15.75   0.05   602 24 Themis         
159324 3.16125 0.14824  0.02176  15.72   0.08   602 24 Themis         
159327 3.12655 0.14625  0.01237  16.05  -0.02   602 24 Themis         
159358 3.10647 0.14407  0.01647  15.70  -0.08   602 24 Themis         
159365 3.08692 0.16357  0.02800  15.42  -0.16   602 24 Themis         
159690 3.10588 0.16695  0.02687  15.27  -0.10   602 24 Themis         
159910 3.11283 0.14789  0.03267  15.52  -0.07   602 24 Themis         
159986 3.04859 0.16264  0.02858  15.79  -0.24   602 24 Themis         
159993 3.11624 0.15093  0.02042  15.80  -0.05   602 24 Themis         
160063 3.11303 0.16624  0.02594  16.53  -0.04   602 24 Themis         
160210 3.19705 0.16935  0.02025  14.90   0.26   602 24 Themis         
160219 3.23162 0.15478  0.02324  15.82   0.27   602 24 Themis         
160268 3.15004 0.14626  0.01952  15.28   0.05   602 24 Themis         
160305 3.11583 0.15831  0.03258  15.64  -0.06   602 24 Themis         
160426 3.15468 0.13882  0.03285  15.20   0.07   602 24 Themis         
160433 3.16799 0.15742  0.02436  16.50   0.07   602 24 Themis         
160479 3.16138 0.13586  0.02555  16.10   0.06   602 24 Themis         
160613 3.10286 0.14281  0.01882  15.73  -0.09   602 24 Themis         
160887 3.21996 0.14581  0.03164  15.10   0.33   602 24 Themis         
161117 3.10708 0.13481  0.02597  15.21  -0.10   602 24 Themis         
161164 3.08308 0.14782  0.02805  15.40  -0.17   602 24 Themis         
161214 3.20191 0.17667  0.02447  14.88   0.28   602 24 Themis         
161217 3.18895 0.16032  0.02160  14.99   0.22   602 24 Themis         
161585 3.15045 0.16076  0.02860  15.76   0.04   602 24 Themis         
161610 3.13807 0.17704  0.02275  15.79   0.00   602 24 Themis         
161635 3.11401 0.15484  0.02718  15.78  -0.06   602 24 Themis         
161698 3.09090 0.15843  0.01745  15.84  -0.12   602 24 Themis         
161699 3.20787 0.14635  0.01981  15.48   0.24   602 24 Themis         
161718 3.06635 0.13528  0.03736  15.92  -0.18   602 24 Themis         
161790 3.12095 0.15226  0.02411  15.95  -0.03   602 24 Themis         
161856 3.10254 0.15883  0.02196  16.23  -0.07   602 24 Themis         
161911 3.10467 0.14028  0.02243  15.24  -0.11   602 24 Themis         
162006 3.18642 0.16954  0.02545  15.06   0.20   602 24 Themis         
162057 3.13484 0.14117  0.02520  15.17   0.00   602 24 Themis         
162931 3.11832 0.15846  0.03235  15.50  -0.05   602 24 Themis         
162948 3.18465 0.18151  0.02552  15.17   0.19   602 24 Themis         
162981 3.18628 0.18127  0.01697  14.85   0.22   602 24 Themis         
162987 3.19996 0.15496  0.03264  14.77   0.29   602 24 Themis         
163528 3.10436 0.12593  0.02284  14.75  -0.14   602 24 Themis         
163626 3.22115 0.15553  0.02174  14.98   0.35   602 24 Themis         
163637 3.08792 0.15617  0.02759  14.94  -0.19   602 24 Themis         
163643 3.12310 0.16065  0.02635  15.67  -0.03   602 24 Themis         
163681 3.09007 0.16055  0.02559  15.52  -0.14   602 24 Themis         
164131 3.11235 0.15568  0.02211  15.08  -0.09   602 24 Themis         
164135 3.16353 0.13441  0.02970  14.82   0.13   602 24 Themis         
164190 3.10804 0.13068  0.02557  15.49  -0.08   602 24 Themis         
164195 3.08280 0.15030  0.02107  15.49  -0.17   602 24 Themis         
164205 3.20438 0.14951  0.02443  15.80   0.19   602 24 Themis         
164391 3.03901 0.14863  0.02339  15.28  -0.34   602 24 Themis         
164481 3.20805 0.14882  0.02382  15.30   0.26   602 24 Themis         
164484 3.16460 0.14595  0.02202  15.57   0.09   602 24 Themis         
164529 3.18904 0.16478  0.02898  15.39   0.18   602 24 Themis         
164776 3.21050 0.16919  0.02121  14.74   0.34   602 24 Themis         
164783 3.10978 0.15186  0.02464  15.87  -0.07   602 24 Themis         
165089 3.12254 0.14513  0.02024  15.31  -0.04   602 24 Themis         
165091 3.15840 0.15215  0.02342  15.40   0.08   602 24 Themis         
165126 3.06392 0.12868  0.03179  14.94  -0.29   602 24 Themis         
165150 3.12154 0.16099  0.02746  15.20  -0.05   602 24 Themis         
165691 3.14521 0.14947  0.01866  14.97   0.04   602 24 Themis         
165712 3.21124 0.14203  0.02856  15.48   0.25   602 24 Themis         
165720 3.08469 0.16097  0.02880  14.66  -0.23   602 24 Themis         
165731 3.08660 0.14493  0.02952  14.86  -0.20   602 24 Themis         
165798 3.11495 0.12238  0.02124  15.23  -0.07   602 24 Themis         
165823 3.15935 0.16727  0.01808  15.07   0.10   602 24 Themis         
165844 3.10629 0.16596  0.01818  15.58  -0.09   602 24 Themis         
165850 3.22904 0.13459  0.02115  15.33   0.32   602 24 Themis         
165855 3.22140 0.14531  0.03579  15.16   0.32   602 24 Themis         
165886 3.12644 0.14014  0.02005  15.97  -0.02   602 24 Themis         
165887 3.17435 0.14629  0.02063  15.97   0.10   602 24 Themis         
165888 3.13084 0.13534  0.01928  15.65   0.00   602 24 Themis         
165890 3.06556 0.13969  0.01922  15.41  -0.23   602 24 Themis         
165894 3.19492 0.12907  0.02230  15.68   0.18   602 24 Themis         
166644 3.11102 0.15051  0.01733  15.70  -0.07   602 24 Themis         
166656 3.11571 0.16099  0.02037  15.84  -0.05   602 24 Themis         
166657 3.11418 0.11673  0.01928  15.62  -0.06   602 24 Themis         
166728 3.06676 0.15883  0.02478  15.22  -0.24   602 24 Themis         
166779 3.07649 0.15740  0.02584  15.18  -0.21   602 24 Themis         
166780 3.16231 0.15208  0.02344  15.51   0.09   602 24 Themis         
166781 3.19395 0.12446  0.02080  14.99   0.24   602 24 Themis         
166782 3.13806 0.14267  0.01901  15.37   0.00   602 24 Themis         
166797 3.10382 0.14779  0.01767  15.31  -0.11   602 24 Themis         
166911 3.22419 0.13582  0.03351  15.60   0.27   602 24 Themis         
167452 3.13810 0.12118  0.02027  15.16   0.00   602 24 Themis         
167518 3.14713 0.13178  0.02728  15.17   0.05   602 24 Themis         
167570 3.15243 0.15199  0.02345  15.51   0.06   602 24 Themis         
167630 3.21602 0.15547  0.01982  15.67   0.24   602 24 Themis         
167653 3.21241 0.14650  0.03547  15.32   0.27   602 24 Themis         
167663 3.15500 0.13825  0.02370  15.43   0.07   602 24 Themis         
167667 3.13358 0.16993  0.02625  15.55   0.00   602 24 Themis         
167892 3.11323 0.14988  0.02984  14.72  -0.10   602 24 Themis         
167983 3.11642 0.14721  0.03136  15.15  -0.07   602 24 Themis         
167992 3.15933 0.15221  0.02341  15.77   0.07   602 24 Themis         
168282 3.16574 0.15250  0.03190  15.39   0.10   602 24 Themis         
168370 3.20800 0.16973  0.01617  16.06   0.18   602 24 Themis         
168374 3.19305 0.18073  0.02973  15.58   0.18   602 24 Themis         
168399 3.06592 0.13807  0.02387  15.43  -0.23   602 24 Themis         
168675 3.06427 0.15364  0.01590  15.80  -0.19   602 24 Themis         
168704 3.09853 0.12941  0.02028  15.40  -0.12   602 24 Themis         
168706 3.13064 0.13038  0.02167  16.23   0.00   602 24 Themis         
169142 3.05218 0.16269  0.02999  15.56  -0.25   602 24 Themis         
169175 3.07018 0.14571  0.02685  15.38  -0.22   602 24 Themis         
169218 3.11247 0.17102  0.03045  15.06  -0.09   602 24 Themis         
169236 3.05672 0.13706  0.02758  15.11  -0.30   602 24 Themis         
169246 3.14584 0.17588  0.03265  15.35   0.04   602 24 Themis         
169259 3.15127 0.16335  0.02694  15.62   0.05   602 24 Themis         
169274 3.15155 0.15999  0.02103  15.42   0.06   602 24 Themis         
169277 3.11553 0.16056  0.02058  15.87  -0.05   602 24 Themis         
169278 3.07674 0.15793  0.01817  15.80  -0.16   602 24 Themis         
169328 3.03984 0.13548  0.02513  16.29  -0.21   602 24 Themis         
169344 3.23130 0.15096  0.02200  16.21   0.22   602 24 Themis         
169363 3.07642 0.14525  0.01984  16.39  -0.12   602 24 Themis         
169375 3.21201 0.14506  0.02164  15.69   0.23   602 24 Themis         
169421 3.14013 0.14981  0.02227  15.76   0.02   602 24 Themis         
169424 3.12813 0.14526  0.02257  15.24  -0.02   602 24 Themis         
170045 3.04742 0.16236  0.03292  15.43  -0.29   602 24 Themis         
170136 3.14964 0.16095  0.02819  15.46   0.05   602 24 Themis         
170159 3.09552 0.13375  0.02638  15.36  -0.13   602 24 Themis         
170705 3.08418 0.14770  0.02893  15.37  -0.17   602 24 Themis         
170773 3.03900 0.12915  0.03021  15.21  -0.35   602 24 Themis         
170819 3.06605 0.12788  0.02415  14.90  -0.29   602 24 Themis         
170820 3.19414 0.14692  0.02020  15.34   0.20   602 24 Themis         
170850 3.23088 0.11917  0.02923  15.65   0.29   602 24 Themis         
171118 3.16143 0.13600  0.02315  15.89   0.07   602 24 Themis         
171134 3.06651 0.14599  0.02445  15.46  -0.22   602 24 Themis         
171135 3.09972 0.15338  0.03404  15.89  -0.09   602 24 Themis         
171139 3.14008 0.12822  0.02534  16.03   0.00   602 24 Themis         
171162 3.14210 0.15225  0.02288  16.12   0.02   602 24 Themis         
171244 3.22971 0.13713  0.02536  15.64   0.28   602 24 Themis         
171257 3.22874 0.13023  0.02283  15.11   0.36   602 24 Themis         
171677 3.13842 0.13796  0.02505  15.29   0.00   602 24 Themis         
171882 3.12937 0.14590  0.01609  15.34  -0.02   602 24 Themis         
171896 3.09684 0.14692  0.01625  15.66  -0.11   602 24 Themis         
171936 3.12318 0.15204  0.02931  15.42  -0.04   602 24 Themis         
171956 3.22503 0.15211  0.02964  15.56   0.28   602 24 Themis         
171960 3.10968 0.15337  0.03259  15.39  -0.08   602 24 Themis         
172024 3.11220 0.11334  0.02398  15.33  -0.08   602 24 Themis         
172033 3.21968 0.13047  0.02055  15.42   0.28   602 24 Themis         
172074 3.19503 0.13266  0.02721  15.57   0.19   602 24 Themis         
172084 3.21498 0.14056  0.02825  15.30   0.28   602 24 Themis         
172090 3.19581 0.15995  0.02350  15.72   0.18   602 24 Themis         
172375 3.12695 0.13701  0.02003  15.54  -0.02   602 24 Themis         
172409 3.17435 0.17391  0.02575  15.74   0.11   602 24 Themis         
172782 3.09955 0.17767  0.02773  15.41  -0.12   602 24 Themis         
172798 3.05358 0.15056  0.02247  15.78  -0.23   602 24 Themis         
173062 3.16101 0.15536  0.02340  15.75   0.08   602 24 Themis         
173140 3.11725 0.11151  0.02300  15.84  -0.05   602 24 Themis         
173143 3.09210 0.16597  0.02096  16.72  -0.08   602 24 Themis         
173462 3.10449 0.14603  0.02629  15.12  -0.11   602 24 Themis         
173477 3.21752 0.12663  0.02028  15.33   0.29   602 24 Themis         
173795 3.06510 0.15970  0.02587  15.45  -0.23   602 24 Themis         
173900 3.21690 0.15346  0.01891  15.22   0.30   602 24 Themis         
173912 3.12920 0.17152  0.02350  15.77   0.00   602 24 Themis         
173924 3.11421 0.16110  0.02045  15.79  -0.06   602 24 Themis         
173944 3.10262 0.15658  0.02851  16.16  -0.07   602 24 Themis         
173951 3.18827 0.12967  0.02666  15.93   0.14   602 24 Themis         
173960 3.09611 0.13175  0.02271  16.34  -0.08   602 24 Themis         
173967 3.14472 0.13656  0.03632  15.65   0.03   602 24 Themis         
173976 3.05272 0.14925  0.02238  15.05  -0.32   602 24 Themis         
173982 3.09669 0.16784  0.02348  15.90  -0.10   602 24 Themis         
173983 3.05995 0.12971  0.02456  16.17  -0.17   602 24 Themis         
173986 3.17816 0.14206  0.02364  15.78   0.12   602 24 Themis         
173987 3.16255 0.14559  0.02249  16.02   0.07   602 24 Themis         
173991 3.15685 0.14639  0.01798  15.70   0.06   602 24 Themis         
174003 3.13009 0.12168  0.02044  15.89   0.00   602 24 Themis         
174012 3.17439 0.17053  0.02429  15.63   0.12   602 24 Themis         
174062 3.08164 0.14969  0.03481  15.71  -0.15   602 24 Themis         
174065 3.21431 0.14315  0.02300  15.14   0.30   602 24 Themis         
174509 3.08961 0.14826  0.02835  15.56  -0.14   602 24 Themis         
174545 3.07723 0.12860  0.02593  15.47  -0.18   602 24 Themis         
175063 3.11833 0.15191  0.02132  15.84  -0.04   602 24 Themis         
175075 3.10651 0.13651  0.02415  16.09  -0.07   602 24 Themis         
175292 3.22481 0.15514  0.03126  15.47   0.29   602 24 Themis         
175363 3.12809 0.15671  0.01838  15.02  -0.03   602 24 Themis         
175368 3.06219 0.15100  0.02892  16.42  -0.15   602 24 Themis         
175373 3.16821 0.14709  0.02142  16.11   0.08   602 24 Themis         
175418 3.20678 0.15167  0.02360  15.57   0.22   602 24 Themis         
175609 3.23984 0.12689  0.02123  15.84   0.29   602 24 Themis         
176301 3.08212 0.15694  0.02968  15.67  -0.15   602 24 Themis         
176468 3.14833 0.14767  0.01850  15.81   0.04   602 24 Themis         
176514 3.13887 0.13843  0.02528  14.87   0.02   602 24 Themis         
176521 3.15332 0.14836  0.01877  16.23   0.04   602 24 Themis         
176556 3.14619 0.14541  0.01954  16.20   0.03   602 24 Themis         
176557 3.13659 0.11526  0.02786  15.18   0.00   602 24 Themis         
176580 3.08241 0.16211  0.02365  15.39  -0.17   602 24 Themis         
177054 3.15818 0.11891  0.02013  15.54   0.07   602 24 Themis         
177068 3.15120 0.15608  0.02699  16.10   0.04   602 24 Themis         
177072 3.11965 0.13269  0.02718  15.56  -0.05   602 24 Themis         
177107 3.08500 0.13584  0.03420  15.69  -0.14   602 24 Themis         
177814 3.18007 0.14972  0.02704  15.43   0.15   602 24 Themis         
177923 3.21357 0.12847  0.02549  15.69   0.23   602 24 Themis         
178033 3.11005 0.15292  0.02279  16.05  -0.06   602 24 Themis         
178085 3.10440 0.14903  0.01957  16.41  -0.06   602 24 Themis         
178128 3.19093 0.13215  0.02062  16.19   0.13   602 24 Themis         
178165 3.22431 0.15860  0.02619  15.36   0.30   602 24 Themis         
178168 3.10019 0.13640  0.02016  16.00  -0.09   602 24 Themis         
178204 3.21950 0.14400  0.02664  16.20   0.20   602 24 Themis         
178208 3.16427 0.15262  0.02405  15.65   0.09   602 24 Themis         
178241 3.12982 0.15104  0.01956  15.82   0.00   602 24 Themis         
178326 3.05023 0.15838  0.02245  15.92  -0.22   602 24 Themis         
178555 3.13149 0.15008  0.02167  15.76   0.00   602 24 Themis         
178679 3.10318 0.14635  0.02494  16.68  -0.06   602 24 Themis         
178735 3.09010 0.13484  0.02856  15.80  -0.12   602 24 Themis         
178743 3.09306 0.14198  0.03325  15.36  -0.14   602 24 Themis         
179270 3.14761 0.15845  0.02531  16.07   0.03   602 24 Themis         
179312 3.05879 0.16409  0.02540  16.48  -0.15   602 24 Themis         
179360 3.10374 0.13324  0.02602  15.93  -0.08   602 24 Themis         
179363 3.09399 0.15380  0.02280  16.19  -0.09   602 24 Themis         
179384 3.10152 0.16720  0.02463  16.12  -0.08   602 24 Themis         
179385 3.14576 0.14863  0.02207  15.95   0.03   602 24 Themis         
179425 3.11144 0.14401  0.02988  16.02  -0.06   602 24 Themis         
179431 3.10938 0.16004  0.02053  16.35  -0.05   602 24 Themis         
179455 3.10649 0.14927  0.01508  15.66  -0.08   602 24 Themis         
179498 3.12443 0.13456  0.02466  15.92  -0.03   602 24 Themis         
179527 3.20563 0.13204  0.02226  16.50   0.14   602 24 Themis         
179528 3.09427 0.14710  0.03009  16.09  -0.10   602 24 Themis         
179535 3.13817 0.15339  0.02213  15.54   0.00   602 24 Themis         
179537 3.11749 0.14084  0.01940  15.66  -0.05   602 24 Themis         
179553 3.20856 0.13887  0.02891  15.43   0.24   602 24 Themis         
179561 3.22077 0.15081  0.02129  15.70   0.25   602 24 Themis         
180099 3.14768 0.14168  0.02838  15.05   0.05   602 24 Themis         
180109 3.09502 0.16399  0.02930  15.74  -0.11   602 24 Themis         
180143 3.18796 0.15035  0.02341  15.45   0.17   602 24 Themis         
180176 3.20535 0.17704  0.02020  15.19   0.26   602 24 Themis         
180762 3.15058 0.15191  0.02345  15.40   0.05   602 24 Themis         
180770 3.14986 0.14283  0.03915  16.19   0.04   602 24 Themis         
180782 3.07754 0.14527  0.01502  15.91  -0.15   602 24 Themis         
181128 3.16207 0.15173  0.02308  16.16   0.06   602 24 Themis         
181151 3.08938 0.13502  0.02331  15.40  -0.15   602 24 Themis         
181162 3.20280 0.12715  0.02496  15.48   0.22   602 24 Themis         
181252 3.22566 0.14751  0.01583  16.01   0.23   602 24 Themis         
181259 3.04022 0.13321  0.02840  15.75  -0.27   602 24 Themis         
181267 3.09877 0.14150  0.02554  15.93  -0.09   602 24 Themis         
181488 3.11009 0.16148  0.02218  16.25  -0.05   602 24 Themis         
181498 3.13100 0.12121  0.02045  15.84   0.00   602 24 Themis         
181528 3.18749 0.15009  0.02190  16.13   0.13   602 24 Themis         
181572 3.19035 0.12782  0.02078  15.71   0.16   602 24 Themis         
181590 3.09957 0.15324  0.01514  15.52  -0.11   602 24 Themis         
181609 3.04703 0.12953  0.02815  16.29  -0.19   602 24 Themis         
181768 3.08629 0.17927  0.01945  16.36  -0.10   602 24 Themis         
181917 3.17030 0.14576  0.02349  16.08   0.09   602 24 Themis         
181986 3.11144 0.13542  0.02670  15.55  -0.07   602 24 Themis         
182203 3.15097 0.13765  0.01640  15.52   0.05   602 24 Themis         
182228 3.16106 0.14733  0.02559  15.38   0.09   602 24 Themis         
182619 3.16987 0.14633  0.02151  15.80   0.10   602 24 Themis         
182621 3.11164 0.13740  0.02317  15.70  -0.07   602 24 Themis         
182672 3.06404 0.14134  0.02139  16.59  -0.14   602 24 Themis         
182773 3.15069 0.15331  0.02321  16.13   0.04   602 24 Themis         
182826 3.19223 0.15615  0.02229  16.48   0.12   602 24 Themis         
182848 3.18162 0.16408  0.01800  15.39   0.16   602 24 Themis         
182851 3.19415 0.16205  0.01997  15.74   0.17   602 24 Themis         
182859 3.15386 0.14325  0.02736  15.32   0.07   602 24 Themis         
182864 3.09440 0.14585  0.01667  16.21  -0.09   602 24 Themis         
182893 3.17134 0.13795  0.03128  15.94   0.10   602 24 Themis         
182897 3.10537 0.16804  0.02319  15.56  -0.09   602 24 Themis         
182915 3.08789 0.15008  0.02316  15.86  -0.13   602 24 Themis         
182922 3.20785 0.11808  0.02226  15.99   0.19   602 24 Themis         
182952 3.18450 0.13087  0.02085  15.69   0.15   602 24 Themis         
183505 3.05722 0.14597  0.02893  16.41  -0.16   602 24 Themis         
183967 3.11490 0.15968  0.02040  15.28  -0.07   602 24 Themis         
184203 3.06455 0.17320  0.02328  15.80  -0.19   602 24 Themis         
184252 3.10047 0.14502  0.02103  16.04  -0.08   602 24 Themis         
184255 3.09965 0.13319  0.03440  15.47  -0.11   602 24 Themis         
184531 3.15356 0.15229  0.02355  15.65   0.06   602 24 Themis         
184561 3.14254 0.14941  0.02586  16.16   0.02   602 24 Themis         
184633 3.13243 0.14986  0.01966  15.62   0.00   602 24 Themis         
184658 3.18518 0.15637  0.02592  15.50   0.16   602 24 Themis         
184677 3.22277 0.15344  0.02543  16.19   0.20   602 24 Themis         
184714 3.13362 0.12080  0.01990  15.91   0.00   602 24 Themis         
184781 3.03764 0.12582  0.02817  15.79  -0.27   602 24 Themis         
184789 3.14218 0.12093  0.01980  15.57   0.02   602 24 Themis         
184806 3.16855 0.17473  0.02315  15.72   0.10   602 24 Themis         
184808 3.10645 0.13981  0.01621  16.03  -0.07   602 24 Themis         
184832 3.06504 0.12281  0.02567  15.94  -0.18   602 24 Themis         
184881 3.04988 0.14888  0.02395  16.35  -0.18   602 24 Themis         
184887 3.12239 0.14078  0.02432  15.93  -0.03   602 24 Themis         
184905 3.14226 0.15334  0.02080  15.80   0.02   602 24 Themis         
184953 3.09949 0.13452  0.03666  15.34  -0.12   602 24 Themis         
184996 3.11974 0.17745  0.02426  15.72  -0.04   602 24 Themis         
185067 3.10860 0.14847  0.02045  16.05  -0.06   602 24 Themis         
185131 3.13831 0.13816  0.02479  15.96   0.00   602 24 Themis         
185329 3.15205 0.13906  0.02909  16.34   0.04   602 24 Themis         
185371 3.12608 0.14133  0.02594  16.35  -0.02   602 24 Themis         
185379 3.15801 0.14320  0.02434  16.25   0.05   602 24 Themis         
185406 3.16056 0.15202  0.02360  15.83   0.07   602 24 Themis         
185454 3.10429 0.15972  0.01949  16.21  -0.07   602 24 Themis         
185455 3.18000 0.17597  0.01679  16.01   0.11   602 24 Themis         
185496 3.16996 0.15428  0.01727  15.82   0.10   602 24 Themis         
185502 3.13834 0.14572  0.01842  15.27   0.00   602 24 Themis         
185755 3.13472 0.15020  0.02193  15.74   0.00   602 24 Themis         
186300 3.04853 0.15279  0.02558  15.65  -0.25   602 24 Themis         
186309 3.10903 0.15146  0.02935  15.87  -0.07   602 24 Themis         
186315 3.07632 0.17343  0.02100  15.83  -0.16   602 24 Themis         
186333 3.16809 0.14264  0.01716  16.25   0.08   602 24 Themis         
186334 3.10168 0.14939  0.02451  16.11  -0.08   602 24 Themis         
186338 3.18059 0.16008  0.02207  15.47   0.15   602 24 Themis         
186931 3.20424 0.14654  0.02563  15.02   0.28   602 24 Themis         
186980 3.16673 0.17523  0.03286  15.85   0.09   602 24 Themis         
187013 3.09131 0.15996  0.03159  15.80  -0.12   602 24 Themis         
187177 3.10458 0.14830  0.02135  16.15  -0.07   602 24 Themis         
187202 3.06033 0.15373  0.02175  15.69  -0.22   602 24 Themis         
187245 3.11417 0.11527  0.02277  16.00  -0.05   602 24 Themis         
187299 3.10651 0.16650  0.02109  16.09  -0.07   602 24 Themis         
187383 3.12557 0.14744  0.02343  15.95  -0.02   602 24 Themis         
187429 3.08863 0.14255  0.01476  15.75  -0.13   602 24 Themis         
187449 3.05159 0.12899  0.02344  16.22  -0.19   602 24 Themis         
187451 3.22542 0.15387  0.03026  15.33   0.31   602 24 Themis         
187460 3.19387 0.15206  0.02673  16.17   0.14   602 24 Themis         
187467 3.13724 0.14841  0.02433  15.54   0.00   602 24 Themis         
187730 3.20141 0.15643  0.02327  16.05   0.17   602 24 Themis         
187922 3.13797 0.14124  0.03819  15.45   0.00   602 24 Themis         
188134 3.20353 0.14512  0.02313  15.65   0.20   602 24 Themis         
188143 3.20050 0.15323  0.02820  15.81   0.18   602 24 Themis         
188147 3.16026 0.14967  0.02242  15.63   0.08   602 24 Themis         
188154 3.14905 0.13930  0.01845  16.14   0.03   602 24 Themis         
188173 3.05802 0.15529  0.01865  15.54  -0.24   602 24 Themis         
188496 3.23236 0.14432  0.02322  15.73   0.28   602 24 Themis         
188502 3.11298 0.15925  0.02097  16.16  -0.05   602 24 Themis         
188511 3.07656 0.15701  0.02043  15.91  -0.15   602 24 Themis         
188533 3.16194 0.17703  0.02195  15.95   0.07   602 24 Themis         
188541 3.21491 0.15889  0.03210  15.45   0.26   602 24 Themis         
188554 3.06405 0.15203  0.01793  16.23  -0.16   602 24 Themis         
188671 3.08190 0.14311  0.01907  16.57  -0.10   602 24 Themis         
188712 3.21436 0.13852  0.01819  15.57   0.25   602 24 Themis         
188758 3.10987 0.15983  0.02052  16.24  -0.06   602 24 Themis         
188832 3.11541 0.14072  0.02346  15.55  -0.06   602 24 Themis         
188984 3.16674 0.17218  0.02125  15.95   0.08   602 24 Themis         
189072 3.09980 0.14838  0.02622  16.33  -0.08   602 24 Themis         
189199 3.08517 0.14058  0.02017  15.15  -0.18   602 24 Themis         
189409 3.10996 0.17764  0.01980  16.11  -0.06   602 24 Themis         
189914 3.08896 0.12909  0.02515  15.93  -0.12   602 24 Themis         
189951 3.19850 0.14209  0.02556  15.34   0.22   602 24 Themis         
190221 3.04136 0.15750  0.02322  15.36  -0.32   602 24 Themis         
190245 3.21233 0.16567  0.03752  15.93   0.20   602 24 Themis         
190252 3.17437 0.15119  0.03387  15.50   0.13   602 24 Themis         
190308 3.15204 0.15282  0.02593  16.16   0.04   602 24 Themis         
190354 3.16188 0.14677  0.02593  15.55   0.09   602 24 Themis         
190454 3.18128 0.12597  0.02161  15.87   0.13   602 24 Themis         
190697 3.06480 0.15779  0.02626  14.61  -0.33   602 24 Themis         
191118 3.20820 0.15404  0.02928  15.54   0.23   602 24 Themis         
191217 3.21278 0.18077  0.02305  14.71   0.36   602 24 Themis         
191452 3.09877 0.17866  0.01944  14.89  -0.15   602 24 Themis         
191510 3.17448 0.16577  0.03169  15.38   0.13   602 24 Themis         
191522 3.14447 0.15854  0.03118  15.41   0.03   602 24 Themis         
191544 3.11068 0.14954  0.01712  15.68  -0.07   602 24 Themis         
191560 3.11046 0.15304  0.02631  16.00  -0.06   602 24 Themis         
191568 3.12024 0.16895  0.02480  15.58  -0.04   602 24 Themis         
191577 3.21135 0.16532  0.03039  16.12   0.18   602 24 Themis         
191581 3.10589 0.14728  0.01993  15.79  -0.08   602 24 Themis         
191905 3.09838 0.13531  0.03077  16.15  -0.09   602 24 Themis         
192078 3.13589 0.14319  0.02906  15.56   0.00   602 24 Themis         
192092 3.14810 0.12510  0.02532  15.72   0.04   602 24 Themis         
192191 3.13565 0.17078  0.01907  15.40   0.00   602 24 Themis         
192387 3.15039 0.14835  0.03467  16.13   0.04   602 24 Themis         
192445 3.12405 0.14859  0.02240  15.50  -0.03   602 24 Themis         
192455 3.22624 0.15682  0.02070  15.37   0.31   602 24 Themis         
192589 3.19548 0.14730  0.02318  15.10   0.23   602 24 Themis         
192947 3.06215 0.15138  0.02371  16.28  -0.16   602 24 Themis         
193000 3.08809 0.15254  0.03377  15.61  -0.14   602 24 Themis         
193030 3.10450 0.13783  0.02514  15.69  -0.09   602 24 Themis         
193067 3.09831 0.17799  0.02587  15.39  -0.12   602 24 Themis         
193076 3.09147 0.12862  0.02304  15.55  -0.13   602 24 Themis         
193117 3.20807 0.14632  0.02264  15.40   0.24   602 24 Themis         
193141 3.16295 0.14034  0.02633  15.06   0.11   602 24 Themis         
193162 3.22176 0.12951  0.02499  14.71   0.40   602 24 Themis         
193732 3.07626 0.17635  0.02216  16.11  -0.14   602 24 Themis         
194010 3.19149 0.15735  0.02574  15.48   0.18   602 24 Themis         
195679 3.05969 0.14349  0.02557  15.78  -0.21   602 24 Themis         
195787 3.12946 0.15067  0.02648  16.09   0.00   602 24 Themis         
195816 3.10702 0.17022  0.02865  15.50  -0.09   602 24 Themis         
195819 3.11879 0.13954  0.02698  15.64  -0.05   602 24 Themis         
195822 3.10186 0.15216  0.03436  15.68  -0.10   602 24 Themis         
195830 3.14103 0.14263  0.01732  15.95   0.02   602 24 Themis         
195839 3.09599 0.14458  0.02171  15.92  -0.10   602 24 Themis         
195850 3.15972 0.12845  0.02597  16.40   0.05   602 24 Themis         
195882 3.12173 0.17985  0.02195  15.58  -0.04   602 24 Themis         
195902 3.17930 0.15149  0.01928  15.28   0.16   602 24 Themis         
195969 3.08360 0.14061  0.02361  16.30  -0.11   602 24 Themis         
195977 3.20125 0.17755  0.02556  15.09   0.26   602 24 Themis         
195981 3.11278 0.13315  0.02727  15.69  -0.06   602 24 Themis         
195988 3.10886 0.14011  0.02345  15.48  -0.08   602 24 Themis         
195989 3.13813 0.15608  0.02217  15.75   0.00   602 24 Themis         
195996 3.13128 0.12609  0.02207  15.99   0.00   602 24 Themis         
196000 3.07721 0.16271  0.02157  15.85  -0.15   602 24 Themis         
196027 3.21526 0.14297  0.02130  15.15   0.30   602 24 Themis         
196031 3.09720 0.15218  0.02455  15.73  -0.11   602 24 Themis         
196033 3.20795 0.15099  0.02037  15.24   0.26   602 24 Themis         
196083 3.23347 0.13696  0.03111  15.43   0.32   602 24 Themis         
196179 3.16805 0.13736  0.02370  15.52   0.11   602 24 Themis         
196763 3.11863 0.14940  0.02490  15.83  -0.04   602 24 Themis         
196936 3.09576 0.13214  0.02593  15.24  -0.14   602 24 Themis         
196940 3.22431 0.13211  0.02103  15.44   0.29   602 24 Themis         
197005 3.04574 0.13353  0.02327  15.41  -0.29   602 24 Themis         
197062 3.21201 0.14544  0.03145  15.48   0.25   602 24 Themis         
197250 3.14358 0.14132  0.02006  15.71   0.03   602 24 Themis         
197370 3.02111 0.13201  0.02479  15.69  -0.33   602 24 Themis         
197396 3.05121 0.14900  0.01889  15.23  -0.30   602 24 Themis         
197402 3.14172 0.15811  0.01746  15.45   0.02   602 24 Themis         
197414 3.12058 0.16073  0.02651  15.25  -0.05   602 24 Themis         
197440 3.13505 0.14330  0.01990  15.00   0.00   602 24 Themis         
197481 3.19198 0.16067  0.02175  15.57   0.18   602 24 Themis         
197511 3.19951 0.14590  0.02505  15.82   0.18   602 24 Themis         
197525 3.08846 0.13994  0.01401  16.24  -0.10   602 24 Themis         
197542 3.10916 0.15006  0.02209  15.64  -0.08   602 24 Themis         
197577 3.21937 0.14221  0.02221  16.09   0.21   602 24 Themis         
198672 3.15644 0.15322  0.02363  15.89   0.06   602 24 Themis         
198703 3.20435 0.14157  0.02105  15.47   0.23   602 24 Themis         
198730 3.09267 0.13087  0.03056  15.87  -0.11   602 24 Themis         
198733 3.11101 0.14587  0.01867  15.89  -0.06   602 24 Themis         
198736 3.16560 0.15584  0.01724  15.29   0.11   602 24 Themis         
198746 3.21298 0.15288  0.02241  14.82   0.34   602 24 Themis         
198757 3.16305 0.13808  0.02244  15.44   0.09   602 24 Themis         
198781 3.13421 0.13373  0.02869  16.12   0.00   602 24 Themis         
198785 3.17437 0.14390  0.02936  15.52   0.13   602 24 Themis         
198793 3.15537 0.16737  0.02503  15.47   0.07   602 24 Themis         
198794 3.14834 0.14948  0.02586  15.68   0.04   602 24 Themis         
198795 3.11199 0.11762  0.02143  15.89  -0.06   602 24 Themis         
198811 3.16198 0.13705  0.02329  15.53   0.09   602 24 Themis         
198828 3.22622 0.11762  0.02054  15.56   0.28   602 24 Themis         
198847 3.15254 0.14000  0.01860  15.96   0.05   602 24 Themis         
198853 3.07197 0.13736  0.02946  15.99  -0.16   602 24 Themis         
198971 3.05815 0.14316  0.02748  16.23  -0.17   602 24 Themis         
199247 3.23455 0.13601  0.01757  15.68   0.29   602 24 Themis         
199333 3.07499 0.12740  0.01970  16.39  -0.13   602 24 Themis         
199383 3.15769 0.13852  0.02596  16.40   0.05   602 24 Themis         
199432 3.10152 0.14944  0.02555  15.52  -0.10   602 24 Themis         
199495 3.09531 0.15987  0.02307  15.93  -0.10   602 24 Themis         
199534 3.10184 0.13526  0.02740  15.55  -0.10   602 24 Themis         
199644 3.12576 0.16964  0.01682  15.75  -0.02   602 24 Themis         
199672 3.06396 0.15772  0.02818  15.44  -0.23   602 24 Themis         
199687 3.08829 0.15023  0.02517  15.97  -0.12   602 24 Themis         
199698 3.22944 0.13319  0.02618  15.63   0.28   602 24 Themis         
199705 3.11894 0.14850  0.02387  15.69  -0.05   602 24 Themis         
199774 3.11005 0.14743  0.01960  15.62  -0.07   602 24 Themis         
199912 3.16133 0.15176  0.02343  15.87   0.07   602 24 Themis         
199935 3.17450 0.15531  0.02128  15.93   0.10   602 24 Themis         
199969 3.18189 0.15403  0.02209  16.38   0.10   602 24 Themis         
199970 3.11812 0.13980  0.02137  16.38  -0.03   602 24 Themis         
200054 3.19604 0.16041  0.03179  15.39   0.21   602 24 Themis         
200165 3.02369 0.13085  0.02393  16.47  -0.23   602 24 Themis         
200173 3.11101 0.15804  0.02806  16.08  -0.06   602 24 Themis         
201169 3.05409 0.16415  0.02745  16.43  -0.17   602 24 Themis         
201285 3.12184 0.16444  0.02429  15.72  -0.04   602 24 Themis         
201385 3.05850 0.12967  0.02514  15.97  -0.19   602 24 Themis         
201389 3.10656 0.16526  0.01775  15.21  -0.10   602 24 Themis         
201415 3.20272 0.15600  0.02730  15.17   0.25   602 24 Themis         
201663 3.11352 0.12995  0.02613  16.32  -0.05   602 24 Themis         
201855 3.09896 0.16035  0.02193  15.56  -0.11   602 24 Themis         
201886 3.17004 0.16999  0.02595  16.39   0.07   602 24 Themis         
201901 3.20070 0.15147  0.02232  16.01   0.17   602 24 Themis         
201924 3.14185 0.17962  0.01861  15.10   0.03   602 24 Themis         
202318 3.21784 0.16322  0.02647  15.94   0.22   602 24 Themis         
202336 3.15112 0.16424  0.01923  15.16   0.06   602 24 Themis         
202360 3.15864 0.15472  0.02223  15.47   0.08   602 24 Themis         
202384 3.19901 0.13902  0.02448  16.07   0.16   602 24 Themis         
202397 3.10659 0.17069  0.03146  16.30  -0.06   602 24 Themis         
202581 3.13228 0.17770  0.02153  15.96   0.00   602 24 Themis         
202622 3.10617 0.14315  0.01754  15.73  -0.08   602 24 Themis         
202628 3.09935 0.16546  0.01998  15.65  -0.10   602 24 Themis         
202631 3.11253 0.12756  0.02371  16.10  -0.05   602 24 Themis         
202644 3.10159 0.14555  0.01840  16.30  -0.07   602 24 Themis         
202645 3.22588 0.14520  0.03467  15.77   0.26   602 24 Themis         
202833 3.10236 0.14725  0.01843  16.09  -0.08   602 24 Themis         
202841 3.11875 0.15969  0.03242  15.93  -0.04   602 24 Themis         
202921 3.10362 0.15681  0.01807  15.71  -0.09   602 24 Themis         
203053 3.21532 0.17357  0.02848  16.20   0.19   602 24 Themis         
203061 3.15015 0.15254  0.02575  16.17   0.04   602 24 Themis         
203062 3.07655 0.15512  0.02046  15.91  -0.15   602 24 Themis         
203841 3.10015 0.13978  0.01722  15.76  -0.10   602 24 Themis         
203874 3.21090 0.14556  0.02271  15.52   0.24   602 24 Themis         
203879 3.21201 0.13746  0.03118  15.77   0.22   602 24 Themis         
204159 3.18255 0.15231  0.02302  16.11   0.12   602 24 Themis         
204169 3.10183 0.14226  0.01444  15.73  -0.09   602 24 Themis         
204170 3.17939 0.14252  0.01944  16.34   0.10   602 24 Themis         
204174 3.14190 0.14059  0.02476  15.45   0.02   602 24 Themis         
204175 3.13775 0.16138  0.01567  15.66   0.00   602 24 Themis         
204221 3.07691 0.17002  0.01964  15.86  -0.16   602 24 Themis         
204231 3.15401 0.11690  0.01939  16.37   0.04   602 24 Themis         
204237 3.06574 0.13328  0.03729  15.42  -0.23   602 24 Themis         
204238 3.21944 0.13648  0.02356  15.57   0.26   602 24 Themis         
204241 3.19622 0.15070  0.02626  15.13   0.23   602 24 Themis         
204247 3.08753 0.15372  0.02239  16.00  -0.12   602 24 Themis         
204249 3.11108 0.14739  0.01962  15.43  -0.08   602 24 Themis         
204250 3.14178 0.13469  0.03702  15.74   0.02   602 24 Themis         
204257 3.14003 0.13618  0.02489  15.32   0.02   602 24 Themis         
204270 3.15656 0.15739  0.02461  15.46   0.07   602 24 Themis         
204272 3.16170 0.14229  0.01892  16.14   0.06   602 24 Themis         
204754 3.08495 0.17342  0.03168  15.82  -0.14   602 24 Themis         
204842 3.15479 0.15216  0.02356  15.64   0.06   602 24 Themis         
204843 3.09650 0.16340  0.02385  15.90  -0.10   602 24 Themis         
204865 3.21832 0.11661  0.01842  15.70   0.24   602 24 Themis         
204867 3.14410 0.14963  0.02404  15.74   0.03   602 24 Themis         
204876 3.21450 0.16023  0.01538  15.91   0.21   602 24 Themis         
204882 3.14183 0.14889  0.01810  15.39   0.02   602 24 Themis         
204883 3.11334 0.14894  0.01998  15.86  -0.06   602 24 Themis         
205050 3.12644 0.13481  0.03154  15.39  -0.03   602 24 Themis         
205456 3.11043 0.16042  0.02039  15.41  -0.08   602 24 Themis         
205510 3.12134 0.12978  0.02715  15.68  -0.04   602 24 Themis         
205516 3.17508 0.13594  0.02081  15.75   0.11   602 24 Themis         
205524 3.09423 0.14441  0.02994  16.00  -0.10   602 24 Themis         
205540 3.14305 0.12400  0.01987  15.58   0.03   602 24 Themis         
205544 3.13526 0.12688  0.02157  15.67   0.00   602 24 Themis         
205552 3.15360 0.14427  0.02554  15.61   0.06   602 24 Themis         
205605 3.16772 0.13198  0.02330  15.81   0.09   602 24 Themis         
205633 3.14122 0.14351  0.02133  16.19   0.02   602 24 Themis         
205978 3.22946 0.15217  0.02222  15.64   0.28   602 24 Themis         
206108 3.04355 0.15137  0.01758  16.59  -0.17   602 24 Themis         
206203 3.08346 0.14627  0.02827  16.04  -0.13   602 24 Themis         
206234 3.11135 0.15730  0.02101  16.10  -0.06   602 24 Themis         
206272 3.13307 0.13650  0.02912  15.05   0.00   602 24 Themis         
206296 3.11128 0.17380  0.01897  15.98  -0.06   602 24 Themis         
206659 3.16754 0.14659  0.02294  16.07   0.08   602 24 Themis         
206748 3.15336 0.17612  0.03230  16.20   0.04   602 24 Themis         
206838 3.15011 0.15007  0.03136  16.21   0.04   602 24 Themis         
206851 3.17044 0.16375  0.02606  16.13   0.09   602 24 Themis         
206864 3.21761 0.13294  0.02639  16.12   0.20   602 24 Themis         
207315 3.14712 0.14656  0.02737  15.43   0.04   602 24 Themis         
207374 3.14390 0.14402  0.01932  16.30   0.02   602 24 Themis         
207377 3.15937 0.15055  0.02935  16.03   0.06   602 24 Themis         
207424 3.11733 0.15989  0.02039  15.81  -0.05   602 24 Themis         
207621 3.12614 0.15121  0.02270  16.05  -0.02   602 24 Themis         
207627 3.14290 0.15101  0.02180  16.23   0.02   602 24 Themis         
207701 3.16133 0.15478  0.02513  16.07   0.07   602 24 Themis         
207717 3.08434 0.14208  0.01983  15.83  -0.14   602 24 Themis         
207844 3.13568 0.12574  0.02807  16.19   0.00   602 24 Themis         
207859 3.16851 0.15359  0.02226  16.07   0.08   602 24 Themis         
207864 3.12951 0.15290  0.02174  16.16   0.00   602 24 Themis         
207883 3.23096 0.14715  0.01766  15.95   0.25   602 24 Themis         
207909 3.11178 0.15142  0.02263  15.88  -0.06   602 24 Themis         
208196 3.14796 0.15463  0.02621  15.63   0.04   602 24 Themis         
208398 3.11155 0.14456  0.01884  15.60  -0.07   602 24 Themis         
208414 3.09141 0.13880  0.02222  15.93  -0.11   602 24 Themis         
208442 3.13455 0.12011  0.02737  15.64   0.00   602 24 Themis         
208464 3.08290 0.16549  0.03100  15.54  -0.16   602 24 Themis         
208465 3.21151 0.16074  0.02596  16.07   0.19   602 24 Themis         
208467 3.21634 0.15879  0.03132  15.85   0.22   602 24 Themis         
208470 3.20233 0.16450  0.02779  15.50   0.22   602 24 Themis         
208491 3.09675 0.14060  0.02366  16.10  -0.09   602 24 Themis         
208981 3.10096 0.15313  0.02367  15.68  -0.10   602 24 Themis         
209337 3.04542 0.15760  0.02008  15.88  -0.24   602 24 Themis         
209377 3.16815 0.12296  0.02331  16.42   0.07   602 24 Themis         
209378 3.14969 0.14242  0.02834  15.76   0.04   602 24 Themis         
209391 3.05110 0.13224  0.02505  15.99  -0.21   602 24 Themis         
209462 3.14470 0.15387  0.02913  16.02   0.03   602 24 Themis         
209489 3.23091 0.13462  0.02647  14.98   0.39   602 24 Themis         
209498 3.15636 0.16002  0.02172  15.78   0.06   602 24 Themis         
209903 3.19703 0.17659  0.01868  15.69   0.18   602 24 Themis         
209905 3.22610 0.14029  0.02580  16.06   0.22   602 24 Themis         
209912 3.11242 0.15363  0.02136  16.20  -0.05   602 24 Themis         
209917 3.05693 0.15902  0.02311  15.71  -0.22   602 24 Themis         
210119 3.16147 0.15341  0.02193  15.55   0.08   602 24 Themis         
210157 3.18836 0.15885  0.02575  15.80   0.15   602 24 Themis         
210168 3.12079 0.11648  0.02397  15.57  -0.04   602 24 Themis         
210188 3.16196 0.16232  0.02716  16.28   0.06   602 24 Themis         
210242 3.09852 0.16114  0.02779  16.72  -0.07   602 24 Themis         
210283 3.11206 0.16371  0.03235  16.18  -0.05   602 24 Themis         
210416 3.16259 0.14638  0.03051  16.05   0.07   602 24 Themis         
210417 3.12775 0.15254  0.01880  16.53   0.00   602 24 Themis         
210457 3.03725 0.13496  0.02357  15.82  -0.27   602 24 Themis         
210475 3.18862 0.15473  0.02507  16.85   0.09   602 24 Themis         
210881 3.08701 0.14148  0.02479  15.13  -0.18   602 24 Themis         
210898 3.03907 0.15107  0.02379  15.84  -0.26   602 24 Themis         
210902 3.09191 0.14942  0.02357  15.38  -0.14   602 24 Themis         
210909 3.15184 0.14445  0.01833  15.62   0.05   602 24 Themis         
211009 3.15971 0.15381  0.02300  15.57   0.08   602 24 Themis         
211010 3.21033 0.17829  0.02302  15.53   0.24   602 24 Themis         
211011 3.10983 0.14918  0.01524  16.04  -0.06   602 24 Themis         
211018 3.21802 0.11521  0.01810  15.74   0.24   602 24 Themis         
211450 3.10617 0.15633  0.01894  15.38  -0.10   602 24 Themis         
212300 3.03300 0.13296  0.03171  16.27  -0.23   602 24 Themis         
212326 3.21369 0.14184  0.02210  15.33   0.27   602 24 Themis         
212530 3.09485 0.14390  0.01970  16.18  -0.09   602 24 Themis         
212599 3.13429 0.12834  0.02388  16.10   0.00   602 24 Themis         
212627 3.09413 0.13417  0.02567  15.90  -0.11   602 24 Themis         
212642 3.09532 0.14208  0.01851  15.82  -0.11   602 24 Themis         
212667 3.20802 0.12448  0.01871  16.05   0.18   602 24 Themis         
212817 3.18672 0.14854  0.01778  16.06   0.13   602 24 Themis         
212840 3.16001 0.14624  0.01810  16.36   0.05   602 24 Themis         
212905 3.08887 0.15292  0.02580  16.10  -0.11   602 24 Themis         
212927 3.20283 0.14299  0.02158  15.72   0.20   602 24 Themis         
212933 3.15009 0.14985  0.02304  16.05   0.04   602 24 Themis         
212946 3.11194 0.16577  0.02214  16.22  -0.05   602 24 Themis         
212958 3.07669 0.14293  0.02639  16.13  -0.14   602 24 Themis         
213166 3.17842 0.15975  0.02984  15.95   0.11   602 24 Themis         
213189 3.13245 0.17120  0.02277  15.29   0.00   602 24 Themis         
213373 3.08218 0.14186  0.03317  16.38  -0.11   602 24 Themis         
213386 3.20313 0.16760  0.02218  15.54   0.21   602 24 Themis         
213389 3.21731 0.11786  0.02068  16.07   0.20   602 24 Themis         
213403 3.16196 0.15202  0.02335  16.03   0.07   602 24 Themis         
213427 3.20798 0.14800  0.02785  15.78   0.21   602 24 Themis         
213771 3.16751 0.18006  0.02148  16.03   0.08   602 24 Themis         
214090 3.19226 0.16847  0.02503  15.89   0.15   602 24 Themis         
214101 3.09875 0.15746  0.02087  15.63  -0.11   602 24 Themis         
214424 3.13557 0.13640  0.02476  15.96   0.00   602 24 Themis         
214426 3.10274 0.14065  0.02927  15.78  -0.09   602 24 Themis         
214431 3.21434 0.15459  0.02858  15.90   0.21   602 24 Themis         
214451 3.14217 0.17860  0.01924  16.00   0.02   602 24 Themis         
214455 3.14399 0.15006  0.01856  15.68   0.03   602 24 Themis         
214456 3.07165 0.15317  0.02747  16.18  -0.15   602 24 Themis         
214463 3.14012 0.12555  0.02377  16.15   0.00   602 24 Themis         
214646 3.22639 0.14621  0.02446  16.08   0.22   602 24 Themis         
214843 3.22131 0.15455  0.02504  15.44   0.28   602 24 Themis         
214887 3.21407 0.15117  0.02112  15.79   0.22   602 24 Themis         
214976 3.16345 0.12220  0.02146  16.25   0.07   602 24 Themis         
214987 3.20787 0.14325  0.02641  15.91   0.19   602 24 Themis         
215056 3.14400 0.14032  0.02021  15.56   0.03   602 24 Themis         
215364 3.12726 0.14333  0.02500  16.16  -0.02   602 24 Themis         
215375 3.18077 0.13250  0.02388  15.74   0.13   602 24 Themis         
215555 3.08944 0.14468  0.01820  15.57  -0.14   602 24 Themis         
215968 3.17752 0.13705  0.02741  16.00   0.11   602 24 Themis         
215992 3.13169 0.14359  0.02556  16.37   0.00   602 24 Themis         
216000 3.08448 0.13328  0.02953  15.65  -0.15   602 24 Themis         
216009 3.09143 0.16569  0.01987  16.21  -0.10   602 24 Themis         
216043 3.20743 0.13083  0.01850  15.87   0.20   602 24 Themis         
216126 3.11179 0.14360  0.02990  16.26  -0.05   602 24 Themis         
216360 3.10640 0.14553  0.01156  16.09  -0.07   602 24 Themis         
216383 3.16637 0.13607  0.02748  16.05   0.08   602 24 Themis         
216449 3.11792 0.16527  0.01956  15.91  -0.04   602 24 Themis         
216768 3.09626 0.14300  0.02945  15.84  -0.10   602 24 Themis         
216827 3.17762 0.15310  0.01475  16.58   0.08   602 24 Themis         
216905 3.13212 0.14022  0.02426  16.21   0.00   602 24 Themis         
217167 3.15158 0.14176  0.01386  15.73   0.05   602 24 Themis         
217327 3.08315 0.17294  0.02121  15.76  -0.14   602 24 Themis         
217492 3.10511 0.14904  0.01979  16.18  -0.07   602 24 Themis         
217566 3.11028 0.14954  0.02132  15.44  -0.08   602 24 Themis         
217571 3.10649 0.15460  0.02164  16.40  -0.06   602 24 Themis         
217574 3.18487 0.15634  0.02352  15.61   0.15   602 24 Themis         
218481 3.11094 0.17953  0.02610  15.72  -0.07   602 24 Themis         
218492 3.15301 0.15288  0.02357  15.90   0.05   602 24 Themis         
218498 3.08534 0.15944  0.02836  15.80  -0.14   602 24 Themis         
218712 3.09202 0.16359  0.02832  16.28  -0.09   602 24 Themis         
219011 3.10654 0.17492  0.01732  15.86  -0.08   602 24 Themis         
219034 3.14503 0.15110  0.03296  16.09   0.03   602 24 Themis         
219092 3.09412 0.15283  0.02649  16.09  -0.10   602 24 Themis         
219105 3.05637 0.13191  0.02519  16.00  -0.20   602 24 Themis         
219282 3.22041 0.14585  0.02106  16.29   0.19   602 24 Themis         
219285 3.16677 0.14459  0.02308  16.24   0.07   602 24 Themis         
219297 3.23026 0.15380  0.02766  15.81   0.26   602 24 Themis         
219918 3.07168 0.15516  0.03001  15.99  -0.16   602 24 Themis         
219929 3.08278 0.14274  0.02700  15.78  -0.14   602 24 Themis         
219974 3.15257 0.15253  0.03255  16.00   0.05   602 24 Themis         
220387 3.22459 0.12429  0.02376  15.64   0.27   602 24 Themis         
220397 3.15397 0.15223  0.02361  15.81   0.05   602 24 Themis         
220419 3.08451 0.13996  0.02347  15.41  -0.17   602 24 Themis         
220842 3.11429 0.16466  0.02072  15.08  -0.08   602 24 Themis         
220845 3.17830 0.14655  0.02369  15.79   0.12   602 24 Themis         
220871 3.12203 0.15533  0.02986  15.48  -0.04   602 24 Themis         
220899 3.08493 0.14797  0.02195  15.87  -0.13   602 24 Themis         
221345 3.06571 0.15725  0.02254  15.68  -0.20   602 24 Themis         
221391 3.17440 0.13173  0.02202  15.77   0.11   602 24 Themis         
221401 3.09305 0.13021  0.03371  15.95  -0.11   602 24 Themis         
221437 3.21470 0.13766  0.02121  15.67   0.24   602 24 Themis         
221461 3.22364 0.14667  0.01786  15.73   0.25   602 24 Themis         
221468 3.07161 0.14819  0.01915  16.20  -0.14   602 24 Themis         
221479 3.18531 0.13884  0.02294  15.84   0.14   602 24 Themis         
221480 3.09350 0.15217  0.02326  16.24  -0.09   602 24 Themis         
221483 3.23201 0.14078  0.02843  15.78   0.27   602 24 Themis         
221489 3.11096 0.13592  0.03045  16.54  -0.05   602 24 Themis         
221495 3.14772 0.14857  0.02119  15.92   0.03   602 24 Themis         
221500 3.17881 0.15597  0.02619  15.88   0.12   602 24 Themis         
221665 3.21684 0.13079  0.02521  16.44   0.17   602 24 Themis         
221706 3.03611 0.12772  0.02782  15.73  -0.28   602 24 Themis         
221885 3.16539 0.14218  0.01816  15.98   0.08   602 24 Themis         
221898 3.12957 0.15118  0.01694  16.18   0.00   602 24 Themis         
222189 3.15316 0.15243  0.02361  16.09   0.05   602 24 Themis         
222403 3.07733 0.14872  0.03276  16.14  -0.14   602 24 Themis         
222902 3.09400 0.15497  0.03233  16.08  -0.10   602 24 Themis         
222908 3.14126 0.14239  0.02508  16.09   0.02   602 24 Themis         
223324 3.10003 0.14166  0.03319  15.35  -0.12   602 24 Themis         
223342 3.16596 0.14171  0.02422  15.98   0.08   602 24 Themis         
223356 3.13493 0.14722  0.01374  15.56   0.00   602 24 Themis         
223410 3.10638 0.15368  0.03179  16.25  -0.06   602 24 Themis         
223416 3.17440 0.14489  0.02364  15.83   0.11   602 24 Themis         
223423 3.08834 0.14224  0.01925  15.93  -0.12   602 24 Themis         
223451 3.13682 0.14372  0.01676  15.50   0.00   602 24 Themis         
223975 3.16512 0.16930  0.02178  16.11   0.07   602 24 Themis         
223979 3.10037 0.16449  0.02806  15.87  -0.09   602 24 Themis         
224595 3.15890 0.15783  0.03062  16.20   0.06   602 24 Themis         
224619 3.09684 0.14293  0.02006  16.21  -0.09   602 24 Themis         
224667 3.04536 0.14845  0.02938  16.05  -0.22   602 24 Themis         
224678 3.18507 0.15911  0.02361  16.40   0.11   602 24 Themis         
224689 3.15794 0.14705  0.02971  16.51   0.05   602 24 Themis         
224764 3.20769 0.17336  0.02813  16.02   0.18   602 24 Themis         
224770 3.15428 0.14451  0.01856  16.51   0.04   602 24 Themis         
224995 3.16366 0.14457  0.02578  15.60   0.09   602 24 Themis         
225037 3.11173 0.14310  0.02519  16.03  -0.06   602 24 Themis         
225069 3.18930 0.18267  0.03153  15.66   0.16   602 24 Themis         
225259 3.09743 0.14285  0.01351  16.21  -0.08   602 24 Themis         
225428 3.06557 0.16683  0.02726  16.43  -0.14   602 24 Themis         
225436 3.06379 0.14309  0.02077  16.26  -0.16   602 24 Themis         
225438 3.10031 0.13894  0.01803  16.44  -0.07   602 24 Themis         
225446 3.14292 0.16365  0.02534  15.85   0.02   602 24 Themis         
225449 3.22782 0.14252  0.02279  15.01   0.37   602 24 Themis         
225451 3.13217 0.13884  0.02126  16.20   0.00   602 24 Themis         
226473 3.17436 0.15667  0.02518  15.62   0.12   602 24 Themis         
226482 3.11175 0.15812  0.02538  15.76  -0.06   602 24 Themis         
226515 3.13898 0.17473  0.02835  16.57   0.00   602 24 Themis         
226550 3.09498 0.13877  0.01578  16.28  -0.09   602 24 Themis         
226972 3.08537 0.13528  0.02394  15.66  -0.15   602 24 Themis         
227002 3.07598 0.12104  0.02483  15.79  -0.16   602 24 Themis         
227019 3.11588 0.15180  0.02775  15.91  -0.05   602 24 Themis         
227039 3.17025 0.13643  0.02132  15.93   0.09   602 24 Themis         
227056 3.17889 0.15450  0.03043  15.82   0.12   602 24 Themis         
227632 3.04247 0.14418  0.02531  15.76  -0.26   602 24 Themis         
227636 3.21348 0.14467  0.02136  15.79   0.22   602 24 Themis         
227650 3.09751 0.13266  0.02625  15.52  -0.12   602 24 Themis         
227662 3.19663 0.16334  0.01841  15.86   0.17   602 24 Themis         
227686 3.14304 0.15536  0.02834  15.57   0.03   602 24 Themis         
227736 3.09677 0.14924  0.02999  16.39  -0.08   602 24 Themis         
227738 3.14107 0.18209  0.02624  16.09   0.02   602 24 Themis         
227740 3.10762 0.16645  0.02672  15.70  -0.08   602 24 Themis         
227741 3.12928 0.13477  0.02287  16.22   0.00   602 24 Themis         
227751 3.14491 0.15119  0.01733  15.88   0.03   602 24 Themis         
227999 3.12952 0.11927  0.02094  15.82   0.00   602 24 Themis         
228076 3.11829 0.12169  0.02044  16.15  -0.04   602 24 Themis         
228151 3.15839 0.14944  0.02772  16.02   0.06   602 24 Themis         
228250 3.15489 0.15023  0.01879  16.06   0.05   602 24 Themis         
228255 3.16607 0.16093  0.01653  16.07   0.08   602 24 Themis         
228706 3.22601 0.13809  0.02454  16.12   0.22   602 24 Themis         
228710 3.16462 0.16938  0.01691  15.41   0.10   602 24 Themis         
228914 3.18314 0.14198  0.02946  15.24   0.17   602 24 Themis         
228922 3.09569 0.14674  0.02943  16.08  -0.09   602 24 Themis         
228926 3.09090 0.13927  0.01903  15.98  -0.11   602 24 Themis         
228930 3.15057 0.17834  0.02408  16.05   0.04   602 24 Themis         
228954 3.11710 0.16109  0.02056  15.77  -0.05   602 24 Themis         
228980 3.20015 0.15731  0.02408  15.52   0.21   602 24 Themis         
228985 3.16571 0.18131  0.02545  15.95   0.08   602 24 Themis         
229287 3.04672 0.13656  0.03638  15.84  -0.24   602 24 Themis         
229291 3.11139 0.18129  0.02480  15.82  -0.06   602 24 Themis         
229293 3.07654 0.12438  0.02974  15.87  -0.16   602 24 Themis         
229298 3.09672 0.14602  0.01982  16.18  -0.09   602 24 Themis         
229301 3.16513 0.15361  0.02803  16.39   0.06   602 24 Themis         
229308 3.22369 0.11957  0.02403  15.76   0.25   602 24 Themis         
229731 3.17438 0.18232  0.02658  16.23   0.09   602 24 Themis         
229786 3.20777 0.11932  0.02016  15.88   0.20   602 24 Themis         
229791 3.18388 0.13766  0.02824  15.79   0.14   602 24 Themis         
229810 3.21248 0.14924  0.02427  15.83   0.21   602 24 Themis         
229853 3.01900 0.14179  0.02317  15.96  -0.30   602 24 Themis         
229931 3.13913 0.14793  0.02230  16.25   0.00   602 24 Themis         
229955 3.10864 0.14435  0.03009  16.29  -0.06   602 24 Themis         
230451 3.11098 0.14330  0.01694  15.24  -0.08   602 24 Themis         
230486 3.13560 0.16537  0.01994  15.96   0.00   602 24 Themis         
230670 3.09905 0.13957  0.01773  15.53  -0.11   602 24 Themis         
230715 3.15678 0.16383  0.02101  16.12   0.05   602 24 Themis         
230753 3.13548 0.14302  0.02821  15.28   0.00   602 24 Themis         
230943 3.05402 0.16363  0.02762  15.90  -0.21   602 24 Themis         
231009 3.18847 0.13305  0.02741  15.28   0.19   602 24 Themis         
231013 3.14324 0.14649  0.01907  15.83   0.02   602 24 Themis         
231025 3.11110 0.15706  0.02683  16.08  -0.06   602 24 Themis         
231030 3.16005 0.15128  0.02692  15.78   0.07   602 24 Themis         
231033 3.18298 0.17426  0.02596  15.52   0.15   602 24 Themis         
231390 3.05842 0.17530  0.02579  15.66  -0.22   602 24 Themis         
231391 3.14634 0.14837  0.01881  16.09   0.03   602 24 Themis         
231514 3.18995 0.13926  0.02995  16.31   0.12   602 24 Themis         
231519 3.17436 0.13702  0.02104  16.07   0.10   602 24 Themis         
231521 3.07640 0.16861  0.01891  16.80  -0.10   602 24 Themis         
231537 3.14318 0.14452  0.01874  15.68   0.03   602 24 Themis         
231593 3.11539 0.14164  0.01908  15.81  -0.05   602 24 Themis         
231597 3.14527 0.14290  0.01761  15.97   0.03   602 24 Themis         
231723 3.17437 0.15042  0.02726  16.40   0.08   602 24 Themis         
231816 3.09800 0.15048  0.01952  15.82  -0.10   602 24 Themis         
231849 3.15526 0.15769  0.03891  15.12   0.08   602 24 Themis         
231994 3.20792 0.13348  0.01971  15.51   0.23   602 24 Themis         
232010 3.14656 0.15864  0.02793  15.28   0.04   602 24 Themis         
232251 3.10689 0.17709  0.02223  16.02  -0.07   602 24 Themis         
232276 3.10852 0.15868  0.01878  16.37  -0.06   602 24 Themis         
232294 3.15686 0.15680  0.02592  15.87   0.06   602 24 Themis         
232316 3.15557 0.15291  0.02376  16.14   0.05   602 24 Themis         
232343 3.20776 0.13630  0.02481  15.62   0.22   602 24 Themis         
232631 3.06774 0.15692  0.02940  16.36  -0.14   602 24 Themis         
232719 3.14519 0.15464  0.02084  15.69   0.03   602 24 Themis         
232727 3.10892 0.14228  0.01897  15.87  -0.07   602 24 Themis         
232749 3.15678 0.14989  0.02063  15.84   0.06   602 24 Themis         
232953 3.14943 0.15344  0.02332  15.85   0.04   602 24 Themis         
232954 3.09692 0.14510  0.01961  16.44  -0.08   602 24 Themis         
232990 3.08178 0.14795  0.02373  16.20  -0.12   602 24 Themis         
232991 3.13806 0.13935  0.02473  15.97   0.00   602 24 Themis         
233017 3.07686 0.15221  0.01550  16.39  -0.12   602 24 Themis         
233042 3.18214 0.15367  0.02934  15.87   0.13   602 24 Themis         
233048 3.16837 0.17463  0.02494  15.32   0.12   602 24 Themis         
233057 3.13177 0.15236  0.02179  15.78   0.00   602 24 Themis         
233063 3.14554 0.15226  0.02311  16.44   0.02   602 24 Themis         
233646 3.14004 0.15517  0.02218  16.02   0.00   602 24 Themis         
233682 3.13442 0.13320  0.02586  16.30   0.00   602 24 Themis         
233720 3.09727 0.14021  0.02255  15.70  -0.11   602 24 Themis         
233755 3.14140 0.12263  0.02035  16.20   0.02   602 24 Themis         
233759 3.15368 0.14240  0.02475  15.81   0.05   602 24 Themis         
233805 3.07712 0.12454  0.02743  15.79  -0.16   602 24 Themis         
233836 3.15783 0.14989  0.02611  16.27   0.05   602 24 Themis         
233838 3.10443 0.15117  0.02349  16.01  -0.08   602 24 Themis         
233848 3.16427 0.14681  0.03279  15.79   0.08   602 24 Themis         
233916 3.21462 0.17835  0.02510  16.01   0.20   602 24 Themis         
233919 3.08495 0.14554  0.01866  16.95  -0.08   602 24 Themis         
233941 3.16454 0.15221  0.02345  16.75   0.05   602 24 Themis         
233982 3.09383 0.15547  0.01899  16.65  -0.08   602 24 Themis         
234060 3.11622 0.14866  0.01888  16.44  -0.04   602 24 Themis         
234379 3.09588 0.14761  0.01831  15.64  -0.12   602 24 Themis         
234843 3.11023 0.15292  0.02004  16.36  -0.05   602 24 Themis         
234959 3.17436 0.14198  0.01796  15.50   0.13   602 24 Themis         
235387 3.15199 0.17314  0.03234  16.27   0.04   602 24 Themis         
235413 3.11751 0.16126  0.02525  15.84  -0.05   602 24 Themis         
235463 3.08806 0.14131  0.03312  17.14  -0.07   602 24 Themis         
235466 3.21123 0.12190  0.02066  15.74   0.22   602 24 Themis         
235470 3.10732 0.14633  0.02056  16.09  -0.07   602 24 Themis         
235514 3.13479 0.15270  0.02504  16.71   0.00   602 24 Themis         
235534 3.09061 0.14113  0.01963  15.44  -0.14   602 24 Themis         
235561 3.10312 0.14002  0.02396  16.49  -0.06   602 24 Themis         
235962 3.15254 0.17872  0.02450  16.28   0.04   602 24 Themis         
235971 3.11062 0.14290  0.02211  16.18  -0.06   602 24 Themis         
235976 3.18417 0.16678  0.02404  15.53   0.16   602 24 Themis         
236015 3.07452 0.14712  0.02215  16.06  -0.15   602 24 Themis         
236022 3.15240 0.16030  0.02452  15.68   0.05   602 24 Themis         
236060 3.10969 0.14923  0.01970  16.48  -0.05   602 24 Themis         
236674 3.11558 0.16679  0.02822  15.88  -0.05   602 24 Themis         
236691 3.10484 0.13317  0.02665  16.01  -0.07   602 24 Themis         
236694 3.18148 0.17859  0.02965  15.99   0.12   602 24 Themis         
236814 3.10855 0.14459  0.02994  16.20  -0.06   602 24 Themis         
236863 3.10382 0.14932  0.01858  16.05  -0.08   602 24 Themis         
236919 3.10645 0.14695  0.01628  15.87  -0.08   602 24 Themis         
236993 3.15191 0.15145  0.02347  16.11   0.04   602 24 Themis         
237158 3.19365 0.13182  0.01609  16.13   0.14   602 24 Themis         
237168 3.11082 0.14841  0.02548  16.11  -0.06   602 24 Themis         
237217 3.12327 0.16256  0.01915  16.48  -0.02   602 24 Themis         
237248 3.10643 0.14458  0.03116  16.47  -0.06   602 24 Themis         
237252 3.20751 0.12281  0.02899  15.78   0.20   602 24 Themis         
237297 3.21156 0.14214  0.02203  16.08   0.19   602 24 Themis         
237301 3.14425 0.11997  0.01873  15.59   0.03   602 24 Themis         
237330 3.13493 0.13377  0.02175  15.82   0.00   602 24 Themis         
237377 3.12931 0.17431  0.01962  15.61  -0.02   602 24 Themis         
237396 3.05549 0.12420  0.02835  16.43  -0.16   602 24 Themis         
237625 3.08932 0.16306  0.02529  15.31  -0.16   602 24 Themis         
237657 3.12952 0.13461  0.03574  15.69   0.00   602 24 Themis         
237980 3.02274 0.13006  0.01930  16.53  -0.22   602 24 Themis         
238022 3.13915 0.13848  0.02543  16.14   0.00   602 24 Themis         
238025 3.18220 0.16735  0.02696  15.60   0.14   602 24 Themis         
238033 3.16356 0.13519  0.02475  16.57   0.06   602 24 Themis         
238232 3.07697 0.14109  0.02962  15.78  -0.16   602 24 Themis         
238334 3.08716 0.14222  0.02230  16.57  -0.09   602 24 Themis         
238340 3.05512 0.14812  0.01877  16.28  -0.18   602 24 Themis         
238342 3.14177 0.14484  0.01953  14.93   0.03   602 24 Themis         
238389 3.12375 0.14166  0.02476  16.66  -0.02   602 24 Themis         
238399 3.13723 0.16056  0.02446  15.50   0.00   602 24 Themis         
238423 3.10858 0.14401  0.01932  16.13  -0.06   602 24 Themis         
238667 3.14777 0.14614  0.02690  15.64   0.04   602 24 Themis         
238761 3.21455 0.15216  0.02566  16.64   0.15   602 24 Themis         
238805 3.22868 0.13933  0.02014  16.49   0.19   602 24 Themis         
239225 3.08800 0.14033  0.03325  16.09  -0.11   602 24 Themis         
239226 3.09807 0.14621  0.02906  16.00  -0.09   602 24 Themis         
239654 3.15691 0.16533  0.01807  15.59   0.07   602 24 Themis         
239663 3.11271 0.13921  0.02268  16.17  -0.05   602 24 Themis         
239668 3.14855 0.14566  0.01712  16.16   0.03   602 24 Themis         
239715 3.15938 0.15329  0.02249  15.94   0.06   602 24 Themis         
239751 3.23592 0.11602  0.01874  16.16   0.24   602 24 Themis         
240230 3.14078 0.14288  0.02346  16.56   0.00   602 24 Themis         
240471 3.07645 0.16706  0.02789  15.97  -0.15   602 24 Themis         
240510 3.10255 0.14988  0.01919  16.43  -0.07   602 24 Themis         
240521 3.20273 0.14402  0.02785  16.47   0.14   602 24 Themis         
240530 3.13487 0.14541  0.01646  16.43   0.00   602 24 Themis         
240767 3.23169 0.13329  0.01863  15.99   0.25   602 24 Themis         
240775 3.09946 0.13821  0.02627  15.95  -0.09   602 24 Themis         
241046 3.22423 0.15303  0.01758  15.83   0.24   602 24 Themis         
241055 3.12641 0.14097  0.02537  16.22  -0.02   602 24 Themis         
241057 3.16048 0.15287  0.02122  16.41   0.05   602 24 Themis         
241091 3.13746 0.13984  0.02435  16.88   0.00   602 24 Themis         
241188 3.09939 0.14767  0.01742  16.28  -0.08   602 24 Themis         
241249 3.10647 0.13496  0.02615  16.01  -0.07   602 24 Themis         
241298 3.16453 0.15227  0.02392  16.01   0.08   602 24 Themis         
241360 3.11349 0.18042  0.02731  16.92  -0.03   602 24 Themis         
241439 3.19960 0.14258  0.02384  16.54   0.13   602 24 Themis         
241465 3.06359 0.12699  0.03240  16.68  -0.13   602 24 Themis         
241541 3.18695 0.13285  0.02081  15.97   0.13   602 24 Themis         
241595 3.09812 0.13506  0.01715  16.93  -0.06   602 24 Themis         
241630 3.15854 0.14400  0.01878  16.32   0.05   602 24 Themis         
241827 3.12315 0.15928  0.01551  15.66  -0.03   602 24 Themis         
242279 3.15621 0.13822  0.02350  16.38   0.05   602 24 Themis         
242363 3.02904 0.13013  0.02096  15.86  -0.28   602 24 Themis         
242665 3.21298 0.15700  0.02588  15.14   0.29   602 24 Themis         
242696 3.10262 0.13903  0.01808  15.70  -0.09   602 24 Themis         
242705 3.04238 0.12994  0.02303  16.20  -0.21   602 24 Themis         
242710 3.08264 0.16421  0.03558  16.18  -0.12   602 24 Themis         
242728 3.13268 0.14847  0.02059  16.43   0.00   602 24 Themis         
242735 3.11333 0.15701  0.01884  16.88  -0.04   602 24 Themis         
243245 3.22607 0.13890  0.02494  16.26   0.21   602 24 Themis         
243276 3.17425 0.14732  0.02570  16.16   0.09   602 24 Themis         
243371 3.20798 0.14138  0.01658  16.15   0.17   602 24 Themis         
243412 3.16070 0.14978  0.01832  16.51   0.05   602 24 Themis         
243715 3.10624 0.14399  0.02118  15.27  -0.10   602 24 Themis         
244281 3.07583 0.15658  0.02793  15.77  -0.16   602 24 Themis         
244699 3.15873 0.17406  0.03246  15.24   0.09   602 24 Themis         
244828 3.10647 0.13837  0.02108  16.38  -0.06   602 24 Themis         
245037 3.06792 0.17110  0.02180  16.27  -0.15   602 24 Themis         
245039 3.04145 0.15769  0.03109  15.71  -0.27   602 24 Themis         
245050 3.10243 0.14620  0.01711  16.70  -0.06   602 24 Themis         
245070 3.12201 0.16496  0.02408  16.45  -0.03   602 24 Themis         
245152 3.16065 0.13877  0.02405  15.96   0.07   602 24 Themis         
245266 3.09010 0.14262  0.03326  15.70  -0.13   602 24 Themis         
245512 3.03906 0.15571  0.02519  15.81  -0.26   602 24 Themis         
245523 3.08574 0.16812  0.02906  15.98  -0.12   602 24 Themis         
245539 3.10186 0.16152  0.01899  16.31  -0.07   602 24 Themis         
245569 3.07635 0.13950  0.02834  15.76  -0.16   602 24 Themis         
245608 3.11552 0.13006  0.02401  15.63  -0.06   602 24 Themis         
245639 3.22808 0.13542  0.02350  16.03   0.23   602 24 Themis         
245811 3.04575 0.15922  0.02040  16.61  -0.17   602 24 Themis         
245922 3.15126 0.15272  0.02350  16.16   0.04   602 24 Themis         
245933 3.08414 0.15021  0.01784  16.39  -0.11   602 24 Themis         
245969 3.12950 0.15609  0.01828  15.93   0.00   602 24 Themis         
246016 3.11388 0.16931  0.02000  16.02  -0.05   602 24 Themis         
246035 3.16241 0.14843  0.01827  16.10   0.07   602 24 Themis         
246050 3.16753 0.14518  0.01896  15.92   0.09   602 24 Themis         
246287 3.12554 0.18092  0.02550  15.73  -0.03   602 24 Themis         
246299 3.05451 0.16262  0.02419  16.29  -0.18   602 24 Themis         
246300 3.11595 0.13468  0.02308  16.43  -0.04   602 24 Themis         
246398 3.13349 0.12097  0.01928  16.02   0.00   602 24 Themis         
246738 3.09437 0.14371  0.03304  16.45  -0.08   602 24 Themis         
246829 3.12986 0.14037  0.02754  15.80   0.00   602 24 Themis         
246849 3.17796 0.14976  0.02104  15.88   0.12   602 24 Themis         
246855 3.09253 0.14001  0.01875  16.35  -0.09   602 24 Themis         
246927 3.11881 0.16093  0.02014  16.53  -0.03   602 24 Themis         
247031 3.20487 0.14952  0.02691  15.62   0.21   602 24 Themis         
247107 3.08816 0.15049  0.02540  15.80  -0.13   602 24 Themis         
248095 3.21043 0.13918  0.02784  15.49   0.24   602 24 Themis         
248328 3.09213 0.16385  0.01684  16.13  -0.10   602 24 Themis         
248384 3.15687 0.15503  0.02677  16.18   0.05   602 24 Themis         
248402 3.10435 0.15458  0.02889  15.69  -0.09   602 24 Themis         
248478 3.16975 0.14672  0.02385  16.32   0.08   602 24 Themis         
248505 3.13052 0.13944  0.02460  16.06   0.00   602 24 Themis         
248523 3.15889 0.14506  0.01835  16.11   0.06   602 24 Themis         
248541 3.08715 0.14297  0.01973  16.02  -0.12   602 24 Themis         
249179 3.08400 0.14526  0.02082  16.08  -0.12   602 24 Themis         
249395 3.12189 0.13285  0.02672  16.56  -0.02   602 24 Themis         
249443 3.17456 0.13583  0.02188  16.25   0.09   602 24 Themis         
249602 3.23535 0.13723  0.01909  15.92   0.26   602 24 Themis         
249650 3.15258 0.15326  0.02349  15.79   0.05   602 24 Themis         
249668 3.22646 0.13282  0.02045  16.01   0.23   602 24 Themis         
249678 3.17437 0.16574  0.02247  15.91   0.10   602 24 Themis         
250087 3.13767 0.15319  0.02359  16.05   0.00   602 24 Themis         
250831 3.14998 0.15238  0.02333  15.94   0.04   602 24 Themis         
250846 3.10449 0.15093  0.01504  15.94  -0.08   602 24 Themis         
250870 3.15363 0.14630  0.01941  16.21   0.04   602 24 Themis         
250894 3.09187 0.17164  0.02423  15.56  -0.13   602 24 Themis         
250913 3.22635 0.14498  0.03062  16.00   0.23   602 24 Themis         
250914 3.08882 0.13939  0.02313  15.77  -0.13   602 24 Themis         
250916 3.20154 0.17575  0.01746  16.03   0.17   602 24 Themis         
250936 3.11405 0.13296  0.02566  15.77  -0.06   602 24 Themis         
250940 3.09810 0.16311  0.03046  15.40  -0.12   602 24 Themis         
250946 3.14816 0.12175  0.01982  16.35   0.03   602 24 Themis         
251636 3.19212 0.14741  0.02246  15.46   0.19   602 24 Themis         
251657 3.23126 0.13743  0.02421  16.43   0.20   602 24 Themis         
251812 3.08423 0.15203  0.02317  16.31  -0.11   602 24 Themis         
251856 3.16167 0.16708  0.02191  15.83   0.07   602 24 Themis         
251857 3.08535 0.12800  0.02131  16.88  -0.08   602 24 Themis         
251860 3.11196 0.14724  0.02375  16.36  -0.05   602 24 Themis         
251892 3.10347 0.16711  0.02447  16.34  -0.07   602 24 Themis         
251958 3.15372 0.15216  0.02368  15.94   0.05   602 24 Themis         
251975 3.22909 0.13479  0.02297  16.16   0.22   602 24 Themis         
252183 3.09416 0.15374  0.01734  15.38  -0.14   602 24 Themis         
252907 3.13465 0.14105  0.02486  15.84   0.00   602 24 Themis         
253910 3.18787 0.16756  0.02433  16.29   0.12   602 24 Themis         
254151 3.20112 0.17101  0.03049  15.45   0.22   602 24 Themis         
254155 3.16240 0.15197  0.02320  15.86   0.08   602 24 Themis         
254203 3.12951 0.14938  0.02330  15.98   0.00   602 24 Themis         
254235 3.15985 0.14591  0.03149  16.00   0.06   602 24 Themis         
254237 3.15104 0.14798  0.01881  16.23   0.04   602 24 Themis         
254292 3.11052 0.14739  0.02003  15.87  -0.06   602 24 Themis         
254323 3.11121 0.16637  0.03216  15.77  -0.07   602 24 Themis         
254349 3.23160 0.14378  0.01456  16.05   0.24   602 24 Themis         
254353 3.11210 0.15926  0.02542  16.22  -0.05   602 24 Themis         
254358 3.11528 0.13289  0.02208  15.90  -0.05   602 24 Themis         
254366 3.10981 0.14430  0.02994  16.52  -0.05   602 24 Themis         
254389 3.10112 0.14748  0.01389  15.99  -0.08   602 24 Themis         
255083 3.10316 0.15082  0.02263  16.34  -0.07   602 24 Themis         
255121 3.12575 0.16872  0.02571  15.98  -0.02   602 24 Themis         
255154 3.08588 0.14388  0.02440  16.22  -0.11   602 24 Themis         
255162 3.10820 0.13542  0.02463  16.35  -0.06   602 24 Themis         
255166 3.06838 0.15468  0.01591  16.20  -0.15   602 24 Themis         
255175 3.09022 0.13976  0.01756  16.49  -0.09   602 24 Themis         
255186 3.10168 0.16066  0.02192  16.46  -0.07   602 24 Themis         
255192 3.06949 0.14299  0.01934  16.08  -0.16   602 24 Themis         
255309 3.09208 0.16301  0.01712  16.62  -0.08   602 24 Themis         
255356 3.15174 0.15322  0.02360  15.87   0.05   602 24 Themis         
255359 3.11531 0.14323  0.01703  16.05  -0.05   602 24 Themis         
255361 3.09201 0.15439  0.01644  16.09  -0.10   602 24 Themis         
255379 3.11425 0.15102  0.01644  16.13  -0.05   602 24 Themis         
255395 3.06313 0.14157  0.01976  16.09  -0.17   602 24 Themis         
255422 3.20009 0.14282  0.02786  15.92   0.17   602 24 Themis         
255423 3.07667 0.17028  0.02106  15.56  -0.18   602 24 Themis         
255439 3.15707 0.14636  0.02625  15.84   0.06   602 24 Themis         
255446 3.14620 0.13627  0.02478  16.26   0.03   602 24 Themis         
255447 3.09980 0.14766  0.02201  16.10  -0.08   602 24 Themis         
255448 3.10970 0.15274  0.02904  15.90  -0.07   602 24 Themis         
255453 3.17488 0.16130  0.02412  16.19   0.09   602 24 Themis         
255460 3.16253 0.12227  0.02344  16.31   0.06   602 24 Themis         
255461 3.10650 0.16607  0.01800  17.07  -0.04   602 24 Themis         
255462 3.16234 0.15212  0.02336  16.18   0.06   602 24 Themis         
255469 3.20601 0.13015  0.02697  15.59   0.22   602 24 Themis         
256427 3.17078 0.15358  0.02538  15.89   0.10   602 24 Themis         
256468 3.08276 0.13258  0.02669  16.24  -0.12   602 24 Themis         
256497 3.19415 0.15534  0.02886  15.92   0.16   602 24 Themis         
256500 3.19031 0.15208  0.02339  15.72   0.16   602 24 Themis         
256511 3.22606 0.13712  0.02386  15.64   0.27   602 24 Themis         
256532 3.12189 0.15918  0.02063  16.83  -0.02   602 24 Themis         
256533 3.10124 0.14628  0.01765  16.11  -0.08   602 24 Themis         
256883 3.03489 0.13272  0.03133  16.41  -0.21   602 24 Themis         
257055 3.09291 0.14739  0.01832  15.87  -0.11   602 24 Themis         
257071 3.14198 0.15561  0.02324  15.92   0.02   602 24 Themis         
257145 3.16809 0.16235  0.02233  16.12   0.08   602 24 Themis         
257155 3.17121 0.16621  0.02301  16.29   0.08   602 24 Themis         
257462 3.15990 0.15472  0.01887  16.27   0.06   602 24 Themis         
257556 3.10259 0.16555  0.02772  15.98  -0.08   602 24 Themis         
257676 3.12500 0.15162  0.02393  16.00  -0.02   602 24 Themis         
257681 3.08304 0.12798  0.02891  16.25  -0.12   602 24 Themis         
257695 3.09340 0.14896  0.02121  16.65  -0.08   602 24 Themis         
257697 3.10924 0.14584  0.01896  16.35  -0.05   602 24 Themis         
257720 3.10272 0.16106  0.01198  16.88  -0.05   602 24 Themis         
257755 3.15311 0.15270  0.02362  16.17   0.04   602 24 Themis         
257947 3.14303 0.15154  0.02835  16.57   0.02   602 24 Themis         
258565 3.14677 0.14221  0.01752  15.80   0.03   602 24 Themis         
258759 3.05520 0.15504  0.02501  15.92  -0.21   602 24 Themis         
258760 3.11027 0.15959  0.02065  15.82  -0.07   602 24 Themis         
259495 3.18883 0.17834  0.02314  15.70   0.16   602 24 Themis         
260182 3.06336 0.15008  0.01941  16.43  -0.15   602 24 Themis         
260227 3.08744 0.14035  0.03349  16.37  -0.10   602 24 Themis         
260235 3.03677 0.12684  0.02871  16.09  -0.24   602 24 Themis         
260292 3.19917 0.14827  0.02406  15.98   0.16   602 24 Themis         
260293 3.08635 0.14178  0.02407  16.06  -0.12   602 24 Themis         
260308 3.09617 0.15065  0.02236  16.06  -0.09   602 24 Themis         
260318 3.12713 0.13932  0.02561  16.37  -0.02   602 24 Themis         
260321 3.22740 0.14589  0.02567  16.36   0.20   602 24 Themis         
260323 3.08903 0.15848  0.02916  16.25  -0.10   602 24 Themis         
260329 3.15707 0.14737  0.02513  15.90   0.06   602 24 Themis         
260357 3.15179 0.14125  0.01666  16.02   0.04   602 24 Themis         
260358 3.09740 0.14498  0.01914  16.23  -0.08   602 24 Themis         
260412 3.17001 0.14196  0.02288  15.79   0.10   602 24 Themis         
260423 3.10460 0.15155  0.02334  15.64  -0.09   602 24 Themis         
260426 3.22141 0.14342  0.02549  15.74   0.25   602 24 Themis         
260827 3.10836 0.14504  0.01999  16.39  -0.06   602 24 Themis         
260972 3.06131 0.14903  0.03069  16.58  -0.14   602 24 Themis         
260978 3.07127 0.14345  0.02268  16.20  -0.15   602 24 Themis         
261039 3.05330 0.14523  0.02956  16.45  -0.17   602 24 Themis         
261078 3.14901 0.14966  0.02232  16.28   0.03   602 24 Themis         
261082 3.05546 0.13047  0.03028  16.39  -0.17   602 24 Themis         
261223 3.17471 0.15067  0.02383  16.31   0.09   602 24 Themis         
261305 3.11512 0.14780  0.01695  16.51  -0.04   602 24 Themis         
261341 3.10138 0.15116  0.02349  16.39  -0.07   602 24 Themis         
261348 3.08812 0.14378  0.01845  16.47  -0.09   602 24 Themis         
261409 3.10158 0.16225  0.03177  15.95  -0.09   602 24 Themis         
261542 3.13125 0.15406  0.01976  16.48   0.00   602 24 Themis         
261554 3.05820 0.14421  0.03100  16.62  -0.14   602 24 Themis         
261619 3.11287 0.14372  0.02669  16.21  -0.05   602 24 Themis         
261621 3.05271 0.16904  0.02298  16.72  -0.15   602 24 Themis         
261623 3.09624 0.14885  0.02410  16.23  -0.09   602 24 Themis         
261630 3.05322 0.17201  0.02348  16.12  -0.19   602 24 Themis         
261643 3.10691 0.14203  0.02009  16.53  -0.05   602 24 Themis         
261664 3.12836 0.13284  0.03246  16.38   0.00   602 24 Themis         
261665 3.10905 0.15185  0.01936  16.17  -0.06   602 24 Themis         
261744 3.13932 0.16671  0.01611  15.76   0.00   602 24 Themis         
261755 3.13609 0.12915  0.02612  15.84   0.00   602 24 Themis         
261772 3.16613 0.13374  0.02145  16.48   0.06   602 24 Themis         
261780 3.15147 0.14217  0.01875  16.35   0.04   602 24 Themis         
261787 3.10042 0.14555  0.02096  16.02  -0.09   602 24 Themis         
261805 3.10628 0.14729  0.03897  16.59  -0.05   602 24 Themis         
261811 3.09835 0.14835  0.02104  16.22  -0.08   602 24 Themis         
261821 3.10259 0.15699  0.02724  16.08  -0.08   602 24 Themis         
261823 3.20085 0.15340  0.02467  15.98   0.17   602 24 Themis         
261825 3.21201 0.14816  0.02962  16.18   0.18   602 24 Themis         
261836 3.21204 0.14409  0.02431  16.41   0.16   602 24 Themis         
261837 3.10652 0.15259  0.02117  15.89  -0.07   602 24 Themis         
261841 3.12716 0.18200  0.02686  15.33  -0.03   602 24 Themis         
261848 3.11696 0.15310  0.01578  16.38  -0.04   602 24 Themis         
261856 3.16805 0.15463  0.02280  16.18   0.08   602 24 Themis         
262936 3.04121 0.12574  0.02943  15.93  -0.24   602 24 Themis         
263018 3.14907 0.16339  0.01791  16.66   0.03   602 24 Themis         
263025 3.09873 0.14285  0.02749  16.05  -0.09   602 24 Themis         
263036 3.17393 0.15131  0.02554  15.77   0.11   602 24 Themis         
263432 3.14704 0.14161  0.03024  16.16   0.03   602 24 Themis         
263517 3.09214 0.13011  0.02323  16.62  -0.08   602 24 Themis         
263636 3.18167 0.14839  0.02282  15.59   0.14   602 24 Themis         
263798 3.21398 0.16443  0.02032  16.26   0.18   602 24 Themis         
264067 3.09582 0.14555  0.03245  16.70  -0.07   602 24 Themis         
264095 3.14440 0.15012  0.02237  16.22   0.02   602 24 Themis         
264247 3.09471 0.13380  0.02325  16.14  -0.09   602 24 Themis         
264294 3.08529 0.14205  0.01728  16.39  -0.10   602 24 Themis         
264327 3.05177 0.14927  0.02878  16.81  -0.14   602 24 Themis         
264328 3.08190 0.14089  0.02343  16.65  -0.10   602 24 Themis         
264338 3.06457 0.17642  0.02228  16.70  -0.13   602 24 Themis         
264798 3.15176 0.14993  0.01835  16.15   0.04   602 24 Themis         
264828 3.15636 0.15582  0.02842  16.59   0.04   602 24 Themis         
265067 3.14877 0.11881  0.02006  16.07   0.03   602 24 Themis         
265131 3.17756 0.13921  0.02387  15.79   0.12   602 24 Themis         
265413 3.16997 0.14289  0.02071  16.10   0.09   602 24 Themis         
265448 3.13998 0.16844  0.02275  16.04   0.00   602 24 Themis         
265915 3.18205 0.15038  0.02308  16.65   0.09   602 24 Themis         
265929 3.08710 0.12415  0.02641  16.23  -0.11   602 24 Themis         
265930 3.15782 0.14623  0.01815  16.12   0.06   602 24 Themis         
265935 3.09474 0.14344  0.01801  16.16  -0.09   602 24 Themis         
265961 3.14122 0.15197  0.03054  15.99   0.02   602 24 Themis         
265964 3.13814 0.14968  0.01874  16.45   0.00   602 24 Themis         
265970 3.13992 0.14774  0.01874  16.05   0.00   602 24 Themis         
265977 3.16572 0.15641  0.02443  16.33   0.07   602 24 Themis         
265981 3.10742 0.11659  0.02317  16.16  -0.06   602 24 Themis         
265986 3.04156 0.13187  0.02865  16.27  -0.21   602 24 Themis         
265991 3.11540 0.14477  0.02077  16.62  -0.04   602 24 Themis         
265995 3.05451 0.16083  0.02264  16.62  -0.15   602 24 Themis         
266002 3.04666 0.13627  0.01765  16.24  -0.20   602 24 Themis         
266008 3.11199 0.17003  0.01853  16.35  -0.05   602 24 Themis         
266020 3.14781 0.14062  0.01905  16.61   0.03   602 24 Themis         
266024 3.11015 0.14149  0.03055  15.96  -0.06   602 24 Themis         
266030 3.15166 0.15678  0.02576  16.45   0.04   602 24 Themis         
266034 3.14108 0.14651  0.02605  16.41   0.00   602 24 Themis         
266462 3.09260 0.14359  0.01752  16.08  -0.10   602 24 Themis         
266612 3.22464 0.16666  0.02851  15.81   0.25   602 24 Themis         
266653 3.23824 0.11538  0.01662  15.64   0.31   602 24 Themis         
266659 3.13902 0.15106  0.02709  16.20   0.00   602 24 Themis         
266731 3.08588 0.12821  0.02338  16.48  -0.10   602 24 Themis         
266733 3.13314 0.13951  0.02442  16.35   0.00   602 24 Themis         
266750 3.20315 0.16143  0.02512  16.48   0.14   602 24 Themis         
266755 3.13729 0.14033  0.02459  16.13   0.00   602 24 Themis         
266815 3.20215 0.12270  0.02288  15.75   0.19   602 24 Themis         
267058 3.09377 0.14463  0.02327  16.41  -0.09   602 24 Themis         
267123 3.11731 0.14865  0.01692  16.27  -0.04   602 24 Themis         
267507 3.05444 0.15883  0.01913  16.29  -0.18   602 24 Themis         
267530 3.14399 0.13896  0.03229  15.86   0.03   602 24 Themis         
267592 3.23100 0.13440  0.02820  15.08   0.37   602 24 Themis         
267818 3.08796 0.16699  0.02949  15.70  -0.13   602 24 Themis         
267834 3.10243 0.14701  0.03819  16.21  -0.07   602 24 Themis         
267857 3.19988 0.13636  0.03119  15.99   0.17   602 24 Themis         
268228 3.14638 0.15380  0.02918  15.82   0.03   602 24 Themis         
268619 3.05305 0.13881  0.02911  16.56  -0.16   602 24 Themis         
268626 3.09286 0.16284  0.02270  16.08  -0.10   602 24 Themis         
268670 3.14913 0.13949  0.01794  16.16   0.03   602 24 Themis         
268690 3.09870 0.14726  0.02290  16.11  -0.09   602 24 Themis         
268695 3.10643 0.14676  0.01962  16.27  -0.06   602 24 Themis         
268722 3.09078 0.15471  0.01981  16.15  -0.10   602 24 Themis         
268731 3.15442 0.14867  0.01870  16.08   0.05   602 24 Themis         
269315 3.16637 0.12613  0.02517  15.65   0.09   602 24 Themis         
269335 3.14809 0.15150  0.02526  16.12   0.03   602 24 Themis         
269337 3.08662 0.15499  0.02569  16.44  -0.10   602 24 Themis         
269492 3.11587 0.13602  0.02485  16.80  -0.03   602 24 Themis         
269495 3.13617 0.14107  0.02481  16.23   0.00   602 24 Themis         
269557 3.15784 0.15485  0.02310  16.43   0.05   602 24 Themis         
269564 3.14580 0.14384  0.01863  16.26   0.03   602 24 Themis         
269590 3.08706 0.14379  0.02413  16.37  -0.10   602 24 Themis         
269633 3.16579 0.15079  0.01701  15.65   0.09   602 24 Themis         
269747 3.16681 0.14299  0.01859  16.45   0.07   602 24 Themis         
269890 3.15650 0.16037  0.01952  16.00   0.06   602 24 Themis         
269921 3.20825 0.16539  0.02171  16.58   0.14   602 24 Themis         
270125 3.16066 0.14796  0.01860  15.96   0.07   602 24 Themis         
270168 3.20796 0.16412  0.02430  16.12   0.18   602 24 Themis         
270712 3.16007 0.15734  0.03688  16.49   0.05   602 24 Themis         
270716 3.16261 0.15238  0.02315  16.51   0.06   602 24 Themis         
270768 3.11194 0.17085  0.01989  15.72  -0.06   602 24 Themis         
270890 3.15483 0.14055  0.01790  16.50   0.04   602 24 Themis         
270930 3.04288 0.15729  0.02784  16.01  -0.23   602 24 Themis         
270978 3.21381 0.16987  0.02827  15.89   0.21   602 24 Themis         
271215 3.05890 0.14433  0.02068  16.02  -0.19   602 24 Themis         
271264 3.07692 0.15179  0.03284  16.14  -0.14   602 24 Themis         
271335 3.05978 0.12713  0.02348  15.61  -0.23   602 24 Themis         
271354 3.21251 0.12465  0.01925  16.36   0.17   602 24 Themis         
271496 3.08738 0.14422  0.02613  16.02  -0.12   602 24 Themis         
271917 3.11823 0.16289  0.02226  16.47  -0.03   602 24 Themis         
271964 3.06921 0.17795  0.02151  15.97  -0.17   602 24 Themis         
271985 3.15028 0.14231  0.01725  16.34   0.03   602 24 Themis         
272005 3.09159 0.16015  0.02954  15.59  -0.13   602 24 Themis         
272052 3.20043 0.14809  0.01669  15.52   0.21   602 24 Themis         
272084 3.11426 0.16584  0.01777  16.18  -0.05   602 24 Themis         
272927 3.11238 0.16087  0.02097  16.62  -0.04   602 24 Themis         
273066 3.18244 0.15050  0.02271  16.11   0.12   602 24 Themis         
273087 3.13154 0.14778  0.02226  16.44   0.00   602 24 Themis         
273104 3.06931 0.17250  0.02010  16.05  -0.16   602 24 Themis         
273110 3.09080 0.18038  0.02533  16.39  -0.09   602 24 Themis         
273111 3.09141 0.14851  0.01428  16.25  -0.10   602 24 Themis         
273169 3.09208 0.13678  0.02329  16.48  -0.09   602 24 Themis         
273196 3.07755 0.11952  0.02119  16.33  -0.12   602 24 Themis         
273236 3.10054 0.15056  0.02760  16.25  -0.08   602 24 Themis         
274009 3.11885 0.14061  0.02171  16.75  -0.03   602 24 Themis         
274065 3.11727 0.15987  0.02059  15.93  -0.04   602 24 Themis         
274289 3.09107 0.16630  0.03071  16.46  -0.09   602 24 Themis         
274295 3.17447 0.14815  0.01676  16.27   0.09   602 24 Themis         
274418 3.13481 0.13110  0.02569  16.13   0.00   602 24 Themis         
274813 3.13458 0.13993  0.02439  15.95   0.00   602 24 Themis         
274873 3.10648 0.13586  0.02209  16.06  -0.07   602 24 Themis         
274932 3.09415 0.16010  0.01902  16.49  -0.08   602 24 Themis         
275023 3.15619 0.14574  0.01922  16.68   0.04   602 24 Themis         
275170 3.18245 0.13930  0.02393  16.27   0.11   602 24 Themis         
275221 3.15740 0.15598  0.01914  16.46   0.05   602 24 Themis         
275239 3.10367 0.16247  0.02058  16.83  -0.05   602 24 Themis         
275268 3.06227 0.17100  0.02243  16.50  -0.14   602 24 Themis         
275377 3.11605 0.15750  0.02577  16.60  -0.04   602 24 Themis         
275444 3.21572 0.15285  0.02220  16.04   0.20   602 24 Themis         
275832 3.19602 0.17154  0.02829  15.69   0.18   602 24 Themis         
276268 3.14379 0.14717  0.03319  15.87   0.02   602 24 Themis         
276306 3.03769 0.13911  0.02281  16.32  -0.21   602 24 Themis         
276606 3.04715 0.15625  0.02195  16.87  -0.15   602 24 Themis         
276638 3.16598 0.16941  0.02214  16.33   0.07   602 24 Themis         
277056 3.09783 0.15296  0.02745  16.40  -0.08   602 24 Themis         
277123 3.16907 0.14492  0.02593  16.56   0.07   602 24 Themis         
277896 3.10592 0.16493  0.02243  16.08  -0.07   602 24 Themis         
277913 3.08785 0.15853  0.03684  16.50  -0.09   602 24 Themis         
278413 3.17030 0.17166  0.02256  15.95   0.09   602 24 Themis         
278425 3.22241 0.11470  0.02039  15.96   0.23   602 24 Themis         
278436 3.11176 0.14981  0.02438  16.30  -0.05   602 24 Themis         
278437 3.17385 0.14504  0.02577  15.66   0.12   602 24 Themis         
278636 3.05856 0.13132  0.02644  16.56  -0.15   602 24 Themis         
278778 3.12106 0.14851  0.02887  15.70  -0.04   602 24 Themis         
278979 3.13069 0.11740  0.02843  16.06   0.00   602 24 Themis         
279087 3.21104 0.13322  0.01338  16.23   0.17   602 24 Themis         
279318 3.15649 0.14342  0.01932  16.09   0.05   602 24 Themis         
279531 3.21571 0.14896  0.01769  16.04   0.20   602 24 Themis         
279568 3.20766 0.12908  0.02026  16.18   0.17   602 24 Themis         
279924 3.09934 0.14946  0.01905  15.65  -0.10   602 24 Themis         
279934 3.15311 0.15017  0.01892  15.83   0.05   602 24 Themis         
279953 3.10639 0.14116  0.02385  16.16  -0.07   602 24 Themis         
279960 3.19049 0.13082  0.02076  15.90   0.15   602 24 Themis         
280241 3.13297 0.13972  0.02570  15.76   0.00   602 24 Themis         
280657 3.10149 0.14357  0.02262  16.17  -0.08   602 24 Themis         
280658 3.16499 0.14225  0.01871  16.12   0.07   602 24 Themis         
280690 3.15152 0.15269  0.02339  15.38   0.06   602 24 Themis         
280706 3.14656 0.14346  0.02463  16.31   0.03   602 24 Themis         
280723 3.17754 0.14725  0.02495  16.06   0.11   602 24 Themis         
281286 3.07161 0.14373  0.02206  16.18  -0.15   602 24 Themis         
281311 3.11166 0.16005  0.02129  15.83  -0.06   602 24 Themis         
281331 3.15380 0.15341  0.02476  16.06   0.05   602 24 Themis         
281527 3.11641 0.15232  0.02258  16.39  -0.04   602 24 Themis         
281533 3.10300 0.13788  0.01601  16.46  -0.06   602 24 Themis         
281539 3.12932 0.12181  0.02011  16.84   0.00   602 24 Themis         
281680 3.10288 0.14320  0.01423  16.06  -0.08   602 24 Themis         
281746 3.20795 0.15565  0.02361  16.40   0.15   602 24 Themis         
281900 3.09965 0.13472  0.02913  16.57  -0.07   602 24 Themis         
281968 3.12415 0.15302  0.02634  16.33  -0.02   602 24 Themis         
282011 3.04208 0.16283  0.03281  16.86  -0.16   602 24 Themis         
282828 3.18468 0.16194  0.01883  16.01   0.13   602 24 Themis         
282848 3.04926 0.17675  0.02316  15.61  -0.26   602 24 Themis         
282946 3.16152 0.13998  0.02388  16.19   0.06   602 24 Themis         
282999 3.09495 0.13745  0.01766  15.67  -0.12   602 24 Themis         
283571 3.06600 0.17568  0.01835  15.86  -0.18   602 24 Themis         
283572 3.10589 0.15313  0.02668  15.94  -0.07   602 24 Themis         
283575 3.13232 0.12140  0.02517  15.96   0.00   602 24 Themis         
284087 3.08829 0.14025  0.02619  16.53  -0.09   602 24 Themis         
284312 3.07561 0.12710  0.02558  16.32  -0.13   602 24 Themis         
284347 3.16579 0.15142  0.01956  16.62   0.06   602 24 Themis         
284348 3.10116 0.14117  0.01966  16.50  -0.07   602 24 Themis         
284358 3.15972 0.13823  0.02344  16.31   0.06   602 24 Themis         
284364 3.18699 0.14927  0.02282  16.31   0.11   602 24 Themis         
284367 3.17431 0.16333  0.02266  16.05   0.10   602 24 Themis         
284368 3.09668 0.13576  0.02369  16.53  -0.07   602 24 Themis         
284901 3.10228 0.15505  0.01670  16.77  -0.06   602 24 Themis         
285027 3.16282 0.15292  0.02356  16.21   0.06   602 24 Themis         
285031 3.21353 0.14295  0.02599  16.22   0.18   602 24 Themis         
285046 3.18081 0.13670  0.02431  16.59   0.09   602 24 Themis         
285137 3.08767 0.16179  0.02872  16.93  -0.08   602 24 Themis         
285318 3.04880 0.13722  0.02684  16.87  -0.14   602 24 Themis         
285329 3.15512 0.13890  0.01863  16.33   0.04   602 24 Themis         
285416 3.11972 0.14446  0.02898  16.58  -0.03   602 24 Themis         
285474 3.07645 0.15045  0.03371  16.92  -0.10   602 24 Themis         
285507 3.11431 0.15893  0.02050  16.50  -0.04   602 24 Themis         
285699 3.06393 0.12275  0.02193  15.73  -0.20   602 24 Themis         
285780 3.19162 0.15805  0.02357  15.45   0.19   602 24 Themis         
286014 3.11132 0.17437  0.01789  15.66  -0.07   602 24 Themis         
286046 3.14529 0.15021  0.02377  16.09   0.03   602 24 Themis         
286399 3.15200 0.15270  0.02348  15.93   0.05   602 24 Themis         
286544 3.12704 0.13560  0.02050  16.59   0.00   602 24 Themis         
287294 3.16381 0.14860  0.01836  16.57   0.06   602 24 Themis         
288081 3.20320 0.15992  0.02983  16.51   0.14   602 24 Themis         
288408 3.21050 0.13733  0.02771  15.80   0.21   602 24 Themis         
288553 3.14712 0.14176  0.01880  16.42   0.03   602 24 Themis         
288673 3.11019 0.17842  0.01994  16.23  -0.06   602 24 Themis         
288872 3.17841 0.15744  0.02086  16.32   0.10   602 24 Themis         
288979 3.14501 0.11964  0.01990  16.32   0.02   602 24 Themis         
288995 3.21869 0.12995  0.02150  16.35   0.18   602 24 Themis         
289042 3.07702 0.12678  0.02386  16.50  -0.12   602 24 Themis         
289074 3.11779 0.15965  0.02036  16.21  -0.04   602 24 Themis         
289115 3.05850 0.16409  0.02608  16.27  -0.17   602 24 Themis         
289245 3.15106 0.16119  0.03061  15.99   0.04   602 24 Themis         
289248 3.22069 0.13627  0.03343  15.68   0.25   602 24 Themis         
289641 3.15351 0.15196  0.02313  16.04   0.05   602 24 Themis         
289875 3.16142 0.15267  0.02321  16.46   0.05   602 24 Themis         
289933 3.04571 0.15115  0.02155  16.59  -0.17   602 24 Themis         
289935 3.19098 0.15420  0.02152  16.48   0.11   602 24 Themis         
290082 3.22367 0.14058  0.02044  15.98   0.23   602 24 Themis         
290103 3.12274 0.17281  0.02016  16.29  -0.03   602 24 Themis         
290331 3.21528 0.13511  0.01655  16.04   0.20   602 24 Themis         
290341 3.08516 0.14151  0.03337  16.90  -0.08   602 24 Themis         
290378 3.10285 0.14776  0.02088  16.13  -0.08   602 24 Themis         
290448 3.05974 0.14634  0.02729  16.17  -0.17   602 24 Themis         
290470 3.21259 0.11804  0.02028  16.10   0.19   602 24 Themis         
290513 3.10176 0.16123  0.02884  16.14  -0.08   602 24 Themis         
290661 3.08338 0.14284  0.01697  17.17  -0.08   602 24 Themis         
290667 3.12948 0.14435  0.02125  16.49   0.00   602 24 Themis         
290674 3.11295 0.14965  0.02154  16.35  -0.05   602 24 Themis         
290855 3.15396 0.13381  0.02110  15.93   0.05   602 24 Themis         
290877 3.12540 0.15852  0.02121  15.90  -0.02   602 24 Themis         
290878 3.12450 0.13137  0.02261  16.42  -0.02   602 24 Themis         
290902 3.18975 0.15752  0.02760  16.35   0.12   602 24 Themis         
290925 3.07365 0.14765  0.02119  17.07  -0.09   602 24 Themis         
290928 3.18932 0.17110  0.02542  15.98   0.14   602 24 Themis         
290947 3.10654 0.14706  0.02396  15.96  -0.07   602 24 Themis         
290977 3.19492 0.13357  0.02802  16.42   0.13   602 24 Themis         
291013 3.07676 0.16259  0.02608  16.27  -0.13   602 24 Themis         
291026 3.12740 0.15180  0.01556  16.52   0.00   602 24 Themis         
291052 3.11966 0.13543  0.03202  16.33  -0.03   602 24 Themis         
291053 3.14188 0.12330  0.01949  16.00   0.02   602 24 Themis         
291061 3.17432 0.13864  0.02442  16.04   0.10   602 24 Themis         
291121 3.14450 0.14533  0.01828  16.31   0.02   602 24 Themis         
291126 3.21967 0.15841  0.03398  16.11   0.20   602 24 Themis         
291150 3.10852 0.14853  0.02091  16.49  -0.05   602 24 Themis         
291176 3.10973 0.15290  0.02227  16.51  -0.05   602 24 Themis         
291197 3.17614 0.16865  0.02265  16.61   0.08   602 24 Themis         
291247 3.17117 0.12725  0.02017  16.19   0.08   602 24 Themis         
291330 3.07628 0.13894  0.02899  16.39  -0.12   602 24 Themis         
291350 3.17434 0.13103  0.02323  16.20   0.09   602 24 Themis         
291373 3.08720 0.14980  0.02392  16.31  -0.10   602 24 Themis         
291482 3.16079 0.15243  0.02327  16.40   0.06   602 24 Themis         
291505 3.16214 0.12607  0.02319  16.40   0.06   602 24 Themis         
291565 3.04917 0.15964  0.03353  16.61  -0.16   602 24 Themis         
291647 3.08730 0.15139  0.01810  16.50  -0.09   602 24 Themis         
291738 3.11374 0.13162  0.03537  16.00  -0.05   602 24 Themis         
291773 3.18008 0.15601  0.01904  16.34   0.10   602 24 Themis         
292015 3.14890 0.13702  0.01866  16.43   0.03   602 24 Themis         
292126 3.09645 0.13139  0.03210  15.92  -0.10   602 24 Themis         
292239 3.17436 0.15118  0.01959  16.17   0.09   602 24 Themis         
292251 3.11353 0.14803  0.01842  16.59  -0.04   602 24 Themis         
292256 3.11181 0.13176  0.02354  17.14  -0.03   602 24 Themis         
292330 3.14703 0.13726  0.02756  16.54   0.02   602 24 Themis         
292526 3.16351 0.14741  0.01789  16.31   0.06   602 24 Themis         
292528 3.20534 0.14344  0.02428  16.77   0.13   602 24 Themis         
292532 3.23378 0.13723  0.02591  16.35   0.21   602 24 Themis         
292533 3.23388 0.12750  0.01595  16.17   0.23   602 24 Themis         
292594 3.09093 0.15333  0.02548  16.35  -0.09   602 24 Themis         
292618 3.18603 0.15085  0.03188  16.23   0.12   602 24 Themis         
292656 3.08686 0.14592  0.01883  16.31  -0.10   602 24 Themis         
292698 3.04808 0.15117  0.02129  16.87  -0.15   602 24 Themis         
292890 3.13032 0.14185  0.02484  16.04   0.00   602 24 Themis         
292978 3.09022 0.14041  0.03323  16.35  -0.10   602 24 Themis         
293032 3.14915 0.17655  0.01904  16.27   0.03   602 24 Themis         
293048 3.21750 0.15224  0.02593  16.27   0.18   602 24 Themis         
293118 3.09986 0.14139  0.01846  16.26  -0.08   602 24 Themis         
293123 3.13710 0.16189  0.02210  16.86   0.00   602 24 Themis         
293151 3.12651 0.15131  0.02139  16.69   0.00   602 24 Themis         
293247 3.21768 0.17643  0.01899  16.14   0.20   602 24 Themis         
293329 3.12187 0.13695  0.02456  15.69  -0.04   602 24 Themis         
293338 3.19287 0.14196  0.02813  16.18   0.14   602 24 Themis         
293376 3.07608 0.14425  0.03217  16.58  -0.11   602 24 Themis         
293388 3.08468 0.13948  0.01913  16.23  -0.11   602 24 Themis         
293398 3.19958 0.16185  0.02004  16.15   0.15   602 24 Themis         
293447 3.18819 0.15244  0.01590  16.40   0.11   602 24 Themis         
293464 3.15202 0.13686  0.02525  15.88   0.05   602 24 Themis         
293773 3.19583 0.14361  0.02548  15.92   0.16   602 24 Themis         
294423 3.10032 0.13333  0.02183  15.97  -0.09   602 24 Themis         
294718 3.08430 0.15722  0.02330  16.50  -0.10   602 24 Themis         
294767 3.22351 0.15176  0.02236  16.00   0.22   602 24 Themis         
294895 3.08822 0.12432  0.02063  16.08  -0.11   602 24 Themis         
294931 3.14821 0.15980  0.02477  16.53   0.03   602 24 Themis         
295029 3.08331 0.14172  0.03315  16.14  -0.12   602 24 Themis         
295382 3.13996 0.14943  0.03320  16.06   0.00   602 24 Themis         
295557 3.05282 0.17415  0.02370  16.11  -0.20   602 24 Themis         
295597 3.11426 0.15433  0.02116  16.05  -0.05   602 24 Themis         
295679 3.16344 0.15181  0.02348  16.64   0.05   602 24 Themis         
295688 3.09122 0.14485  0.02239  16.46  -0.09   602 24 Themis         
295692 3.04367 0.16687  0.02754  16.67  -0.17   602 24 Themis         
295880 3.11171 0.17004  0.01700  17.08  -0.03   602 24 Themis         
295906 3.12409 0.14857  0.01995  16.46  -0.02   602 24 Themis         
296051 3.18645 0.14843  0.02765  16.30   0.11   602 24 Themis         
296053 3.18537 0.14489  0.02070  16.67   0.09   602 24 Themis         
296094 3.14747 0.13887  0.02337  16.34   0.03   602 24 Themis         
296113 3.12666 0.14510  0.02336  16.48  -0.02   602 24 Themis         
296181 3.10327 0.15329  0.01587  16.79  -0.05   602 24 Themis         
296191 3.22601 0.14591  0.02798  16.13   0.22   602 24 Themis         
296574 3.14880 0.15257  0.02345  17.04   0.02   602 24 Themis         
296582 3.08999 0.15163  0.03557  16.52  -0.09   602 24 Themis         
296598 3.10369 0.15935  0.02530  16.91  -0.05   602 24 Themis         
296669 3.10142 0.15340  0.02327  15.94  -0.09   602 24 Themis         
296698 3.14182 0.12154  0.01957  16.45   0.02   602 24 Themis         
296706 3.20813 0.12530  0.01796  15.83   0.20   602 24 Themis         
296742 3.14003 0.17213  0.02229  15.87   0.00   602 24 Themis         
296835 3.14198 0.14094  0.02050  16.86   0.00   602 24 Themis         
296975 3.06608 0.15712  0.02622  16.41  -0.14   602 24 Themis         
297077 3.06695 0.15338  0.02275  16.33  -0.15   602 24 Themis         
297140 3.18750 0.14591  0.01901  16.12   0.13   602 24 Themis         
297216 3.16457 0.13909  0.02162  15.87   0.08   602 24 Themis         
297257 3.06079 0.14963  0.01938  16.62  -0.14   602 24 Themis         
297636 3.13482 0.14527  0.02442  16.01   0.00   602 24 Themis         
297664 3.04984 0.15747  0.02629  15.81  -0.23   602 24 Themis         
297812 3.12336 0.16796  0.02063  16.11  -0.03   602 24 Themis         
297833 3.15536 0.14256  0.02037  16.55   0.04   602 24 Themis         
297903 3.12945 0.14228  0.02605  16.35   0.00   602 24 Themis         
298759 3.19035 0.12986  0.01659  16.62   0.11   602 24 Themis         
299268 3.12613 0.13882  0.02532  16.68  -0.02   602 24 Themis         
299286 3.13081 0.14209  0.02530  16.31   0.00   602 24 Themis         
299311 3.16144 0.15287  0.02345  16.30   0.06   602 24 Themis         
299344 3.22518 0.15537  0.02546  16.24   0.20   602 24 Themis         
299754 3.04642 0.13533  0.02347  16.65  -0.16   602 24 Themis         
299756 3.07631 0.13443  0.02588  16.10  -0.14   602 24 Themis         
299924 3.09800 0.14412  0.02374  16.59  -0.07   602 24 Themis         
299929 3.10797 0.14386  0.02956  16.32  -0.06   602 24 Themis         
299935 3.09948 0.14936  0.01892  16.37  -0.07   602 24 Themis         
299936 3.09048 0.15615  0.02818  16.99  -0.07   602 24 Themis         
299938 3.14799 0.15231  0.02349  16.51   0.03   602 24 Themis         
299945 3.22839 0.13861  0.02444  16.12   0.22   602 24 Themis         
299996 3.11857 0.15712  0.03290  16.38  -0.03   602 24 Themis         
300000 3.09740 0.14607  0.02458  16.89  -0.06   602 24 Themis         
300003 3.10823 0.14386  0.02980  16.67  -0.05   602 24 Themis         
300023 3.09902 0.14744  0.01776  16.45  -0.07   602 24 Themis         
300031 3.11446 0.14410  0.03107  16.37  -0.04   602 24 Themis         
300035 3.15324 0.13881  0.01855  16.57   0.04   602 24 Themis         
300040 3.03726 0.16095  0.02298  16.33  -0.21   602 24 Themis         
300054 3.18493 0.15019  0.02203  16.41   0.11   602 24 Themis         
300064 3.10627 0.14500  0.01711  16.46  -0.06   602 24 Themis         
300071 3.07645 0.13651  0.02878  16.54  -0.11   602 24 Themis         
300105 3.10277 0.15395  0.02431  16.32  -0.07   602 24 Themis         
300127 3.16678 0.16544  0.02728  16.14   0.08   602 24 Themis         
300137 3.14935 0.14025  0.01903  16.63   0.03   602 24 Themis         
300141 3.19932 0.16556  0.02725  16.21   0.15   602 24 Themis         
300143 3.12189 0.14952  0.02101  15.98  -0.03   602 24 Themis         
300144 3.10113 0.15035  0.02035  16.59  -0.06   602 24 Themis         
300147 3.15749 0.15237  0.02412  16.18   0.05   602 24 Themis         
300149 3.11087 0.15230  0.03318  16.14  -0.06   602 24 Themis         
300153 3.10869 0.13970  0.02951  16.09  -0.06   602 24 Themis         
300164 3.15688 0.14955  0.02919  16.67   0.04   602 24 Themis         
300196 3.15688 0.17802  0.03284  16.87   0.04   602 24 Themis         
300202 3.12293 0.13660  0.02359  16.30  -0.03   602 24 Themis         
300212 3.14822 0.15401  0.01746  16.54   0.03   602 24 Themis         
300214 3.12759 0.14097  0.02354  16.36   0.00   602 24 Themis         
300892 3.10820 0.14548  0.01782  16.26  -0.06   602 24 Themis         
301506 3.20707 0.14397  0.02470  15.88   0.19   602 24 Themis         
301522 3.14071 0.12152  0.02033  16.15   0.00   602 24 Themis         
301850 3.14274 0.15960  0.02298  16.56   0.02   602 24 Themis         
302427 3.10386 0.15506  0.02629  16.25  -0.07   602 24 Themis         
302438 3.22109 0.11672  0.01871  16.65   0.16   602 24 Themis         
302825 3.12436 0.14861  0.01755  16.16  -0.02   602 24 Themis         
303683 3.06194 0.16786  0.02346  15.96  -0.19   602 24 Themis         
303699 3.09577 0.16210  0.02614  16.41  -0.08   602 24 Themis         
303737 3.17314 0.18116  0.02678  15.81   0.11   602 24 Themis         
303754 3.16457 0.14902  0.01887  16.62   0.06   602 24 Themis         
303755 3.14769 0.14193  0.02806  16.16   0.03   602 24 Themis         
303814 3.17014 0.12901  0.02513  16.47   0.07   602 24 Themis         
303843 3.18263 0.12957  0.02017  16.37   0.10   602 24 Themis         
303847 3.22042 0.16287  0.02842  16.20   0.20   602 24 Themis         
303868 3.17431 0.12778  0.02329  16.49   0.08   602 24 Themis         
303918 3.16343 0.14848  0.01997  16.30   0.06   602 24 Themis         
303927 3.11539 0.15111  0.01888  16.27  -0.04   602 24 Themis         
303931 3.09214 0.16601  0.02399  17.02  -0.07   602 24 Themis         
304367 3.05660 0.16526  0.02264  16.30  -0.17   602 24 Themis         
304497 3.09355 0.14640  0.03690  15.91  -0.11   602 24 Themis         
304594 3.12484 0.12935  0.02732  16.60  -0.02   602 24 Themis         
304598 3.05954 0.14465  0.02264  17.22  -0.11   602 24 Themis         
304602 3.09773 0.15068  0.02408  16.47  -0.07   602 24 Themis         
304660 3.04764 0.14428  0.02471  16.15  -0.20   602 24 Themis         
304673 3.08802 0.13051  0.02231  16.55  -0.09   602 24 Themis         
304686 3.09230 0.15108  0.01671  17.07  -0.07   602 24 Themis         
304705 3.09362 0.14482  0.01710  16.61  -0.08   602 24 Themis         
304743 3.09719 0.13499  0.02961  16.66  -0.07   602 24 Themis         
304761 3.19228 0.17417  0.01997  16.65   0.11   602 24 Themis         
304769 3.18938 0.16887  0.02844  16.38   0.12   602 24 Themis         
305352 3.16518 0.14130  0.02307  16.57   0.06   602 24 Themis         
305444 3.21239 0.12772  0.02251  16.55   0.15   602 24 Themis         
305446 3.22646 0.13684  0.03407  16.04   0.23   602 24 Themis         
305521 3.13128 0.14293  0.02544  16.00   0.00   602 24 Themis         
305534 3.14677 0.15507  0.01961  16.11   0.03   602 24 Themis         
305535 3.11304 0.16295  0.02168  16.54  -0.04   602 24 Themis         
305838 3.08491 0.15038  0.02393  16.50  -0.10   602 24 Themis         
305926 3.20238 0.14585  0.02020  16.62   0.13   602 24 Themis         
306116 3.23403 0.13436  0.02827  15.97   0.25   602 24 Themis         
306337 3.11188 0.14597  0.02581  16.07  -0.06   602 24 Themis         
306338 3.09629 0.15313  0.01955  16.52  -0.08   602 24 Themis         
307127 3.10909 0.15935  0.02180  16.38  -0.05   602 24 Themis         
307193 3.13087 0.14045  0.02591  16.40   0.00   602 24 Themis         
308340 3.15852 0.14863  0.01863  16.13   0.06   602 24 Themis         
308364 3.05849 0.13029  0.03056  16.34  -0.16   602 24 Themis         
308401 3.17442 0.14844  0.02511  16.33   0.09   602 24 Themis         
308405 3.04322 0.15918  0.03164  16.66  -0.17   602 24 Themis         
308406 3.16785 0.14301  0.02517  16.78   0.06   602 24 Themis         
308421 3.21369 0.12292  0.01926  16.73   0.14   602 24 Themis         
308422 3.20760 0.11904  0.02126  16.43   0.15   602 24 Themis         
308426 3.10309 0.14996  0.01903  16.62  -0.06   602 24 Themis         
308439 3.12739 0.15245  0.01881  16.33  -0.02   602 24 Themis         
308446 3.12431 0.12011  0.02697  16.46  -0.02   602 24 Themis         
308469 3.18407 0.14444  0.01650  16.33   0.11   602 24 Themis         
308477 3.08906 0.14147  0.03309  16.21  -0.10   602 24 Themis         
308498 3.19513 0.13984  0.03063  16.60   0.12   602 24 Themis         
308505 3.08216 0.14780  0.02455  16.16  -0.12   602 24 Themis         
308552 3.15565 0.14791  0.02443  16.20   0.05   602 24 Themis         
308570 3.18763 0.14241  0.02301  16.30   0.12   602 24 Themis         
308593 3.19760 0.15769  0.02124  16.31   0.14   602 24 Themis         
309116 3.08561 0.14737  0.01823  16.76  -0.09   602 24 Themis         
309154 3.10650 0.15597  0.02147  15.90  -0.07   602 24 Themis         
309155 3.11373 0.14154  0.02057  16.59  -0.04   602 24 Themis         
309586 3.09841 0.13351  0.02694  16.16  -0.08   602 24 Themis         
309678 3.13096 0.14120  0.02435  15.96   0.00   602 24 Themis         
309695 3.16958 0.13546  0.02186  16.21   0.08   602 24 Themis         
309699 3.08804 0.14147  0.03339  16.47  -0.09   602 24 Themis         
309708 3.13432 0.12910  0.02101  16.29   0.00   602 24 Themis         
310120 3.09676 0.13737  0.02291  16.56  -0.07   602 24 Themis         
310204 3.16131 0.14961  0.02270  15.75   0.08   602 24 Themis         
310216 3.15990 0.15915  0.02858  16.23   0.06   602 24 Themis         
310351 3.10529 0.15305  0.02495  16.64  -0.05   602 24 Themis         
310381 3.11401 0.12949  0.02697  16.65  -0.04   602 24 Themis         
310410 3.14171 0.14791  0.01661  16.76   0.00   602 24 Themis         
310874 3.08291 0.13993  0.02343  16.60  -0.10   602 24 Themis         
311368 3.08518 0.12304  0.02128  16.28  -0.11   602 24 Themis         
311389 3.12253 0.16406  0.01845  16.47  -0.02   602 24 Themis         
311391 3.10634 0.14329  0.01839  16.54  -0.06   602 24 Themis         
311405 3.15628 0.14019  0.03447  16.10   0.05   602 24 Themis         
311425 3.04878 0.16937  0.02614  16.95  -0.14   602 24 Themis         
311446 3.11111 0.15881  0.02063  16.30  -0.05   602 24 Themis         
311493 3.16422 0.15226  0.02311  16.66   0.06   602 24 Themis         
311507 3.15290 0.15223  0.02355  16.19   0.04   602 24 Themis         
311516 3.16684 0.14860  0.02265  16.01   0.08   602 24 Themis         
311521 3.16625 0.15006  0.02727  16.00   0.08   602 24 Themis         
311576 3.02876 0.14260  0.02551  16.42  -0.22   602 24 Themis         
311962 3.09654 0.14758  0.03603  16.73  -0.07   602 24 Themis         
312401 3.07198 0.13175  0.02789  16.30  -0.14   602 24 Themis         
312404 3.09777 0.15488  0.02276  16.56  -0.07   602 24 Themis         
312721 3.09547 0.15928  0.02714  15.60  -0.12   602 24 Themis         
312742 3.07638 0.15564  0.03064  16.20  -0.13   602 24 Themis         
312764 3.23737 0.12828  0.02449  15.93   0.27   602 24 Themis         
312767 3.11542 0.15101  0.02816  16.77  -0.03   602 24 Themis         
312783 3.11005 0.14406  0.02982  16.34  -0.05   602 24 Themis         
312911 3.15254 0.13749  0.01885  16.85   0.03   602 24 Themis         
313686 3.20536 0.14818  0.01442  16.00   0.18   602 24 Themis         
314014 3.16578 0.16707  0.03022  16.39   0.07   602 24 Themis         
314313 3.08207 0.14810  0.01620  16.95  -0.09   602 24 Themis         
314369 3.16196 0.15217  0.02318  16.22   0.06   602 24 Themis         
314397 3.06058 0.15318  0.01804  17.02  -0.12   602 24 Themis         
314427 3.10027 0.14567  0.01591  16.43  -0.07   602 24 Themis         
314446 3.08355 0.14093  0.03323  17.00  -0.08   602 24 Themis         
314454 3.09952 0.14530  0.03615  16.67  -0.06   602 24 Themis         
314488 3.10895 0.14422  0.02999  17.18  -0.04   602 24 Themis         
314553 3.20785 0.15544  0.02333  16.63   0.14   602 24 Themis         
314565 3.14540 0.13246  0.03774  16.12   0.03   602 24 Themis         
314581 3.22178 0.13293  0.01800  16.11   0.21   602 24 Themis         
314599 3.16857 0.18264  0.01985  17.28   0.05   602 24 Themis         
315140 3.12951 0.13534  0.02533  16.53   0.00   602 24 Themis         
315161 3.08628 0.13142  0.02251  16.21  -0.11   602 24 Themis         
315162 3.13202 0.14303  0.02441  16.43   0.00   602 24 Themis         
315834 3.13298 0.14583  0.01754  16.38   0.00   602 24 Themis         
316110 3.08915 0.15986  0.02739  16.09  -0.11   602 24 Themis         
316122 3.06505 0.14742  0.02242  16.15  -0.16   602 24 Themis         
316298 3.21984 0.16171  0.02711  16.86   0.14   602 24 Themis         
316483 3.13260 0.15195  0.01846  16.07   0.00   602 24 Themis         
316595 3.16805 0.13323  0.01716  16.75   0.06   602 24 Themis         
316621 3.09499 0.13460  0.03001  16.66  -0.07   602 24 Themis         
316834 3.19510 0.13804  0.01965  16.39   0.13   602 24 Themis         
317177 3.18624 0.14657  0.02547  15.76   0.15   602 24 Themis         
317301 3.05201 0.16575  0.03252  16.54  -0.16   602 24 Themis         
317431 3.10646 0.14733  0.02325  16.07  -0.07   602 24 Themis         
317490 3.13901 0.16960  0.02011  15.82   0.00   602 24 Themis         
317550 3.10653 0.14976  0.01573  16.08  -0.07   602 24 Themis         
318234 3.05763 0.14739  0.02830  16.06  -0.19   602 24 Themis         
318284 3.09389 0.14512  0.02168  16.51  -0.08   602 24 Themis         
318342 3.11893 0.16024  0.02042  16.02  -0.04   602 24 Themis         
318347 3.12526 0.15313  0.02208  15.97  -0.02   602 24 Themis         
318599 3.17415 0.14250  0.01919  15.90   0.10   602 24 Themis         
318801 3.08912 0.15245  0.02094  16.65  -0.08   602 24 Themis         
318931 3.02262 0.12924  0.02322  16.96  -0.18   602 24 Themis         
319001 3.05800 0.17665  0.01805  17.42  -0.10   602 24 Themis         
319142 3.19950 0.18285  0.03182  16.70   0.12   602 24 Themis         
319146 3.04296 0.14446  0.02491  16.26  -0.20   602 24 Themis         
319157 3.04526 0.13838  0.03723  15.83  -0.24   602 24 Themis         
319189 3.09306 0.15111  0.01764  16.79  -0.07   602 24 Themis         
319218 3.13451 0.15556  0.02644  16.21   0.00   602 24 Themis         
319244 3.09699 0.13062  0.03092  16.17  -0.09   602 24 Themis         
319250 3.16839 0.17307  0.02345  16.15   0.08   602 24 Themis         
319263 3.14809 0.15093  0.02656  16.24   0.03   602 24 Themis         
319266 3.06627 0.17626  0.02244  16.43  -0.14   602 24 Themis         
319268 3.09161 0.14598  0.02399  15.65  -0.13   602 24 Themis         
319274 3.06514 0.16049  0.02675  16.62  -0.13   602 24 Themis         
319276 3.16241 0.15245  0.02342  16.79   0.05   602 24 Themis         
319277 3.16571 0.15382  0.02804  16.16   0.07   602 24 Themis         
319289 3.18151 0.13489  0.01926  16.55   0.09   602 24 Themis         
319349 3.17436 0.14453  0.02940  16.18   0.09   602 24 Themis         
319365 3.13953 0.14903  0.02182  16.31   0.00   602 24 Themis         
319464 3.17078 0.14037  0.02541  16.00   0.09   602 24 Themis         
319514 3.21107 0.12451  0.02811  16.44   0.16   602 24 Themis         
319595 3.14641 0.14992  0.02244  16.34   0.03   602 24 Themis         
320058 3.08405 0.14169  0.01971  16.45  -0.10   602 24 Themis         
320077 3.08503 0.13859  0.03252  16.18  -0.11   602 24 Themis         
320079 3.10922 0.15106  0.01923  16.50  -0.05   602 24 Themis         
320106 3.10643 0.14995  0.01503  16.31  -0.06   602 24 Themis         
320108 3.06571 0.17449  0.02144  16.21  -0.16   602 24 Themis         
320163 3.16612 0.13076  0.02761  16.52   0.06   602 24 Themis         
320226 3.06789 0.15405  0.01778  16.29  -0.15   602 24 Themis         
320257 3.08260 0.14418  0.01715  16.31  -0.11   602 24 Themis         
320271 3.14552 0.15504  0.02576  16.12   0.03   602 24 Themis         
320303 3.14453 0.13634  0.02369  15.98   0.03   602 24 Themis         
320446 3.10645 0.14857  0.01856  16.70  -0.05   602 24 Themis         
321000 3.18466 0.18209  0.02528  16.53   0.10   602 24 Themis         
321076 3.05110 0.12741  0.03259  16.73  -0.15   602 24 Themis         
321090 3.15687 0.15425  0.02893  15.92   0.06   602 24 Themis         
321093 3.16804 0.13220  0.02651  16.32   0.07   602 24 Themis         
321175 3.21565 0.13086  0.02361  15.98   0.21   602 24 Themis         
321221 3.09670 0.15299  0.02063  16.71  -0.07   602 24 Themis         
321290 3.13132 0.13717  0.02315  15.92   0.00   602 24 Themis         
321347 3.09308 0.14627  0.02007  16.64  -0.08   602 24 Themis         
321388 3.10651 0.14592  0.03450  16.32  -0.06   602 24 Themis         
321447 3.23028 0.15082  0.02169  15.96   0.25   602 24 Themis         
321481 3.19712 0.15192  0.02771  16.34   0.14   602 24 Themis         
321626 3.18414 0.15995  0.03054  15.97   0.13   602 24 Themis         
321665 3.16167 0.15183  0.02301  16.47   0.06   602 24 Themis         
322007 3.10972 0.14404  0.02994  15.98  -0.06   602 24 Themis         
322334 3.20785 0.16321  0.01615  16.44   0.15   602 24 Themis         
322700 3.14587 0.15210  0.02392  16.29   0.03   602 24 Themis         
323024 3.12737 0.18621  0.02928  16.09  -0.02   602 24 Themis         
323038 3.18575 0.18179  0.01458  15.65   0.15   602 24 Themis         
323354 3.12041 0.14161  0.02763  16.07  -0.03   602 24 Themis         
323367 3.13514 0.13846  0.02430  15.86   0.00   602 24 Themis         
323595 3.15387 0.15449  0.01839  16.17   0.05   602 24 Themis         
323628 3.12093 0.16011  0.02043  16.91  -0.02   602 24 Themis         
324026 3.08311 0.15251  0.01787  16.88  -0.09   602 24 Themis         
324170 3.06774 0.14906  0.01794  17.06  -0.10   602 24 Themis         
324179 3.10645 0.14625  0.03425  17.05  -0.04   602 24 Themis         
324211 3.10927 0.14414  0.02993  16.78  -0.04   602 24 Themis         
324226 3.17502 0.16946  0.01934  16.33   0.09   602 24 Themis         
324230 3.11908 0.15985  0.02059  16.50  -0.03   602 24 Themis         
324232 3.17435 0.17060  0.01514  16.59   0.08   602 24 Themis         
324269 3.17428 0.13654  0.02307  16.74   0.07   602 24 Themis         
324274 3.21471 0.17956  0.02260  16.42   0.17   602 24 Themis         
324283 3.12689 0.14940  0.01925  16.55   0.00   602 24 Themis         
324302 3.15524 0.17132  0.02628  15.94   0.05   602 24 Themis         
324687 3.09173 0.13970  0.01959  16.64  -0.08   602 24 Themis         
324795 3.05624 0.15318  0.02526  16.57  -0.15   602 24 Themis         
325591 3.17436 0.15341  0.01618  16.32   0.09   602 24 Themis         
325980 3.10638 0.14114  0.02312  16.71  -0.05   602 24 Themis         
326063 3.16020 0.12766  0.02946  16.46   0.05   602 24 Themis         
326075 3.06905 0.15514  0.02455  16.43  -0.14   602 24 Themis         
326143 3.11098 0.14479  0.02010  16.80  -0.04   602 24 Themis         
326175 3.12783 0.14266  0.02356  16.50   0.00   602 24 Themis         
326179 3.15732 0.14098  0.02973  16.38   0.05   602 24 Themis         
326191 3.15254 0.15591  0.02090  16.54   0.04   602 24 Themis         
326199 3.22068 0.14497  0.01992  16.37   0.18   602 24 Themis         
326262 3.09704 0.15966  0.02242  16.82  -0.06   602 24 Themis         
326512 3.10493 0.14618  0.03076  16.64  -0.06   602 24 Themis         
326557 3.10852 0.14892  0.01937  16.39  -0.05   602 24 Themis         
326559 3.17757 0.13853  0.02398  16.21   0.10   602 24 Themis         
326620 3.17441 0.14688  0.01827  16.26   0.09   602 24 Themis         
326745 3.11791 0.13963  0.02829  17.05  -0.03   602 24 Themis         
326815 3.16128 0.14898  0.01900  16.36   0.06   602 24 Themis         
326886 3.21190 0.11730  0.02204  16.52   0.15   602 24 Themis         
327081 3.13677 0.17643  0.01977  16.56   0.00   602 24 Themis         
327492 3.17489 0.14261  0.01886  16.38   0.09   602 24 Themis         
327574 3.12861 0.14132  0.02629  16.64   0.00   602 24 Themis         
327607 3.21519 0.14314  0.02216  16.02   0.20   602 24 Themis         
327993 3.09848 0.16134  0.02012  17.13  -0.05   602 24 Themis         
328422 3.08265 0.17917  0.01586  16.52  -0.10   602 24 Themis         
328436 3.20819 0.16156  0.02180  16.59   0.14   602 24 Themis         
328466 3.18709 0.12822  0.02044  16.17   0.12   602 24 Themis         
328699 3.15777 0.13841  0.02492  16.62   0.04   602 24 Themis         
328846 3.12681 0.14270  0.02406  16.19  -0.02   602 24 Themis         
328873 3.03972 0.16083  0.03308  16.49  -0.19   602 24 Themis         
329052 3.10688 0.14683  0.01636  16.57  -0.05   602 24 Themis         
329071 3.15111 0.15091  0.02357  16.51   0.03   602 24 Themis         
329096 3.07067 0.14885  0.03151  16.77  -0.11   602 24 Themis         
329100 3.12088 0.13725  0.02662  17.00  -0.02   602 24 Themis         
329238 3.15481 0.14893  0.02600  16.42   0.04   602 24 Themis         
329453 3.10792 0.15877  0.01863  16.43  -0.06   602 24 Themis         
329482 3.15681 0.14383  0.01894  16.51   0.04   602 24 Themis         
329494 3.12623 0.15038  0.02219  15.98  -0.02   602 24 Themis         
329553 3.17757 0.14494  0.01850  16.66   0.08   602 24 Themis         
329681 3.04559 0.15145  0.01824  16.13  -0.21   602 24 Themis         
329695 3.09996 0.15248  0.03250  16.54  -0.07   602 24 Themis         
330688 3.11923 0.14069  0.03167  16.30  -0.03   602 24 Themis         
330776 3.12388 0.13894  0.02170  16.32  -0.02   602 24 Themis         
330799 3.18365 0.13355  0.02508  15.84   0.13   602 24 Themis         
330944 3.04846 0.15415  0.02518  16.47  -0.17   602 24 Themis         
331183 3.05456 0.13375  0.03266  16.35  -0.17   602 24 Themis         
331363 3.06545 0.12348  0.02133  16.77  -0.12   602 24 Themis         
331373 3.16956 0.15065  0.02350  16.34   0.08   602 24 Themis         
331739 3.05406 0.14669  0.03497  15.53  -0.25   602 24 Themis         
332175 3.05325 0.13407  0.03497  16.93  -0.13   602 24 Themis         
332200 3.16428 0.15192  0.02317  17.00   0.05   602 24 Themis         
332205 3.13144 0.17625  0.01873  16.85   0.00   602 24 Themis         
332223 3.21055 0.16093  0.02650  16.98   0.12   602 24 Themis         
332243 3.09517 0.14206  0.03329  16.42  -0.08   602 24 Themis         
332244 3.21685 0.15079  0.02734  16.33   0.18   602 24 Themis         
332561 3.04835 0.13318  0.03748  16.34  -0.19   602 24 Themis         
332645 3.12674 0.17747  0.01721  16.50  -0.02   602 24 Themis         
332647 3.10674 0.15977  0.02167  16.10  -0.07   602 24 Themis         
332648 3.03662 0.12676  0.02882  16.57  -0.19   602 24 Themis         
332662 3.11833 0.13356  0.03221  16.32  -0.04   602 24 Themis         
332705 3.06962 0.16389  0.02518  16.30  -0.14   602 24 Themis         
333249 3.10913 0.15183  0.02608  16.58  -0.05   602 24 Themis         
333798 3.16134 0.15227  0.02336  16.50   0.05   602 24 Themis         
334197 3.13544 0.15067  0.02052  16.30   0.00   602 24 Themis         
334206 3.13492 0.13919  0.03002  15.95   0.00   602 24 Themis         
335637 3.10228 0.14322  0.01670  15.89  -0.09   602 24 Themis         
335643 3.07100 0.17696  0.02827  16.72  -0.12   602 24 Themis         
335895 3.08303 0.13950  0.02975  16.09  -0.12   602 24 Themis         
335899 3.09415 0.16610  0.02332  16.31  -0.09   602 24 Themis         
335925 3.05757 0.13815  0.02320  16.17  -0.18   602 24 Themis         
335930 3.14588 0.15722  0.02693  16.16   0.03   602 24 Themis         
335934 3.09559 0.14939  0.01945  16.65  -0.07   602 24 Themis         
335941 3.11763 0.14534  0.02358  15.73  -0.05   602 24 Themis         
335957 3.13251 0.13898  0.02447  16.49   0.00   602 24 Themis         
336025 3.10640 0.15073  0.01680  16.13  -0.07   602 24 Themis         
336709 3.13478 0.13986  0.02510  16.31   0.00   602 24 Themis         
336750 3.07633 0.14661  0.03233  16.64  -0.11   602 24 Themis         
336849 3.03908 0.15681  0.02860  16.14  -0.23   602 24 Themis         
336976 3.08898 0.14846  0.01807  16.21  -0.10   602 24 Themis         
337025 3.16534 0.15308  0.02373  16.41   0.06   602 24 Themis         
337033 3.18297 0.12772  0.02505  16.78   0.09   602 24 Themis         
337036 3.18638 0.14385  0.03056  16.03   0.13   602 24 Themis         
337047 3.08421 0.14524  0.02045  16.64  -0.09   602 24 Themis         
337436 3.10083 0.15112  0.01975  16.50  -0.07   602 24 Themis         
337538 3.09790 0.17165  0.02185  16.46  -0.07   602 24 Themis         
337560 3.09664 0.15619  0.02385  15.73  -0.11   602 24 Themis         
337587 3.11634 0.15887  0.02096  16.61  -0.03   602 24 Themis         
337682 3.10631 0.14297  0.03115  16.41  -0.06   602 24 Themis         
337717 3.16947 0.14697  0.01915  15.92   0.09   602 24 Themis         
337747 3.09051 0.14201  0.01728  15.84  -0.12   602 24 Themis         
337770 3.13704 0.12465  0.03005  16.16   0.00   602 24 Themis         
337805 3.13740 0.15924  0.02789  16.53   0.00   602 24 Themis         
337839 3.12309 0.16419  0.02173  16.85  -0.02   602 24 Themis         
337879 3.14920 0.14995  0.02338  16.05   0.04   602 24 Themis         
337882 3.17441 0.16780  0.02756  16.21   0.09   602 24 Themis         
337914 3.15254 0.17775  0.02808  16.10   0.04   602 24 Themis         
338430 3.14173 0.16112  0.02497  16.29   0.02   602 24 Themis         
338925 3.09847 0.14091  0.02229  16.22  -0.08   602 24 Themis         
339442 3.11032 0.15138  0.02798  16.35  -0.05   602 24 Themis         
339551 3.09879 0.16575  0.01899  16.51  -0.07   602 24 Themis         
340615 3.10943 0.16354  0.02760  16.30  -0.06   602 24 Themis         
340654 3.22111 0.13183  0.02638  16.09   0.21   602 24 Themis         
340719 3.14699 0.14432  0.02234  16.33   0.03   602 24 Themis         
340732 3.20235 0.15328  0.02932  16.17   0.16   602 24 Themis         
340758 3.21965 0.14894  0.03165  16.37   0.18   602 24 Themis         
341351 3.05771 0.13852  0.02139  16.16  -0.18   602 24 Themis         
341382 3.10208 0.13362  0.02548  16.02  -0.08   602 24 Themis         
341391 3.06317 0.15606  0.02667  16.77  -0.13   602 24 Themis         
341465 3.10985 0.13365  0.02814  17.00  -0.04   602 24 Themis         
341479 3.09637 0.13448  0.01737  16.45  -0.08   602 24 Themis         
341570 3.04899 0.14155  0.03531  16.33  -0.19   602 24 Themis         
341572 3.16064 0.14489  0.01878  16.79   0.05   602 24 Themis         
341584 3.05695 0.16541  0.02372  16.48  -0.16   602 24 Themis         
341594 3.15055 0.14443  0.02120  16.14   0.04   602 24 Themis         
341639 3.09906 0.15172  0.02779  16.23  -0.08   602 24 Themis         
341660 3.09567 0.15524  0.02260  16.38  -0.08   602 24 Themis         
341661 3.09766 0.12517  0.02280  16.33  -0.08   602 24 Themis         
341665 3.10650 0.13443  0.02918  16.00  -0.07   602 24 Themis         
341666 3.10630 0.15611  0.01970  16.31  -0.06   602 24 Themis         
341747 3.09325 0.16399  0.01554  16.86  -0.07   602 24 Themis         
341770 3.13208 0.15348  0.02602  16.11   0.00   602 24 Themis         
341799 3.14341 0.14248  0.02272  16.18   0.02   602 24 Themis         
341801 3.11535 0.16163  0.02057  15.88  -0.05   602 24 Themis         
341812 3.10563 0.14647  0.03005  16.93  -0.05   602 24 Themis         
341823 3.12944 0.14056  0.02419  16.46   0.00   602 24 Themis         
341833 3.17437 0.13529  0.02473  16.49   0.08   602 24 Themis         
342615 3.19405 0.15524  0.02242  16.35   0.13   602 24 Themis         
343012 3.09675 0.18065  0.01880  16.44  -0.08   602 24 Themis         
343042 3.09573 0.16797  0.02541  16.32  -0.08   602 24 Themis         
343044 3.16128 0.17293  0.02744  16.30   0.06   602 24 Themis         
343100 3.10886 0.14813  0.01796  15.95  -0.07   602 24 Themis         
343111 3.10217 0.16174  0.01258  16.81  -0.06   602 24 Themis         
343117 3.19125 0.16549  0.01793  15.90   0.15   602 24 Themis         
343555 3.08277 0.13673  0.02851  16.45  -0.11   602 24 Themis         
343577 3.13530 0.13918  0.02945  16.57   0.00   602 24 Themis         
344251 3.07574 0.15208  0.03302  16.12  -0.14   602 24 Themis         
344256 3.04441 0.13721  0.01861  16.51  -0.18   602 24 Themis         
344307 3.11623 0.17397  0.02258  16.41  -0.04   602 24 Themis         
344320 3.12454 0.14142  0.03180  16.06  -0.02   602 24 Themis         
344356 3.14794 0.16652  0.02172  16.57   0.03   602 24 Themis         
344367 3.11421 0.14880  0.01613  16.23  -0.05   602 24 Themis         
344368 3.11133 0.15211  0.01709  16.02  -0.06   602 24 Themis         
345546 3.11930 0.15866  0.02172  16.51  -0.03   602 24 Themis         
345558 3.11701 0.14856  0.02421  16.12  -0.04   602 24 Themis         
345563 3.10439 0.14523  0.01285  16.96  -0.05   602 24 Themis         
345567 3.10013 0.14057  0.02842  16.72  -0.06   602 24 Themis         
345591 3.14481 0.12309  0.01839  16.59   0.02   602 24 Themis         
345592 3.16387 0.14318  0.02478  16.67   0.05   602 24 Themis         
345593 3.19523 0.13998  0.02475  15.90   0.16   602 24 Themis         
345596 3.21451 0.14703  0.01866  16.64   0.15   602 24 Themis         
345608 3.16136 0.15142  0.01917  16.66   0.05   602 24 Themis         
345619 3.17438 0.16980  0.01817  16.90   0.07   602 24 Themis         
345622 3.12617 0.14940  0.03283  16.37  -0.02   602 24 Themis         
345707 3.22600 0.13571  0.02469  16.56   0.18   602 24 Themis         
345710 3.17018 0.14421  0.02473  16.18   0.08   602 24 Themis         
345934 3.15157 0.14082  0.03534  16.21   0.04   602 24 Themis         
346106 3.10316 0.17304  0.02610  16.58  -0.06   602 24 Themis         
346159 3.15261 0.15253  0.02596  16.47   0.04   602 24 Themis         
346163 3.08594 0.14440  0.01555  16.51  -0.10   602 24 Themis         
346168 3.12221 0.16002  0.02066  16.81  -0.02   602 24 Themis         
346184 3.08966 0.15220  0.02096  16.37  -0.10   602 24 Themis         
346218 3.16117 0.15211  0.02334  16.71   0.05   602 24 Themis         
346706 3.09392 0.16245  0.02856  16.18  -0.09   602 24 Themis         
346822 3.11129 0.15248  0.02081  16.79  -0.04   602 24 Themis         
346855 3.10940 0.17761  0.02170  16.29  -0.06   602 24 Themis         
346858 3.11563 0.11485  0.02532  16.41  -0.04   602 24 Themis         
346872 3.21089 0.15456  0.02874  16.23   0.17   602 24 Themis         
346878 3.14536 0.14410  0.02739  16.42   0.02   602 24 Themis         
347302 3.12936 0.14328  0.02397  16.37   0.00   602 24 Themis         
347397 3.12930 0.15616  0.03015  16.29   0.00   602 24 Themis         
347457 3.08927 0.14316  0.01742  16.88  -0.08   602 24 Themis         
348527 3.07633 0.14541  0.02144  16.83  -0.10   602 24 Themis         
348822 3.15373 0.15504  0.02294  16.78   0.03   602 24 Themis         
348831 3.11617 0.16162  0.02055  16.44  -0.04   602 24 Themis         
348871 3.10921 0.16775  0.02181  16.61  -0.05   602 24 Themis         
348874 3.09246 0.15801  0.02269  16.69  -0.08   602 24 Themis         
348879 3.10277 0.14947  0.02185  17.04  -0.05   602 24 Themis         
348895 3.09786 0.13160  0.03417  16.48  -0.07   602 24 Themis         
348925 3.10858 0.15005  0.02090  16.39  -0.05   602 24 Themis         
348948 3.21877 0.14070  0.02433  16.10   0.20   602 24 Themis         
348958 3.16237 0.14902  0.03143  16.40   0.06   602 24 Themis         
348971 3.17140 0.12479  0.01996  16.29   0.08   602 24 Themis         
348980 3.20063 0.16240  0.02363  16.76   0.12   602 24 Themis         
348996 3.15778 0.14455  0.01883  16.63   0.04   602 24 Themis         
349002 3.08429 0.14366  0.02134  16.56  -0.10   602 24 Themis         
349021 3.10679 0.13549  0.02020  16.29  -0.06   602 24 Themis         
349028 3.08938 0.14137  0.01670  16.62  -0.09   602 24 Themis         
349038 3.16071 0.13744  0.02177  16.89   0.04   602 24 Themis         
349062 3.09617 0.16614  0.02617  16.24  -0.09   602 24 Themis         
349185 3.05709 0.17154  0.02893  16.85  -0.13   602 24 Themis         
349280 3.04908 0.13259  0.03646  16.85  -0.15   602 24 Themis         
349410 3.16207 0.14624  0.01687  16.66   0.05   602 24 Themis         
349427 3.23131 0.14219  0.02987  16.48   0.20   602 24 Themis         
349488 3.16761 0.14602  0.02086  16.05   0.08   602 24 Themis         
349885 3.06247 0.14188  0.02670  16.76  -0.13   602 24 Themis         
349892 3.20346 0.16778  0.02134  16.34   0.15   602 24 Themis         
350177 3.03741 0.15918  0.03154  16.41  -0.20   602 24 Themis         
350318 3.11546 0.17190  0.02129  17.07  -0.03   602 24 Themis         
350335 3.11272 0.14525  0.01909  16.46  -0.04   602 24 Themis         
350546 3.18588 0.18181  0.03092  15.97   0.13   602 24 Themis         
350755 3.17395 0.16641  0.02684  16.40   0.08   602 24 Themis         
350757 3.12867 0.14176  0.02416  16.20   0.00   602 24 Themis         
350770 3.11664 0.12392  0.02096  17.03  -0.03   602 24 Themis         
350807 3.16414 0.15239  0.02338  16.52   0.06   602 24 Themis         
351474 3.09202 0.16602  0.03102  16.62  -0.08   602 24 Themis         
351532 3.15134 0.15263  0.02288  16.63   0.03   602 24 Themis         
351926 3.11112 0.15725  0.02147  17.00  -0.04   602 24 Themis         
351939 3.10312 0.14956  0.03094  16.57  -0.06   602 24 Themis         
351965 3.13427 0.17249  0.01929  16.75   0.00   602 24 Themis         
352010 3.09360 0.17057  0.02522  17.18  -0.06   602 24 Themis         
352023 3.11010 0.16947  0.02335  17.05  -0.04   602 24 Themis         
352027 3.04485 0.15576  0.02336  17.06  -0.14   602 24 Themis         
352028 3.14416 0.14678  0.01732  17.00   0.02   602 24 Themis         
352072 3.10444 0.15340  0.02294  16.68  -0.06   602 24 Themis         
352083 3.10658 0.15621  0.02200  16.98  -0.04   602 24 Themis         
352423 3.20164 0.14508  0.02964  16.31   0.15   602 24 Themis         
352480 3.11857 0.15978  0.02056  16.31  -0.03   602 24 Themis         
352522 3.04029 0.16605  0.02970  16.93  -0.15   602 24 Themis         
352559 3.21153 0.15716  0.02019  16.30   0.17   602 24 Themis         
352565 3.05290 0.15099  0.02021  16.31  -0.18   602 24 Themis         
352600 3.09196 0.13607  0.02404  17.06  -0.07   602 24 Themis         
353105 3.16428 0.14688  0.02579  16.27   0.07   602 24 Themis         
353155 3.10589 0.14318  0.03555  16.11  -0.07   602 24 Themis         
353558 3.09219 0.15211  0.02346  16.73  -0.08   602 24 Themis         
353675 3.10663 0.15324  0.01848  16.66  -0.05   602 24 Themis         
353765 3.22007 0.15273  0.01979  16.04   0.21   602 24 Themis         
353896 3.04276 0.13361  0.03242  16.82  -0.16   602 24 Themis         
353934 3.08762 0.14177  0.01838  16.56  -0.09   602 24 Themis         
354157 3.10442 0.14825  0.02626  16.72  -0.05   602 24 Themis         
354159 3.10285 0.15136  0.02539  16.48  -0.06   602 24 Themis         
354212 3.17415 0.15199  0.02011  16.66   0.07   602 24 Themis         
354214 3.10280 0.13757  0.02019  16.54  -0.06   602 24 Themis         
354543 3.11703 0.14390  0.02135  16.65  -0.03   602 24 Themis         
354737 3.16922 0.15156  0.01914  16.85   0.06   602 24 Themis         
355147 3.08781 0.14397  0.01899  16.91  -0.08   602 24 Themis         
355164 3.09641 0.16188  0.02175  17.25  -0.05   602 24 Themis         
355166 3.09000 0.15069  0.02300  16.90  -0.07   602 24 Themis         
355180 3.09484 0.14083  0.03183  16.81  -0.07   602 24 Themis         
355192 3.08870 0.14597  0.02000  16.84  -0.08   602 24 Themis         
355200 3.10470 0.14664  0.02280  16.67  -0.06   602 24 Themis         
355201 3.15887 0.14805  0.01913  16.79   0.04   602 24 Themis         
355615 3.15669 0.14982  0.01814  16.58   0.04   602 24 Themis         
355617 3.10011 0.14383  0.01998  16.55  -0.07   602 24 Themis         
355701 3.22553 0.14226  0.02896  16.31   0.20   602 24 Themis         
355705 3.09018 0.15733  0.02012  16.59  -0.09   602 24 Themis         
355706 3.10908 0.16201  0.02440  16.70  -0.05   602 24 Themis         
355715 3.16352 0.14780  0.02276  16.50   0.06   602 24 Themis         
356754 3.10651 0.15408  0.02928  16.61  -0.05   602 24 Themis         
357165 3.10441 0.15016  0.01827  16.63  -0.06   602 24 Themis         
357168 3.12723 0.15550  0.01613  16.73   0.00   602 24 Themis         
357216 3.18883 0.13035  0.02060  16.45   0.11   602 24 Themis         
357741 3.15688 0.13592  0.03008  16.23   0.05   602 24 Themis         
357829 3.19966 0.13414  0.02338  16.52   0.13   602 24 Themis         
357835 3.10219 0.15044  0.02553  16.34  -0.07   602 24 Themis         
357844 3.05477 0.13168  0.02783  16.61  -0.15   602 24 Themis         
357845 3.16326 0.15431  0.02276  16.65   0.05   602 24 Themis         
357874 3.10285 0.14507  0.02094  16.55  -0.06   602 24 Themis         
357878 3.14716 0.14920  0.01988  16.64   0.02   602 24 Themis         
357914 3.15987 0.13275  0.01843  16.90   0.04   602 24 Themis         
357930 3.15565 0.14400  0.01865  16.09   0.05   602 24 Themis         
357934 3.20803 0.14751  0.02839  16.49   0.15   602 24 Themis         
358181 3.07680 0.14887  0.01988  16.68  -0.11   602 24 Themis         
358312 3.09863 0.14392  0.02046  16.81  -0.06   602 24 Themis         
358333 3.09995 0.12909  0.02799  16.88  -0.06   602 24 Themis         
358347 3.07575 0.14392  0.03186  17.20  -0.09   602 24 Themis         
358403 3.09558 0.14672  0.01618  17.01  -0.06   602 24 Themis         
358456 3.13872 0.15529  0.02634  16.67   0.00   602 24 Themis         
358462 3.12151 0.13290  0.02571  16.14  -0.03   602 24 Themis         
358908 3.13946 0.14797  0.02055  16.58   0.00   602 24 Themis         
358918 3.22631 0.14080  0.02771  16.56   0.18   602 24 Themis         
358927 3.11258 0.13648  0.02385  17.03  -0.03   602 24 Themis         
358933 3.15852 0.15115  0.02625  16.57   0.05   602 24 Themis         
359069 3.07048 0.15467  0.01749  16.67  -0.12   602 24 Themis         
359703 3.13356 0.13925  0.02381  16.83   0.00   602 24 Themis         
359764 3.12962 0.14257  0.02376  17.01   0.00   602 24 Themis         
359829 3.08930 0.14524  0.02716  17.12  -0.07   602 24 Themis         
359906 3.18811 0.14033  0.02772  16.85   0.09   602 24 Themis         
359913 3.04839 0.12649  0.03145  16.87  -0.15   602 24 Themis         
359999 3.13883 0.16257  0.01945  17.22   0.00   602 24 Themis         
360000 3.17460 0.17320  0.02289  16.37   0.09   602 24 Themis         
360110 3.10684 0.15927  0.02598  16.44  -0.06   602 24 Themis         
360400 3.08611 0.13608  0.01866  16.83  -0.08   602 24 Themis         
360971 3.20800 0.13766  0.02545  16.40   0.15   602 24 Themis         
360972 3.08608 0.14557  0.02130  16.46  -0.10   602 24 Themis         
360974 3.08623 0.14015  0.02361  16.62  -0.09   602 24 Themis         
360977 3.18873 0.17803  0.02385  16.69   0.10   602 24 Themis         
360990 3.08101 0.11961  0.02301  16.92  -0.09   602 24 Themis         
361009 3.16804 0.14799  0.01748  16.89   0.06   602 24 Themis         
361441 3.05912 0.14958  0.01971  16.95  -0.12   602 24 Themis         
361442 3.12309 0.13811  0.02688  17.23  -0.02   602 24 Themis         
361443 3.10662 0.16205  0.02757  16.91  -0.05   602 24 Themis         
361451 3.08238 0.14183  0.03304  16.91  -0.09   602 24 Themis         
361458 3.13997 0.16104  0.01749  16.88   0.00   602 24 Themis         
361464 3.15881 0.14812  0.03357  16.16   0.06   602 24 Themis         
361469 3.22293 0.14204  0.01922  16.63   0.17   602 24 Themis         
361502 3.14891 0.15210  0.02298  16.60   0.03   602 24 Themis         
361526 3.17437 0.14080  0.02187  16.63   0.08   602 24 Themis         
361905 3.05172 0.16331  0.03110  16.74  -0.15   602 24 Themis         
362307 3.08941 0.14199  0.03356  16.14  -0.11   602 24 Themis         
362366 3.14979 0.12036  0.01750  16.30   0.03   602 24 Themis         
362525 3.19961 0.13608  0.02177  16.52   0.13   602 24 Themis         
362583 3.16003 0.13920  0.02473  16.40   0.05   602 24 Themis         
362807 3.15038 0.15291  0.02362  16.59   0.03   602 24 Themis         
362816 3.16631 0.15724  0.02328  16.50   0.06   602 24 Themis         
362869 3.10837 0.14459  0.02997  16.12  -0.06   602 24 Themis         
362910 3.14780 0.13677  0.02456  16.51   0.03   602 24 Themis         
363115 3.14462 0.14626  0.02217  16.31   0.02   602 24 Themis         
363443 3.14006 0.14837  0.02566  16.54   0.00   602 24 Themis         
363462 3.23328 0.13190  0.01945  16.36   0.21   602 24 Themis         
363692 3.08846 0.14871  0.02113  15.90  -0.12   602 24 Themis         
363981 3.09911 0.15759  0.01841  17.24  -0.05   602 24 Themis         
364070 3.07616 0.17801  0.02189  17.13  -0.09   602 24 Themis         
364083 3.07052 0.14448  0.02162  16.52  -0.13   602 24 Themis         
364479 3.09513 0.14647  0.02622  16.46  -0.08   602 24 Themis         
364480 3.11026 0.14570  0.01839  16.63  -0.05   602 24 Themis         
364485 3.13628 0.15798  0.01813  16.59   0.00   602 24 Themis         
364503 3.11420 0.15459  0.02686  16.52  -0.04   602 24 Themis         
364512 3.10824 0.14633  0.01919  16.68  -0.05   602 24 Themis         
364513 3.23353 0.14325  0.02387  16.54   0.19   602 24 Themis         
364517 3.16643 0.15228  0.02324  17.00   0.05   602 24 Themis         
364557 3.10267 0.16515  0.02844  16.88  -0.05   602 24 Themis         
365266 3.14198 0.16319  0.02840  15.94   0.02   602 24 Themis         
365297 3.11853 0.15365  0.02063  16.46  -0.03   602 24 Themis         
365366 3.14552 0.15325  0.02372  16.61   0.02   602 24 Themis         
365397 3.13308 0.11927  0.02182  16.70   0.00   602 24 Themis         
365400 3.11429 0.15932  0.01990  16.47  -0.04   602 24 Themis         
365930 3.16590 0.15300  0.02338  16.79   0.06   602 24 Themis         
365949 3.04710 0.17246  0.02571  16.57  -0.17   602 24 Themis         
365958 3.05738 0.13553  0.03666  16.92  -0.13   602 24 Themis         
365979 3.18555 0.13650  0.01946  16.88   0.09   602 24 Themis         
366075 3.12572 0.12801  0.02134  16.72  -0.02   602 24 Themis         
366123 3.23051 0.14324  0.02453  15.95   0.25   602 24 Themis         
366147 3.13583 0.12512  0.02403  16.78   0.00   602 24 Themis         
366193 3.10645 0.14568  0.02377  16.52  -0.06   602 24 Themis         
366490 3.23225 0.14109  0.01961  16.53   0.19   602 24 Themis         
366532 3.15359 0.15218  0.02364  16.50   0.04   602 24 Themis         
366562 3.19351 0.16845  0.02273  16.27   0.13   602 24 Themis         
366707 3.11886 0.14501  0.01785  16.31  -0.03   602 24 Themis         
367043 3.19210 0.15546  0.02193  16.33   0.12   602 24 Themis         
367044 3.13090 0.13454  0.02920  16.32   0.00   602 24 Themis         
367226 3.10191 0.16035  0.01923  16.60  -0.06   602 24 Themis         
367442 3.18781 0.15852  0.02307  16.17   0.12   602 24 Themis         
367877 3.15765 0.14177  0.01893  16.84   0.04   602 24 Themis         
367878 3.21082 0.13204  0.01634  16.12   0.18   602 24 Themis         
368001 3.09257 0.14917  0.01978  16.25  -0.09   602 24 Themis         
368003 3.20762 0.16483  0.02927  16.57   0.14   602 24 Themis         
368110 3.14484 0.14252  0.01801  16.20   0.02   602 24 Themis         
368359 3.14870 0.15338  0.02344  17.10   0.02   602 24 Themis         
368395 3.15014 0.15736  0.02374  16.28   0.03   602 24 Themis         
368406 3.16117 0.14399  0.01913  16.70   0.05   602 24 Themis         
368422 3.06487 0.13330  0.03800  16.46  -0.14   602 24 Themis         
368823 3.06352 0.14628  0.02217  16.99  -0.11   602 24 Themis         
368859 3.13525 0.15644  0.02516  16.27   0.00   602 24 Themis         
369166 3.21719 0.15921  0.02631  16.54   0.16   602 24 Themis         
369235 3.22976 0.14358  0.02363  16.45   0.20   602 24 Themis         
369433 3.09662 0.15833  0.02727  16.11  -0.09   602 24 Themis         
369653 3.10647 0.16235  0.02161  16.63  -0.05   602 24 Themis         
369818 3.03476 0.14775  0.02219  16.58  -0.19   602 24 Themis         
369904 3.06497 0.16520  0.02739  16.16  -0.16   602 24 Themis         
369912 3.12783 0.15082  0.01814  16.27   0.00   602 24 Themis         
370076 3.17995 0.15269  0.01802  16.28   0.10   602 24 Themis         
370331 3.14446 0.11879  0.01988  16.34   0.02   602 24 Themis         
370379 3.17473 0.13982  0.02564  15.98   0.10   602 24 Themis         
370417 3.14504 0.11956  0.02056  16.67   0.02   602 24 Themis         
370446 3.19546 0.17248  0.02724  16.45   0.13   602 24 Themis         
370448 3.20014 0.15073  0.02870  16.34   0.14   602 24 Themis         
370879 3.12421 0.15382  0.02662  16.21  -0.02   602 24 Themis         
370899 3.13762 0.15036  0.01849  16.20   0.00   602 24 Themis         
371272 3.09318 0.14610  0.02154  16.31  -0.09   602 24 Themis         
371310 3.16643 0.15957  0.02779  16.28   0.07   602 24 Themis         
371316 3.10168 0.14626  0.02222  16.58  -0.06   602 24 Themis         
371325 3.09990 0.13237  0.02380  16.52  -0.07   602 24 Themis         
371343 3.10013 0.14972  0.01646  16.35  -0.07   602 24 Themis         
372061 3.07712 0.15726  0.01920  16.71  -0.10   602 24 Themis         
372072 3.04591 0.15362  0.02509  16.85  -0.15   602 24 Themis         
372115 3.16442 0.14714  0.01831  16.83   0.05   602 24 Themis         
372138 3.10424 0.14968  0.01943  16.07  -0.07   602 24 Themis         
372158 3.11825 0.14816  0.02760  16.06  -0.04   602 24 Themis         
372176 3.09579 0.14858  0.01985  17.03  -0.06   602 24 Themis         
372179 3.13314 0.15469  0.01878  16.61   0.00   602 24 Themis         
372207 3.08461 0.14095  0.01959  16.35  -0.11   602 24 Themis         
372224 3.13520 0.18264  0.02388  16.31   0.00   602 24 Themis         
372253 3.13295 0.13066  0.02889  16.82   0.00   602 24 Themis         
372258 3.19416 0.12676  0.02555  16.30   0.13   602 24 Themis         
372267 3.16453 0.14558  0.01846  16.84   0.05   602 24 Themis         
372280 3.16790 0.15337  0.02425  16.44   0.07   602 24 Themis         
372302 3.15929 0.14491  0.01951  16.67   0.05   602 24 Themis         
372305 3.13868 0.16464  0.01574  17.04   0.00   602 24 Themis         
372308 3.09282 0.15873  0.02932  16.33  -0.09   602 24 Themis         
372312 3.23065 0.12452  0.02314  16.43   0.20   602 24 Themis         
372319 3.19967 0.13003  0.02155  16.74   0.12   602 24 Themis         
372321 3.14419 0.14069  0.02596  16.04   0.02   602 24 Themis         
372324 3.14657 0.16585  0.02206  16.48   0.02   602 24 Themis         
372757 3.20647 0.14530  0.02425  16.48   0.15   602 24 Themis         
372766 3.15745 0.16280  0.01934  16.91   0.04   602 24 Themis         
372938 3.08535 0.13111  0.02098  16.76  -0.09   602 24 Themis         
373009 3.17157 0.14808  0.01921  16.55   0.07   602 24 Themis         
373096 3.13850 0.14476  0.02041  16.03   0.00   602 24 Themis         
373366 3.11674 0.18093  0.02189  16.52  -0.04   602 24 Themis         
373461 3.11875 0.13315  0.03501  16.25  -0.04   602 24 Themis         
373525 3.21523 0.16375  0.02078  15.89   0.21   602 24 Themis         
373747 3.11090 0.15095  0.02637  16.07  -0.06   602 24 Themis         
373777 3.13922 0.13349  0.02390  16.79   0.00   602 24 Themis         
373796 3.12955 0.14198  0.02448  16.59   0.00   602 24 Themis         
373805 3.14011 0.15823  0.03248  15.84   0.02   602 24 Themis         
373812 3.11795 0.15195  0.01854  16.43  -0.03   602 24 Themis         
373817 3.15234 0.14643  0.01923  16.69   0.03   602 24 Themis         
373993 3.12672 0.15552  0.03151  16.64   0.00   602 24 Themis         
374631 3.13806 0.14366  0.01882  16.16   0.00   602 24 Themis         
374650 3.06112 0.14524  0.02806  16.44  -0.15   602 24 Themis         
374888 3.08307 0.15343  0.02178  16.92  -0.08   602 24 Themis         
375071 3.22200 0.14351  0.03046  16.04   0.22   602 24 Themis         
375086 3.19252 0.13898  0.02118  16.93   0.10   602 24 Themis         
375089 3.12496 0.15565  0.02187  16.26  -0.02   602 24 Themis         
375091 3.19335 0.14352  0.02939  16.42   0.12   602 24 Themis         
375110 3.13240 0.12143  0.01939  15.96   0.00   602 24 Themis         
375124 3.18756 0.17017  0.02309  16.78   0.09   602 24 Themis         
375396 3.07750 0.14905  0.02425  16.97  -0.09   602 24 Themis         
375441 3.04382 0.17045  0.02686  17.34  -0.12   602 24 Themis         
375520 3.13181 0.12183  0.01969  16.07   0.00   602 24 Themis         
375546 3.10524 0.17190  0.02833  16.83  -0.05   602 24 Themis         
375547 3.20824 0.14544  0.02382  16.58   0.14   602 24 Themis         
375561 3.12954 0.14990  0.02364  16.55   0.00   602 24 Themis         
375595 3.10435 0.15792  0.02135  17.30  -0.04   602 24 Themis         
375606 3.08217 0.14038  0.01711  16.55  -0.10   602 24 Themis         
375614 3.15636 0.12749  0.02753  16.42   0.05   602 24 Themis         
375635 3.15472 0.15553  0.02363  16.57   0.04   602 24 Themis         
375638 3.09580 0.15230  0.03246  16.78  -0.07   602 24 Themis         
375643 3.19382 0.17174  0.01836  17.22   0.09   602 24 Themis         
375650 3.06973 0.13138  0.01946  16.28  -0.14   602 24 Themis         
376050 3.11416 0.13229  0.03509  17.02  -0.03   602 24 Themis         
376060 3.18426 0.14341  0.02392  16.67   0.09   602 24 Themis         
376063 3.16561 0.15616  0.02437  15.94   0.08   602 24 Themis         
376073 3.10634 0.14370  0.01760  16.90  -0.05   602 24 Themis         
376214 3.17431 0.15121  0.02974  16.84   0.07   602 24 Themis         
376250 3.11113 0.15330  0.02065  16.01  -0.06   602 24 Themis         
376282 3.16747 0.15775  0.02493  16.30   0.07   602 24 Themis         
376336 3.09556 0.14464  0.02271  16.65  -0.07   602 24 Themis         
377103 3.12568 0.17956  0.02835  16.50  -0.02   602 24 Themis         
377259 3.11935 0.15000  0.02590  16.14  -0.04   602 24 Themis         
377296 3.18083 0.14401  0.01944  17.00   0.07   602 24 Themis         
377491 3.05342 0.13116  0.02600  16.65  -0.15   602 24 Themis         
378383 3.09532 0.14153  0.01926  16.80  -0.07   602 24 Themis         
378404 3.16558 0.15281  0.02312  16.62   0.06   602 24 Themis         
378412 3.14912 0.13927  0.02273  16.84   0.03   602 24 Themis         
378436 3.12258 0.16052  0.02041  16.92  -0.02   602 24 Themis         
378442 3.09613 0.14439  0.01779  16.32  -0.08   602 24 Themis         
378500 3.12959 0.12501  0.02476  16.56   0.00   602 24 Themis         
378900 3.11256 0.13818  0.02654  17.06  -0.03   602 24 Themis         
379013 3.04390 0.14117  0.02778  16.49  -0.18   602 24 Themis         
379037 3.10870 0.14440  0.01950  16.22  -0.06   602 24 Themis         
379077 3.18510 0.14589  0.02210  16.77   0.09   602 24 Themis         
379118 3.15457 0.15667  0.02263  16.59   0.04   602 24 Themis         
379121 3.15105 0.13984  0.01965  16.46   0.03   602 24 Themis         
379438 3.15387 0.15165  0.02326  15.50   0.06   602 24 Themis         
379445 3.08305 0.14545  0.01503  16.46  -0.11   602 24 Themis         
379447 3.07665 0.16544  0.02599  16.39  -0.12   602 24 Themis         
379452 3.09371 0.15001  0.02634  16.77  -0.07   602 24 Themis         
379493 3.15645 0.14348  0.01766  16.70   0.04   602 24 Themis         
379667 3.16339 0.14648  0.02402  16.23   0.07   602 24 Themis         
379815 3.15759 0.14185  0.01902  16.55   0.05   602 24 Themis         
379969 3.15691 0.13703  0.02828  16.11   0.05   602 24 Themis         
380657 3.11670 0.16692  0.02795  16.52  -0.04   602 24 Themis         
380662 3.06016 0.16971  0.02271  16.09  -0.18   602 24 Themis         
380673 3.10585 0.16077  0.02522  16.85  -0.05   602 24 Themis         
381203 3.09722 0.14614  0.03316  16.66  -0.07   602 24 Themis         
381204 3.07630 0.14490  0.02424  17.26  -0.08   602 24 Themis         
381225 3.10940 0.15008  0.02081  16.71  -0.05   602 24 Themis         
381263 3.09887 0.14625  0.02369  16.43  -0.07   602 24 Themis         
381633 3.06191 0.15718  0.01986  17.13  -0.11   602 24 Themis         
381639 3.10647 0.14212  0.01700  17.03  -0.04   602 24 Themis         
381644 3.09105 0.15194  0.01808  16.40  -0.09   602 24 Themis         
381665 3.20461 0.14500  0.01739  17.15   0.10   602 24 Themis         
381670 3.15797 0.13377  0.01894  17.07   0.04   602 24 Themis         
381690 3.20507 0.14500  0.02378  16.32   0.15   602 24 Themis         
381924 3.15888 0.16560  0.01300  16.24   0.06   602 24 Themis         
381935 3.08174 0.14159  0.01919  16.71  -0.10   602 24 Themis         
381959 3.14020 0.14070  0.02210  17.11   0.00   602 24 Themis         
381969 3.09753 0.14464  0.01883  16.29  -0.08   602 24 Themis         
382277 3.20801 0.15307  0.02596  16.49   0.15   602 24 Themis         
382392 3.10652 0.13932  0.02706  16.21  -0.06   602 24 Themis         
382410 3.09194 0.16071  0.02130  16.78  -0.08   602 24 Themis         
383652 3.09533 0.15085  0.02453  16.20  -0.09   602 24 Themis         
383657 3.09144 0.14287  0.02946  16.42  -0.09   602 24 Themis         
383679 3.05592 0.13244  0.02296  16.82  -0.14   602 24 Themis         
383688 3.19972 0.18102  0.02713  16.07   0.16   602 24 Themis         
383694 3.11643 0.15064  0.01918  16.46  -0.04   602 24 Themis         
383715 3.17378 0.17550  0.01970  16.11   0.09   602 24 Themis         
383717 3.12642 0.14438  0.02285  16.23  -0.02   602 24 Themis         
383718 3.16249 0.15123  0.02540  16.28   0.06   602 24 Themis         
383722 3.17413 0.13307  0.02605  16.74   0.07   602 24 Themis         
383730 3.11988 0.15927  0.02045  16.98  -0.02   602 24 Themis         
383765 3.15337 0.15404  0.02519  16.77   0.03   602 24 Themis         
384140 3.10110 0.14945  0.01898  16.52  -0.07   602 24 Themis         
384207 3.18049 0.13899  0.01822  16.80   0.08   602 24 Themis         
384214 3.15203 0.14556  0.01837  16.60   0.03   602 24 Themis         
384254 3.17067 0.15208  0.02289  16.71   0.07   602 24 Themis         
384257 3.06913 0.14663  0.01799  16.73  -0.12   602 24 Themis         
384825 3.17997 0.16231  0.02769  16.70   0.08   602 24 Themis         
384945 3.10393 0.14443  0.02012  16.40  -0.06   602 24 Themis         
385148 3.20210 0.12587  0.02354  15.88   0.18   602 24 Themis         
385439 3.18672 0.12790  0.02527  16.53   0.10   602 24 Themis         
385906 3.11952 0.12237  0.01831  16.89  -0.03   602 24 Themis         
385909 3.16094 0.15291  0.02339  16.36   0.06   602 24 Themis         
386148 3.09451 0.14820  0.02417  16.55  -0.08   602 24 Themis         
386161 3.07619 0.16628  0.02430  16.99  -0.09   602 24 Themis         
386198 3.12482 0.14698  0.02887  16.93  -0.02   602 24 Themis         
386226 3.05211 0.15725  0.02611  16.80  -0.14   602 24 Themis         
386553 3.18490 0.16185  0.02656  16.30   0.11   602 24 Themis         
386574 3.09642 0.14169  0.01963  16.43  -0.08   602 24 Themis         
386602 3.11563 0.12043  0.02015  16.91  -0.03   602 24 Themis         
386848 3.09009 0.14468  0.02217  16.37  -0.09   602 24 Themis         
386961 3.10650 0.15665  0.03709  16.19  -0.06   602 24 Themis         
387023 3.22400 0.14560  0.02319  16.45   0.18   602 24 Themis         
387055 3.11662 0.16017  0.02004  16.62  -0.03   602 24 Themis         
387191 3.16622 0.15241  0.02373  16.82   0.05   602 24 Themis         
387198 3.22702 0.14137  0.02041  16.24   0.21   602 24 Themis         
387305 3.09432 0.13735  0.01806  16.20  -0.09   602 24 Themis         
387319 3.10447 0.14741  0.01929  16.74  -0.05   602 24 Themis         
387415 3.16694 0.16983  0.02323  16.28   0.07   602 24 Themis         
387465 3.14418 0.14133  0.03716  16.87   0.02   602 24 Themis         
387730 3.10373 0.16175  0.01335  17.18  -0.05   602 24 Themis         
387819 3.09444 0.15641  0.02774  17.01  -0.06   602 24 Themis         
388377 3.22136 0.13720  0.02495  16.65   0.16   602 24 Themis         
388381 3.14898 0.15100  0.02346  16.55   0.03   602 24 Themis         
388393 3.14624 0.15467  0.02810  16.76   0.02   602 24 Themis         
388397 3.15045 0.15247  0.02361  16.43   0.03   602 24 Themis         
388652 3.10831 0.15976  0.02050  16.67  -0.05   602 24 Themis         
388674 3.17330 0.15513  0.01882  16.99   0.06   602 24 Themis         
388724 3.09173 0.14737  0.01856  16.41  -0.09   602 24 Themis         
388725 3.06863 0.16200  0.02402  16.64  -0.12   602 24 Themis         
388728 3.05711 0.13606  0.02017  16.55  -0.15   602 24 Themis         
388762 3.10382 0.14815  0.01819  16.93  -0.05   602 24 Themis         
388808 3.19740 0.15476  0.02611  16.74   0.11   602 24 Themis         
388958 3.09490 0.15198  0.02355  16.93  -0.07   602 24 Themis         
389153 3.11101 0.16583  0.02381  16.81  -0.04   602 24 Themis         
389192 3.10451 0.14893  0.01917  16.80  -0.05   602 24 Themis         
389204 3.14591 0.12059  0.01941  16.55   0.02   602 24 Themis         
389210 3.09562 0.14527  0.01825  16.70  -0.07   602 24 Themis         
389230 3.09070 0.16841  0.02122  16.44  -0.09   602 24 Themis         
389235 3.11174 0.14939  0.02097  16.92  -0.04   602 24 Themis         
389238 3.16403 0.14142  0.01962  16.46   0.06   602 24 Themis         
389260 3.10123 0.15952  0.01986  16.46  -0.07   602 24 Themis         
389264 3.13524 0.14233  0.01877  16.75   0.00   602 24 Themis         
389265 3.09087 0.14548  0.02369  16.57  -0.08   602 24 Themis         
389283 3.15340 0.15277  0.02541  16.34   0.04   602 24 Themis         
389735 3.19092 0.17086  0.02361  16.31   0.12   602 24 Themis         
390027 3.03355 0.12727  0.03075  16.77  -0.18   602 24 Themis         
390051 3.22148 0.15303  0.02396  16.75   0.16   602 24 Themis         
390053 3.15084 0.12070  0.01962  16.84   0.03   602 24 Themis         
390060 3.09145 0.15548  0.02067  17.02  -0.07   602 24 Themis         
390141 3.12595 0.14418  0.02853  16.67  -0.02   602 24 Themis         
390180 3.13423 0.13562  0.02455  17.06   0.00   602 24 Themis         
390343 3.11137 0.14348  0.01949  16.34  -0.05   602 24 Themis         
390483 3.13800 0.11920  0.02108  16.64   0.00   602 24 Themis         
390857 3.20822 0.13877  0.02601  16.27   0.16   602 24 Themis         
390986 3.12705 0.12130  0.01972  16.71   0.00   602 24 Themis         
391345 3.14882 0.11953  0.01970  16.96   0.02   602 24 Themis         
391355 3.15563 0.15248  0.02411  16.91   0.04   602 24 Themis         
391650 3.15224 0.15165  0.02373  16.44   0.04   602 24 Themis         
391690 3.09170 0.14757  0.01956  16.72  -0.08   602 24 Themis         
391711 3.18303 0.13723  0.02777  16.62   0.09   602 24 Themis         
391738 3.12902 0.12329  0.02566  16.67   0.00   602 24 Themis         
391765 3.10011 0.12790  0.02285  16.71  -0.06   602 24 Themis         
391770 3.15899 0.14406  0.01775  16.67   0.05   602 24 Themis         
392136 3.09553 0.14691  0.02521  16.41  -0.08   602 24 Themis         
392143 3.13790 0.14665  0.02589  16.49   0.00   602 24 Themis         
392298 3.10985 0.15236  0.02057  16.76  -0.04   602 24 Themis         
392447 3.14910 0.15735  0.02879  16.37   0.03   602 24 Themis         
392860 3.08900 0.15274  0.02324  17.06  -0.07   602 24 Themis         
392861 3.12737 0.14060  0.02536  16.81   0.00   602 24 Themis         
392870 3.05175 0.15733  0.02872  17.18  -0.12   602 24 Themis         
393136 3.21377 0.14222  0.01841  16.32   0.17   602 24 Themis         
