spkid,pdes,H,diameter,albedo,rot_per,BV,UB,IR,spec_B,spec_T,e,a,q,i,diameter_category,special,resonance
20000024,24,7.22,198.0,0.067,8.374,0.684,0.336,,B,C,0.1153,3.143,2.78,0.74,>20 км,Родительское тело,Нет
20000062,62,8.91,106.921,0.048,9.2213,0.708,0.378,,Ch,BU,0.1681,3.13,2.604,2.24,>20 км,Указанный астероид,Нет
20000090,90,8.43,115.974,0.058,16.509,0.688,0.317,,C,C,0.1719,3.143,2.602,2.21,>20 км,Указанный астероид,Нет
20000171,171,8.63,130.808,0.076,6.66535,0.695,0.341,,C,C,0.1327,3.128,2.713,2.55,>20 км,Указанный астероид,Нет
20000222,222,9.62,55.35,0.128,7.8371,0.688,0.395,,,BU,0.1297,3.155,2.746,2.14,>20 км,Указанный астероид,Нет
20000223,223,9.87,79.806,0.02,20.283,0.706,0.285,,,X,0.1206,3.093,2.72,1.92,>20 км,Обычный,Нет
20000268,268,8.62,144.585,0.041,7.8,0.663,0.285,,,FC,0.137,3.091,2.668,2.44,>20 км,Обычный,Нет
20000316,316,10.15,56.067,0.061,8.605,,,,,,0.1276,3.184,2.778,2.35,>20 км,Обычный,2:1
20000379,379,9.11,84.787,0.046,14.141,0.672,0.287,,C,B,0.1792,3.143,2.579,1.67,>20 км,Обычный,Нет
20000383,383,10.06,43.482,0.04,6.426,0.682,0.352,,B,B,0.1687,3.138,2.609,2.66,>20 км,Обычный,Нет
20000461,461,10.49,43.603,0.057,7.348,0.61,0.31,,,FCX,0.1457,3.118,2.664,1.47,>20 км,Обычный,Нет
20000468,468,9.8,60.238,0.057,16.33,0.66,0.313,,,CPF,0.195,3.136,2.524,0.44,>20 км,Обычный,Нет
20000492,492,9.99,53.418,0.069,6.488,,,,,,0.1823,3.111,2.544,1.61,>20 км,Обычный,Нет
20000515,515,10.96,41.19,0.039,10.636,0.875,0.415,,Cb,I,0.1771,3.118,2.566,2.04,>20 км,Обычный,Нет
20000526,526,10.13,44.84,0.077,11.877,0.643,0.367,,,B,0.1246,3.129,2.739,2.17,>20 км,Обычный,Нет
20000561,561,11.43,31.562,0.058,12.012,0.745,,,,XCU,0.1231,3.171,2.781,1.55,>20 км,Обычный,Нет
20000621,621,11.15,29.726,0.127,11.776,0.65,0.285,,,FCX:,0.1366,3.127,2.699,2.3,>20 км,Обычный,Нет
20000656,656,10.05,62.604,0.045,7.035,,,,,,0.1309,3.157,2.744,0.52,>20 км,Обычный,Нет
20000710,710,11.14,29.208,0.075,8.288,,,,,,0.1311,3.13,2.72,1.75,>20 км,Обычный,Нет
20000767,767,10.18,43.039,0.095,8.3402,,,,B,,0.1856,3.122,2.542,2.41,>20 км,Обычный,Нет
20000848,848,11.31,33.027,0.069,45.479,,,,,,0.1619,3.11,2.607,1.05,>20 км,Обычный,Нет
20000936,936,10.53,43.227,0.065,8.83,,,,,,0.1745,3.135,2.588,2.37,>20 км,Обычный,Нет
20000938,938,11.3,33.466,0.046,19.204,,,,,,0.1942,3.15,2.539,2.67,>20 км,Обычный,Нет
20000946,946,10.6,36.21,0.097,108.5,0.667,0.336,,,FU,0.1435,3.121,2.673,1.43,>20 км,Обычный,Нет
20000954,954,10.16,58.771,0.06,7.207,0.625,0.31,,,FCX,0.1737,3.128,2.585,1.17,>20 км,Обычный,Нет
20000981,981,11.11,32.545,0.106,11.267,0.62,0.33,,,CFU:,0.2009,3.099,2.477,2.06,>20 км,Обычный,Нет
20000991,991,11.18,38.556,0.04,,0.66,0.37,,,C:,0.1624,3.136,2.626,2.07,>20 км,Обычный,Нет
20000996,996,11.17,29.128,0.12,10.05,0.686,0.392,,,B,0.1392,3.093,2.662,0.66,>20 км,Обычный,Нет
20001003,1003,10.77,33.678,0.13,8.255,,,,,,0.1612,3.142,2.636,1.84,>20 км,Обычный,Нет
20001027,1027,10.91,31.225,0.129,13.529,,,,,,0.1266,3.16,2.76,1.25,>20 км,Обычный,Нет
20001073,1073,11.77,25.992,0.045,11.32,,,,,,0.1867,3.184,2.59,1.6,>20 км,Обычный,2:1
20001074,1074,10.27,49.189,0.073,6.284,,,,,,0.1816,3.15,2.578,0.8,>20 км,Обычный,Нет
20001082,1082,10.53,42.607,0.052,15.8525,0.705,0.315,,,C,0.1788,3.125,2.566,1.85,>20 км,Обычный,Нет
20001229,1229,11.39,27.795,0.069,7.035,,,,,,0.1671,3.224,2.685,1.04,>20 км,Обычный,2:1
20001247,1247,10.67,38.906,0.078,18.79,0.68,0.29,,,CXF,0.1757,3.13,2.58,1.78,>20 км,Обычный,Нет
20001253,1253,12.16,21.682,0.077,14.557,,,,,,0.204,3.173,2.525,1.34,>20 км,Обычный,Нет
20001259,1259,10.59,36.111,0.066,17.334,,,,,,0.1213,3.117,2.739,2.38,>20 км,Обычный,Нет
20001302,1302,10.96,35.041,0.076,8.183,,,,,,0.1749,3.114,2.569,2.6,>20 км,Обычный,Нет
20001340,1340,11.21,29.451,0.095,3.525,,,,,,0.1204,3.201,2.815,0.41,>20 км,Обычный,2:1
20001445,1445,11.82,20.332,0.078,,0.658,0.332,,,C,0.1844,3.12,2.545,2.28,>20 км,Обычный,Нет
20001462,1462,11.39,27.366,0.087,10.4,,,,,,0.108,3.147,2.807,0.96,>20 км,Обычный,Нет
20001487,1487,11.3,25.671,0.097,11.025,,,,,,0.1243,3.136,2.746,2.47,>20 км,Обычный,Нет
20001539,1539,11.23,26.791,0.142,15.922,,,,B,,0.1931,3.145,2.538,1.73,>20 км,Обычный,Нет
20001576,1576,11.34,27.357,0.115,6.889,0.632,0.405,,,BU,0.1679,3.144,2.617,0.95,>20 км,Обычный,Нет
20001581,1581,11.15,29.508,0.093,102.8,0.659,0.351,,,BCU,0.1229,3.156,2.768,2.54,>20 км,Обычный,Нет
20001615,1615,11.53,29.139,0.06,17.0,0.692,0.329,,,B,0.1834,3.116,2.545,1.69,>20 км,Обычный,Нет
20001623,1623,11.46,27.851,0.075,20.5209,,,,,,0.1546,3.144,2.658,2.5,>20 км,Обычный,Нет
20001624,1624,11.44,26.27,0.085,5.877,,,,,,0.0943,3.189,2.888,2.0,>20 км,Обычный,2:1
20001633,1633,10.64,37.428,0.08,6.5911,,,,,,0.1289,3.186,2.775,2.67,>20 км,Обычный,2:1
20001669,1669,10.81,42.377,0.035,12.0,0.73,0.46,,,G:,0.1036,3.152,2.826,0.93,>20 км,Обычный,Нет
20001674,1674,11.29,32.386,0.063,8.02,0.79,0.53,,,,0.1273,3.194,2.787,2.66,>20 км,Обычный,2:1
20001686,1686,11.18,29.661,0.088,11.292,,,,,,0.1585,3.164,2.663,0.62,>20 км,Обычный,Нет
20001687,1687,10.76,37.85,0.141,6.498,0.67,0.38,,,,0.1681,3.167,2.635,2.63,>20 км,Обычный,Нет
20001691,1691,10.98,33.644,0.065,10.2705,0.682,0.316,,,CU,0.1776,3.161,2.6,1.09,>20 км,Обычный,Нет
20001698,1698,11.49,26.234,0.085,,,,,,,0.1091,3.161,2.816,1.49,>20 км,Обычный,Нет
20001764,1764,11.44,26.97,0.109,3.62417,,,,,,0.1154,3.106,2.748,2.24,>20 км,Обычный,Нет
20001778,1778,11.89,20.623,0.095,4.82,,,,,,0.1347,3.139,2.716,2.47,>20 км,Обычный,Нет
20001782,1782,11.86,21.872,0.112,11.716,,,,,,0.1519,3.116,2.643,1.55,>20 км,Обычный,Нет
20001788,1788,11.93,20.993,0.07,11.034,,,,,,0.1534,3.121,2.642,0.68,>20 км,Обычный,Нет
20001805,1805,11.39,28.098,0.089,23.0,,,,,,0.108,3.141,2.801,2.52,>20 км,Обычный,Нет
20001851,1851,12.85,17.024,0.049,,,,,,,0.1894,3.108,2.519,1.66,2-20 км,Обычный,Нет
20001895,1895,12.19,19.989,0.059,38.18,,,,,,0.1388,3.199,2.755,1.81,2-20 км,Обычный,2:1
20001898,1898,12.4,14.975,0.095,,,,,,,0.1566,3.128,2.638,1.03,2-20 км,Обычный,Нет
20001939,1939,11.16,30.365,0.092,23.88,,,,,,0.1235,3.123,2.737,0.9,>20 км,Обычный,Нет
20001953,1953,11.88,21.97,0.07,4.39,,,,,,0.1814,3.109,2.545,2.46,>20 км,Обычный,Нет
20001956,1956,12.24,19.921,0.074,9.4,,,,,,0.1097,3.2,2.849,1.5,2-20 км,Обычный,2:1
20001986,1986,12.03,19.563,0.088,18.773,,,,,,0.2038,3.09,2.46,2.21,2-20 км,Обычный,Нет
20002003,2003,12.25,20.173,0.065,4.453,,,,,,0.1279,3.057,2.666,1.87,>20 км,Обычный,Нет
20002009,2009,11.27,26.558,0.12,5.896,,,,,,0.1354,3.121,2.698,2.86,>20 км,Обычный,Нет
20002016,2016,11.98,22.435,0.058,22.96,,,,,,0.1903,3.131,2.535,0.92,>20 км,Обычный,Нет
20002039,2039,12.84,13.612,0.095,27.633,,,,,,0.122,3.187,2.798,2.52,2-20 км,Обычный,2:1
20002046,2046,11.56,23.968,0.085,5.296,,,,,,0.1819,3.159,2.584,2.73,>20 км,Обычный,Нет
20002058,2058,11.57,24.273,0.12,10.04,,,,,,0.1439,3.135,2.684,2.54,>20 км,Обычный,Нет
20002114,2114,11.92,22.558,0.145,5.51,,,,,,0.1368,3.206,2.768,0.55,>20 км,Обычный,2:1
20002142,2142,12.18,20.134,0.05,19.2,,,,,,0.1169,3.165,2.795,0.66,>20 км,Обычный,Нет
20002153,2153,12.13,23.166,0.057,12.532,,,,,,0.1517,3.124,2.65,1.17,>20 км,Обычный,Нет
20002163,2163,11.96,24.368,0.075,3.997,,,,,,0.1839,3.149,2.57,2.51,>20 км,Обычный,Нет
20002164,2164,12.04,19.972,0.084,7.705,,,,,,0.1363,3.192,2.757,2.63,2-20 км,Обычный,2:1
20002165,2165,11.4,27.115,0.073,6.389,,,,,,0.1774,3.125,2.571,0.94,>20 км,Обычный,Нет
20002182,2182,11.73,24.313,0.091,8.328,,,,,,0.1378,3.125,2.694,2.26,>20 км,Обычный,Нет
20002197,2197,11.67,20.198,0.119,5.96,,,,,,0.1303,3.149,2.739,2.49,>20 км,Обычный,Нет
20002203,2203,11.71,21.501,0.096,30.55,,,,,,0.1898,3.101,2.513,1.64,>20 км,Обычный,Нет
20002217,2217,11.46,28.8,0.097,6.924,,,,,,0.1713,3.148,2.609,2.25,>20 км,Обычный,Нет
20002220,2220,12.46,16.301,0.096,,,,,,,0.1546,3.159,2.671,2.59,2-20 км,Обычный,Нет
20002222,2222,11.46,29.644,0.07,4.344,,,,,,0.1624,3.125,2.617,2.57,>20 км,Обычный,Нет
20002228,2228,11.59,26.08,0.113,5.388,,,,,,0.1792,3.141,2.578,1.99,>20 км,Обычный,Нет
20002237,2237,12.11,21.353,0.074,31.725,,,,,,0.2168,3.143,2.461,2.4,>20 км,Обычный,Нет
20002238,2238,12.64,14.973,0.086,,,,,,,0.176,3.065,2.525,1.31,2-20 км,Обычный,Нет
20002248,2248,11.37,26.361,0.088,16.308,,,,,,0.1076,3.107,2.773,1.61,>20 км,Обычный,Нет
20002250,2250,12.04,19.27,0.119,,,,,,,0.1799,3.19,2.616,1.53,2-20 км,Обычный,2:1
20002256,2256,12.24,16.637,0.101,4.13,,,,,,0.1714,3.095,2.565,0.47,2-20 км,Обычный,Нет
20002270,2270,11.51,25.79,0.158,7.78,,,,,,0.1433,3.145,2.694,2.12,>20 км,Обычный,Нет
20002293,2293,11.36,,,6.414,,,,,,0.1339,3.131,2.712,0.59,,Обычный,Нет
20002296,2296,11.89,21.566,0.083,8.43,,,,,,0.1647,3.187,2.662,1.25,>20 км,Обычный,2:1
20002297,2297,11.48,26.579,0.091,7.75,,,,,,0.1205,3.183,2.8,1.61,>20 км,Обычный,2:1
20002310,2310,11.78,26.395,0.065,16.169,,,,,,0.1629,3.141,2.63,2.65,>20 км,Обычный,Нет
20002325,2325,12.02,22.789,0.065,,,,,,,0.1786,3.14,2.579,1.92,>20 км,Обычный,Нет
20002336,2336,12.15,21.606,0.058,37.2993,,,,,,0.1629,3.185,2.666,2.79,>20 км,Обычный,2:1
20002361,2361,12.16,22.244,0.057,,,,,,,0.1374,3.143,2.711,1.62,>20 км,Обычный,Нет
20002372,2372,11.95,22.245,0.068,18.184,,,,,,0.1701,3.12,2.59,2.74,>20 км,Обычный,Нет
20002404,2404,11.94,23.209,0.09,,,,,,,0.1315,3.125,2.714,2.69,>20 км,Обычный,Нет
20002405,2405,11.85,22.36,0.052,14.3411,0.698,0.312,,,BCU:,0.1413,3.198,2.746,2.25,>20 км,Обычный,2:1
20002418,2418,12.93,12.132,0.109,,,,,,,0.1602,3.124,2.623,1.3,2-20 км,Обычный,Нет
20002450,2450,11.81,21.905,0.111,5.65,,,,,,0.108,3.118,2.781,2.53,>20 км,Обычный,Нет
20002458,2458,12.14,22.764,0.047,17.31,,,,,,0.1427,3.127,2.681,2.09,>20 км,Обычный,Нет
20002461,2461,11.78,25.943,0.06,3.5,,,,,,0.1715,3.182,2.636,2.51,>20 км,Обычный,2:1
20002489,2489,12.33,20.854,0.059,,,,,,,0.1536,3.108,2.63,1.78,>20 км,Обычный,Нет
20002492,2492,11.66,27.792,0.068,15.099,,,,,,0.1443,3.201,2.739,0.81,>20 км,Обычный,2:1
20002499,2499,12.49,15.879,0.092,5.88693,,,,,,0.1326,3.097,2.686,0.76,2-20 км,Обычный,Нет
20002505,2505,11.72,22.288,0.089,,,,,,,0.1718,3.145,2.605,2.08,>20 км,Обычный,Нет
20002517,2517,12.06,20.087,0.083,,,,,,,0.1742,3.181,2.627,2.63,>20 км,Обычный,2:1
20002519,2519,11.79,20.552,0.115,12.982,,,,,,0.1662,3.147,2.624,2.42,>20 км,Обычный,Нет
20002525,2525,11.21,29.877,0.111,3.569,,,,,,0.1772,3.151,2.592,2.78,>20 км,Обычный,Нет
20002528,2528,12.39,19.443,0.057,6.4913,,,,,,0.1699,3.15,2.615,0.51,2-20 км,Обычный,Нет
20002533,2533,11.96,20.796,0.095,15.41,,,,,,0.1709,3.094,2.565,1.58,>20 км,Обычный,Нет
20002534,2534,11.62,31.052,0.042,53.237,,,,,,0.1665,3.151,2.627,0.81,>20 км,Обычный,Нет
20002551,2551,12.63,15.739,0.064,,,,,,,0.1704,3.154,2.617,0.61,2-20 км,Обычный,Нет
20002587,2587,11.68,20.564,0.115,11.631,,,,,,0.1542,3.169,2.68,2.63,>20 км,Обычный,Нет
20002592,2592,12.3,18.533,0.072,49.9871,,,,,,0.1213,3.12,2.742,1.34,2-20 км,Обычный,Нет
20002627,2627,12.25,19.675,0.072,7.66,,,,,,0.1719,3.111,2.576,2.5,2-20 км,Обычный,Нет
20002657,2657,12.25,21.229,0.048,,,,,,,0.1601,3.169,2.662,2.24,>20 км,Обычный,Нет
20002659,2659,11.76,27.878,0.05,6.132,,,,B,,0.1009,3.129,2.813,1.34,>20 км,Обычный,Нет
20002667,2667,12.07,21.225,0.075,,,,,,,0.1892,3.223,2.613,2.24,>20 км,Обычный,2:1
20002673,2673,12.63,15.119,0.077,4.094,,,,,,0.1617,3.193,2.677,2.28,2-20 км,Обычный,2:1
20002708,2708,12.19,20.085,0.084,5.315,,,,B,,0.1794,3.08,2.528,2.78,>20 км,Обычный,Нет
20002718,2718,11.92,25.309,0.058,13.09803,,,,,,0.1608,3.119,2.618,1.48,>20 км,Обычный,Нет
20002721,2721,12.37,17.747,0.057,,,,,,,0.1684,3.241,2.695,2.23,2-20 км,Обычный,2:1
20002722,2722,12.36,19.361,0.068,9.23,,,,,,0.138,3.212,2.769,1.68,2-20 км,Обычный,2:1
20002723,2723,13.18,12.796,0.108,42.484,,,,,,0.2004,3.115,2.491,2.08,2-20 км,Обычный,Нет
20002757,2757,11.92,19.534,0.14,8.0882,,,,,,0.1929,3.176,2.563,0.67,2-20 км,Обычный,2:1
20002769,2769,12.26,13.922,0.067,8.229,,,,,,0.1201,3.148,2.77,2.52,2-20 км,Обычный,Нет
20002781,2781,12.12,20.727,0.091,7.306,,,,,,0.1774,3.157,2.597,2.32,>20 км,Обычный,Нет
20002800,2800,12.82,15.342,0.046,,,,,,,0.1553,3.138,2.651,3.08,2-20 км,Обычный,Нет
20002803,2803,12.03,21.441,0.073,12.5,,,,,,0.1809,3.141,2.573,1.33,>20 км,Обычный,Нет
20002848,2848,11.88,25.793,0.048,40.114,,,,,,0.1894,3.208,2.601,0.91,>20 км,Обычный,2:1
20002863,2863,12.54,18.436,0.069,,,,,,,0.1907,3.17,2.565,1.97,2-20 км,Обычный,Нет
20002877,2877,12.33,,,12.582,,,,,,0.1819,3.125,2.557,2.33,,Обычный,Нет
20002884,2884,12.13,,,14.31,,,,,,0.1758,3.111,2.564,1.94,,Обычный,Нет
20002894,2894,12.79,13.222,0.146,,,,,,,0.1291,3.123,2.72,2.57,2-20 км,Обычный,Нет
20002918,2918,12.16,20.156,0.076,148.11,,,,,,0.1501,3.175,2.698,2.09,>20 км,Обычный,Нет
20002919,2919,12.17,18.521,0.125,7.43,,,,,,0.1559,3.127,2.64,1.44,2-20 км,Обычный,Нет
20002921,2921,13.54,10.538,0.083,4.778,,,,,,0.1549,3.246,2.743,1.49,2-20 км,Обычный,2:1
20002978,2978,12.33,18.858,0.072,62.354,,,,,,0.1887,3.093,2.509,1.23,2-20 км,Обычный,Нет
20002981,2981,12.72,15.489,0.117,9.5,,,,,,0.1788,3.141,2.579,0.88,2-20 км,Обычный,Нет
20003008,3008,12.45,,,5.855,,,,,,0.1191,3.183,2.804,0.83,,Обычный,2:1
20003010,3010,12.87,14.469,0.111,3.562,,,,,,0.1646,3.227,2.696,2.04,2-20 км,Обычный,2:1
20003049,3049,12.2,19.696,0.104,5.022,,,,,,0.1364,3.118,2.693,2.5,2-20 км,Обычный,Нет
20003054,3054,11.9,26.921,0.056,,,,,,,0.2086,3.098,2.452,2.08,>20 км,Обычный,Нет
20003071,3071,12.23,19.913,0.085,,,,,,,0.0905,3.199,2.91,2.21,2-20 км,Обычный,2:1
20003128,3128,12.26,20.396,0.107,12.642,,,,,,0.1576,3.114,2.623,2.94,>20 км,Обычный,Нет
20003148,3148,12.41,17.009,0.069,5.983,,,,,,0.1924,3.1,2.504,0.73,2-20 км,Обычный,Нет
20003154,3154,13.04,,,,,,,,,0.1707,3.099,2.57,2.47,,Обычный,Нет
20003164,3164,12.41,19.242,0.083,,,,,,,0.1493,3.164,2.691,2.32,2-20 км,Обычный,Нет
20003174,3174,12.11,,,7.05,,,,,,0.1716,3.147,2.607,2.37,,Обычный,Нет
20003179,3179,12.09,20.835,0.071,5.383,,,,C,,0.1631,3.086,2.583,1.76,>20 км,Обычный,Нет
20003186,3186,12.97,13.886,0.11,18.147,,,,,,0.1808,3.102,2.541,0.8,2-20 км,Обычный,Нет
20003208,3208,12.29,20.114,0.069,,,,,,,0.108,3.119,2.782,2.35,>20 км,Обычный,Нет
20003213,3213,12.57,17.72,0.074,3.564,,,,,,0.1631,3.202,2.68,0.95,2-20 км,Обычный,2:1
20003264,3264,12.51,16.389,0.087,0.67,,,,,,0.1366,3.155,2.724,0.98,2-20 км,Обычный,Нет
20003274,3274,12.87,14.548,0.076,11.369,,,,,,0.1248,3.143,2.751,1.24,2-20 км,Обычный,Нет
20003276,3276,12.56,18.41,0.063,,,,,,,0.1584,3.131,2.635,2.66,2-20 км,Обычный,Нет
20003292,3292,13.21,12.758,0.082,,,,,,,0.1687,3.167,2.633,1.57,2-20 км,Обычный,Нет
20003297,3297,12.5,15.582,0.087,,,,,,,0.171,3.137,2.601,2.38,2-20 км,Обычный,Нет
20003358,3358,12.78,14.231,0.105,,,,,,,0.2082,3.181,2.519,2.1,2-20 км,Обычный,2:1
20003423,3423,12.62,,,,,,,,,0.1053,3.052,2.731,0.41,,Обычный,Нет
20003441,3441,12.62,18.081,0.059,,,,,,,0.1914,3.101,2.508,2.77,2-20 км,Обычный,Нет
20003449,3449,13.12,15.796,0.063,,,,,,,0.1499,3.086,2.623,2.04,2-20 км,Обычный,Нет
20003495,3495,11.84,26.312,0.071,,,,,,,0.1265,3.215,2.809,2.49,>20 км,Обычный,2:1
20003499,3499,12.7,15.613,0.079,3.527,,,,,,0.1659,3.111,2.595,2.23,2-20 км,Обычный,Нет
20003502,3502,11.94,22.044,0.083,7.363,,,,,,0.1709,3.135,2.599,2.82,>20 км,Обычный,Нет
20003504,3504,12.17,19.141,0.101,4.719,,,,,,0.176,3.104,2.558,2.05,2-20 км,Обычный,Нет
20003507,3507,11.57,24.917,0.096,3.959,,,,Ch,,0.1577,3.134,2.64,3.25,>20 км,Обычный,Нет
20003543,3543,12.07,21.677,0.094,6.4,,,,,,0.1698,3.182,2.641,1.05,>20 км,Обычный,2:1
20003591,3591,12.3,16.419,0.095,4.9,,,,,,0.1395,3.18,2.736,1.13,2-20 км,Обычный,2:1
20003597,3597,11.96,17.604,0.119,27.0,,,,,,0.1913,3.158,2.554,2.52,2-20 км,Обычный,Нет
20003598,3598,12.3,18.66,0.08,,,,,,,0.0962,3.178,2.872,0.79,2-20 км,Обычный,2:1
20003599,3599,12.5,18.087,0.086,2.157,,,,,,0.1103,3.172,2.822,1.65,2-20 км,Обычный,Нет
20003601,3601,12.91,13.458,0.117,12.124,,,,,,0.1523,3.243,2.749,2.27,2-20 км,Обычный,2:1
20003615,3615,11.67,25.209,0.099,22.71,,,,,,0.1356,3.154,2.726,2.11,>20 км,Обычный,Нет
20003663,3663,12.85,12.741,0.094,5.161,,,,,,0.1704,3.153,2.616,3.1,2-20 км,Обычный,Нет
20003666,3666,12.38,20.304,0.066,35.531,,,,,,0.1295,3.116,2.712,2.37,>20 км,Обычный,Нет
20003705,3705,12.59,17.865,0.063,,,,,,,0.1679,3.13,2.604,1.4,2-20 км,Обычный,Нет
20003766,3766,12.11,24.849,0.037,11.27,,,,,,0.107,3.231,2.885,1.5,>20 км,Обычный,2:1
20003785,3785,12.36,19.761,0.072,3.7992,,,,,,0.1621,3.241,2.716,1.93,2-20 км,Обычный,2:1
20003790,3790,12.93,14.028,0.052,4.654,,,,,,0.1591,3.172,2.667,0.47,2-20 км,Обычный,Нет
20003797,3797,13.18,11.687,0.098,,,,,,,0.1391,3.221,2.773,0.85,2-20 км,Обычный,2:1
20003799,3799,12.31,17.379,0.093,,,,,,,0.1377,3.158,2.723,1.36,2-20 км,Обычный,Нет
20003814,3814,12.51,15.338,0.09,,,,,,,0.1142,3.146,2.787,1.56,2-20 км,Обычный,Нет
20003832,3832,12.63,16.009,0.043,,,,,,,0.1707,3.144,2.607,1.02,2-20 км,Обычный,Нет
20003878,3878,13.24,13.627,0.072,,,,,,,0.1747,3.112,2.568,2.25,2-20 км,Обычный,Нет
20003884,3884,13.23,13.386,0.059,2495.0,,,,,,0.1382,3.114,2.684,1.16,2-20 км,Обычный,Нет
20003898,3898,12.79,16.363,0.075,,,,,,,0.1585,3.113,2.619,0.66,2-20 км,Обычный,Нет
20003899,3899,11.53,21.174,0.094,5.8572,,,,,,0.1725,3.193,2.643,2.81,>20 км,Обычный,2:1
20003916,3916,12.32,19.58,0.061,,,,,,,0.1188,3.248,2.862,1.94,2-20 км,Обычный,2:1
20003930,3930,12.84,17.504,0.053,,,,,,,0.1598,3.127,2.627,1.23,2-20 км,Обычный,Нет
20003933,3933,12.59,14.949,0.087,8.56077,,,,,,0.0958,3.26,2.947,1.68,2-20 км,Обычный,2:1
20003946,3946,12.5,17.094,0.087,5.59,,,,,,0.1234,3.104,2.721,0.73,2-20 км,Обычный,Нет
20003962,3962,12.54,16.285,0.088,16.44,,,,,,0.1217,3.201,2.811,1.99,2-20 км,Обычный,2:1
20003980,3980,13.23,11.261,0.116,,,,,,,0.1482,3.138,2.673,2.26,2-20 км,Обычный,Нет
20003981,3981,12.15,22.405,0.06,102.657,,,,,,0.1614,3.176,2.663,2.45,>20 км,Обычный,2:1
20004009,4009,12.73,18.198,0.044,3.875,,,,,,0.1283,3.153,2.749,2.29,2-20 км,Обычный,Нет
20004013,4013,12.7,15.695,0.079,3.49,,,,,,0.1753,3.15,2.598,0.58,2-20 км,Обычный,Нет
20004061,4061,12.37,19.041,0.059,,,,,,,0.139,3.117,2.684,1.65,2-20 км,Обычный,Нет
20004073,4073,12.31,12.623,0.122,7.74,,,,,,0.1745,3.177,2.622,2.07,2-20 км,Обычный,2:1
20004079,4079,12.89,16.397,0.06,5.123,,,,,,0.1178,3.184,2.809,2.39,2-20 км,Обычный,2:1
20004098,4098,13.16,13.854,0.064,,,,,,,0.1285,3.22,2.806,2.93,2-20 км,Обычный,2:1
20004126,4126,12.58,,,10.624,,,,,,0.1424,3.204,2.748,3.19,,Обычный,2:1
20004139,4139,12.37,12.707,0.158,,,,,,,0.1639,3.146,2.631,1.59,2-20 км,Обычный,Нет
20004143,4143,12.77,16.722,0.069,,,,,,,0.1811,3.094,2.534,2.03,2-20 км,Обычный,Нет
20004153,4153,12.45,17.337,0.077,,,,,,,0.1658,3.146,2.624,1.42,2-20 км,Обычный,Нет
20004174,4174,12.11,22.181,0.052,19.59,,,,,,0.1439,3.176,2.719,2.32,>20 км,Обычный,2:1
20004176,4176,12.11,18.858,0.095,8.164,,,,,,0.1389,3.103,2.672,2.6,2-20 км,Обычный,Нет
20004187,4187,12.98,14.009,0.068,,,,,,,0.1072,3.052,2.724,1.29,2-20 км,Обычный,Нет
20004192,4192,12.06,21.245,0.082,7.394,,,,,,0.1684,3.209,2.669,0.55,>20 км,Обычный,2:1
20004193,4193,12.33,17.536,0.069,,,,,,,0.1659,3.157,2.633,1.89,2-20 км,Обычный,Нет
20004198,4198,13.26,12.224,0.09,,,,,,,0.1204,3.12,2.744,2.38,2-20 км,Обычный,Нет
20004211,4211,11.98,24.973,0.054,,,,,,,0.2031,3.191,2.543,0.59,>20 км,Обычный,2:1
20004234,4234,12.67,15.723,0.078,3.45,,,,,,0.1666,3.207,2.673,1.68,2-20 км,Обычный,2:1
20004301,4301,12.71,13.931,0.12,5.642,,,,,,0.1159,3.108,2.748,2.28,2-20 км,Обычный,Нет
20004306,4306,12.83,9.438,0.165,3.57,,,,,,0.1638,3.135,2.622,1.8,2-20 км,Обычный,Нет
20004334,4334,13.2,,,7.42,,,,,,0.1939,3.141,2.532,1.63,,Обычный,Нет
20004337,4337,12.44,19.686,0.077,32.9,,,,,,0.0939,3.261,2.955,2.19,2-20 км,Обычный,2:1
20004344,4344,12.97,15.913,0.054,18.087,,,,,,0.1183,3.111,2.743,2.39,2-20 км,Обычный,Нет
20004361,4361,12.61,17.079,0.057,21.279,,,,,,0.1556,3.152,2.662,2.71,2-20 км,Обычный,Нет
20004366,4366,12.45,16.35,0.096,60.48,,,,,,0.1299,3.165,2.754,1.72,2-20 км,Обычный,Нет
20004385,4385,13.09,10.813,0.166,5.57,,,,,,0.1849,3.164,2.579,0.57,2-20 км,Обычный,Нет
20004393,4393,12.82,14.716,0.082,,,,,,,0.1115,3.241,2.88,2.22,2-20 км,Обычный,2:1
20004412,4412,13.18,14.763,0.071,,,,,,,0.1695,3.132,2.601,2.18,2-20 км,Обычный,Нет
20004462,4462,12.51,18.629,0.074,,,,,,,0.1392,3.079,2.651,1.0,2-20 км,Обычный,Нет
20004463,4463,13.17,13.642,0.072,23.407,,,,,,0.1764,3.191,2.628,1.84,2-20 км,Обычный,2:1
20004470,4470,12.7,16.102,0.058,,,,,,,0.1783,3.126,2.569,2.46,2-20 км,Обычный,Нет
20004474,4474,13.06,13.472,0.107,,,,,,,0.176,3.174,2.615,2.06,2-20 км,Обычный,Нет
20004545,4545,12.38,16.668,0.16,,,,,,,0.1266,3.151,2.752,1.8,2-20 км,Обычный,Нет
20004571,4571,12.5,15.115,0.102,6.402,,,,,,0.1641,3.17,2.649,1.51,2-20 км,Обычный,Нет
20004592,4592,12.8,13.989,0.082,,,,,,,0.1668,3.183,2.652,0.42,2-20 км,Обычный,2:1
20004616,4616,12.86,14.263,0.076,,,,,,,0.1801,3.147,2.58,1.19,2-20 км,Обычный,Нет
20004642,4642,12.45,17.065,0.088,,,,,,,0.1458,3.178,2.715,1.01,2-20 км,Обычный,2:1
20004658,4658,13.04,12.283,0.128,,,,,,,0.2059,3.151,2.502,1.17,2-20 км,Обычный,Нет
20004677,4677,12.9,13.977,0.143,,,,,,,0.1959,3.131,2.518,0.48,2-20 км,Обычный,Нет
20004683,4683,12.3,17.258,0.094,29.391,,,,,,0.1578,3.115,2.623,1.23,2-20 км,Обычный,Нет
20004685,4685,12.44,18.816,0.05,,,,,,,0.1804,3.169,2.597,1.62,2-20 км,Обычный,Нет
20004746,4746,12.27,21.925,0.089,20.903,,,,,,0.1762,3.213,2.647,0.89,>20 км,Обычный,2:1
20004752,4752,12.93,12.06,0.16,26.032,,,,,,0.1623,3.093,2.591,2.04,2-20 км,Обычный,Нет
20004758,4758,12.44,19.455,0.067,10.1505,,,,,,0.1743,3.208,2.649,1.62,2-20 км,Обычный,2:1
20004759,4759,12.59,15.744,0.127,,,,,,,0.1854,3.171,2.583,0.81,2-20 км,Обычный,Нет
20004778,4778,13.22,12.54,0.085,7.225,,,,,,0.1742,3.16,2.609,1.58,2-20 км,Обычный,Нет
20004779,4779,12.59,15.093,0.093,7.31059,,,,,,0.1106,3.2,2.846,0.94,2-20 км,Обычный,2:1
20004821,4821,12.87,14.525,0.084,29.63,,,,,,0.1489,3.147,2.678,1.19,2-20 км,Обычный,Нет
20004903,4903,12.81,14.789,0.117,20.403,,,,,,0.1866,3.14,2.554,2.54,2-20 км,Обычный,Нет
20004940,4940,12.32,17.782,0.081,4.161,,,,,,0.1756,3.1,2.556,2.29,2-20 км,Обычный,Нет
20004941,4941,12.71,17.56,0.059,4.69,,,,,,0.1744,3.187,2.631,1.88,2-20 км,Обычный,2:1
20004972,4972,13.48,11.962,0.065,,,,,,,0.1896,3.12,2.528,1.23,2-20 км,Обычный,Нет
20004980,4980,12.63,16.963,0.074,,,,,,,0.1456,3.196,2.731,1.83,2-20 км,Обычный,2:1
20004985,4985,13.18,11.839,0.087,9.25,,,,,,0.1401,3.247,2.792,0.8,2-20 км,Обычный,2:1
20005021,5021,12.74,17.519,0.061,,,,,,,0.1292,3.206,2.792,2.34,2-20 км,Обычный,2:1
20005043,5043,12.96,15.28,0.063,25.6,,,,,,0.1667,3.114,2.595,1.86,2-20 км,Обычный,Нет
20005045,5045,13.08,,,,,,,,,0.1919,3.133,2.532,2.57,,Обычный,Нет
20005055,5055,12.68,15.834,0.085,,,,,,,0.1631,3.095,2.59,2.9,2-20 км,Обычный,Нет
20005082,5082,13.12,13.338,0.073,,,,,,,0.1279,3.129,2.729,2.95,2-20 км,Обычный,Нет
20005088,5088,12.69,15.939,0.07,5.0591,,,,,,0.1581,3.107,2.616,0.58,2-20 км,Обычный,Нет
20005138,5138,12.72,14.784,0.169,8.4159,,,,,,0.1622,3.106,2.602,0.81,2-20 км,Обычный,Нет
20005149,5149,12.87,,,,,,,,,0.132,3.174,2.755,0.72,,Обычный,Нет
20005151,5151,13.63,10.834,0.072,,,,,,,0.2106,3.181,2.511,0.95,2-20 км,Обычный,2:1
20005193,5193,12.08,21.601,0.072,5.336,,,,,,0.1571,3.184,2.684,2.71,>20 км,Обычный,2:1
20005204,5204,13.06,13.137,0.129,3.71,,,,,,0.1451,3.134,2.679,0.87,2-20 км,Обычный,Нет
20005219,5219,12.76,17.192,0.049,,,,,,,0.1242,3.202,2.805,2.03,2-20 км,Обычный,2:1
20005221,5221,12.67,13.616,0.104,,,,,,,0.1039,3.217,2.883,1.54,2-20 км,Обычный,2:1
20005225,5225,12.8,15.301,0.063,,,,,,,0.1818,3.087,2.526,2.35,2-20 км,Обычный,Нет
20005228,5228,12.84,13.772,0.123,9.857,,,,,,0.1552,3.11,2.627,1.28,2-20 км,Обычный,Нет
20005249,5249,12.39,20.502,0.049,,,,,,,0.1449,3.167,2.708,2.17,>20 км,Обычный,Нет
20005296,5296,12.44,19.266,0.061,7.103,,,,,,0.1185,3.118,2.748,2.84,2-20 км,Обычный,Нет
20005346,5346,12.51,15.861,0.068,,,,,,,0.177,3.146,2.589,2.45,2-20 км,Обычный,Нет
20005375,5375,13.51,,,4.04,,,,,,0.1686,3.177,2.641,2.44,,Обычный,2:1
20005400,5400,13.55,10.623,0.082,,,,,,,0.152,3.086,2.617,0.55,2-20 км,Обычный,Нет
20005413,5413,12.3,17.572,0.059,,,,,,,0.144,3.159,2.704,0.42,2-20 км,Обычный,Нет
20005429,5429,13.12,13.917,0.076,,,,,,,0.1604,3.195,2.683,0.77,2-20 км,Обычный,2:1
20005446,5446,12.51,18.883,0.068,6.985,,,,,,0.1336,3.213,2.784,2.37,2-20 км,Обычный,2:1
20005466,5466,13.13,8.878,0.153,,,,,,,0.1364,3.106,2.682,2.13,2-20 км,Обычный,Нет
20005550,5550,12.36,18.32,0.083,,,,,,,0.1814,3.087,2.527,1.11,2-20 км,Обычный,Нет
20005566,5566,12.94,13.771,0.085,,,,,,,0.1569,3.179,2.68,1.52,2-20 км,Обычный,2:1
20005575,5575,12.94,,,4.84,,,,,,0.1908,3.082,2.494,0.6,,Обычный,Нет
20005609,5609,12.98,14.286,0.065,,,,,,,0.1571,3.082,2.597,1.38,2-20 км,Обычный,Нет
20005613,5613,12.98,14.312,0.052,,,,,,,0.1755,3.104,2.559,1.63,2-20 км,Обычный,Нет
20005680,5680,12.79,,,,,,,,,0.1433,3.171,2.716,1.64,,Обычный,Нет
20005714,5714,12.34,19.916,0.07,18.184,,,,,,0.198,3.135,2.515,1.08,2-20 км,Обычный,Нет
20005800,5800,13.13,10.779,0.105,,,,,,,0.1647,3.103,2.592,2.98,2-20 км,Обычный,Нет
20005826,5826,12.13,18.818,0.125,5.55,,,,,,0.1381,3.071,2.647,2.48,2-20 км,Обычный,Нет
20005837,5837,13.25,11.524,0.133,7.726,,,,,,0.1452,3.123,2.669,2.18,2-20 км,Обычный,Нет
20005854,5854,12.53,17.727,0.068,7.1296,,,,,,0.1441,3.168,2.711,2.5,2-20 км,Обычный,Нет
20005919,5919,12.36,20.45,0.0968,,,,,,,0.1259,3.196,2.793,0.66,>20 км,Обычный,2:1
20005974,5974,12.73,15.552,0.067,,,,,,,0.15,3.131,2.661,1.86,2-20 км,Обычный,Нет
20006062,6062,12.54,17.275,0.078,8.407,,,,,,0.1547,3.215,2.718,2.79,2-20 км,Обычный,2:1
20006075,6075,12.82,14.85,0.08,,,,,,,0.146,3.138,2.68,1.36,2-20 км,Обычный,Нет
20006106,6106,12.86,13.644,0.087,,,,,,,0.1734,3.158,2.611,2.57,2-20 км,Обычный,Нет
20006187,6187,12.85,14.487,0.067,40.979,,,,,,0.1767,3.137,2.583,1.93,2-20 км,Обычный,Нет
20006188,6188,13.16,11.93,0.078,,,,,,,0.1842,3.156,2.575,2.16,2-20 км,Обычный,Нет
20006214,6214,12.4,16.819,0.103,,,,,,,0.1864,3.156,2.567,2.37,2-20 км,Обычный,Нет
20006221,6221,13.06,13.205,0.064,13.788,,,,,,0.1089,3.169,2.824,1.81,2-20 км,Обычный,Нет
20006227,6227,13.21,11.431,0.09,,,,,,,0.1519,3.246,2.753,0.51,2-20 км,Обычный,2:1
20006229,6229,13.43,11.603,0.076,16.596,,,,,,0.1779,3.088,2.539,1.65,2-20 км,Обычный,Нет
20006248,6248,13.31,10.994,0.092,16.644,,,,,,0.1421,3.121,2.677,0.51,2-20 км,Обычный,Нет
20006279,6279,12.87,16.508,0.055,9.964,,,,,,0.1847,3.134,2.555,2.37,2-20 км,Обычный,Нет
20006287,6287,13.09,11.074,0.144,5.623,,,,,,0.129,3.138,2.734,1.08,2-20 км,Обычный,Нет
20006288,6288,12.91,,,8.25,,,,,,0.1531,3.218,2.726,2.33,,Обычный,2:1
20006289,6289,12.95,11.633,0.099,12.901,,,,,,0.125,3.174,2.778,2.1,2-20 км,Обычный,Нет
20006300,6300,13.2,12.526,0.085,,,,,,,0.1146,3.25,2.878,1.85,2-20 км,Обычный,2:1
20006301,6301,12.36,18.02,0.104,,,,,,,0.1624,3.174,2.658,0.49,2-20 км,Обычный,Нет
20006308,6308,13.13,,,,,,,,,0.1567,3.168,2.672,2.67,,Обычный,Нет
20006375,6375,12.88,14.519,0.076,13.316,,,,,,0.1626,3.173,2.657,1.6,2-20 км,Обычный,Нет
20006378,6378,13.06,12.667,0.083,6.12,,,,,,0.1692,3.179,2.641,2.86,2-20 км,Обычный,2:1
20006482,6482,13.62,,,,,,,,,0.131,3.164,2.749,0.57,,Обычный,Нет
20006531,6531,13.28,12.116,0.12,9.062,,,,,,0.1372,3.227,2.785,2.41,2-20 км,Обычный,2:1
20006541,6541,12.96,14.303,0.072,,,,,,,0.1448,3.13,2.676,0.71,2-20 км,Обычный,Нет
20006576,6576,12.69,16.759,0.068,,,,,,,0.1851,3.11,2.534,2.63,2-20 км,Обычный,Нет
20006625,6625,13.65,9.698,0.13,,,,,,,0.1903,3.157,2.556,1.31,2-20 км,Обычный,Нет
20006639,6639,12.89,14.132,0.064,59.848,,,,,,0.1332,3.178,2.755,2.51,2-20 км,Обычный,2:1
20006645,6645,13.03,11.894,0.125,,,,,,,0.1994,3.13,2.506,0.79,2-20 км,Обычный,Нет
20006656,6656,12.6,18.655,0.056,,,,,,,0.1437,3.177,2.72,1.89,2-20 км,Обычный,2:1
20006676,6676,13.39,10.929,0.085,3.48,,,,,,0.1552,3.162,2.672,0.97,2-20 км,Обычный,Нет
20006725,6725,12.6,,,,,,,,,0.1093,3.155,2.81,2.33,,Обычный,Нет
20006739,6739,12.96,13.982,0.052,,,,,,,0.1193,3.231,2.846,2.46,2-20 км,Обычный,2:1
20006786,6786,13.21,12.696,0.076,,,,,,,0.1034,3.123,2.8,2.55,2-20 км,Обычный,Нет
20006805,6805,13.21,11.87,0.087,152.183,,,,,,0.1467,3.196,2.727,1.9,2-20 км,Обычный,2:1
20006812,6812,13.41,9.204,0.125,,,,,,,0.1194,3.126,2.753,0.89,2-20 км,Обычный,Нет
20006824,6824,13.03,14.962,0.054,,,,,,,0.1878,3.129,2.542,2.0,2-20 км,Обычный,Нет
20006848,6848,13.3,10.892,0.094,6.05,,,,,,0.1328,3.112,2.699,0.52,2-20 км,Обычный,Нет
20006860,6860,13.47,10.986,0.084,,,,,,,0.1215,3.116,2.737,2.03,2-20 км,Обычный,Нет
20006883,6883,13.1,13.354,0.082,5.508,,,,,,0.183,3.126,2.554,2.0,2-20 км,Обычный,Нет
20006890,6890,12.16,19.196,0.085,,,,,,,0.1677,3.206,2.668,0.91,2-20 км,Обычный,2:1
20006930,6930,13.11,11.332,0.095,83.225,,,,,,0.1371,3.218,2.776,0.6,2-20 км,Обычный,2:1
20006953,6953,12.87,15.849,0.064,,,,,,,0.1739,3.12,2.577,1.75,2-20 км,Обычный,Нет
20006955,6955,12.53,16.049,0.081,,,,,,,0.1628,3.117,2.61,0.94,2-20 км,Обычный,Нет
20006990,6990,13.16,14.02,0.108,15.622,,,,,,0.1276,3.147,2.745,2.9,2-20 км,Обычный,Нет
20007035,7035,12.97,14.895,0.063,62.897,,,,,,0.1405,3.174,2.728,0.61,2-20 км,Обычный,Нет
20007038,7038,13.02,14.463,0.053,160.044,,,,,,0.1632,3.209,2.685,0.52,2-20 км,Обычный,2:1
20007064,7064,12.93,13.661,0.079,,,,,,,0.152,3.141,2.663,0.56,2-20 км,Обычный,Нет
20007077,7077,13.05,14.164,0.073,4.86,,,,,,0.1642,3.208,2.681,1.84,2-20 км,Обычный,2:1
20007099,7099,13.07,12.946,0.088,,,,,,,0.1297,3.153,2.744,2.23,2-20 км,Обычный,Нет
20007149,7149,13.9,9.588,0.076,,,,,,,0.1443,3.125,2.674,1.02,2-20 км,Обычный,Нет
20007226,7226,12.82,16.087,0.062,,,,,,,0.1757,3.214,2.649,2.42,2-20 км,Обычный,2:1
20007270,7270,12.8,14.725,0.081,7.51,,,,,,0.1736,3.211,2.654,2.73,2-20 км,Обычный,2:1
20007314,7314,13.05,11.394,0.111,143.018,,,,,,0.1482,3.126,2.663,1.7,2-20 км,Обычный,Нет
20007347,7347,13.22,13.057,0.049,,,,,,,0.1158,3.085,2.728,0.52,2-20 км,Обычный,Нет
20007348,7348,13.03,,,3.47,,,,,,0.0986,3.096,2.791,0.85,,Обычный,Нет
20007367,7367,14.01,7.8,0.096,,,,,,,0.1241,3.192,2.796,0.72,2-20 км,Обычный,2:1
20007371,7371,13.86,9.224,0.074,,,,,,,0.1224,3.246,2.849,2.03,2-20 км,Обычный,2:1
20007378,7378,13.21,14.827,0.056,,,,,,,0.1186,3.149,2.776,1.31,2-20 км,Обычный,Нет
20007412,7412,13.12,12.111,0.091,,,,,,,0.1533,3.177,2.69,2.57,2-20 км,Обычный,2:1
20007413,7413,13.47,11.904,0.079,,,,,,,0.2039,3.075,2.448,0.53,2-20 км,Обычный,Нет
20007415,7415,13.08,12.994,0.087,11.71,,,,,,0.1616,3.177,2.664,2.63,2-20 км,Обычный,2:1
20007432,7432,13.26,11.701,0.089,6.9571,,,,,,0.1686,3.076,2.557,1.04,2-20 км,Обычный,Нет
20007442,7442,13.38,11.493,0.077,,,,,,,0.1316,3.174,2.756,0.77,2-20 км,Обычный,Нет
20007452,7452,13.5,10.062,0.1,11.79,,,,,,0.201,3.106,2.482,2.74,2-20 км,Обычный,Нет
20007454,7454,13.57,11.746,0.056,4.01,,,,,,0.1519,3.156,2.677,0.89,2-20 км,Обычный,Нет
20007511,7511,13.97,7.27,0.111,,,,,,,0.1655,3.196,2.667,1.28,2-20 км,Обычный,2:1
20007519,7519,13.68,10.445,0.071,41.004,,,,,,0.1956,3.197,2.572,2.33,2-20 км,Обычный,2:1
20007571,7571,12.88,15.379,0.047,,,,,,,0.1436,3.107,2.661,2.18,2-20 км,Обычный,Нет
20007573,7573,13.47,10.015,0.134,,,,,,,0.1646,3.106,2.595,2.56,2-20 км,Обычный,Нет
20007623,7623,13.14,12.534,0.078,,,,,,,0.1102,3.194,2.842,2.38,2-20 км,Обычный,2:1
20007634,7634,13.92,9.861,0.06,,,,,,,0.195,3.183,2.562,2.59,2-20 км,Обычный,2:1
20007639,7639,13.15,12.202,0.082,,,,,,,0.1095,3.243,2.888,0.68,2-20 км,Обычный,2:1
20007720,7720,14.75,,,,,,,,,0.1648,3.239,2.706,0.63,,Обычный,2:1
20007746,7746,12.3,18.804,0.072,,,,,,,0.1583,3.178,2.675,1.22,2-20 км,Обычный,2:1
20007755,7755,12.43,18.21,0.077,7.07529,,,,,,0.1258,3.137,2.742,2.6,2-20 км,Обычный,Нет
20007793,7793,13.05,11.965,0.135,,,,,,,0.1103,3.054,2.717,2.99,2-20 км,Обычный,Нет
20007863,7863,13.49,11.745,0.081,8.905,,,,,,0.1757,3.135,2.584,0.72,2-20 км,Обычный,Нет
20007892,7892,13.52,10.513,0.084,,,,,,,0.1837,3.195,2.608,1.42,2-20 км,Обычный,2:1
20007896,7896,12.73,15.305,0.083,16.20582,,,,,,0.139,3.138,2.702,1.91,2-20 км,Обычный,Нет
20007909,7909,13.63,10.999,0.068,,,,,,,0.1775,3.172,2.609,2.39,2-20 км,Обычный,Нет
20007924,7924,13.02,12.997,0.087,,,,,,,0.1595,3.103,2.608,1.16,2-20 км,Обычный,Нет
20007943,7943,12.91,10.854,0.137,2.0,,,,,,0.1215,3.147,2.765,1.09,2-20 км,Обычный,Нет
20007956,7956,13.48,10.91,0.078,,,,,,,0.1084,3.092,2.757,2.47,2-20 км,Обычный,Нет
20007968,7968,15.61,3.2,0.06,3.471,,,,,,0.1557,3.163,2.671,1.39,2-20 км,Обычный,Нет
20007969,7969,13.03,13.377,0.069,,,,,,,0.1703,3.188,2.645,2.44,2-20 км,Обычный,2:1
20007972,7972,13.71,,,,,,,,,0.1287,3.236,2.819,0.47,,Обычный,2:1
20007991,7991,12.81,13.566,0.096,,,,,,,0.1886,3.148,2.554,1.74,2-20 км,Обычный,Нет
20008001,8001,13.34,13.397,0.062,,,,,,,0.1623,3.139,2.63,0.68,2-20 км,Обычный,Нет
20008012,8012,13.89,8.706,0.059,,,,,,,0.1694,3.091,2.567,2.63,2-20 км,Обычный,Нет
20008061,8061,13.45,9.454,0.104,,,,,,,0.1756,3.185,2.626,2.24,2-20 км,Обычный,2:1
20008095,8095,12.87,15.353,0.119,,,,,,,0.1623,3.15,2.639,1.11,2-20 км,Обычный,Нет
20008133,8133,12.71,13.919,0.1,18.773,,,,,,0.1461,3.155,2.695,2.31,2-20 км,Обычный,Нет
20008161,8161,13.52,10.505,0.077,7.003,,,,,,0.1699,3.167,2.629,2.54,2-20 км,Обычный,Нет
20008172,8172,13.26,13.452,0.062,,,,,,,0.1536,3.07,2.598,1.44,2-20 км,Обычный,Нет
20008204,8204,13.07,13.637,0.068,,,,,,,0.1097,3.105,2.765,2.42,2-20 км,Обычный,Нет
20008205,8205,13.08,,,,,,,,,0.1533,3.188,2.7,1.86,,Обычный,2:1
20008239,8239,13.53,10.076,0.083,,,,,,,0.1138,3.156,2.797,1.26,2-20 км,Обычный,Нет
20008261,8261,13.44,11.261,0.088,14.009,,,,,,0.1841,3.032,2.473,1.38,2-20 км,Обычный,Нет
20008282,8282,13.52,10.867,0.086,,,,,,,0.1769,3.087,2.541,0.49,2-20 км,Обычный,Нет
20008314,8314,13.19,13.775,0.054,,,,,,,0.1251,3.18,2.783,1.48,2-20 км,Обычный,2:1
20008319,8319,13.6,10.233,0.089,,,,,,,0.1816,3.18,2.603,2.35,2-20 км,Обычный,2:1
20008322,8322,13.28,11.61,0.083,,,,,,,0.1485,3.224,2.745,1.82,2-20 км,Обычный,2:1
20008329,8329,13.0,14.29,0.098,,,,,,,0.1239,3.18,2.786,2.3,2-20 км,Обычный,2:1
20008337,8337,13.59,10.116,0.075,4.06,,,,,,0.166,3.189,2.66,2.7,2-20 км,Обычный,2:1
20008346,8346,13.0,12.898,0.083,,,,,,,0.1307,3.177,2.762,1.53,2-20 км,Обычный,2:1
20008363,8363,12.84,13.666,0.086,,,,,,,0.1407,3.083,2.649,2.67,2-20 км,Обычный,Нет
20008374,8374,12.64,15.405,0.089,,,,,,,0.1833,3.217,2.627,2.92,2-20 км,Обычный,2:1
20008385,8385,13.72,11.693,0.057,,,,,,,0.1662,3.116,2.598,2.63,2-20 км,Обычный,Нет
20008410,8410,12.91,13.136,0.112,,,,,,,0.1743,3.23,2.667,2.74,2-20 км,Обычный,2:1
20008415,8415,12.58,14.998,0.086,,,,,,,0.1794,3.196,2.623,1.41,2-20 км,Обычный,2:1
20008432,8432,13.71,11.156,0.071,12.08,,,,,,0.1622,3.174,2.66,2.35,2-20 км,Обычный,Нет
20008459,8459,13.91,10.083,0.063,11.759,,,,,,0.1878,3.121,2.535,1.88,2-20 км,Обычный,Нет
20008463,8463,14.42,7.088,0.081,3.74,,,,,,0.173,3.198,2.644,2.67,2-20 км,Обычный,2:1
20008518,8518,13.1,12.949,0.08,,,,,,,0.1769,3.105,2.555,2.26,2-20 км,Обычный,Нет
20008535,8535,13.53,11.815,0.076,5.695,,,,,,0.1657,3.148,2.626,0.6,2-20 км,Обычный,Нет
20008561,8561,13.44,12.403,0.066,,,,,,,0.2172,3.104,2.43,2.05,2-20 км,Обычный,Нет
20008586,8586,12.98,14.609,0.061,,,,,,,0.1255,3.233,2.828,1.76,2-20 км,Обычный,2:1
20008590,8590,13.47,11.445,0.078,17.62,,,,,,0.1191,3.233,2.848,1.88,2-20 км,Обычный,2:1
20008591,8591,13.1,15.22,0.059,14.628,,,,,,0.1938,3.15,2.54,2.08,2-20 км,Обычный,Нет
20008598,8598,13.79,9.723,0.094,,,,,,,0.1415,3.157,2.71,0.55,2-20 км,Обычный,Нет
20008614,8614,13.11,13.279,0.083,4.607,,,,,,0.1966,3.146,2.528,3.11,2-20 км,Обычный,Нет
20008679,8679,13.71,9.222,0.12,6.65,,,,,,0.174,3.037,2.509,0.79,2-20 км,Обычный,Нет
20008681,8681,13.11,12.61,0.084,7.684,,,,,,0.1697,3.052,2.534,2.57,2-20 км,Обычный,Нет
20008682,8682,13.04,14.305,0.056,7.566,,,,,,0.1574,3.134,2.641,0.99,2-20 км,Обычный,Нет
20008697,8697,13.76,9.157,0.092,,,,,,,0.1748,3.091,2.551,0.99,2-20 км,Обычный,Нет
20008700,8700,12.98,14.515,0.076,4.905,,,,,,0.1554,3.193,2.697,1.05,2-20 км,Обычный,2:1
20008712,8712,12.7,15.709,0.039,,,,,,,0.147,3.124,2.665,2.54,2-20 км,Обычный,Нет
20008717,8717,13.17,12.467,0.082,,,,,,,0.2037,3.178,2.531,1.73,2-20 км,Обычный,2:1
20008744,8744,13.52,11.585,0.069,5.199,,,,,,0.1739,3.125,2.581,2.61,2-20 км,Обычный,Нет
20008767,8767,14.21,,,,,,,,,0.1464,3.125,2.667,0.66,,Обычный,Нет
20008770,8770,12.9,15.335,0.062,14.867,,,,,,0.1131,3.121,2.768,2.1,2-20 км,Обычный,Нет
20008779,8779,13.49,,,6.33,,,,,,0.199,3.178,2.545,2.82,,Обычный,2:1
20008786,8786,13.69,10.488,0.059,,,,,,,0.1567,3.168,2.672,1.56,2-20 км,Обычный,Нет
20008826,8826,13.2,11.829,0.087,,,,,,,0.1878,3.158,2.565,0.48,2-20 км,Обычный,Нет
20008872,8872,13.29,12.164,0.069,10.547,,,,,,0.0997,3.217,2.896,1.44,2-20 км,Обычный,2:1
20008890,8890,13.4,9.905,0.094,,,,,,,0.1442,3.168,2.711,0.85,2-20 км,Обычный,Нет
20008892,8892,13.55,13.198,0.046,,,,,,,0.1921,3.091,2.498,1.08,2-20 км,Обычный,Нет
20008906,8906,12.99,14.117,0.081,6.744,,,,,,0.2055,3.196,2.539,1.39,2-20 км,Обычный,2:1
20008912,8912,13.28,10.811,0.095,,,,,,,0.1997,3.132,2.506,1.89,2-20 км,Обычный,Нет
20008926,8926,13.84,9.944,0.065,,,,,,,0.1299,3.249,2.827,0.49,2-20 км,Обычный,2:1
20008944,8944,14.01,7.62,0.092,,,,,,,0.1248,3.12,2.73,0.84,2-20 км,Обычный,Нет
20008961,8961,13.87,9.48,0.071,,,,,,,0.1241,3.229,2.828,1.11,2-20 км,Обычный,2:1
20008965,8965,13.23,12.591,0.07,9.082,,,,,,0.145,3.151,2.694,0.88,2-20 км,Обычный,Нет
20008966,8966,14.05,8.905,0.067,,,,,,,0.1373,3.059,2.639,0.72,2-20 км,Обычный,Нет
20008971,8971,13.57,11.306,0.066,,,,,,,0.1375,3.11,2.682,0.77,2-20 км,Обычный,Нет
20008976,8976,13.49,12.702,0.063,5.54,,,,,,0.1386,3.102,2.672,2.09,2-20 км,Обычный,Нет
20008986,8986,13.41,10.578,0.1,4.68,,,,,,0.1939,3.094,2.494,1.34,2-20 км,Обычный,Нет
20008998,8998,13.8,9.198,0.101,,,,,,,0.1847,3.197,2.606,0.91,2-20 км,Обычный,2:1
20009025,9025,13.99,9.092,0.078,,,,,,,0.1581,3.238,2.726,2.0,2-20 км,Обычный,2:1
20009026,9026,13.34,10.535,0.092,11.601,,,,,,0.1552,3.166,2.674,2.24,2-20 км,Обычный,Нет
20009057,9057,12.7,15.689,0.066,,,,,,,0.1835,3.172,2.59,2.13,2-20 км,Обычный,Нет
20009097,9097,13.48,12.368,0.05,,,,,,,0.1232,3.143,2.755,2.1,2-20 км,Обычный,Нет
20009112,9112,13.25,12.849,0.092,36.5372,,,,,,0.1443,3.107,2.659,2.8,2-20 км,Обычный,Нет
20009132,9132,12.79,15.741,0.071,6.268,,,,,,0.1663,3.112,2.594,2.59,2-20 км,Обычный,Нет
20009163,9163,13.87,8.983,0.058,,,,,,,0.2029,3.161,2.52,1.35,2-20 км,Обычный,Нет
20009166,9166,12.98,9.373,0.157,,,,,,,0.1726,3.172,2.624,1.17,2-20 км,Обычный,Нет
20009195,9195,13.09,13.245,0.084,10.089,,,,,,0.1625,3.198,2.678,2.64,2-20 км,Обычный,2:1
20009203,9203,12.64,18.165,0.04,,,,,,,0.1118,3.162,2.808,2.57,2-20 км,Обычный,Нет
20009230,9230,13.8,9.135,0.051,,,,,,,0.1909,3.087,2.498,2.33,2-20 км,Обычный,Нет
20009251,9251,14.24,,,,,,,,,0.1756,3.112,2.565,2.6,,Обычный,Нет
20009263,9263,13.51,,,,,,,,,0.1797,3.149,2.583,2.12,,Обычный,Нет
20009270,9270,13.41,,,,,,,,,0.1466,3.049,2.602,2.52,,Обычный,Нет
20009278,9278,13.11,12.168,0.09,,,,,,,0.1602,3.168,2.661,2.34,2-20 км,Обычный,Нет
20009293,9293,12.95,15.048,0.059,,,,,,,0.13,3.182,2.768,1.76,2-20 км,Обычный,2:1
20009309,9309,13.8,8.331,0.111,,,,,,,0.1737,3.191,2.637,2.62,2-20 км,Обычный,2:1
20009310,9310,13.22,12.656,0.076,5.19,,,,,,0.2096,3.143,2.484,2.49,2-20 км,Обычный,Нет
20009322,9322,13.61,,,,,,,,,0.1602,3.172,2.664,2.0,,Обычный,Нет
20009330,9330,13.16,12.03,0.084,,,,,,,0.1416,3.195,2.743,2.05,2-20 км,Обычный,2:1
20009339,9339,13.8,9.793,0.067,12.12,,,,,,0.1431,3.152,2.701,0.88,2-20 км,Обычный,Нет
20009340,9340,13.23,15.331,0.047,202.112,,,,,,0.1532,3.196,2.707,2.27,2-20 км,Обычный,2:1
20009378,9378,13.34,12.038,0.07,,,,,,,0.125,3.165,2.77,2.09,2-20 км,Обычный,Нет
20009383,9383,14.24,,,,,,,,,0.1622,3.05,2.555,2.22,,Обычный,Нет
20009396,9396,13.76,11.159,0.056,,,,,,,0.169,3.087,2.565,1.9,2-20 км,Обычный,Нет
20009410,9410,12.73,16.997,0.067,,,,,,,0.112,3.232,2.87,2.28,2-20 км,Обычный,2:1
20009444,9444,13.14,13.614,0.066,15.30992,,,,,,0.0867,3.138,2.866,2.3,2-20 км,Обычный,Нет
20009446,9446,13.25,13.247,0.07,,,,,,,0.1393,3.156,2.717,1.51,2-20 км,Обычный,Нет
20009451,9451,13.22,13.023,0.065,,,,,,,0.1161,3.189,2.819,1.83,2-20 км,Обычный,2:1
20009457,9457,13.33,11.696,0.081,23.069,,,,,,0.1747,3.172,2.617,0.47,2-20 км,Обычный,Нет
20009470,9470,13.99,11.941,0.041,,,,,,,0.1784,3.155,2.592,2.04,2-20 км,Обычный,Нет
20009472,9472,13.83,8.134,0.097,,,,,,,0.1601,3.059,2.569,1.05,2-20 км,Обычный,Нет
20009480,9480,13.35,12.741,0.063,,,,,,,0.1501,3.129,2.659,0.58,2-20 км,Обычный,Нет
20009534,9534,13.06,10.203,0.115,,,,,,,0.1971,3.163,2.54,0.99,2-20 км,Обычный,Нет
20009539,9539,13.8,9.603,0.076,,,,,,,0.1759,3.096,2.551,1.33,2-20 км,Обычный,Нет
20009540,9540,13.16,13.182,0.059,,,,,,,0.1495,3.096,2.633,2.56,2-20 км,Обычный,Нет
20009558,9558,13.1,11.885,0.087,,,,,,,0.1695,3.21,2.666,2.87,2-20 км,Обычный,2:1
20009646,9646,13.08,,,1.13,,,,,,0.086,3.231,2.953,2.07,,Обычный,2:1
20009660,9660,13.03,13.65,0.066,,,,,,,0.1305,3.178,2.763,2.04,2-20 км,Обычный,2:1
20009664,9664,13.42,11.686,0.068,1.15,,,,,,0.1228,3.19,2.798,2.33,2-20 км,Обычный,2:1
20009669,9669,13.33,11.371,0.072,,,,,,,0.1779,3.23,2.656,0.44,2-20 км,Обычный,2:1
20009676,9676,13.69,9.961,0.071,,,,,,,0.1588,3.084,2.594,0.61,2-20 км,Обычный,Нет
20009736,9736,13.78,8.983,0.096,,,,,,,0.1814,3.161,2.588,2.33,2-20 км,Обычный,Нет
20009789,9789,12.52,17.239,0.037,,,,,,,0.1365,3.138,2.71,1.9,2-20 км,Обычный,Нет
20009797,9797,13.43,12.269,0.062,,,,,,,0.1623,3.178,2.662,1.21,2-20 км,Обычный,2:1
20009858,9858,13.35,11.582,0.078,21.208,,,,,,0.1787,3.225,2.649,2.78,2-20 км,Обычный,2:1
20010002,10002,13.61,8.636,0.113,,,,,,,0.1701,3.141,2.607,2.98,2-20 км,Обычный,Нет
20010018,10018,13.62,11.192,0.067,,,,,,,0.1303,3.107,2.702,1.67,2-20 км,Обычный,Нет
20010045,10045,13.0,16.044,0.057,4.204,,,,,,0.1255,3.12,2.728,1.85,2-20 км,Обычный,Нет
20010099,10099,13.68,10.427,0.078,,,,,,,0.1185,3.258,2.872,2.9,2-20 км,Обычный,2:1
20010105,10105,13.58,12.028,0.051,,,,,,,0.1041,3.126,2.801,0.89,2-20 км,Обычный,Нет
20010119,10119,13.18,14.257,0.048,6.811,,,,,,0.1346,3.128,2.707,2.52,2-20 км,Обычный,Нет
20010121,10121,13.54,10.757,0.08,12.1,,,,,,0.1506,3.203,2.721,0.89,2-20 км,Обычный,2:1
20010122,10122,13.55,11.997,0.072,,,,,,,0.1797,3.209,2.632,0.51,2-20 км,Обычный,2:1
20010147,10147,13.47,12.016,0.07,,,,,,,0.1319,3.179,2.76,2.44,2-20 км,Обычный,2:1
20010148,10148,12.73,15.513,0.08,,,,,,,0.1398,3.211,2.762,0.45,2-20 км,Обычный,2:1
20010196,10196,13.51,,,,,,,,,0.1386,3.199,2.756,2.23,,Обычный,2:1
20010223,10223,13.25,10.503,0.111,7.104,,,,,,0.1385,3.121,2.688,1.83,2-20 км,Обычный,Нет
20010241,10241,13.72,10.882,0.065,3.87,,,,,,0.1615,3.05,2.557,1.62,2-20 км,Обычный,Нет
20010269,10269,12.72,15.674,0.06,10.81,,,,,,0.1724,3.144,2.602,2.5,2-20 км,Обычный,Нет
20010338,10338,13.33,12.838,0.062,10.55,,,,,,0.1566,3.112,2.625,1.55,2-20 км,Обычный,Нет
20010343,10343,13.88,10.104,0.063,13.72005,,,,,,0.1498,3.134,2.665,2.15,2-20 км,Обычный,Нет
20010377,10377,13.89,8.169,0.055,3.66,,,,,,0.1611,3.234,2.713,1.86,2-20 км,Обычный,2:1
20010397,10397,13.96,8.752,0.101,3.33,,,,,,0.1977,3.094,2.482,0.94,2-20 км,Обычный,Нет
20010408,10408,13.86,8.559,0.088,,,,,,,0.1659,3.048,2.542,0.93,2-20 км,Обычный,Нет
20010409,10409,13.23,10.792,0.087,66.98,,,,,,0.2075,3.118,2.471,2.76,2-20 км,Обычный,Нет
20010417,10417,13.34,11.745,0.074,3.995,,,,,,0.1426,3.133,2.686,0.67,2-20 км,Обычный,Нет
20010463,10463,13.69,10.858,0.041,4.791,,,,,,0.181,3.112,2.549,1.56,2-20 км,Обычный,Нет
20010485,10485,13.28,12.496,0.071,,,,,,,0.142,3.254,2.792,2.39,2-20 км,Обычный,2:1
20010553,10553,14.11,8.758,0.058,3.75,,,,,,0.1316,3.223,2.799,2.59,2-20 км,Обычный,2:1
20010625,10625,13.13,13.404,0.075,,,,,,,0.1669,3.178,2.647,0.51,2-20 км,Обычный,2:1
20010641,10641,13.49,9.238,0.095,,,,,,,0.1519,3.159,2.679,1.18,2-20 км,Обычный,Нет
20010659,10659,14.23,7.457,0.066,,,,,,,0.1199,3.159,2.78,0.83,2-20 км,Обычный,Нет
20010663,10663,13.97,8.894,0.089,,,,,,,0.1645,3.189,2.665,2.5,2-20 км,Обычный,2:1
20010681,10681,13.32,12.7,0.063,,,,,,,0.1737,3.146,2.599,1.14,2-20 км,Обычный,Нет
20010807,10807,13.2,12.687,0.057,,,,,,,0.1258,3.184,2.784,2.66,2-20 км,Обычный,2:1
20010816,10816,13.79,10.961,0.064,14.12,,,,,,0.152,3.13,2.654,2.66,2-20 км,Обычный,Нет
20010819,10819,13.74,8.689,0.065,,,,,,,0.1267,3.165,2.764,1.34,2-20 км,Обычный,Нет
20010865,10865,13.23,11.966,0.078,,,,,,,0.1022,3.093,2.777,0.95,2-20 км,Обычный,Нет
20010883,10883,13.64,10.819,0.079,5.415,,,,,,0.1798,3.126,2.564,2.22,2-20 км,Обычный,Нет
20010914,10914,14.07,7.74,0.074,8.07,,,,,,0.1303,3.188,2.773,0.54,2-20 км,Обычный,2:1
20010918,10918,14.02,7.751,0.095,,,,,,,0.1424,3.114,2.67,2.92,2-20 км,Обычный,Нет
20010929,10929,13.15,13.147,0.06,8.711,,,,,,0.0988,3.17,2.857,1.53,2-20 км,Обычный,Нет
20010966,10966,14.35,7.539,0.071,,,,,,,0.1078,3.134,2.796,1.42,2-20 км,Обычный,Нет
20010968,10968,14.29,7.123,0.087,,,,,,,0.1078,3.134,2.796,2.44,2-20 км,Обычный,Нет
20011193,11193,12.94,13.204,0.059,,,,,,,0.1571,3.193,2.692,2.43,2-20 км,Обычный,2:1
20011204,11204,13.36,11.235,0.067,,,,,,,0.1391,3.133,2.697,1.66,2-20 км,Обычный,Нет
20011255,11255,13.53,10.236,0.067,,,,,,,0.1489,3.102,2.64,2.55,2-20 км,Обычный,Нет
20011289,11289,13.65,8.77,0.121,,,,,,,0.1577,3.092,2.604,2.84,2-20 км,Обычный,Нет
20011317,11317,13.71,8.232,0.104,,,,,,,0.1909,3.151,2.55,0.78,2-20 км,Обычный,Нет
20011352,11352,13.06,12.701,0.063,6.32,,,,,,0.1736,3.174,2.623,2.33,2-20 км,Обычный,Нет
20011377,11377,13.45,9.801,0.096,,,,,,,0.1213,3.23,2.838,2.55,2-20 км,Обычный,2:1
20011390,11390,13.45,10.814,0.079,,,,,,,0.1623,3.095,2.592,0.47,2-20 км,Обычный,Нет
20011408,11408,13.3,10.712,0.097,,,,,,,0.1306,3.178,2.763,0.78,2-20 км,Обычный,2:1
20011409,11409,12.98,15.355,0.053,10.27274,,,,,,0.1149,3.187,2.821,2.3,2-20 км,Обычный,2:1
20011432,11432,14.51,7.702,0.057,19.3609,,,,,,0.1448,3.139,2.685,0.7,2-20 км,Обычный,Нет
20011468,11468,14.4,6.472,0.097,,,,,,,0.1636,3.081,2.577,0.79,2-20 км,Обычный,Нет
20011479,11479,12.75,16.906,0.037,6.91,,,,,,0.1747,3.168,2.615,2.16,2-20 км,Обычный,Нет
20011485,11485,14.16,7.737,0.107,,,,,,,0.1652,3.156,2.634,1.67,2-20 км,Обычный,Нет
20011502,11502,13.4,12.104,0.069,3.339,,,,,,0.1832,3.102,2.534,3.0,2-20 км,Обычный,Нет
20011517,11517,13.45,10.463,0.07,19.197,,,,,,0.1375,3.122,2.693,0.58,2-20 км,Обычный,Нет
20011518,11518,13.37,12.881,0.061,,,,,,,0.0932,3.24,2.938,0.72,2-20 км,Обычный,2:1
20011521,11521,13.49,11.81,0.055,13.857,,,,,,0.1564,3.165,2.67,2.14,2-20 км,Обычный,Нет
20011609,11609,13.23,12.244,0.089,,,,,,,0.1221,3.09,2.713,2.29,2-20 км,Обычный,Нет
20011652,11652,12.79,14.98,0.079,,,,,,,0.1283,3.099,2.701,2.9,2-20 км,Обычный,Нет
20011664,11664,13.23,11.982,0.078,,,,,,,0.0897,3.169,2.885,2.73,2-20 км,Обычный,Нет
20011670,11670,13.29,12.735,0.058,,,,,,,0.1297,3.091,2.69,0.87,2-20 км,Обычный,Нет
20011717,11717,12.95,14.82,0.048,,,,,,,0.1575,3.211,2.705,1.04,2-20 км,Обычный,2:1
20011729,11729,12.85,17.079,0.059,,,,,,,0.1283,3.146,2.742,2.8,2-20 км,Обычный,Нет
20011738,11738,12.64,17.722,0.062,,,,,,,0.1612,3.177,2.665,2.21,2-20 км,Обычный,2:1
20011776,11776,13.91,10.985,0.053,3.807,,,,,,0.1834,3.167,2.587,0.45,2-20 км,Обычный,Нет
20011783,11783,13.72,9.762,0.117,,,,,,,0.2046,3.168,2.52,1.37,2-20 км,Обычный,Нет
20011794,11794,13.54,11.315,0.072,,,,,,,0.1461,3.112,2.657,2.55,2-20 км,Обычный,Нет
20011826,11826,13.98,7.617,0.111,,,,,,,0.1971,3.19,2.561,1.73,2-20 км,Обычный,2:1
20011844,11844,13.19,11.284,0.115,,,,,,,0.1689,3.169,2.634,1.33,2-20 км,Обычный,Нет
20011845,11845,13.37,10.046,0.072,,,,,,,0.2096,3.195,2.525,2.03,2-20 км,Обычный,2:1
20011858,11858,13.59,,,4.596,,,,,,0.1542,3.154,2.667,2.17,,Обычный,Нет
20011860,11860,13.44,11.93,0.061,,,,,,,0.1748,3.143,2.594,2.41,2-20 км,Обычный,Нет
20011898,11898,13.26,11.369,0.079,,,,,,,0.1034,3.229,2.895,2.1,2-20 км,Обычный,2:1
20011946,11946,13.19,14.207,0.055,14.0,,,,,,0.1521,3.139,2.661,0.53,2-20 км,Обычный,Нет
20011948,11948,13.41,,,,,,,,,0.1297,3.187,2.774,1.9,,Обычный,2:1
20011950,11950,13.62,10.848,0.066,,,,,,,0.1266,3.222,2.814,1.95,2-20 км,Обычный,2:1
20011974,11974,13.35,9.964,0.112,26.158,,,,,,0.2032,3.117,2.483,2.39,2-20 км,Обычный,Нет
20012033,12033,13.64,10.02,0.084,5.307,,,,,,0.1006,3.246,2.919,2.56,2-20 км,Обычный,2:1
20012129,12129,13.01,14.467,0.062,,,,,,,0.1675,3.183,2.65,1.27,2-20 км,Обычный,2:1
20012175,12175,13.55,11.992,0.071,19.67,,,,,,0.179,3.112,2.555,2.88,2-20 км,Обычный,Нет
20012183,12183,13.42,10.781,0.08,3.56,,,,,,0.1384,3.212,2.767,1.52,2-20 км,Обычный,2:1
20012192,12192,14.35,7.439,0.08,,,,,,,0.1216,3.088,2.712,1.27,2-20 км,Обычный,Нет
20012359,12359,13.0,13.052,0.095,11.766,,,,,,0.1491,3.206,2.728,0.95,2-20 км,Обычный,2:1
20012360,12360,13.6,10.457,0.085,11.37,,,,,,0.1898,3.211,2.602,2.38,2-20 км,Обычный,2:1
20012361,12361,14.1,,,,,,,,,0.179,3.127,2.567,2.68,,Обычный,Нет
20012363,12363,13.18,,,,,,,,,0.1368,3.157,2.725,2.61,,Обычный,Нет
20012393,12393,13.65,,,,,,,,,0.1171,3.08,2.72,0.4,,Обычный,Нет
20012439,12439,12.86,,,,,,,,,0.1343,3.139,2.718,2.19,,Обычный,Нет
20012490,12490,14.49,,,,,,,,,0.1306,3.19,2.774,0.97,,Обычный,2:1
20012546,12546,13.45,11.653,0.062,10.23,,,,,,0.1652,3.081,2.572,1.02,2-20 км,Обычный,Нет
20012560,12560,13.2,16.157,0.043,,,,,,,0.1304,3.143,2.733,1.74,2-20 км,Обычный,Нет
20012561,12561,12.93,,,,,,,,,0.1403,3.101,2.666,0.76,,Обычный,Нет
20012567,12567,13.15,,,,,,,,,0.1149,3.202,2.834,2.18,,Обычный,2:1
20012609,12609,14.24,8.904,0.06,10.272,,,,,,0.1825,3.121,2.551,0.88,2-20 км,Обычный,Нет
20012620,12620,13.92,,,,,,,,,0.1441,3.098,2.651,0.92,,Обычный,Нет
20012694,12694,13.93,8.517,0.081,,,,,,,0.0826,3.252,2.983,0.51,2-20 км,Обычный,2:1
20012758,12758,14.12,8.345,0.052,,,,,,,0.1756,3.143,2.591,1.83,2-20 км,Обычный,Нет
20012884,12884,13.22,12.704,0.095,10.375,,,,,,0.1437,3.2,2.74,2.44,2-20 км,Обычный,2:1
20012887,12887,13.79,10.207,0.074,,,,,,,0.2108,3.173,2.504,2.6,2-20 км,Обычный,Нет
20012889,12889,13.16,,,5.363,,,,,,0.1282,3.109,2.711,1.59,,Обычный,Нет
20012905,12905,13.29,10.918,0.093,,,,,,,0.1429,3.189,2.733,2.44,2-20 км,Обычный,2:1
20012911,12911,13.17,14.817,0.056,13.281,,,,,,0.1553,3.098,2.616,2.43,2-20 км,Обычный,Нет
20012912,12912,13.35,,,4.144,,,,,,0.1372,3.167,2.732,2.7,,Обычный,Нет
20012930,12930,13.71,,,,,,,,,0.1327,3.225,2.797,1.45,,Обычный,2:1
20012944,12944,14.43,,,,,,,,,0.1511,3.106,2.637,2.05,,Обычный,Нет
20013149,13149,14.08,,,,,,,,,0.1468,3.123,2.665,3.11,,Обычный,Нет
20013179,13179,13.87,10.486,0.053,,,,,,,0.1251,3.106,2.718,1.23,2-20 км,Обычный,Нет
20013228,13228,12.98,12.507,0.113,25.385,,,,,,0.1616,3.164,2.652,3.0,2-20 км,Обычный,Нет
20013231,13231,13.91,8.037,0.091,,,,,,,0.1581,3.229,2.719,0.43,2-20 км,Обычный,2:1
20013327,13327,14.26,,,,,,,,,0.1588,3.1,2.608,3.19,,Обычный,Нет
20013348,13348,12.95,12.217,0.098,,,,,,,0.142,3.157,2.709,1.23,2-20 км,Обычный,Нет
20013363,13363,13.34,12.099,0.1,,,,,,,0.1384,3.123,2.69,2.68,2-20 км,Обычный,Нет
20013369,13369,13.62,12.812,0.043,63.314,,,,,,0.1464,3.126,2.668,1.34,2-20 км,Обычный,Нет
20013436,13436,12.65,15.74,0.078,11.67828,,,,,,0.1191,3.208,2.826,0.9,2-20 км,Обычный,2:1
20013485,13485,13.52,10.962,0.077,,,,,,,0.1776,3.125,2.57,2.63,2-20 км,Обычный,Нет
20013499,13499,13.74,9.366,0.08,,,,,,,0.1885,3.216,2.61,1.92,2-20 км,Обычный,2:1
20013534,13534,13.6,10.947,0.071,6.214,,,,,,0.1709,3.209,2.661,1.25,2-20 км,Обычный,2:1
20013562,13562,14.11,,,,,,,,,0.1312,3.18,2.763,1.55,,Обычный,2:1
20013590,13590,13.94,,,,,,,,,0.1338,3.213,2.783,0.56,,Обычный,2:1
20013644,13644,13.51,9.179,0.091,21.844,,,,,,0.2007,3.168,2.532,0.43,2-20 км,Обычный,Нет
20013649,13649,13.09,12.093,0.1,5.51386,,,,,,0.1363,3.187,2.753,1.46,2-20 км,Обычный,2:1
20013686,13686,14.09,10.694,0.043,,,,,,,0.1771,3.115,2.563,1.26,2-20 км,Обычный,Нет
20013787,13787,13.4,,,,,,,,,0.135,3.199,2.767,2.13,,Обычный,2:1
20013794,13794,13.67,10.371,0.084,,,,,,,0.1624,3.147,2.636,2.62,2-20 км,Обычный,Нет
20013795,13795,13.5,12.06,0.064,,,,,,,0.1425,3.172,2.72,2.17,2-20 км,Обычный,Нет
20013796,13796,13.78,,,,,,,,,0.1649,3.194,2.667,1.33,,Обычный,2:1
20013805,13805,13.38,10.821,0.095,,,,,,,0.1847,3.209,2.616,1.75,2-20 км,Обычный,2:1
20013820,13820,13.57,10.78,0.073,,,,,,,0.17,3.118,2.588,1.23,2-20 км,Обычный,Нет
20013829,13829,13.45,,,,,,,,,0.1574,3.125,2.633,1.93,,Обычный,Нет
20013845,13845,14.61,,,,,,,,,0.1634,3.16,2.644,2.18,,Обычный,Нет
20013875,13875,14.08,8.206,0.081,,,,,,,0.1775,3.094,2.545,1.18,2-20 км,Обычный,Нет
20013962,13962,13.2,12.064,0.079,,,,,,,0.181,3.191,2.613,2.07,2-20 км,Обычный,2:1
20013964,13964,13.53,11.38,0.072,6.23621,,,,,,0.1535,3.211,2.718,0.59,2-20 км,Обычный,2:1
20013965,13965,14.22,7.835,0.087,,,,,,,0.155,3.097,2.617,1.4,2-20 км,Обычный,Нет
20013984,13984,14.34,8.018,0.073,,,,,,,0.1589,3.09,2.599,2.25,2-20 км,Обычный,Нет
20014013,14013,14.44,7.404,0.089,,,,,,,0.1699,3.118,2.588,2.58,2-20 км,Обычный,Нет
20014072,14072,13.54,11.558,0.057,,,,,,,0.16,3.155,2.65,1.85,2-20 км,Обычный,Нет
20014075,14075,13.84,10.259,0.067,30.313,,,,,,0.1649,3.116,2.602,2.15,2-20 км,Обычный,Нет
20014099,14099,13.34,11.163,0.089,,,,,,,0.1731,3.187,2.635,2.43,2-20 км,Обычный,2:1
20014100,14100,13.71,9.662,0.083,,,,,,,0.0933,3.126,2.835,0.58,2-20 км,Обычный,Нет
20014167,14167,13.48,11.396,0.055,,,,,,,0.1572,3.09,2.604,2.56,2-20 км,Обычный,Нет
20014168,14168,13.35,12.618,0.064,5.844,,,,,,0.1564,3.167,2.672,0.65,2-20 км,Обычный,Нет
20014227,14227,12.62,17.639,0.075,,,,,,,0.12,3.105,2.732,2.25,2-20 км,Обычный,Нет
20014248,14248,13.48,11.199,0.07,,,,,,,0.1775,3.166,2.604,1.41,2-20 км,Обычный,Нет
20014279,14279,13.84,9.407,0.087,8.72,,,,,,0.1755,3.098,2.554,1.44,2-20 км,Обычный,Нет
20014314,14314,13.83,9.437,0.068,,,,,,,0.1693,3.136,2.605,2.14,2-20 км,Обычный,Нет
20014367,14367,14.24,6.294,0.093,,,,,,,0.2011,3.139,2.508,1.38,2-20 км,Обычный,Нет
20014389,14389,13.29,11.716,0.081,,,,,,,0.163,3.196,2.675,2.61,2-20 км,Обычный,2:1
20014406,14406,13.9,10.252,0.08,,,,,,,0.153,3.135,2.656,2.43,2-20 км,Обычный,Нет
20014428,14428,13.39,10.667,0.081,,,,,,,0.1806,3.18,2.605,1.6,2-20 км,Обычный,2:1
20014448,14448,13.64,11.05,0.069,,,,,,,0.1871,3.092,2.513,1.66,2-20 км,Обычный,Нет
20014478,14478,13.36,10.723,0.117,,,,,,,0.1694,3.165,2.629,2.25,2-20 км,Обычный,Нет
20014519,14519,13.54,10.224,0.089,,,,,,,0.1481,3.201,2.727,2.36,2-20 км,Обычный,2:1
20014547,14547,14.38,7.386,0.081,,,,,,,0.2008,3.125,2.498,1.81,2-20 км,Обычный,Нет
20014556,14556,13.59,10.247,0.088,,,,,,,0.1391,3.215,2.768,1.33,2-20 км,Обычный,2:1
20014638,14638,14.11,8.177,0.08,,,,,,,0.1502,3.139,2.668,1.16,2-20 км,Обычный,Нет
20014654,14654,13.62,10.567,0.076,5.19,,,,,,0.147,3.146,2.684,1.47,2-20 км,Обычный,Нет
20014681,14681,14.06,,,12.466,,,,,,0.1721,3.1,2.567,0.94,,Обычный,Нет
20014716,14716,13.2,12.919,0.08,5.457,,,,,,0.1599,3.198,2.687,2.39,2-20 км,Обычный,2:1
20014732,14732,13.5,8.953,0.183,,,,,,,0.1854,3.207,2.613,1.12,2-20 км,Обычный,2:1
20014750,14750,15.17,5.238,0.077,,,,,,,0.1832,3.059,2.499,1.64,2-20 км,Обычный,Нет
20014770,14770,14.3,,,14.894,,,,,,0.1626,3.204,2.683,2.86,,Обычный,2:1
20014771,14771,13.57,11.224,0.067,,,,,,,0.1497,3.223,2.741,1.3,2-20 км,Обычный,2:1
20014887,14887,13.94,8.584,0.087,,,,,,,0.1629,3.179,2.661,1.94,2-20 км,Обычный,2:1
20014963,14963,13.73,11.641,0.057,7.11,,,,,,0.171,3.144,2.606,1.6,2-20 км,Обычный,Нет
20014987,14987,13.95,7.74,0.089,,,,,,,0.1464,3.195,2.727,0.69,2-20 км,Обычный,2:1
20015002,15002,14.13,7.674,0.099,,,,,,,0.1418,3.237,2.778,2.31,2-20 км,Обычный,2:1
20015057,15057,14.33,7.735,0.074,,,,,,,0.1525,3.18,2.695,2.11,2-20 км,Обычный,2:1
20015074,15074,13.57,11.487,0.051,,,,,,,0.1217,3.103,2.725,1.99,2-20 км,Обычный,Нет
20015085,15085,13.06,13.58,0.073,5.53,,,,,,0.1352,3.107,2.687,1.96,2-20 км,Обычный,Нет
20015086,15086,14.4,7.106,0.08,,,,,,,0.1425,3.211,2.754,1.38,2-20 км,Обычный,2:1
20015123,15123,13.04,12.345,0.096,3.409,,,,,,0.1305,3.161,2.748,1.66,2-20 км,Обычный,Нет
20015222,15222,12.72,15.233,0.076,7.027,,,,,,0.1502,3.147,2.674,1.4,2-20 км,Обычный,Нет
20015245,15245,13.72,10.806,0.066,,,,,,,0.1384,3.116,2.685,2.01,2-20 км,Обычный,Нет
20015255,15255,14.18,9.478,0.059,,,,,,,0.1612,3.152,2.644,2.16,2-20 км,Обычный,Нет
20015257,15257,14.15,8.433,0.075,6.67,,,,,,0.1747,3.143,2.594,1.28,2-20 км,Обычный,Нет
20015261,15261,13.59,11.096,0.091,,,,,,,0.1888,3.162,2.565,2.28,2-20 км,Обычный,Нет
20015262,15262,13.42,12.201,0.062,3.533,,,,,,0.1412,3.211,2.757,0.63,2-20 км,Обычный,2:1
20015292,15292,13.22,12.483,0.094,,,,,,,0.1948,3.097,2.494,3.02,2-20 км,Обычный,Нет
20015323,15323,14.05,8.242,0.104,,,,,,,0.2227,3.184,2.475,2.2,2-20 км,Обычный,2:1
20015324,15324,14.19,7.366,0.044,,,,,,,0.2119,3.104,2.446,1.79,2-20 км,Обычный,Нет
20015342,15342,14.32,8.606,0.064,,,,,,,0.1267,3.093,2.701,1.85,2-20 км,Обычный,Нет
20015395,15395,14.54,7.273,0.064,,,,,,,0.1282,3.141,2.739,0.86,2-20 км,Обычный,Нет
20015412,15412,13.72,10.533,0.11,,,,,,,0.2,3.166,2.533,2.89,2-20 км,Обычный,Нет
20015472,15472,14.07,8.028,0.091,,,,,,,0.1343,3.203,2.773,1.44,2-20 км,Обычный,2:1
20015482,15482,13.8,10.854,0.047,,,,,,,0.109,3.126,2.785,2.65,2-20 км,Обычный,Нет
20015485,15485,13.88,10.111,0.069,,,,,,,0.1468,3.127,2.668,2.65,2-20 км,Обычный,Нет
20015497,15497,14.57,7.424,0.088,,,,,,,0.1079,3.14,2.801,2.69,2-20 км,Обычный,Нет
20015572,15572,13.7,8.118,0.128,,,,,,,0.1588,3.215,2.705,2.11,2-20 км,Обычный,2:1
20015588,15588,14.08,8.356,0.084,,,,,,,0.1489,3.201,2.724,1.03,2-20 км,Обычный,2:1
20015656,15656,13.45,10.306,0.096,,,,,,,0.1221,3.2,2.809,0.53,2-20 км,Обычный,2:1
20015657,15657,14.23,5.632,0.14,,,,,,,0.1822,3.178,2.599,1.01,2-20 км,Обычный,2:1
20015698,15698,13.7,11.076,0.057,,,,,,,0.1658,3.13,2.611,1.86,2-20 км,Обычный,Нет
20015771,15771,13.54,10.075,0.076,,,,,,,0.1932,3.166,2.554,2.18,2-20 км,Обычный,Нет
20015837,15837,14.37,7.337,0.075,,,,,,,0.1109,3.083,2.741,1.41,2-20 км,Обычный,Нет
20015839,15839,14.13,8.793,0.044,,,,,,,0.1473,3.115,2.656,2.18,2-20 км,Обычный,Нет
20015867,15867,13.65,9.17,0.092,,,,,,,0.1282,3.149,2.745,0.77,2-20 км,Обычный,Нет
20015929,15929,13.52,10.801,0.066,,,,,,,0.1167,3.169,2.799,1.49,2-20 км,Обычный,Нет
20015931,15931,13.23,10.466,0.059,,,,,,,0.1851,3.172,2.585,2.08,2-20 км,Обычный,Нет
20015944,15944,13.26,9.821,0.116,,,,,,,0.118,3.124,2.756,2.64,2-20 км,Обычный,Нет
20015968,15968,13.47,10.21,0.081,5.19,,,,,,0.1211,3.22,2.83,1.01,2-20 км,Обычный,2:1
20016015,16015,13.9,15.65,0.0125,,,,,,,0.1329,3.149,2.731,1.95,2-20 км,Обычный,Нет
20016031,16031,13.38,11.685,0.082,,,,,,,0.1568,3.207,2.705,2.22,2-20 км,Обычный,2:1
20016039,16039,13.7,11.547,0.029,,,,,,,0.1253,3.203,2.801,1.8,2-20 км,Обычный,2:1
20016048,16048,13.84,9.702,0.075,6.11,,,,,,0.1094,3.048,2.715,0.84,2-20 км,Обычный,Нет
20016050,16050,13.37,11.568,0.058,3.913,,,,,,0.1332,3.105,2.691,2.46,2-20 км,Обычный,Нет
20016086,16086,13.45,11.212,0.051,57.482,,,,,,0.1198,3.213,2.828,1.39,2-20 км,Обычный,2:1
20016115,16115,13.31,12.529,0.071,14.68,,,,,,0.1334,3.239,2.807,2.67,2-20 км,Обычный,2:1
20016178,16178,13.66,,,,,,,,,0.0949,3.236,2.929,1.05,,Обычный,2:1
20016229,16229,14.15,9.758,0.054,,,,,,,0.1391,3.187,2.744,0.95,2-20 км,Обычный,2:1
20016231,16231,14.18,9.035,0.065,135.72,,,,,,0.1386,3.098,2.669,2.92,2-20 км,Обычный,Нет
20016246,16246,14.5,7.188,0.041,,,,,,,0.1924,3.089,2.495,0.42,2-20 км,Обычный,Нет
20016265,16265,14.1,8.764,0.048,,,,,,,0.1844,3.114,2.54,1.06,2-20 км,Обычный,Нет
20016269,16269,14.6,7.095,0.038,,,,,,,0.1808,3.109,2.547,0.76,2-20 км,Обычный,Нет
20016278,16278,13.36,10.927,0.093,,,,,,,0.1911,3.174,2.568,0.98,2-20 км,Обычный,Нет
20016279,16279,13.11,11.765,0.051,,,,,,,0.1157,3.097,2.738,2.39,2-20 км,Обычный,Нет
20016298,16298,14.42,,,,,,,,,0.1537,3.106,2.629,2.24,,Обычный,Нет
20016300,16300,13.63,10.435,0.085,,,,,,,0.1258,3.235,2.828,2.71,2-20 км,Обычный,2:1
20016303,16303,14.5,,,,,,,,,0.1601,3.099,2.603,2.82,,Обычный,Нет
20016332,16332,13.26,13.978,0.044,,,,,,,0.1388,3.151,2.714,2.18,2-20 км,Обычный,Нет
20016356,16356,12.81,14.875,0.046,25.986,,,,,,0.1137,3.164,2.804,2.78,2-20 км,Обычный,Нет
20016515,16515,13.29,10.96,0.09,,,,,,,0.1751,3.166,2.612,2.24,2-20 км,Обычный,Нет
20016568,16568,13.69,10.749,0.08,4.302,,,,,,0.1044,3.252,2.913,2.6,2-20 км,Обычный,2:1
20016575,16575,13.63,,,,,,,,,0.135,3.126,2.704,2.16,,Обычный,Нет
20016576,16576,13.86,9.098,0.093,,,,,,,0.1239,3.203,2.806,2.53,2-20 км,Обычный,2:1
20016615,16615,14.4,6.967,0.11,,,,,,,0.1461,3.239,2.766,2.16,2-20 км,Обычный,2:1
20016688,16688,13.67,9.491,0.086,,,,,,,0.1539,3.104,2.626,2.31,2-20 км,Обычный,Нет
20016716,16716,14.93,5.638,0.067,,,,,,,0.1895,3.094,2.508,2.01,2-20 км,Обычный,Нет
20016719,16719,13.43,,,15.634,,,,,,0.1746,3.108,2.566,2.42,,Обычный,Нет
20016723,16723,14.17,6.77,0.106,,,,,,,0.1989,3.155,2.528,2.22,2-20 км,Обычный,Нет
20016781,16781,13.44,10.454,0.102,,,,,,,0.1504,3.166,2.69,2.44,2-20 км,Обычный,Нет
20016788,16788,13.01,,,,,,,,,0.1318,3.179,2.76,2.37,,Обычный,2:1
20016853,16853,13.37,12.025,0.07,,,,,,,0.1149,3.107,2.75,2.19,2-20 км,Обычный,Нет
20016877,16877,13.82,9.224,0.084,,,,,,,0.1116,3.061,2.72,1.29,2-20 км,Обычный,Нет
20016889,16889,14.57,6.583,0.054,,,,,,,0.1021,3.226,2.896,2.06,2-20 км,Обычный,2:1
20016892,16892,13.23,11.013,0.055,3.33,,,,,,0.1545,3.103,2.624,2.29,2-20 км,Обычный,Нет
20016900,16900,13.55,10.23,0.081,,,,,,,0.1079,3.04,2.712,2.48,2-20 км,Обычный,Нет
20016923,16923,13.51,11.232,0.073,5.916,,,,,,0.1758,3.187,2.627,0.58,2-20 км,Обычный,2:1
20016945,16945,13.26,11.539,0.053,,,,,,,0.1748,3.2,2.641,2.09,2-20 км,Обычный,2:1
20016969,16969,14.01,,,,,,,,,0.1538,3.241,2.743,2.6,,Обычный,2:1
20017097,17097,14.38,7.98,0.07,,,,,,,0.1305,3.11,2.705,1.71,2-20 км,Обычный,Нет
20017104,17104,14.23,7.431,0.088,,,,,,,0.144,3.204,2.743,2.15,2-20 км,Обычный,2:1
20017150,17150,13.55,10.8,0.079,6.268,,,,,,0.1773,3.17,2.608,2.61,2-20 км,Обычный,Нет
20017231,17231,13.95,9.808,0.055,,,,,,,0.1583,3.13,2.634,1.8,2-20 км,Обычный,Нет
20017238,17238,14.02,8.165,0.096,,,,,,,0.1377,3.123,2.693,2.4,2-20 км,Обычный,Нет
20017291,17291,14.19,7.938,0.085,5.716,,,,,,0.2127,3.176,2.5,2.49,2-20 км,Обычный,2:1
20017329,17329,14.53,8.679,0.049,9.07938,,,,,,0.2093,3.105,2.455,1.59,2-20 км,Обычный,Нет
20017389,17389,13.45,10.973,0.073,,,,,,,0.1821,3.1,2.535,1.94,2-20 км,Обычный,Нет
20017524,17524,14.54,6.885,0.071,,,,,,,0.1315,3.119,2.708,2.41,2-20 км,Обычный,Нет
20017526,17526,14.64,6.981,0.06,,,,,,,0.1654,3.109,2.595,2.62,2-20 км,Обычный,Нет
20017533,17533,14.22,9.18,0.041,,,,,,,0.1486,3.088,2.63,2.3,2-20 км,Обычный,Нет
20017573,17573,13.65,10.144,0.062,4.931,,,,,,0.1646,3.196,2.67,1.29,2-20 км,Обычный,2:1
20017627,17627,13.19,,,42.462,,,,,,0.141,3.207,2.755,0.95,,Обычный,2:1
20017680,17680,13.64,9.87,0.055,,,,,,,0.0916,3.143,2.855,2.41,2-20 км,Обычный,Нет
20017699,17699,13.87,9.355,0.061,8.909,,,,,,0.1794,3.185,2.614,2.41,2-20 км,Обычный,2:1
20017755,17755,13.39,10.699,0.089,,,,,,,0.168,3.085,2.567,2.25,2-20 км,Обычный,Нет
20017771,17771,13.96,8.685,0.085,15.97,,,,,,0.1374,3.251,2.804,2.27,2-20 км,Обычный,2:1
20017801,17801,14.01,8.069,0.09,,,,,,,0.1034,3.125,2.801,0.79,2-20 км,Обычный,Нет
20017843,17843,13.68,10.703,0.074,,,,,,,0.1011,3.165,2.845,2.89,2-20 км,Обычный,Нет
20017931,17931,13.79,8.414,0.063,,,,,,,0.1458,3.205,2.738,2.24,2-20 км,Обычный,2:1
20018011,18011,14.08,7.204,0.065,,,,,,,0.1779,3.228,2.654,1.81,2-20 км,Обычный,2:1
20018148,18148,13.0,15.127,0.064,,,,,,,0.132,3.148,2.733,1.19,2-20 км,Обычный,Нет
20018212,18212,13.53,,,6.132,,,,,,0.1998,3.193,2.555,3.04,,Обычный,2:1
20018214,18214,14.43,8.827,0.052,,,,,,,0.1824,3.184,2.603,2.54,2-20 км,Обычный,2:1
20018235,18235,14.09,8.751,0.07,,,,,,,0.1456,3.1,2.649,0.73,2-20 км,Обычный,Нет
20018296,18296,14.52,7.187,0.071,,,,,,,0.1353,3.188,2.756,1.74,2-20 км,Обычный,2:1
20018326,18326,13.79,8.902,0.089,,,,,,,0.1063,3.236,2.892,1.89,2-20 км,Обычный,2:1
20018337,18337,14.21,5.312,0.157,,,,,,,0.2014,3.184,2.543,0.95,2-20 км,Обычный,2:1
20018383,18383,14.35,5.943,0.098,,,,,,,0.1636,3.095,2.588,2.52,2-20 км,Обычный,Нет
20018484,18484,13.69,9.92,0.078,,,,,,,0.1689,3.1,2.577,2.63,2-20 км,Обычный,Нет
20018486,18486,13.65,8.975,0.06,3.62,,,,,,0.1717,3.166,2.622,1.99,2-20 км,Обычный,Нет
20018553,18553,13.59,9.898,0.065,,,,,,,0.1426,3.106,2.663,1.01,2-20 км,Обычный,Нет
20018669,18669,14.39,6.794,0.05,7.56,,,,,,0.1446,3.087,2.641,2.95,2-20 км,Обычный,Нет
20018670,18670,14.27,7.262,0.077,,,,,,,0.148,3.098,2.639,1.22,2-20 км,Обычный,Нет
20018705,18705,13.82,9.71,0.052,,,,,,,0.1313,3.27,2.84,1.6,2-20 км,Обычный,2:1
20018717,18717,14.57,6.828,0.072,,,,,,,0.1168,3.214,2.838,0.97,2-20 км,Обычный,2:1
20018723,18723,13.16,12.174,0.057,,,,,,,0.1552,3.234,2.732,2.04,2-20 км,Обычный,2:1
20018828,18828,13.67,12.719,0.044,,,,,,,0.1151,3.267,2.891,1.92,2-20 км,Обычный,2:1
20018852,18852,13.11,11.994,0.072,9.66,,,,,,0.1648,3.168,2.646,1.44,2-20 км,Обычный,Нет
20018946,18946,14.34,8.684,0.054,,,,,,,0.175,3.051,2.517,0.52,2-20 км,Обычный,Нет
20019087,19087,14.04,9.396,0.046,4.889,,,,,,0.1178,3.135,2.766,1.52,2-20 км,Обычный,Нет
20019199,19199,14.27,8.135,0.032,,,,,,,0.1272,3.116,2.72,2.37,2-20 км,Обычный,Нет
20019223,19223,13.8,9.247,0.082,,,,,,,0.1533,3.179,2.692,2.75,2-20 км,Обычный,2:1
20019248,19248,14.14,7.73,0.118,,,,,,,0.2071,3.095,2.454,2.72,2-20 км,Обычный,Нет
20019360,19360,14.54,6.842,0.055,1.0,,,,,,0.1136,3.104,2.752,0.67,2-20 км,Обычный,Нет
20019528,19528,14.33,7.952,0.04,,,,,,,0.132,3.188,2.768,1.96,2-20 км,Обычный,2:1
20019588,19588,13.94,9.479,0.103,,,,,,,0.1645,3.138,2.622,1.32,2-20 км,Обычный,Нет
20019601,19601,14.38,7.69,0.062,8.059,,,,,,0.1925,3.192,2.578,1.61,2-20 км,Обычный,2:1
20019636,19636,13.53,11.732,0.061,8.448,,,,,,0.176,3.127,2.576,1.79,2-20 км,Обычный,Нет
20019643,19643,14.27,7.776,0.08,,,,,,,0.1296,3.098,2.697,1.03,2-20 км,Обычный,Нет
20019697,19697,13.88,8.984,0.06,,,,,,,0.1356,3.217,2.781,0.48,2-20 км,Обычный,2:1
20019704,19704,13.48,11.334,0.087,,,,,,,0.087,3.237,2.955,2.75,2-20 км,Обычный,2:1
20019783,19783,13.47,12.872,0.051,,,,,,,0.1428,3.064,2.627,2.41,2-20 км,Обычный,Нет
20019798,19798,14.04,8.473,0.098,3.958476,,,,,,0.1505,3.073,2.61,1.75,2-20 км,Обычный,Нет
20019800,19800,14.06,8.891,0.062,,,,,,,0.1492,3.224,2.743,0.59,2-20 км,Обычный,2:1
20019923,19923,14.0,8.076,0.09,,,,,,,0.1107,3.161,2.811,1.68,2-20 км,Обычный,Нет
20020099,20099,14.26,15.03,0.0236,,,,,,,0.1775,3.122,2.568,2.39,2-20 км,Обычный,Нет
20020100,20100,14.27,,,188.389,,,,,,0.164,3.142,2.627,1.23,,Обычный,Нет
20020127,20127,14.86,7.118,0.038,3.47,,,,,,0.1194,3.105,2.734,1.62,2-20 км,Обычный,Нет
20020135,20135,14.43,,,,,,,,,0.1493,3.08,2.62,0.89,,Обычный,Нет
20020211,20211,14.45,7.527,0.065,,,,,,,0.1163,3.102,2.741,1.36,2-20 км,Обычный,Нет
20020221,20221,14.74,5.264,0.077,,,,,,,0.1043,3.094,2.771,1.81,2-20 км,Обычный,Нет
20020422,20422,13.54,12.824,0.056,,,,,,,0.1411,3.214,2.76,1.79,2-20 км,Обычный,2:1
20020530,20530,14.35,,,,,,,,,0.1773,3.143,2.586,1.04,,Обычный,Нет
20020656,20656,14.27,7.881,0.071,,,,,,,0.1493,3.196,2.719,2.02,2-20 км,Обычный,2:1
20020659,20659,14.09,8.145,0.073,,,,,,,0.1926,3.139,2.535,0.85,2-20 км,Обычный,Нет
20020661,20661,14.22,8.023,0.057,,,,,,,0.1728,3.199,2.646,1.46,2-20 км,Обычный,2:1
20020667,20667,13.8,8.288,0.078,10.71,,,,,,0.1204,3.187,2.803,1.68,2-20 км,Обычный,2:1
20020692,20692,13.36,11.317,0.087,,,,,,,0.0767,3.257,3.007,2.42,2-20 км,Обычный,2:1
20020696,20696,14.33,6.666,0.083,5.83,,,,,,0.1139,3.149,2.791,1.01,2-20 км,Обычный,Нет
20020818,20818,14.41,7.645,0.044,,,,,,,0.088,3.118,2.844,1.47,2-20 км,Обычный,Нет
20020922,20922,14.37,7.471,0.072,,,,,,,0.1842,3.133,2.556,2.44,2-20 км,Обычный,Нет
20021013,21013,14.81,5.969,0.054,,,,,,,0.1458,3.081,2.631,0.46,2-20 км,Обычный,Нет
20021014,21014,14.07,7.68,0.131,,,,,,,0.2081,3.147,2.492,1.59,2-20 км,Обычный,Нет
20021064,21064,14.13,7.49,0.079,,,,,,,0.1334,3.175,2.751,2.6,2-20 км,Обычный,Нет
20021219,21219,13.97,9.439,0.06,,,,,,,0.1336,3.084,2.672,2.43,2-20 км,Обычный,Нет
20021349,21349,14.07,6.664,0.083,,,,,,,0.1776,3.191,2.625,0.93,2-20 км,Обычный,2:1
20021360,21360,13.93,8.841,0.075,,,,,,,0.1286,3.186,2.776,0.53,2-20 км,Обычный,2:1
20021537,21537,14.33,,,5.02,,,,,,0.1394,3.074,2.646,1.17,,Обычный,Нет
20021569,21569,14.0,,,,,,,,,0.1263,3.152,2.754,0.68,,Обычный,Нет
20021576,21576,13.91,8.893,0.081,,,,,,,0.1393,3.166,2.725,2.19,2-20 км,Обычный,Нет
20021579,21579,13.88,,,,,,,,,0.1406,3.136,2.695,1.85,,Обычный,Нет
20021586,21586,12.73,17.113,0.06,27.0489,,,,,,0.1393,3.094,2.663,1.8,2-20 км,Обычный,Нет
20021588,21588,14.2,,,,,,,,,0.1593,3.089,2.597,2.57,,Обычный,Нет
20021699,21699,13.93,10.259,0.061,87.848,,,,,,0.1725,3.119,2.581,3.02,2-20 км,Обычный,Нет
20021805,21805,13.78,8.173,0.096,309.294,,,,,,0.186,3.105,2.527,0.72,2-20 км,Обычный,Нет
20021855,21855,13.49,10.554,0.048,9.675,,,,,,0.1144,3.194,2.829,2.89,2-20 км,Обычный,2:1
20021892,21892,13.94,,,,,,,,,0.1519,3.108,2.636,2.5,,Обычный,Нет
20021985,21985,14.46,,,,,,,,,0.118,3.107,2.74,0.73,,Обычный,Нет
20022020,22020,13.69,10.789,0.066,,,,,,,0.1277,3.186,2.779,2.49,2-20 км,Обычный,2:1
20022021,22021,13.9,9.045,0.078,,,,,,,0.1134,3.2,2.837,2.04,2-20 км,Обычный,2:1
20022157,22157,14.22,8.526,0.042,,,,,,,0.1206,3.122,2.745,0.42,2-20 км,Обычный,Нет
20022238,22238,14.51,7.543,0.065,35.288,,,,,,0.103,3.112,2.791,2.34,2-20 км,Обычный,Нет
20022435,22435,14.52,7.426,0.035,,,,,,,0.1521,3.214,2.725,2.08,2-20 км,Обычный,2:1
20022438,22438,14.19,,,,,,,,,0.1162,3.207,2.834,0.63,,Обычный,2:1
20022439,22439,13.8,9.128,0.064,1.33,,,,,,0.1315,3.207,2.786,2.45,2-20 км,Обычный,2:1
20022508,22508,14.28,6.955,0.076,,,,,,,0.1545,3.22,2.723,2.07,2-20 км,Обычный,2:1
20022634,22634,14.51,6.492,0.088,,,,,,,0.2091,3.157,2.497,0.64,2-20 км,Обычный,Нет
20022716,22716,14.04,11.184,0.039,,,,,,,0.1419,3.132,2.687,1.7,2-20 км,Обычный,Нет
20022724,22724,13.3,13.848,0.04,,,,,,,0.1153,3.216,2.845,2.83,2-20 км,Обычный,2:1
20022726,22726,13.89,,,,,,,,,0.1395,3.124,2.688,2.68,,Обычный,Нет
20022732,22732,13.87,,,,,,,,,0.1979,3.173,2.545,1.31,,Обычный,Нет
20022773,22773,13.84,8.801,0.076,17.50658,,,,,,0.161,3.162,2.653,1.12,2-20 км,Обычный,Нет
20022864,22864,13.11,14.171,0.052,,,,,,,0.1778,3.116,2.562,1.86,2-20 км,Обычный,Нет
20022934,22934,14.4,7.724,0.074,,,,,,,0.1839,3.19,2.603,2.47,2-20 км,Обычный,2:1
20022935,22935,14.13,8.311,0.077,,,,,,,0.1757,3.219,2.653,2.85,2-20 км,Обычный,2:1
20022938,22938,15.13,4.629,0.099,,,,,,,0.1574,3.192,2.689,2.69,2-20 км,Обычный,2:1
20022969,22969,14.32,8.74,0.065,,,,,,,0.1651,3.103,2.591,2.03,2-20 км,Обычный,Нет
20022984,22984,13.45,10.679,0.089,5.59,,,,,,0.1215,3.164,2.779,2.12,2-20 км,Обычный,Нет
20022986,22986,14.57,,,,,,,,,0.1899,3.216,2.605,1.15,,Обычный,2:1
20022998,22998,14.71,5.86,0.089,4.944,,,,,,0.1324,3.179,2.758,2.54,2-20 км,Обычный,2:1
20023061,23061,14.09,,,174.57,,,,,,0.1242,3.117,2.73,1.82,,Обычный,Нет
20023065,23065,13.89,,,4.35,,,,,,0.1466,3.104,2.648,2.0,,Обычный,Нет
20023067,23067,14.21,,,,,,,,,0.1187,3.127,2.756,0.76,,Обычный,Нет
20023117,23117,14.04,7.932,0.071,,,,,,,0.1405,3.102,2.666,0.55,2-20 км,Обычный,Нет
20023157,23157,13.77,10.107,0.075,9.62,,,,,,0.1638,3.138,2.624,0.79,2-20 км,Обычный,Нет
20023189,23189,14.0,7.406,0.081,,,,,,,0.1513,3.213,2.726,2.34,2-20 км,Обычный,2:1
20023376,23376,14.69,,,,,,,,,0.1931,3.095,2.498,1.54,,Обычный,Нет
20023441,23441,14.02,,,,,,,,,0.1725,3.18,2.632,1.73,,Обычный,2:1
20023487,23487,13.96,9.456,0.072,,,,,,,0.1403,3.108,2.673,1.47,2-20 км,Обычный,Нет
20023517,23517,14.52,7.854,0.041,,,,,,,0.1318,3.033,2.634,0.44,2-20 км,Обычный,Нет
20023537,23537,14.54,,,,,,,,,0.1406,3.048,2.62,1.82,,Обычный,Нет
20023539,23539,14.63,,,,,,,,,0.1258,3.098,2.708,1.35,,Обычный,Нет
20023574,23574,13.97,,,4.555,,,,,,0.1867,3.066,2.494,1.45,,Обычный,Нет
20023700,23700,14.68,5.937,0.072,,,,,,,0.1829,3.08,2.516,2.72,2-20 км,Обычный,Нет
20023701,23701,14.17,8.08,0.075,4.584,,,,,,0.1642,3.107,2.597,1.5,2-20 км,Обычный,Нет
20023793,23793,14.18,6.839,0.087,,,,,,,0.1998,3.154,2.524,0.41,2-20 км,Обычный,Нет
20023803,23803,14.21,,,,,,,,,0.2005,3.093,2.473,0.45,,Обычный,Нет
20023866,23866,13.52,8.797,0.1,,,,,,,0.1864,3.187,2.593,0.52,2-20 км,Обычный,2:1
20023889,23889,15.03,6.369,0.052,,,,,,,0.159,3.104,2.611,0.78,2-20 км,Обычный,Нет
20023898,23898,13.06,14.121,0.061,,,,,,,0.148,3.217,2.74,2.51,2-20 км,Обычный,2:1
20023906,23906,14.28,8.773,0.058,,,,,,,0.159,3.114,2.619,2.6,2-20 км,Обычный,Нет
20024221,24221,14.94,6.751,0.047,,,,,,,0.116,3.205,2.833,0.4,2-20 км,Обычный,2:1
20024315,24315,13.62,9.641,0.076,10.55,,,,,,0.1122,3.106,2.757,0.83,2-20 км,Обычный,Нет
20024415,24415,13.9,,,6.654,,,,,,0.1621,3.189,2.672,0.52,,Обычный,2:1
20024416,24416,13.87,9.243,0.062,6.265,,,,,,0.1438,3.177,2.72,2.02,2-20 км,Обычный,2:1
20024429,24429,13.67,10.951,0.07,,,,,,,0.1577,3.187,2.685,0.98,2-20 км,Обычный,2:1
20024715,24715,13.64,8.912,0.106,,,,,,,0.1774,3.191,2.625,2.09,2-20 км,Обычный,2:1
20024752,24752,13.78,10.861,0.086,,,,,,,0.1487,3.117,2.653,1.23,2-20 км,Обычный,Нет
20024792,24792,15.04,,,,,,,,,0.1914,3.095,2.503,0.77,,Обычный,Нет
20024877,24877,14.51,6.092,0.091,,,,,,,0.191,3.172,2.566,2.01,2-20 км,Обычный,Нет
20024880,24880,14.7,7.256,0.044,,,,,,,0.1439,3.116,2.667,1.7,2-20 км,Обычный,Нет
20024953,24953,14.32,7.734,0.074,,,,,,,0.1237,3.144,2.755,1.21,2-20 км,Обычный,Нет
20025128,25128,14.01,,,61.467,,,,,,0.1487,3.129,2.664,1.58,,Обычный,Нет
20025154,25154,14.35,7.459,0.073,,,,,,,0.1568,3.092,2.607,1.63,2-20 км,Обычный,Нет
20025157,25157,14.86,,,,,,,,,0.185,3.109,2.534,1.42,,Обычный,Нет
20025196,25196,13.95,,,3.639,,,,,,0.1057,3.246,2.903,0.94,,Обычный,2:1
20025221,25221,14.4,7.517,0.068,,,,,,,0.1616,3.059,2.564,2.05,2-20 км,Обычный,Нет
20025296,25296,13.74,9.397,0.087,,,,,,,0.1723,3.111,2.575,1.76,2-20 км,Обычный,Нет
20025500,25500,14.09,8.255,0.071,11.285,,,,,,0.1076,3.086,2.754,2.56,2-20 км,Обычный,Нет
20025579,25579,13.96,8.849,0.075,,,,,,,0.1313,3.104,2.696,2.5,2-20 км,Обычный,Нет
20025591,25591,14.37,,,,,,,,,0.134,3.153,2.731,0.59,,Обычный,Нет
20025601,25601,14.04,,,,,,,,,0.1331,3.247,2.815,2.73,,Обычный,2:1
20025612,25612,14.44,,,,,,,,,0.1243,3.113,2.726,1.11,,Обычный,Нет
20025633,25633,14.06,7.52,0.094,,,,,,,0.1414,3.174,2.725,2.02,2-20 км,Обычный,Нет
20025652,25652,14.54,,,,,,,,,0.1303,3.12,2.714,0.65,,Обычный,Нет
20025668,25668,14.13,,,,,,,,,0.1368,3.169,2.735,0.79,,Обычный,Нет
20025712,25712,13.98,,,,,,,,,0.1311,3.199,2.78,2.21,,Обычный,2:1
20025749,25749,13.55,11.346,0.079,,,,,,,0.1058,3.149,2.816,2.67,2-20 км,Обычный,Нет
20025758,25758,13.98,9.296,0.074,2.95,,,,,,0.11,3.09,2.75,2.21,2-20 км,Обычный,Нет
20025778,25778,13.88,,,,,,,,,0.1495,3.223,2.741,1.63,,Обычный,2:1
20025818,25818,13.89,8.453,0.098,,,,,,,0.1567,3.092,2.607,2.14,2-20 км,Обычный,Нет
20025824,25824,14.45,8.044,0.052,,,,,,,0.1742,3.2,2.642,1.45,2-20 км,Обычный,2:1
20025831,25831,14.2,9.133,0.058,4.78,,,,,,0.1911,3.202,2.59,0.64,2-20 км,Обычный,2:1
20025900,25900,13.92,11.461,0.049,,,,,,,0.13,3.178,2.765,2.47,2-20 км,Обычный,2:1
20025971,25971,13.94,8.789,0.063,,,,,,,0.1198,3.083,2.714,1.49,2-20 км,Обычный,Нет
20026140,26140,14.09,7.828,0.079,,,,,,,0.1324,3.153,2.736,2.54,2-20 км,Обычный,Нет
20026518,26518,14.37,7.002,0.057,,,,,,,0.132,3.047,2.644,0.58,2-20 км,Обычный,Нет
20026525,26525,13.96,7.537,0.113,,,,,,,0.1382,3.068,2.644,1.35,2-20 км,Обычный,Нет
20026528,26528,13.98,9.381,0.046,,,,,,,0.1152,3.143,2.781,2.04,2-20 км,Обычный,Нет
20026614,26614,13.7,9.862,0.087,,,,,,,0.1492,3.131,2.664,1.07,2-20 км,Обычный,Нет
20026633,26633,14.15,8.057,0.062,,,,,,,0.1698,3.224,2.676,2.54,2-20 км,Обычный,2:1
20026634,26634,14.27,7.101,0.088,7.457,,,,,,0.1729,3.054,2.526,0.53,2-20 км,Обычный,Нет
20026635,26635,13.32,11.345,0.055,5.27,,,,,,0.1453,3.173,2.712,1.21,2-20 км,Обычный,Нет
20026740,26740,14.67,6.631,0.044,3.39,,,,,,0.1648,3.197,2.67,1.08,2-20 км,Обычный,2:1
20026921,26921,13.77,9.352,0.088,,,,,,,0.1809,3.212,2.63,1.3,2-20 км,Обычный,2:1
20027114,27114,14.56,6.148,0.081,,,,,,,0.1675,3.208,2.67,2.11,2-20 км,Обычный,2:1
20027155,27155,14.27,8.953,0.041,,,,,,,0.1149,3.121,2.763,1.14,2-20 км,Обычный,Нет
20027177,27177,13.39,12.161,0.061,,,,,,,0.1406,3.211,2.759,1.29,2-20 км,Обычный,2:1
20027227,27227,13.82,10.068,0.058,3.82,,,,,,0.1339,3.107,2.691,1.77,2-20 км,Обычный,Нет
20027371,27371,13.94,8.989,0.087,14.435,,,,,,0.1355,3.16,2.732,2.39,2-20 км,Обычный,Нет
20027379,27379,14.65,5.115,0.17,,,,,,,0.1385,3.103,2.673,2.39,2-20 км,Обычный,Нет
20027436,27436,13.98,8.175,0.073,,,,,,,0.1388,3.109,2.678,3.11,2-20 км,Обычный,Нет
20027452,27452,14.4,7.565,0.059,,,,,,,0.1796,3.058,2.509,1.34,2-20 км,Обычный,Нет
20027454,27454,14.67,5.779,0.084,,,,,,,0.1207,3.122,2.745,0.72,2-20 км,Обычный,Нет
20027500,27500,13.39,11.483,0.07,5.741,,,,,,0.2072,3.161,2.506,1.38,2-20 км,Обычный,Нет
20027516,27516,14.16,7.329,0.109,,,,,,,0.1312,3.185,2.768,2.73,2-20 км,Обычный,2:1
20027598,27598,14.09,7.579,0.093,,,,,,,0.1653,3.18,2.654,1.9,2-20 км,Обычный,2:1
20027645,27645,15.63,5.075,0.036,,,,,,,0.1655,3.086,2.575,0.49,2-20 км,Обычный,Нет
20027696,27696,14.33,,,,,,,,,0.2149,3.199,2.511,1.86,,Обычный,2:1
20027732,27732,14.45,5.499,0.08,,,,,,,0.207,3.111,2.467,2.29,2-20 км,Обычный,Нет
20027733,27733,14.39,7.224,0.085,,,,,,,0.139,3.139,2.703,1.26,2-20 км,Обычный,Нет
20027803,27803,13.84,9.256,0.119,,,,,,,0.1672,3.197,2.662,2.38,2-20 км,Обычный,2:1
20027921,27921,13.91,8.727,0.064,18.703,,,,,,0.1722,3.118,2.581,1.01,2-20 км,Обычный,Нет
20028345,28345,13.67,10.562,0.07,,,,,,,0.1314,3.069,2.665,3.13,2-20 км,Обычный,Нет
20028561,28561,14.29,8.569,0.06,44.647,,,,,,0.133,3.136,2.719,1.55,2-20 км,Обычный,Нет
20028586,28586,14.04,7.952,0.077,,,,,,,0.1588,3.177,2.673,1.95,2-20 км,Обычный,2:1
20028604,28604,14.34,9.125,0.053,,,,,,,0.1582,3.061,2.577,2.38,2-20 км,Обычный,Нет
20028631,28631,14.73,7.972,0.053,,,,,,,0.1269,3.096,2.703,2.43,2-20 км,Обычный,Нет
20028671,28671,14.01,,,,,,,,,0.1573,3.141,2.647,2.32,,Обычный,Нет
20028675,28675,14.59,7.014,0.062,7.174,,,,,,0.1622,3.057,2.562,1.57,2-20 км,Обычный,Нет
20028709,28709,13.82,10.348,0.072,49.1825,,,,,,0.157,3.132,2.64,1.65,2-20 км,Обычный,Нет
20028758,28758,13.94,10.503,0.064,,,,,,,0.1727,3.121,2.582,2.29,2-20 км,Обычный,Нет
20028763,28763,14.03,9.562,0.07,35.1458,,,,,,0.1055,3.101,2.774,0.93,2-20 км,Обычный,Нет
20028789,28789,14.7,,,6.76,,,,,,0.1798,3.131,2.568,0.5,,Обычный,Нет
20028843,28843,14.1,7.619,0.092,,,,,,,0.1488,3.17,2.698,2.66,2-20 км,Обычный,Нет
20028915,28915,14.27,7.739,0.062,,,,,,,0.1787,3.22,2.645,0.77,2-20 км,Обычный,2:1
20028917,28917,14.51,,,,,,,,,0.1579,3.071,2.586,2.7,,Обычный,Нет
20029004,29004,13.82,9.319,0.089,8.464,,,,,,0.1247,3.254,2.848,2.42,2-20 км,Обычный,2:1
20029033,29033,14.14,8.608,0.06,15.0,,,,,,0.1708,3.092,2.564,1.92,2-20 км,Обычный,Нет
20029036,29036,13.57,11.136,0.07,,,,,,,0.166,3.125,2.606,0.9,2-20 км,Обычный,Нет
20029177,29177,14.21,9.141,0.07,,,,,,,0.1724,3.136,2.596,2.38,2-20 км,Обычный,Нет
20029230,29230,13.69,10.908,0.078,,,,,,,0.1394,3.191,2.746,2.69,2-20 км,Обычный,2:1
20029285,29285,14.16,8.884,0.089,,,,,,,0.167,3.169,2.64,0.93,2-20 км,Обычный,Нет
20029354,29354,14.12,8.744,0.064,,,,,,,0.1467,3.127,2.668,2.57,2-20 км,Обычный,Нет
20029356,29356,13.9,8.968,0.08,,,,,,,0.1703,3.188,2.645,0.61,2-20 км,Обычный,2:1
20029500,29500,14.0,8.87,0.074,,,,,,,0.1507,3.084,2.619,1.93,2-20 км,Обычный,Нет
20029508,29508,14.52,6.956,0.065,6.709,,,,,,0.1825,3.13,2.559,2.27,2-20 км,Обычный,Нет
20029522,29522,14.69,6.315,0.058,,,,,,,0.1866,3.171,2.579,0.67,2-20 км,Обычный,Нет
20029539,29539,13.99,8.659,0.086,,,,,,,0.1409,3.231,2.775,0.46,2-20 км,Обычный,2:1
20029557,29557,13.96,8.832,0.075,72.838,,,,,,0.1592,3.095,2.602,1.18,2-20 км,Обычный,Нет
20029583,29583,13.66,,,5.25,,,,,,0.1534,3.092,2.618,2.11,,Обычный,Нет
20029584,29584,13.8,9.563,0.07,9.408,,,,,,0.166,3.108,2.592,0.83,2-20 км,Обычный,Нет
20029771,29771,13.9,7.036,0.156,,,,,,,0.1309,3.163,2.749,3.06,2-20 км,Обычный,Нет
20029773,29773,14.28,8.042,0.063,,,,,,,0.0853,3.097,2.833,2.5,2-20 км,Обычный,Нет
20029824,29824,14.93,5.033,0.133,,,,,,,0.1542,3.169,2.68,2.49,2-20 км,Обычный,Нет
20029838,29838,14.29,,,6.22,,,,,,0.096,3.146,2.844,1.48,,Обычный,Нет
20029839,29839,14.12,,,,,,,,,0.1427,3.109,2.666,2.28,,Обычный,Нет
20029880,29880,14.36,7.316,0.083,,,,,,,0.1579,3.112,2.621,1.88,2-20 км,Обычный,Нет
20029881,29881,14.49,6.468,0.088,,,,,,,0.1325,3.193,2.77,2.19,2-20 км,Обычный,2:1
20029918,29918,13.0,13.668,0.09,,,,,,,0.1432,3.11,2.665,2.28,2-20 км,Обычный,Нет
20029983,29983,14.28,7.943,0.07,14.156,,,,,,0.1083,3.098,2.762,1.31,2-20 км,Обычный,Нет
20029993,29993,13.57,9.167,0.11,,,,,,,0.1598,3.188,2.678,2.54,2-20 км,Обычный,2:1
20030146,30146,14.22,8.427,0.057,,,,,,,0.1428,3.151,2.701,0.65,2-20 км,Обычный,Нет
20030225,30225,14.81,5.981,0.078,,,,,,,0.131,3.124,2.715,1.05,2-20 км,Обычный,Нет
20030315,30315,14.52,6.511,0.087,,,,,,,0.14,3.205,2.757,1.67,2-20 км,Обычный,2:1
20030354,30354,14.96,5.572,0.09,,,,,,,0.15,3.22,2.737,0.81,2-20 км,Обычный,2:1
20030390,30390,14.15,8.435,0.082,,,,,,,0.1406,3.135,2.694,1.79,2-20 км,Обычный,Нет
20030469,30469,14.11,7.892,0.086,,,,,,,0.1994,3.203,2.564,1.07,2-20 км,Обычный,2:1
20030491,30491,14.13,8.711,0.058,3.6,,,,,,0.1654,3.186,2.66,2.17,2-20 км,Обычный,2:1
20030492,30492,13.9,10.264,0.061,,,,,,,0.1796,3.163,2.595,1.92,2-20 км,Обычный,Нет
20030500,30500,14.15,8.002,0.076,,,,,,,0.1256,3.093,2.704,2.55,2-20 км,Обычный,Нет
20030562,30562,14.14,7.493,0.104,,,,,,,0.1624,3.209,2.688,0.42,2-20 км,Обычный,2:1
20030659,30659,13.64,8.958,0.152,,,,,,,0.1687,3.19,2.652,2.12,2-20 км,Обычный,2:1
20030670,30670,14.23,7.703,0.052,10.4,,,,,,0.1666,3.188,2.657,0.95,2-20 км,Обычный,2:1
20030673,30673,15.88,,,,,,,,,0.1656,3.157,2.634,0.45,,Обычный,Нет
20030683,30683,13.92,8.176,0.105,,,,,,,0.1505,3.181,2.702,2.67,2-20 км,Обычный,2:1
20030686,30686,14.19,8.99,0.06,,,,,,,0.131,3.168,2.753,2.06,2-20 км,Обычный,Нет
20030745,30745,14.62,6.126,0.09,,,,,,,0.11,3.148,2.802,2.2,2-20 км,Обычный,Нет
20030757,30757,14.98,,,,,,,,,0.1427,3.14,2.692,0.63,,Обычный,Нет
20030804,30804,13.89,,,,,,,,,0.1621,3.157,2.645,2.05,,Обычный,Нет
20030875,30875,13.96,,,,,,,,,0.0987,3.161,2.849,2.41,,Обычный,Нет
20030906,30906,13.54,10.843,0.095,,,,,,,0.1269,3.246,2.834,0.98,2-20 км,Обычный,2:1
20030907,30907,14.92,6.475,0.051,,,,,,,0.0961,3.111,2.812,1.42,2-20 км,Обычный,Нет
20030949,30949,14.0,7.792,0.167,,,,,,,0.1797,3.167,2.598,1.55,2-20 км,Обычный,Нет
20030982,30982,13.82,10.698,0.056,58.104,,,,,,0.1755,3.151,2.598,1.98,2-20 км,Обычный,Нет
20030984,30984,14.41,8.456,0.057,,,,,,,0.1432,3.212,2.752,1.04,2-20 км,Обычный,2:1
20030985,30985,14.6,6.41,0.062,,,,,,,0.0917,3.099,2.815,2.76,2-20 км,Обычный,Нет
20031084,31084,14.61,6.081,0.12,,,,,,,0.1859,3.196,2.602,1.24,2-20 км,Обычный,2:1
20031093,31093,13.69,9.433,0.087,7.078,,,,,,0.1577,3.14,2.645,3.12,2-20 км,Обычный,Нет
20031226,31226,14.25,7.675,0.091,,,,,,,0.138,3.085,2.659,1.33,2-20 км,Обычный,Нет
20031271,31271,14.13,8.896,0.067,19.104,,,,,,0.092,3.143,2.854,1.72,2-20 км,Обычный,Нет
20031279,31279,14.37,8.051,0.065,,,,,,,0.1922,3.197,2.582,2.07,2-20 км,Обычный,2:1
20031291,31291,14.48,7.638,0.058,3.62,,,,,,0.129,3.17,2.761,2.7,2-20 км,Обычный,Нет
20031292,31292,14.24,,,,,,,,,0.1482,3.09,2.632,0.78,,Обычный,Нет
20031322,31322,14.5,8.292,0.04,,,,,,,0.1807,3.181,2.606,2.72,2-20 км,Обычный,2:1
20031334,31334,13.78,10.176,0.052,,,,,,,0.115,3.193,2.826,1.44,2-20 км,Обычный,2:1
20031591,31591,14.38,7.577,0.077,,,,,,,0.1401,3.156,2.714,0.41,2-20 км,Обычный,Нет
20031609,31609,13.57,,,,,,,,,0.1218,3.205,2.814,0.5,,Обычный,2:1
20031614,31614,13.87,9.636,0.069,,,,,,,0.1463,3.231,2.758,1.81,2-20 км,Обычный,2:1
20031633,31633,14.7,5.911,0.088,4.17,,,,,,0.1351,3.175,2.746,1.68,2-20 км,Обычный,Нет
20031653,31653,14.49,5.733,0.084,,,,,,,0.1451,3.142,2.687,1.04,2-20 км,Обычный,Нет
20031665,31665,14.62,6.33,0.077,,,,,,,0.0982,3.043,2.744,2.33,2-20 км,Обычный,Нет
20031689,31689,14.44,7.296,0.076,,,,,,,0.1382,3.104,2.675,2.07,2-20 км,Обычный,Нет
20031700,31700,14.41,6.957,0.076,,,,,,,0.1469,3.214,2.742,2.38,2-20 км,Обычный,2:1
20032082,32082,15.47,3.9,0.088,,,,,,,0.1397,3.059,2.632,2.0,2-20 км,Обычный,Нет
20032159,32159,14.11,8.102,0.074,,,,,,,0.1533,3.111,2.634,1.83,2-20 км,Обычный,Нет
20032215,32215,14.22,8.812,0.07,8.0,,,,,,0.2104,3.106,2.453,2.68,2-20 км,Обычный,Нет
20032225,32225,14.34,7.899,0.094,,,,,,,0.1228,3.111,2.729,2.44,2-20 км,Обычный,Нет
20032282,32282,14.52,7.93,0.054,95.0,,,,,,0.1798,3.139,2.575,0.72,2-20 км,Обычный,Нет
20032334,32334,14.31,6.609,0.093,,,,,,,0.1291,3.077,2.679,1.02,2-20 км,Обычный,Нет
20032351,32351,13.93,8.251,0.094,,,,,,,0.158,3.058,2.574,2.13,2-20 км,Обычный,Нет
20032360,32360,14.22,,,,,,,,,0.2034,3.088,2.46,2.79,,Обычный,Нет
20032389,32389,15.0,6.788,0.035,,,,,,,0.1501,3.099,2.634,2.76,2-20 км,Обычный,Нет
20032462,32462,14.28,7.594,0.064,30.971,,,,,,0.1361,3.173,2.742,0.91,2-20 км,Обычный,Нет
20032624,32624,14.55,8.323,0.058,,,,,,,0.187,3.221,2.619,3.25,2-20 км,Обычный,2:1
20032633,32633,14.23,7.187,0.113,,,,,,,0.1194,3.11,2.739,2.08,2-20 км,Обычный,Нет
20032686,32686,14.64,7.219,0.059,7.16,,,,,,0.1219,3.143,2.76,0.74,2-20 км,Обычный,Нет
20032691,32691,14.95,5.328,0.143,,,,,,,0.1035,3.119,2.796,3.12,2-20 км,Обычный,Нет
20032707,32707,14.25,7.568,0.085,,,,,,,0.093,3.095,2.807,2.79,2-20 км,Обычный,Нет
20032734,32734,13.41,10.424,0.103,16.55,,,,,,0.1493,3.2,2.722,0.61,2-20 км,Обычный,2:1
20032741,32741,15.04,,,,,,,,,0.1722,3.177,2.63,1.42,,Обычный,2:1
20032788,32788,14.09,8.761,0.053,,,,,,,0.1993,3.137,2.511,2.39,2-20 км,Обычный,Нет
20032841,32841,13.52,13.662,0.045,,,,,,,0.1435,3.145,2.694,1.35,2-20 км,Обычный,Нет
20032880,32880,14.0,8.734,0.077,,,,,,,0.1165,3.11,2.747,0.93,2-20 км,Обычный,Нет
20032904,32904,14.23,,,33.906,,,,,,0.2157,3.175,2.491,2.79,,Обычный,Нет
20032949,32949,14.3,5.75,0.134,3.92,,,,,,0.1677,3.188,2.653,2.48,2-20 км,Обычный,2:1
20032981,32981,14.8,7.38,0.051,,,,,,,0.1873,3.097,2.517,1.38,2-20 км,Обычный,Нет
20033009,33009,15.84,,,,,,,,,0.1096,3.162,2.815,1.09,,Обычный,Нет
20033013,33013,14.26,7.262,0.084,,,,,,,0.1094,3.201,2.851,0.59,2-20 км,Обычный,2:1
20033014,33014,14.19,8.491,0.029,,,,,,,0.1037,3.127,2.803,2.46,2-20 км,Обычный,Нет
20033197,33197,14.56,7.563,0.059,6.736,,,,,,0.1071,3.17,2.831,2.98,2-20 км,Обычный,Нет
20033198,33198,14.97,5.961,0.06,,,,,,,0.0983,3.061,2.76,1.84,2-20 км,Обычный,Нет
20033205,33205,14.46,7.042,0.074,,,,,,,0.1048,3.113,2.786,0.43,2-20 км,Обычный,Нет
20033212,33212,13.97,8.085,0.098,13.199,,,,,,0.2004,3.187,2.549,1.96,2-20 км,Обычный,2:1
20033264,33264,14.53,7.798,0.061,,,,,,,0.1162,3.182,2.812,2.3,2-20 км,Обычный,2:1
20033270,33270,14.14,9.597,0.04,,,,,,,0.1382,3.083,2.657,3.22,2-20 км,Обычный,Нет
20033283,33283,14.48,7.287,0.076,,,,,,,0.1007,3.078,2.768,1.66,2-20 км,Обычный,Нет
20033299,33299,13.96,8.438,0.09,,,,,,,0.1021,3.226,2.896,2.09,2-20 км,Обычный,2:1
20033479,33479,13.64,10.636,0.075,7.766,,,,,,0.1631,3.083,2.58,0.83,2-20 км,Обычный,Нет
20033567,33567,14.92,6.14,0.064,,,,,,,0.179,3.112,2.555,2.57,2-20 км,Обычный,Нет
20033695,33695,15.01,5.877,0.031,,,,,,,0.1738,3.156,2.608,2.06,2-20 км,Обычный,Нет
20033751,33751,14.11,8.814,0.057,,,,,,,0.13,3.229,2.809,2.61,2-20 км,Обычный,2:1
20033757,33757,13.88,9.491,0.071,41.067,,,,,,0.1609,3.102,2.603,3.02,2-20 км,Обычный,Нет
20033777,33777,13.26,12.409,0.079,10.337,,,,,,0.114,3.143,2.785,1.84,2-20 км,Обычный,Нет
20033781,33781,13.56,10.545,0.058,,,,,,,0.1259,3.034,2.652,2.78,2-20 км,Обычный,Нет
20033783,33783,13.95,9.983,0.045,,,,,,,0.1547,3.114,2.632,1.86,2-20 км,Обычный,Нет
20033797,33797,13.85,9.009,0.079,,,,,,,0.1615,3.197,2.681,2.39,2-20 км,Обычный,2:1
20033838,33838,14.72,7.538,0.034,,,,,,,0.1229,3.17,2.78,0.72,2-20 км,Обычный,Нет
20034107,34107,14.95,5.521,0.076,,,,,,,0.1782,3.073,2.525,2.52,2-20 км,Обычный,Нет
20034125,34125,14.97,,,41.731,,,,,,0.1706,3.165,2.625,1.72,,Обычный,Нет
20034135,34135,15.19,5.47,0.041,,,,,,,0.1461,3.161,2.699,0.94,2-20 км,Обычный,Нет
20034142,34142,14.97,5.241,0.056,,,,,,,0.1532,3.152,2.669,0.95,2-20 км,Обычный,Нет
20034153,34153,14.83,,,,,,,,,0.1957,3.172,2.551,2.34,,Обычный,Нет
20034393,34393,14.54,6.412,0.082,,,,,,,0.1515,3.107,2.636,2.86,2-20 км,Обычный,Нет
20034433,34433,14.75,6.141,0.074,,,,,,,0.1178,3.114,2.747,2.72,2-20 км,Обычный,Нет
20034449,34449,14.66,7.514,0.038,13.52,,,,,,0.117,3.237,2.858,2.2,2-20 км,Обычный,2:1
20034477,34477,14.16,8.273,0.078,,,,,,,0.121,3.092,2.718,2.13,2-20 км,Обычный,Нет
20034523,34523,14.56,7.006,0.075,,,,,,,0.1077,3.067,2.737,1.35,2-20 км,Обычный,Нет
20034526,34526,13.81,8.179,0.126,,,,,,,0.1346,3.207,2.776,1.56,2-20 км,Обычный,2:1
20034554,34554,14.32,7.773,0.039,,,,,,,0.1443,3.246,2.777,1.38,2-20 км,Обычный,2:1
20034591,34591,14.24,8.16,0.035,7.402,,,,,,0.116,3.157,2.791,1.28,2-20 км,Обычный,Нет
20034611,34611,14.45,8.239,0.06,,,,,,,0.1146,3.173,2.81,1.85,2-20 км,Обычный,Нет
20034666,34666,14.76,,,,,,,,,0.1554,3.164,2.672,0.53,,Обычный,Нет
20034727,34727,13.87,8.742,0.051,,,,,,,0.1778,3.181,2.616,1.13,2-20 км,Обычный,2:1
20034730,34730,15.53,,,,,,,,,0.166,3.203,2.671,1.84,,Обычный,2:1
20034739,34739,14.32,,,11.345,,,,,,0.1842,3.144,2.565,0.56,,Обычный,Нет
20034743,34743,14.54,5.997,0.103,,,,,,,0.1857,3.08,2.508,0.69,2-20 км,Обычный,Нет
20034795,34795,14.22,8.583,0.059,,,,,,,0.1025,3.134,2.813,1.33,2-20 км,Обычный,Нет
20034898,34898,14.15,8.741,0.07,8.457,,,,,,0.1333,3.2,2.773,1.57,2-20 км,Обычный,2:1
20034915,34915,14.98,,,,,,,,,0.1403,3.212,2.762,1.33,,Обычный,2:1
20034921,34921,14.67,7.051,0.048,,,,,,,0.1253,3.218,2.815,2.15,2-20 км,Обычный,2:1
20034933,34933,14.12,8.595,0.05,,,,,,,0.1636,3.13,2.618,2.01,2-20 км,Обычный,Нет
20034957,34957,14.53,7.342,0.069,,,,,,,0.1768,3.165,2.605,1.15,2-20 км,Обычный,Нет
20034965,34965,14.82,5.51,0.101,,,,,,,0.1638,3.141,2.627,1.89,2-20 км,Обычный,Нет
20035094,35094,14.13,8.202,0.072,,,,,,,0.1316,3.18,2.761,1.87,2-20 км,Обычный,2:1
20035156,35156,15.24,,,,,,,,,0.1957,3.149,2.533,1.69,,Обычный,Нет
20035201,35201,15.0,6.403,0.057,,,,,,,0.1723,3.086,2.554,0.45,2-20 км,Обычный,Нет
20035214,35214,15.48,5.14,0.042,,,,,,,0.0935,3.131,2.839,1.35,2-20 км,Обычный,Нет
20035216,35216,14.6,7.302,0.063,,,,,,,0.1775,3.208,2.639,1.49,2-20 км,Обычный,2:1
20035326,35326,14.74,5.574,0.062,,,,,,,0.1455,3.158,2.698,1.12,2-20 км,Обычный,Нет
20035343,35343,14.53,6.87,0.065,,,,,,,0.1518,3.161,2.681,1.47,2-20 км,Обычный,Нет
20035614,35614,14.34,6.953,0.053,,,,,,,0.189,3.188,2.585,1.4,2-20 км,Обычный,2:1
20036042,36042,14.08,9.217,0.043,15.09,,,,,,0.0986,3.061,2.759,1.87,2-20 км,Обычный,Нет
20036077,36077,14.42,8.04,0.043,,,,,,,0.1471,3.213,2.741,2.27,2-20 км,Обычный,2:1
20036089,36089,14.41,6.664,0.091,,,,,,,0.1614,3.184,2.67,1.83,2-20 км,Обычный,2:1
20036113,36113,14.3,8.191,0.072,,,,,,,0.1755,3.112,2.566,2.31,2-20 км,Обычный,Нет
20036141,36141,14.5,6.369,0.091,,,,,,,0.1222,3.232,2.837,0.94,2-20 км,Обычный,2:1
20036147,36147,13.9,9.999,0.064,,,,,,,0.1054,3.092,2.766,2.13,2-20 км,Обычный,Нет
20036216,36216,13.59,10.409,0.065,,,,,,,0.1316,3.187,2.768,2.86,2-20 км,Обычный,2:1
20036257,36257,13.6,5.499,0.212,,,,,,,0.1547,3.126,2.643,2.49,2-20 км,Обычный,Нет
20036477,36477,14.62,,,,,,,,,0.183,3.119,2.548,2.24,,Обычный,Нет
20036540,36540,14.26,8.753,0.063,,,,,,,0.198,3.105,2.49,2.57,2-20 км,Обычный,Нет
20036660,36660,15.13,6.393,0.043,,,,,,,0.1976,3.16,2.536,1.11,2-20 км,Обычный,Нет
20036742,36742,14.32,7.868,0.05,,,,,,,0.173,3.099,2.563,2.56,2-20 км,Обычный,Нет
20036797,36797,14.51,8.397,0.048,,,,,,,0.1915,3.144,2.542,0.57,2-20 км,Обычный,Нет
20036818,36818,15.12,,,,,,,,,0.1755,3.2,2.638,1.39,,Обычный,2:1
20036841,36841,14.6,6.34,0.096,,,,,,,0.1552,3.2,2.703,2.37,2-20 км,Обычный,2:1
20036876,36876,14.29,9.077,0.059,,,,,,,0.1917,3.2,2.586,1.65,2-20 км,Обычный,2:1
20036914,36914,14.81,,,,,,,,,0.1349,3.172,2.744,1.8,,Обычный,Нет
20036920,36920,14.48,,,,,,,,,0.1141,3.132,2.774,1.51,,Обычный,Нет
20036939,36939,15.59,,,,,,,,,0.1752,3.169,2.614,0.73,,Обычный,Нет
20037027,37027,14.93,,,,,,,,,0.1669,3.192,2.659,0.48,,Обычный,2:1
20037028,37028,14.72,6.033,0.058,,,,,,,0.1827,3.126,2.555,1.4,2-20 км,Обычный,Нет
20037035,37035,14.46,7.865,0.06,9.05947,,,,,,0.1852,3.104,2.529,1.03,2-20 км,Обычный,Нет
20037050,37050,14.35,7.342,0.075,,,,,,,0.1909,3.135,2.536,1.84,2-20 км,Обычный,Нет
20037052,37052,14.71,6.639,0.07,1.45,,,,,,0.1456,3.078,2.63,2.29,2-20 км,Обычный,Нет
20037060,37060,14.66,7.614,0.053,,,,,,,0.1811,3.206,2.626,2.25,2-20 км,Обычный,2:1
20037064,37064,14.61,7.408,0.042,,,,,,,0.1554,3.174,2.681,1.36,2-20 км,Обычный,Нет
20037065,37065,14.19,8.796,0.057,,,,,,,0.2178,3.114,2.436,1.55,2-20 км,Обычный,Нет
20037124,37124,14.7,6.73,0.056,,,,,,,0.1142,3.154,2.794,0.5,2-20 км,Обычный,Нет
20037127,37127,14.25,8.182,0.073,,,,,,,0.2079,3.082,2.441,2.98,2-20 км,Обычный,Нет
20037374,37374,14.12,,,,,,,,,0.1827,3.195,2.611,3.32,,Обычный,2:1
20037400,37400,14.17,8.69,0.041,,,,,,,0.1115,3.244,2.882,0.62,2-20 км,Обычный,2:1
20037443,37443,14.49,5.875,0.056,,,,,,,0.1654,3.136,2.617,2.37,2-20 км,Обычный,Нет
20037503,37503,14.66,7.672,0.052,69.155,,,,,,0.1783,3.094,2.542,2.27,2-20 км,Обычный,Нет
20037597,37597,14.54,6.996,0.057,,,,,,,0.0909,3.128,2.844,0.64,2-20 км,Обычный,Нет
20037661,37661,15.5,4.854,0.052,,,,,,,0.2123,3.064,2.413,2.54,2-20 км,Обычный,Нет
20037761,37761,14.46,7.648,0.063,,,,,,,0.1238,3.205,2.808,0.41,2-20 км,Обычный,2:1
20037775,37775,14.8,7.637,0.036,,,,,,,0.1239,3.12,2.733,1.0,2-20 км,Обычный,Нет
20037933,37933,14.65,6.066,0.069,,,,,,,0.1156,3.079,2.723,0.55,2-20 км,Обычный,Нет
20038039,38039,14.12,8.449,0.057,,,,,,,0.1537,3.195,2.703,1.79,2-20 км,Обычный,2:1
20038243,38243,14.63,6.501,0.073,1.97,,,,,,0.2194,3.151,2.46,3.04,2-20 км,Обычный,Нет
20038250,38250,14.79,6.227,0.072,,,,,,,0.192,3.161,2.554,2.35,2-20 км,Обычный,Нет
20038252,38252,14.6,5.551,0.1,,,,,,,0.1405,3.224,2.771,1.34,2-20 км,Обычный,2:1
20038305,38305,14.07,9.786,0.053,8.141,,,,,,0.1829,3.143,2.568,2.28,2-20 км,Обычный,Нет
20038365,38365,14.34,7.792,0.073,,,,,,,0.1905,3.204,2.593,2.56,2-20 км,Обычный,2:1
20038394,38394,14.68,7.662,0.033,,,,,,,0.1893,3.159,2.561,2.93,2-20 км,Обычный,Нет
20038452,38452,13.99,8.39,0.069,,,,,,,0.1953,3.198,2.573,2.04,2-20 км,Обычный,2:1
20038456,38456,13.92,9.195,0.069,8.04713,,,,,,0.1702,3.201,2.656,1.69,2-20 км,Обычный,2:1
20038463,38463,14.84,5.186,0.095,,,,,,,0.1664,3.059,2.55,2.46,2-20 км,Обычный,Нет
20038501,38501,14.77,6.381,0.063,,,,,,,0.1063,3.089,2.76,0.54,2-20 км,Обычный,Нет
20038502,38502,14.29,7.052,0.098,1.0,,,,,,0.2079,3.162,2.505,2.49,2-20 км,Обычный,Нет
20038526,38526,14.19,8.678,0.049,,,,,,,0.125,3.224,2.821,1.24,2-20 км,Обычный,2:1
20038527,38527,14.74,7.095,0.042,,,,,,,0.0806,3.257,2.995,1.91,2-20 км,Обычный,2:1
20038551,38551,14.71,6.299,0.071,,,,,,,0.1616,3.195,2.679,0.51,2-20 км,Обычный,2:1
20038560,38560,14.61,7.121,0.061,,,,,,,0.1691,3.202,2.66,2.43,2-20 км,Обычный,2:1
20038977,38977,14.77,,,,,,,,,0.1842,3.198,2.609,0.51,,Обычный,2:1
20039068,39068,14.74,5.493,0.102,,,,,,,0.1368,3.093,2.67,1.27,2-20 км,Обычный,Нет
20039077,39077,14.65,,,,,,,,,0.1384,3.053,2.63,1.25,,Обычный,Нет
20039083,39083,14.84,5.678,0.066,,,,,,,0.1476,3.116,2.656,0.41,2-20 км,Обычный,Нет
20039104,39104,14.82,7.102,0.056,,,,,,,0.1524,3.095,2.623,1.56,2-20 км,Обычный,Нет
20039167,39167,15.04,6.114,0.033,,,,,,,0.1108,3.117,2.772,1.11,2-20 км,Обычный,Нет
20039234,39234,14.06,8.538,0.046,,,,,,,0.1086,3.198,2.85,2.26,2-20 км,Обычный,2:1
20039306,39306,14.18,7.865,0.05,,,,,,,0.1345,3.194,2.764,2.81,2-20 км,Обычный,2:1
20039336,39336,15.48,4.898,0.067,,,,,,,0.1008,3.136,2.82,1.19,2-20 км,Обычный,Нет
20039339,39339,14.96,,,4.61,,,,,,0.1272,3.177,2.773,2.55,,Обычный,2:1
20039348,39348,14.64,6.958,0.063,,,,,,,0.0941,3.269,2.962,1.86,2-20 км,Обычный,2:1
20039449,39449,15.4,,,,,,,,,0.1798,3.192,2.618,0.69,,Обычный,2:1
20039450,39450,14.98,,,,,,,,,0.1691,3.203,2.661,2.19,,Обычный,2:1
20039593,39593,15.02,4.911,0.061,,,,,,,0.199,3.191,2.556,1.58,2-20 км,Обычный,2:1
20040003,40003,14.87,,,6.842,,,,,,0.117,3.22,2.843,1.11,,Обычный,2:1
20040136,40136,14.55,,,4.08,,,,,,0.1632,3.227,2.701,1.38,,Обычный,2:1
20040177,40177,14.22,,,11.57,,,,,,0.1861,3.124,2.543,2.18,,Обычный,Нет
20040198,40198,13.91,,,,,,,,,0.1847,3.199,2.608,1.38,,Обычный,2:1
20040225,40225,14.61,6.601,0.077,,,,,,,0.183,3.11,2.541,2.32,2-20 км,Обычный,Нет
20040230,40230,14.11,,,,,,,,,0.19,3.168,2.566,2.52,,Обычный,Нет
20040439,40439,14.29,8.698,0.059,,,,,,,0.1742,3.152,2.603,0.55,2-20 км,Обычный,Нет
20040456,40456,14.44,7.421,0.067,11.03,,,,,,0.1797,3.085,2.531,1.97,2-20 км,Обычный,Нет
20040586,40586,14.71,6.601,0.041,3.72,,,,,,0.1565,3.096,2.611,0.6,2-20 км,Обычный,Нет
20040640,40640,14.72,6.872,0.041,,,,,,,0.2063,3.132,2.486,1.49,2-20 км,Обычный,Нет
20040742,40742,14.74,6.732,0.068,,,,,,,0.1861,3.128,2.546,2.17,2-20 км,Обычный,Нет
20040743,40743,14.49,7.15,0.072,,,,,,,0.1312,3.103,2.696,2.15,2-20 км,Обычный,Нет
20040749,40749,14.44,8.987,0.042,,,,,,,0.2073,3.103,2.46,2.63,2-20 км,Обычный,Нет
20040872,40872,14.31,8.061,0.068,1.0,,,,,,0.1089,3.136,2.795,1.39,2-20 км,Обычный,Нет
20040985,40985,14.23,7.968,0.077,,,,,,,0.121,3.175,2.791,2.32,2-20 км,Обычный,Нет
20041040,41040,14.1,7.503,0.079,,,,,,,0.2114,3.1,2.445,1.75,2-20 км,Обычный,Нет
20041062,41062,14.68,7.296,0.058,,,,,,,0.1237,3.144,2.755,1.66,2-20 км,Обычный,Нет
20041064,41064,14.4,7.611,0.044,,,,,,,0.1863,3.178,2.586,2.56,2-20 км,Обычный,2:1
20041106,41106,13.77,9.048,0.086,7.867,,,,,,0.1705,3.112,2.582,2.26,2-20 км,Обычный,Нет
20041121,41121,14.64,5.996,0.094,,,,,,,0.1907,3.178,2.572,1.69,2-20 км,Обычный,2:1
20041147,41147,14.73,,,,,,,,,0.1301,3.09,2.688,1.55,,Обычный,Нет
20041152,41152,14.46,6.31,0.102,,,,,,,0.1042,3.167,2.837,2.11,2-20 км,Обычный,Нет
20041237,41237,14.66,6.294,0.077,,,,,,,0.1673,3.126,2.603,1.45,2-20 км,Обычный,Нет
20041927,41927,15.1,4.893,0.074,,,,,,,0.1656,3.083,2.573,2.74,2-20 км,Обычный,Нет
20042029,42029,14.72,7.602,0.044,,,,,,,0.1314,3.089,2.683,1.53,2-20 км,Обычный,Нет
20042037,42037,14.47,,,,,,,,,0.1243,3.082,2.698,1.35,,Обычный,Нет
20042126,42126,14.11,,,,,,,,,0.1434,3.162,2.709,2.98,,Обычный,Нет
20042161,42161,14.67,,,,,,,,,0.1277,3.117,2.719,0.87,,Обычный,Нет
20042323,42323,15.32,,,,,,,,,0.1655,3.079,2.569,2.44,,Обычный,Нет
20042400,42400,14.84,5.063,0.1,,,,,,,0.1934,3.117,2.514,2.18,2-20 км,Обычный,Нет
20042446,42446,14.52,7.74,0.062,,,,,,,0.1007,3.108,2.795,2.1,2-20 км,Обычный,Нет
20042500,42500,14.43,8.644,0.054,110.197,,,,,,0.1895,3.115,2.524,2.2,2-20 км,Обычный,Нет
20042519,42519,14.06,6.709,0.119,,,,,,,0.176,3.196,2.633,2.47,2-20 км,Обычный,2:1
20042547,42547,14.41,,,,,,,,,0.1306,3.215,2.795,2.62,,Обычный,2:1
20042746,42746,14.89,,,,,,,,,0.1173,3.215,2.838,0.95,,Обычный,2:1
20042747,42747,13.91,9.927,0.065,,,,,,,0.1372,3.15,2.718,0.55,2-20 км,Обычный,Нет
20042770,42770,14.59,9.83,0.04,,,,,,,0.1766,3.135,2.581,2.86,2-20 км,Обычный,Нет
20042848,42848,14.54,,,,,,,,,0.1591,3.104,2.61,2.49,,Обычный,Нет
20043019,43019,14.1,9.827,0.055,1.15,,,,,,0.1266,3.172,2.77,1.93,2-20 км,Обычный,Нет
20043126,43126,14.04,7.433,0.106,0.67,,,,,,0.1398,3.216,2.766,0.46,2-20 км,Обычный,2:1
20043193,43193,14.88,6.813,0.046,,,,,,,0.142,3.055,2.621,2.57,2-20 км,Обычный,Нет
20043194,43194,14.31,8.687,0.037,,,,,,,0.1588,3.134,2.636,1.34,2-20 км,Обычный,Нет
20043243,43243,14.77,5.42,0.095,,,,,,,0.1603,3.13,2.628,2.26,2-20 км,Обычный,Нет
20043244,43244,14.42,7.96,0.053,,,,,,,0.1852,3.139,2.558,2.49,2-20 км,Обычный,Нет
20043252,43252,14.22,,,,,,,,,0.1607,3.196,2.683,2.01,,Обычный,2:1
20043480,43480,14.56,6.609,0.077,,,,,,,0.1132,3.221,2.857,1.95,2-20 км,Обычный,2:1
20043500,43500,15.08,,,,,,,,,0.104,3.085,2.764,2.89,,Обычный,Нет
20043511,43511,15.19,,,,,,,,,0.0969,3.146,2.841,1.63,,Обычный,Нет
20043762,43762,13.97,7.786,0.096,,,,,,,0.1614,3.187,2.673,2.59,2-20 км,Обычный,2:1
20043877,43877,15.15,,,,,,,,,0.137,3.043,2.626,2.75,,Обычный,Нет
20044474,44474,13.91,,,,,,,,,0.1551,3.204,2.707,2.54,,Обычный,2:1
20044498,44498,14.37,7.493,0.079,,,,,,,0.1681,3.101,2.579,2.66,2-20 км,Обычный,Нет
20044562,44562,14.43,6.75,0.107,,,,,,,0.1307,3.129,2.72,1.44,2-20 км,Обычный,Нет
20045254,45254,13.86,9.257,0.075,,,,,,,0.1231,3.078,2.699,2.95,2-20 км,Обычный,Нет
20045500,45500,14.3,7.939,0.053,,,,,,,0.1422,3.107,2.665,2.58,2-20 км,Обычный,Нет
20045515,45515,13.54,10.602,0.075,,,,,,,0.134,3.188,2.76,2.22,2-20 км,Обычный,2:1
20045587,45587,14.14,9.043,0.065,,,,,,,0.1451,3.168,2.708,1.1,2-20 км,Обычный,Нет
20045589,45589,13.82,9.207,0.083,,,,,,,0.1366,3.212,2.774,0.6,2-20 км,Обычный,2:1
20045645,45645,13.88,9.303,0.074,6.713,,,,,,0.2025,3.105,2.476,1.17,2-20 км,Обычный,Нет
20045673,45673,14.87,6.447,0.056,,,,,,,0.1631,3.19,2.67,1.79,2-20 км,Обычный,2:1
20045716,45716,14.12,8.992,0.048,,,,,,,0.1283,3.216,2.803,0.42,2-20 км,Обычный,2:1
20045868,45868,14.52,5.707,0.113,,,,,,,0.1107,3.246,2.887,2.15,2-20 км,Обычный,2:1
20046040,46040,14.5,7.462,0.073,,,,,,,0.1226,3.085,2.707,1.16,2-20 км,Обычный,Нет
20046208,46208,14.84,6.47,0.061,,,,,,,0.1598,3.177,2.669,0.57,2-20 км,Обычный,2:1
20046220,46220,14.37,7.848,0.066,,,,,,,0.1977,3.132,2.513,0.51,2-20 км,Обычный,Нет
20046228,46228,14.77,5.809,0.069,,,,,,,0.1504,3.19,2.71,1.13,2-20 км,Обычный,2:1
20046249,46249,14.95,6.139,0.047,,,,,,,0.1352,3.198,2.766,2.45,2-20 км,Обычный,2:1
20046270,46270,14.17,7.323,0.069,,,,,,,0.1285,3.225,2.81,1.91,2-20 км,Обычный,2:1
20046300,46300,14.33,7.236,0.077,,,,,,,0.1643,3.092,2.584,2.72,2-20 км,Обычный,Нет
20046342,46342,14.0,9.562,0.058,7.01,,,,,,0.1559,3.097,2.614,2.89,2-20 км,Обычный,Нет
20046351,46351,14.83,6.572,0.065,,,,,,,0.1144,3.146,2.786,2.19,2-20 км,Обычный,Нет
20046675,46675,14.22,7.97,0.077,,,,,,,0.169,3.155,2.621,2.8,2-20 км,Обычный,Нет
20046737,46737,14.17,8.07,0.068,,,,,,,0.1261,3.163,2.765,2.16,2-20 км,Обычный,Нет
20046741,46741,14.95,6.754,0.039,,,,,,,0.177,3.133,2.578,2.05,2-20 км,Обычный,Нет
20047040,47040,13.53,9.845,0.092,,,,,,,0.1694,3.204,2.661,2.85,2-20 км,Обычный,2:1
20047076,47076,14.14,9.829,0.049,,,,,,,0.1281,3.088,2.692,0.66,2-20 км,Обычный,Нет
20047085,47085,14.77,6.183,0.061,16.484,,,,,,0.1781,3.112,2.558,1.43,2-20 км,Обычный,Нет
20047095,47095,14.2,7.628,0.084,0.366,,,,,,0.1767,3.16,2.602,2.27,2-20 км,Обычный,Нет
20047103,47103,14.69,6.052,0.07,,,,,,,0.1782,3.165,2.601,0.92,2-20 км,Обычный,Нет
20047108,47108,13.95,8.273,0.094,,,,,,,0.1521,3.113,2.64,3.22,2-20 км,Обычный,Нет
20047131,47131,14.36,5.786,0.121,,,,,,,0.1683,3.208,2.668,1.07,2-20 км,Обычный,2:1
20047609,47609,14.36,8.389,0.052,,,,,,,0.1045,3.103,2.779,2.12,2-20 км,Обычный,Нет
20047615,47615,14.5,7.011,0.082,,,,,,,0.1322,3.196,2.773,1.88,2-20 км,Обычный,2:1
20047616,47616,13.99,8.978,0.08,,,,,,,0.103,3.103,2.783,2.44,2-20 км,Обычный,Нет
20047639,47639,14.08,6.499,0.152,,,,,,,0.1519,3.171,2.69,1.85,2-20 км,Обычный,Нет
20047679,47679,14.06,8.591,0.072,,,,,,,0.1224,3.138,2.753,2.16,2-20 км,Обычный,Нет
20047727,47727,14.57,8.142,0.056,,,,,,,0.1443,3.126,2.675,0.74,2-20 км,Обычный,Нет
20047731,47731,14.44,6.009,0.112,,,,,,,0.154,3.187,2.697,1.75,2-20 км,Обычный,2:1
20047736,47736,14.35,7.379,0.062,,,,,,,0.1583,3.128,2.633,1.37,2-20 км,Обычный,Нет
20047742,47742,14.3,7.693,0.082,7.74,,,,,,0.1375,3.11,2.683,0.5,2-20 км,Обычный,Нет
20047745,47745,14.05,9.069,0.065,3.28,,,,,,0.1776,3.22,2.648,0.95,2-20 км,Обычный,2:1
20047777,47777,14.1,8.89,0.074,,,,,,,0.1555,3.176,2.682,2.6,2-20 км,Обычный,2:1
20047867,47867,14.24,6.802,0.096,,,,,,,0.1478,3.207,2.733,0.78,2-20 км,Обычный,2:1
20047891,47891,14.48,5.979,0.094,,,,,,,0.1895,3.142,2.547,1.89,2-20 км,Обычный,Нет
20047904,47904,14.16,7.246,0.122,,,,,,,0.1709,3.202,2.654,1.84,2-20 км,Обычный,2:1
20047905,47905,14.11,8.092,0.081,,,,,,,0.1555,3.163,2.671,2.69,2-20 км,Обычный,Нет
20047920,47920,13.66,11.247,0.061,,,,,,,0.1377,3.135,2.703,2.96,2-20 км,Обычный,Нет
20047927,47927,14.8,6.24,0.038,,,,,,,0.1707,3.102,2.573,1.97,2-20 км,Обычный,Нет
20047944,47944,13.93,9.697,0.075,,,,,,,0.1745,3.11,2.567,2.52,2-20 км,Обычный,Нет
20048206,48206,14.8,7.413,0.056,,,,,,,0.1588,3.202,2.693,0.95,2-20 км,Обычный,2:1
20048265,48265,14.76,6.105,0.047,,,,,,,0.1414,3.263,2.801,2.17,2-20 км,Обычный,2:1
20048311,48311,14.36,7.37,0.074,,,,,,,0.1644,3.134,2.619,1.76,2-20 км,Обычный,Нет
20048501,48501,13.68,10.387,0.071,,,,,,,0.1871,3.155,2.565,1.21,2-20 км,Обычный,Нет
20048566,48566,14.16,8.984,0.066,,,,,,,0.1395,3.208,2.761,1.97,2-20 км,Обычный,2:1
20048711,48711,14.36,7.866,0.06,,,,,,,0.1713,3.173,2.629,0.46,2-20 км,Обычный,Нет
20048802,48802,14.29,8.698,0.057,,,,,,,0.1607,3.173,2.663,2.72,2-20 км,Обычный,Нет
20048818,48818,14.43,7.82,0.06,,,,,,,0.1741,3.056,2.524,0.87,2-20 км,Обычный,Нет
20048820,48820,14.59,7.548,0.045,4.55,,,,,,0.1487,3.107,2.645,0.46,2-20 км,Обычный,Нет
20048826,48826,14.25,8.121,0.056,,,,,,,0.1517,3.133,2.657,2.71,2-20 км,Обычный,Нет
20049481,49481,14.48,6.997,0.083,,,,,,,0.119,3.109,2.739,1.16,2-20 км,Обычный,Нет
20049501,49501,14.28,7.62,0.053,,,,,,,0.1555,3.085,2.606,1.05,2-20 км,Обычный,Нет
20049565,49565,14.63,7.163,0.055,,,,,,,0.1599,3.091,2.596,0.63,2-20 км,Обычный,Нет
20049584,49584,14.52,7.573,0.041,4.82,,,,,,0.1939,3.088,2.489,0.42,2-20 км,Обычный,Нет
20049585,49585,14.59,8.22,0.041,4.1,,,,,,0.1521,3.116,2.642,0.46,2-20 км,Обычный,Нет
20049608,49608,14.66,7.127,0.06,,,,,,,0.1517,3.121,2.648,1.9,2-20 км,Обычный,Нет
20049613,49613,13.99,8.839,0.057,,,,,,,0.1511,3.194,2.711,1.98,2-20 км,Обычный,2:1
20050388,50388,14.4,7.724,0.056,11.01,,,,,,0.1554,3.186,2.691,0.46,2-20 км,Обычный,2:1
20050462,50462,13.75,9.496,0.086,,,,,,,0.1674,3.198,2.663,2.31,2-20 км,Обычный,2:1
20050467,50467,14.4,,,,,,,,,0.1205,3.101,2.727,1.93,,Обычный,Нет
20050577,50577,14.89,5.262,0.092,,,,,,,0.1307,3.058,2.658,0.78,2-20 км,Обычный,Нет
20050625,50625,14.29,8.905,0.042,,,,,,,0.1485,3.21,2.733,3.0,2-20 км,Обычный,2:1
20050628,50628,14.11,7.19,0.103,,,,,,,0.1563,3.21,2.708,2.0,2-20 км,Обычный,2:1
20050703,50703,13.71,11.448,0.045,,,,,,,0.1565,3.193,2.693,2.43,2-20 км,Обычный,2:1
20050904,50904,14.77,6.342,0.053,,,,,,,0.1511,3.152,2.675,2.17,2-20 км,Обычный,Нет
20050935,50935,14.82,5.751,0.112,,,,,,,0.1081,3.101,2.766,2.2,2-20 км,Обычный,Нет
20050953,50953,14.06,7.345,0.119,,,,,,,0.1205,3.249,2.857,2.74,2-20 км,Обычный,2:1
20050959,50959,13.98,8.452,0.09,,,,,,,0.1433,3.162,2.709,2.63,2-20 км,Обычный,Нет
20051101,51101,14.69,7.156,0.045,,,,,,,0.1452,3.206,2.74,0.82,2-20 км,Обычный,2:1
20051105,51105,14.26,8.003,0.053,,,,,,,0.1573,3.171,2.672,1.71,2-20 км,Обычный,Нет
20051117,51117,14.22,6.774,0.073,,,,,,,0.1624,3.116,2.61,1.12,2-20 км,Обычный,Нет
20051143,51143,13.79,,,,,,,,,0.163,3.154,2.639,1.19,,Обычный,Нет
20051166,51166,14.38,8.584,0.042,,,,,,,0.1848,3.13,2.552,1.72,2-20 км,Обычный,Нет
20051240,51240,14.02,9.517,0.054,,,,,,,0.1204,3.209,2.822,1.96,2-20 км,Обычный,2:1
20051288,51288,14.74,5.816,0.091,,,,,,,0.133,3.156,2.736,0.71,2-20 км,Обычный,Нет
20051290,51290,14.32,8.025,0.057,,,,,,,0.1195,3.099,2.729,0.52,2-20 км,Обычный,Нет
20051579,51579,14.53,6.014,0.085,,,,,,,0.1895,3.174,2.572,2.69,2-20 км,Обычный,Нет
20051804,51804,14.79,5.401,0.073,,,,,,,0.14,3.183,2.738,1.56,2-20 км,Обычный,2:1
20051863,51863,15.12,5.617,0.047,,,,,,,0.1486,3.125,2.661,2.25,2-20 км,Обычный,Нет
20051972,51972,13.97,9.484,0.037,,,,,,,0.1528,3.164,2.68,1.62,2-20 км,Обычный,Нет
20052047,52047,14.64,7.284,0.044,,,,,,,0.1572,3.094,2.608,3.05,2-20 км,Обычный,Нет
20052071,52071,14.4,6.944,0.084,,,,,,,0.1322,3.261,2.83,2.2,2-20 км,Обычный,2:1
20052162,52162,14.25,8.572,0.073,,,,,,,0.1234,3.151,2.762,2.1,2-20 км,Обычный,Нет
20052253,52253,15.37,5.618,0.047,11.86,,,,,,0.1361,3.206,2.77,0.48,2-20 км,Обычный,2:1
20052288,52288,14.63,7.861,0.041,,,,,,,0.2067,3.094,2.454,1.65,2-20 км,Обычный,Нет
20052363,52363,15.01,6.265,0.049,,,,,,,0.1317,3.183,2.764,1.9,2-20 км,Обычный,2:1
20052680,52680,14.59,7.238,0.07,,,,,,,0.0975,3.223,2.909,2.3,2-20 км,Обычный,2:1
20052691,52691,15.23,,,,,,,,,0.1621,3.17,2.656,2.65,,Обычный,Нет
20052696,52696,15.16,,,4.29,,,,,,0.1139,3.139,2.781,2.51,,Обычный,Нет
20052701,52701,14.61,7.005,0.057,,,,,,,0.091,3.15,2.863,2.12,2-20 км,Обычный,Нет
20052703,52703,14.62,6.331,0.053,,,,,,,0.1296,3.092,2.691,0.93,2-20 км,Обычный,Нет
20052716,52716,14.74,4.455,0.155,,,,,,,0.1203,3.06,2.692,1.77,2-20 км,Обычный,Нет
20052717,52717,15.01,6.386,0.03,,,,,,,0.0781,3.144,2.899,1.56,2-20 км,Обычный,Нет
20052721,52721,15.22,,,,,,,,,0.1755,3.188,2.628,3.38,,Обычный,2:1
20053292,53292,14.81,5.223,0.094,,,,,,,0.1352,3.188,2.757,2.01,2-20 км,Обычный,2:1
20053293,53293,14.87,6.252,0.048,,,,,,,0.0906,3.103,2.822,1.38,2-20 км,Обычный,Нет
20053406,53406,14.48,7.162,0.086,,,,,,,0.1226,3.209,2.816,2.79,2-20 км,Обычный,2:1
20053960,53960,15.04,6.035,0.04,,,,,,,0.1391,3.097,2.666,0.42,2-20 км,Обычный,Нет
20054102,54102,14.49,,,,,,,,,0.1314,3.219,2.796,2.0,,Обычный,2:1
20054109,54109,14.03,9.647,0.063,,,,,,,0.1849,3.162,2.577,2.44,2-20 км,Обычный,Нет
20054182,54182,14.72,6.805,0.035,,,,,,,0.1239,3.145,2.755,1.23,2-20 км,Обычный,Нет
20054349,54349,13.82,10.188,0.068,3.58,,,,,,0.1785,3.196,2.626,2.4,2-20 км,Обычный,2:1
20054843,54843,14.9,,,11.175,,,,,,0.1612,3.212,2.695,2.74,,Обычный,2:1
20054920,54920,15.15,6.182,0.038,,,,,,,0.1933,3.045,2.456,2.23,2-20 км,Обычный,Нет
20054932,54932,14.98,7.954,0.023,,,,,,,0.1774,3.095,2.546,1.78,2-20 км,Обычный,Нет
20054951,54951,14.24,6.545,0.114,,,,,,,0.1542,3.136,2.653,2.18,2-20 км,Обычный,Нет
20055001,55001,14.36,,,,,,,,,0.141,3.233,2.777,1.63,,Обычный,2:1
20055027,55027,14.2,9.419,0.031,,,,,,,0.1595,3.096,2.602,1.36,2-20 км,Обычный,Нет
20055107,55107,14.67,7.837,0.035,,,,,,,0.1653,3.179,2.653,2.42,2-20 км,Обычный,2:1
20055134,55134,14.27,8.342,0.044,,,,,,,0.1388,3.156,2.718,1.91,2-20 км,Обычный,Нет
20055144,55144,14.51,7.125,0.056,,,,,,,0.1873,3.162,2.57,1.55,2-20 км,Обычный,Нет
20055188,55188,13.89,9.445,0.054,,,,,,,0.1913,3.152,2.549,2.46,2-20 км,Обычный,Нет
20055219,55219,15.08,5.191,0.072,,,,,,,0.1602,3.063,2.572,2.37,2-20 км,Обычный,Нет
20055254,55254,14.76,6.41,0.057,,,,,,,0.0883,3.15,2.872,0.93,2-20 км,Обычный,Нет
20055278,55278,14.79,6.004,0.065,,,,,,,0.134,3.077,2.665,2.09,2-20 км,Обычный,Нет
20055368,55368,14.82,6.391,0.082,,,,,,,0.1397,3.186,2.741,2.37,2-20 км,Обычный,2:1
20055435,55435,14.57,,,,,,,,,0.1623,3.144,2.634,2.64,,Обычный,Нет
20055491,55491,14.3,7.712,0.047,,,,,,,0.2019,3.143,2.509,2.62,2-20 км,Обычный,Нет
20055516,55516,14.82,5.168,0.06,,,,,,,0.136,3.102,2.68,1.67,2-20 км,Обычный,Нет
20055534,55534,14.95,5.147,0.096,,,,,,,0.1069,3.231,2.886,1.1,2-20 км,Обычный,2:1
20055827,55827,15.47,,,,,,,,,0.1118,3.14,2.789,2.81,,Обычный,Нет
20055860,55860,15.24,5.571,0.039,11.85,,,,,,0.1144,3.209,2.842,0.9,2-20 км,Обычный,2:1
20055922,55922,14.27,8.2,0.055,,,,,,,0.1778,3.098,2.547,2.76,2-20 км,Обычный,Нет
20055949,55949,14.49,7.005,0.063,11.135,,,,,,0.1821,3.196,2.613,1.19,2-20 км,Обычный,2:1
20055950,55950,14.95,,,,,,,,,0.1401,3.163,2.72,1.85,,Обычный,Нет
20055951,55951,15.03,6.613,0.037,,,,,,,0.1176,3.205,2.828,2.03,2-20 км,Обычный,2:1
20055955,55955,14.48,7.61,0.058,,,,,,,0.1645,3.209,2.681,2.53,2-20 км,Обычный,2:1
20056943,56943,14.22,8.822,0.039,6.81,,,,,,0.1804,3.15,2.582,2.11,2-20 км,Обычный,Нет
20056971,56971,14.07,8.028,0.083,,,,,,,0.2169,3.141,2.46,2.58,2-20 км,Обычный,Нет
20057124,57124,13.55,,,,,,,,,0.134,3.166,2.742,1.11,,Обычный,Нет
20057558,57558,14.92,7.29,0.025,,,,,,,0.119,3.134,2.761,2.33,2-20 км,Обычный,Нет
20057560,57560,14.75,7.147,0.035,9.913,,,,,,0.128,3.094,2.698,1.05,2-20 км,Обычный,Нет
20057590,57590,14.43,7.588,0.07,,,,,,,0.153,3.211,2.72,2.12,2-20 км,Обычный,2:1
20057691,57691,14.71,7.284,0.058,,,,,,,0.1457,3.202,2.736,2.04,2-20 км,Обычный,2:1
20057704,57704,15.09,5.496,0.044,,,,,,,0.1266,3.1,2.707,1.79,2-20 км,Обычный,Нет
20057708,57708,14.36,,,11.85,,,,,,0.1679,3.203,2.665,2.01,,Обычный,2:1
20057719,57719,14.69,6.4,0.052,,,,,,,0.1213,3.144,2.763,2.34,2-20 км,Обычный,Нет
20057760,57760,14.84,5.38,0.067,,,,,,,0.1103,3.091,2.751,1.11,2-20 км,Обычный,Нет
20057861,57861,15.36,5.842,0.052,,,,,,,0.1033,3.145,2.821,1.95,2-20 км,Обычный,Нет
20057978,57978,15.66,,,,,,,,,0.1855,3.164,2.577,0.55,,Обычный,Нет
20057979,57979,14.62,7.096,0.056,,,,,,,0.1778,3.15,2.59,1.93,2-20 км,Обычный,Нет
20058060,58060,14.69,6.638,0.058,12.016,,,,,,0.2135,3.195,2.513,2.56,2-20 км,Обычный,2:1
20058075,58075,14.18,6.672,0.131,,,,,,,0.148,3.205,2.73,1.84,2-20 км,Обычный,2:1
20058193,58193,14.81,6.545,0.065,,,,,,,0.1005,3.084,2.774,2.53,2-20 км,Обычный,Нет
20058231,58231,14.26,7.644,0.044,,,,,,,0.1645,3.213,2.684,2.03,2-20 км,Обычный,2:1
20058256,58256,14.58,6.347,0.084,,,,,,,0.1716,3.117,2.582,1.05,2-20 км,Обычный,Нет
20058302,58302,14.4,6.905,0.085,,,,,,,0.1421,3.11,2.668,1.59,2-20 км,Обычный,Нет
20058321,58321,14.86,5.936,0.072,,,,,,,0.2191,3.074,2.4,0.43,2-20 км,Обычный,Нет
20058329,58329,14.87,,,,,,,,,0.2041,3.178,2.529,2.19,,Обычный,2:1
20058369,58369,14.65,7.169,0.038,,,,,,,0.1608,3.085,2.589,1.2,2-20 км,Обычный,Нет
20058393,58393,16.07,,,,,,,,,0.1642,3.167,2.647,0.61,,Обычный,Нет
20058525,58525,15.18,4.918,0.055,,,,,,,0.1199,3.092,2.721,0.48,2-20 км,Обычный,Нет
20058528,58528,14.82,,,,,,,,,0.1318,3.183,2.764,2.32,,Обычный,2:1
20058539,58539,15.48,3.181,0.084,,,,,,,0.1656,3.171,2.646,1.3,2-20 км,Обычный,Нет
20058541,58541,14.46,7.384,0.036,7.69,,,,,,0.1145,3.12,2.763,1.57,2-20 км,Обычный,Нет
20058552,58552,14.42,6.934,0.084,,,,,,,0.1721,3.202,2.651,1.1,2-20 км,Обычный,2:1
20058704,58704,14.45,6.343,0.077,87.298,,,,,,0.1638,3.156,2.639,0.4,2-20 км,Обычный,Нет
20058928,58928,14.76,,,,,,,,,0.1847,3.096,2.525,1.29,,Обычный,Нет
20059004,59004,14.62,,,4.35,,,,,,0.1733,3.125,2.583,0.77,,Обычный,Нет
20059847,59847,14.81,6.687,0.063,,,,,,,0.1488,3.125,2.66,2.72,2-20 км,Обычный,Нет
20059860,59860,14.66,6.364,0.076,,,,,,,0.1953,3.16,2.542,3.07,2-20 км,Обычный,Нет
20059862,59862,14.9,5.924,0.055,,,,,,,0.1712,3.108,2.576,1.36,2-20 км,Обычный,Нет
20059863,59863,14.29,7.316,0.04,,,,,,,0.2066,3.187,2.528,2.6,2-20 км,Обычный,2:1
20059875,59875,14.72,5.788,0.076,,,,,,,0.1678,3.182,2.648,2.13,2-20 км,Обычный,2:1
20059896,59896,15.13,5.554,0.033,,,,,,,0.1796,3.102,2.545,2.27,2-20 км,Обычный,Нет
20060001,60001,14.8,,,,,,,,,0.1529,3.11,2.635,1.66,,Обычный,Нет
20060004,60004,14.19,,,,,,,,,0.2001,3.165,2.532,2.09,,Обычный,Нет
20060007,60007,14.54,6.958,0.048,,,,,,,0.1344,3.095,2.679,0.46,2-20 км,Обычный,Нет
20060025,60025,15.1,,,,,,,,,0.2101,3.175,2.508,0.8,,Обычный,Нет
20060031,60031,14.76,,,,,,,,,0.1551,3.036,2.565,2.97,,Обычный,Нет
20060062,60062,14.59,6.562,0.059,1.0,,,,,,0.1864,3.143,2.557,2.24,2-20 км,Обычный,Нет
20060066,60066,14.74,5.072,0.109,,,,,,,0.175,3.086,2.546,2.41,2-20 км,Обычный,Нет
20060068,60068,14.54,6.942,0.084,,,,,,,0.1177,3.098,2.734,2.14,2-20 км,Обычный,Нет
20060132,60132,14.47,7.088,0.035,,,,,,,0.1358,3.215,2.778,2.37,2-20 км,Обычный,2:1
20060135,60135,14.4,8.246,0.038,,,,,,,0.1117,3.217,2.858,1.26,2-20 км,Обычный,2:1
20060136,60136,14.16,9.669,0.048,,,,,,,0.1713,3.213,2.662,2.05,2-20 км,Обычный,2:1
20060137,60137,14.14,7.064,0.056,,,,,,,0.1655,3.181,2.654,2.55,2-20 км,Обычный,2:1
20060166,60166,15.31,5.386,0.032,,,,,,,0.1573,3.218,2.712,2.7,2-20 км,Обычный,2:1
20060174,60174,14.55,,,,,,,,,0.1522,3.092,2.622,3.04,,Обычный,Нет
20060180,60180,15.26,,,,,,,,,0.1768,3.103,2.554,1.07,,Обычный,Нет
20060446,60446,14.41,6.981,0.069,15.035,,,,,,0.1555,3.116,2.631,2.38,2-20 км,Обычный,Нет
20060527,60527,14.73,6.671,0.076,6.01,,,,,,0.0964,3.056,2.761,2.08,2-20 км,Обычный,Нет
20060559,60559,15.44,6.89,0.028,,,,,,,0.1407,3.099,2.663,1.04,2-20 км,Обычный,Нет
20060682,60682,14.66,,,,,,,,,0.1558,3.208,2.708,1.91,,Обычный,2:1
20060732,60732,14.34,7.419,0.061,,,,,,,0.1479,3.102,2.643,0.65,2-20 км,Обычный,Нет
20060792,60792,15.19,5.982,0.024,,,,,,,0.1704,3.111,2.581,0.47,2-20 км,Обычный,Нет
20060838,60838,14.57,7.198,0.049,,,,,,,0.1525,3.141,2.662,2.17,2-20 км,Обычный,Нет
20061039,61039,14.34,7.661,0.063,,,,,,,0.1442,3.179,2.721,2.7,2-20 км,Обычный,2:1
20061423,61423,14.92,6.253,0.054,,,,,,,0.1899,3.167,2.566,1.72,2-20 км,Обычный,Нет
20061451,61451,14.35,6.727,0.074,,,,,,,0.1877,3.115,2.53,2.52,2-20 км,Обычный,Нет
20061472,61472,14.29,8.07,0.052,,,,,,,0.2088,3.177,2.514,2.49,2-20 км,Обычный,2:1
20061884,61884,14.94,,,,,,,,,0.1967,3.15,2.531,1.95,,Обычный,Нет
20062432,62432,14.14,8.718,0.044,10.8,,,,,,0.1838,3.199,2.612,0.97,2-20 км,Обычный,2:1
20062490,62490,15.07,4.551,0.054,,,,,,,0.1679,3.059,2.545,2.13,2-20 км,Обычный,Нет
20062608,62608,14.61,6.848,0.038,,,,,,,0.1297,3.223,2.805,2.17,2-20 км,Обычный,2:1
20062777,62777,14.88,6.055,0.037,,,,,,,0.1967,3.09,2.482,3.0,2-20 км,Обычный,Нет
20062825,62825,14.68,6.715,0.039,,,,,,,0.1608,3.126,2.623,1.32,2-20 км,Обычный,Нет
20062854,62854,14.84,,,14.7,,,,,,0.1108,3.148,2.8,1.36,,Обычный,Нет
20062925,62925,14.59,6.755,0.032,14.737,,,,,,0.1786,3.2,2.629,2.04,2-20 км,Обычный,2:1
20062969,62969,14.83,6.252,0.065,,,,,,,0.1817,3.097,2.534,0.62,2-20 км,Обычный,Нет
20062997,62997,15.31,5.867,0.051,,,,,,,0.1539,3.099,2.622,0.61,2-20 км,Обычный,Нет
20063145,63145,14.88,5.888,0.046,,,,,,,0.1643,3.182,2.659,2.31,2-20 км,Обычный,2:1
20063186,63186,15.0,5.745,0.054,,,,,,,0.1913,3.204,2.591,1.23,2-20 км,Обычный,2:1
20063201,63201,14.71,6.576,0.065,6.846,,,,,,0.0861,3.109,2.842,2.15,2-20 км,Обычный,Нет
20063230,63230,14.95,,,,,,,,,0.1193,3.173,2.795,2.08,,Обычный,Нет
20063534,63534,14.96,6.089,0.043,,,,,,,0.1712,3.122,2.588,1.25,2-20 км,Обычный,Нет
20063568,63568,14.25,8.919,0.042,,,,,,,0.1574,3.244,2.734,2.31,2-20 км,Обычный,2:1
20063586,63586,14.97,,,,,,,,,0.1759,3.042,2.507,1.69,,Обычный,Нет
20063594,63594,14.76,,,,,,,,,0.1737,3.207,2.65,2.49,,Обычный,2:1
20063721,63721,15.07,7.073,0.024,,,,,,,0.1675,3.204,2.667,0.88,2-20 км,Обычный,2:1
20063903,63903,14.77,7.091,0.042,,,,,,,0.122,3.142,2.759,1.73,2-20 км,Обычный,Нет
20063951,63951,15.23,,,,,,,,,0.1839,3.15,2.57,0.45,,Обычный,Нет
20064533,64533,15.45,,,10.27,,,,,,0.1718,3.128,2.591,0.77,,Обычный,Нет
20064580,64580,15.15,4.711,0.087,,,,,,,0.0845,3.153,2.887,1.58,2-20 км,Обычный,Нет
20064642,64642,14.84,6.263,0.037,,,,,,,0.1353,3.114,2.693,2.73,2-20 км,Обычный,Нет
20064654,64654,14.96,6.027,0.064,,,,,,,0.1334,3.154,2.733,1.63,2-20 км,Обычный,Нет
20064749,64749,14.74,5.732,0.085,,,,,,,0.1025,3.219,2.889,2.28,2-20 км,Обычный,2:1
20064813,64813,15.29,,,,,,,,,0.1311,3.203,2.783,2.2,,Обычный,2:1
20064822,64822,15.09,4.576,0.093,,,,,,,0.114,3.064,2.715,0.76,2-20 км,Обычный,Нет
20064844,64844,15.12,7.025,0.023,,,,,,,0.1075,3.132,2.796,1.72,2-20 км,Обычный,Нет
20064862,64862,14.93,6.672,0.044,,,,,,,0.1335,3.163,2.741,1.78,2-20 км,Обычный,Нет
20064886,64886,15.07,,,,,,,,,0.1006,3.151,2.834,0.65,,Обычный,Нет
20064895,64895,14.41,7.31,0.052,,,,,,,0.0892,3.262,2.971,1.11,2-20 км,Обычный,2:1
20064938,64938,14.59,7.575,0.037,18.103,,,,,,0.1421,3.062,2.627,0.72,2-20 км,Обычный,Нет
20064967,64967,14.59,7.454,0.038,,,,,,,0.1258,3.227,2.821,2.94,2-20 км,Обычный,2:1
20064974,64974,14.51,7.372,0.043,,,,,,,0.1293,3.209,2.794,2.09,2-20 км,Обычный,2:1
20064986,64986,14.84,6.537,0.038,,,,,,,0.1584,3.113,2.619,1.52,2-20 км,Обычный,Нет
20065023,65023,15.45,,,,,,,,,0.1209,3.047,2.679,2.07,,Обычный,Нет
20065036,65036,14.23,7.784,0.08,,,,,,,0.1011,3.155,2.836,2.45,2-20 км,Обычный,Нет
20065076,65076,14.72,5.733,0.065,,,,,,,0.1259,3.243,2.835,2.04,2-20 км,Обычный,2:1
20065085,65085,15.61,5.211,0.018,,,,,,,0.1002,3.092,2.783,0.49,2-20 км,Обычный,Нет
20065143,65143,15.16,5.154,0.05,,,,,,,0.1379,3.18,2.741,2.26,2-20 км,Обычный,2:1
20065151,65151,15.28,,,,,,,,,0.1358,3.12,2.696,0.66,,Обычный,Нет
20065314,65314,15.82,,,,,,,,,0.131,3.183,2.765,0.45,,Обычный,2:1
20065352,65352,14.42,7.053,0.081,,,,,,,0.1482,3.219,2.742,2.5,2-20 км,Обычный,2:1
20065353,65353,15.58,,,,,,,,,0.155,3.173,2.681,0.55,,Обычный,Нет
20065373,65373,14.5,7.112,0.035,,,,,,,0.197,3.086,2.478,3.08,2-20 км,Обычный,Нет
20065448,65448,15.13,,,,,,,,,0.1896,3.169,2.568,0.46,,Обычный,Нет
20065517,65517,15.78,3.13,0.05,,,,,,,0.168,3.129,2.603,0.81,2-20 км,Обычный,Нет
20065675,65675,14.1,,,,,,,,,0.1355,3.174,2.744,2.7,,Обычный,Нет
20065746,65746,14.98,6.58,0.045,,,,,,,0.1762,3.137,2.584,2.82,2-20 км,Обычный,Нет
20065768,65768,14.6,7.156,0.06,1.39,,,,,,0.2077,3.142,2.49,1.9,2-20 км,Обычный,Нет
20065795,65795,15.87,,,2.76,,,,,,0.1678,3.201,2.664,0.69,,Обычный,2:1
20065812,65812,14.89,5.338,0.098,,,,,,,0.1447,3.16,2.703,2.41,2-20 км,Обычный,Нет
20066065,66065,14.94,,,,,,,,,0.1698,3.115,2.586,1.15,,Обычный,Нет
20066099,66099,14.59,7.384,0.062,,,,,,,0.1975,3.108,2.494,0.78,2-20 км,Обычный,Нет
20066100,66100,14.59,,,,,,,,,0.202,3.168,2.528,2.28,,Обычный,Нет
20066128,66128,14.59,,,,,,,,,0.1715,3.183,2.637,1.92,,Обычный,2:1
20066131,66131,15.24,5.804,0.048,,,,,,,0.179,3.099,2.544,0.45,2-20 км,Обычный,Нет
20066147,66147,13.91,,,,,,,,,0.1253,3.248,2.841,1.51,,Обычный,2:1
20066149,66149,14.11,,,,,,,,,0.1391,3.155,2.716,2.34,,Обычный,Нет
20066215,66215,14.69,7.252,0.04,,,,,,,0.1447,3.09,2.643,1.52,2-20 км,Обычный,Нет
20066690,66690,14.26,,,1.15,,,,,,0.1349,3.147,2.723,1.9,,Обычный,Нет
20066822,66822,15.33,,,,,,,,,0.1496,3.142,2.672,0.87,,Обычный,Нет
20066990,66990,14.19,,,,,,,,,0.127,3.18,2.776,1.33,,Обычный,2:1
20067125,67125,15.03,,,,,,,,,0.1756,3.122,2.574,2.31,,Обычный,Нет
20067167,67167,15.33,,,,,,,,,0.123,3.078,2.699,2.23,,Обычный,Нет
20067177,67177,14.85,,,,,,,,,0.1653,3.228,2.694,0.93,,Обычный,2:1
20067181,67181,13.95,,,,,,,,,0.1397,3.211,2.763,1.5,,Обычный,2:1
20067184,67184,14.94,6.212,0.038,,,,,,,0.1582,3.023,2.545,0.65,2-20 км,Обычный,Нет
20067197,67197,14.45,,,,,,,,,0.1334,3.251,2.817,1.28,,Обычный,2:1
20067207,67207,14.48,6.65,0.076,,,,,,,0.1766,3.145,2.589,0.98,2-20 км,Обычный,Нет
20067214,67214,14.49,6.046,0.092,,,,,,,0.1693,3.165,2.629,1.06,2-20 км,Обычный,Нет
20067240,67240,14.78,6.131,0.074,,,,,,,0.1272,3.088,2.696,1.62,2-20 км,Обычный,Нет
20067242,67242,14.61,5.892,0.081,,,,,,,0.1505,3.112,2.644,1.22,2-20 км,Обычный,Нет
20067291,67291,14.68,6.875,0.071,,,,,,,0.1333,3.13,2.713,2.24,2-20 км,Обычный,Нет
20067358,67358,14.61,8.193,0.022,,,,,,,0.1219,3.152,2.767,1.01,2-20 км,Обычный,Нет
20067360,67360,15.47,5.528,0.044,,,,,,,0.1319,3.14,2.726,0.63,2-20 км,Обычный,Нет
20067393,67393,14.67,5.828,0.063,15.66,,,,,,0.1936,3.2,2.581,0.72,2-20 км,Обычный,2:1
20067702,67702,14.76,,,,,,,,,0.0781,3.122,2.878,2.44,,Обычный,Нет
20068026,68026,14.18,7.81,0.08,,,,,,,0.1536,3.194,2.704,3.0,2-20 км,Обычный,2:1
20068240,68240,15.34,5.611,0.047,,,,,,,0.1656,3.035,2.532,1.94,2-20 км,Обычный,Нет
20068314,68314,14.72,7.122,0.05,,,,,,,0.087,3.261,2.978,1.34,2-20 км,Обычный,2:1
20068451,68451,14.65,6.886,0.049,,,,,,,0.1316,3.165,2.748,2.13,2-20 км,Обычный,Нет
20068457,68457,14.83,,,,,,,,,0.1485,3.093,2.634,2.73,,Обычный,Нет
20068802,68802,14.55,,,,,,,,,0.1744,3.196,2.639,1.09,,Обычный,2:1
20068891,68891,15.09,4.811,0.037,,,,,,,0.1239,3.041,2.664,0.83,2-20 км,Обычный,Нет
20068899,68899,15.35,4.745,0.06,,,,,,,0.1606,3.091,2.595,1.06,2-20 км,Обычный,Нет
20068988,68988,14.52,6.26,0.049,,,,,,,0.1269,3.1,2.707,1.45,2-20 км,Обычный,Нет
20069060,69060,15.42,5.783,0.044,,,,,,,0.1298,3.087,2.687,0.51,2-20 км,Обычный,Нет
20069093,69093,15.02,,,,,,,,,0.1051,3.24,2.9,2.44,,Обычный,2:1
20069220,69220,15.18,5.655,0.042,,,,,,,0.1793,3.054,2.506,1.45,2-20 км,Обычный,Нет
20069435,69435,14.55,6.01,0.071,,,,,,,0.1925,3.184,2.571,2.36,2-20 км,Обычный,2:1
20069541,69541,15.12,5.502,0.07,,,,,,,0.1504,3.214,2.731,2.53,2-20 км,Обычный,2:1
20069907,69907,14.87,6.588,0.031,,,,,,,0.1904,3.067,2.483,2.29,2-20 км,Обычный,Нет
20069929,69929,15.05,5.838,0.068,,,,,,,0.1676,3.091,2.573,1.27,2-20 км,Обычный,Нет
20069952,69952,14.83,6.046,0.084,,,,,,,0.1866,3.126,2.543,1.98,2-20 км,Обычный,Нет
20069979,69979,15.11,5.506,0.064,,,,,,,0.1502,3.089,2.625,0.65,2-20 км,Обычный,Нет
20070000,70000,14.94,5.836,0.052,,,,,,,0.1581,3.185,2.681,1.37,2-20 км,Обычный,2:1
20070002,70002,14.9,6.201,0.055,,,,,,,0.1878,3.131,2.543,2.38,2-20 км,Обычный,Нет
20070014,70014,14.3,6.731,0.107,,,,,,,0.1225,3.252,2.854,0.99,2-20 км,Обычный,2:1
20070954,70954,14.44,,,,,,,,,0.1373,3.176,2.74,2.49,,Обычный,2:1
20071284,71284,14.92,,,,,,,,,0.1494,3.103,2.639,2.61,,Обычный,Нет
20071327,71327,14.56,,,,,,,,,0.1251,3.104,2.716,1.97,,Обычный,Нет
20071437,71437,14.9,,,,,,,,,0.1096,3.214,2.862,0.7,,Обычный,2:1
20071466,71466,15.24,5.028,0.064,,,,,,,0.1589,3.201,2.693,2.32,2-20 км,Обычный,2:1
20071489,71489,14.06,8.134,0.081,,,,,,,0.1294,3.151,2.743,0.78,2-20 км,Обычный,Нет
20071524,71524,13.93,,,,,,,,,0.1555,3.246,2.741,1.86,,Обычный,2:1
20071527,71527,14.67,6.84,0.072,,,,,,,0.1499,3.159,2.686,1.63,2-20 км,Обычный,Нет
20071546,71546,14.82,5.952,0.087,,,,,,,0.1274,3.077,2.685,2.18,2-20 км,Обычный,Нет
20071552,71552,14.78,6.064,0.048,,,,,,,0.1713,3.185,2.639,0.94,2-20 км,Обычный,2:1
20071561,71561,14.8,4.713,0.087,,,,,,,0.1975,3.08,2.471,0.62,2-20 км,Обычный,Нет
20071571,71571,15.3,5.076,0.047,,,,,,,0.1535,3.04,2.574,1.97,2-20 км,Обычный,Нет
20071577,71577,14.34,7.017,0.068,,,,,,,0.1619,3.224,2.702,1.63,2-20 км,Обычный,2:1
20071593,71593,14.75,,,,,,,,,0.158,3.219,2.711,2.02,,Обычный,2:1
20071623,71623,14.6,5.021,0.101,,,,,,,0.1854,3.124,2.545,0.83,2-20 км,Обычный,Нет
20071650,71650,14.9,5.353,0.062,,,,,,,0.1537,3.154,2.669,1.22,2-20 км,Обычный,Нет
20071681,71681,14.38,7.673,0.069,,,,,,,0.1664,3.22,2.684,1.34,2-20 км,Обычный,2:1
20071707,71707,14.9,6.622,0.058,,,,,,,0.1455,3.113,2.66,1.0,2-20 км,Обычный,Нет
20071716,71716,14.51,7.721,0.068,,,,,,,0.1362,3.08,2.66,2.16,2-20 км,Обычный,Нет
20071717,71717,14.35,8.648,0.045,,,,,,,0.1688,3.131,2.603,2.72,2-20 км,Обычный,Нет
20071725,71725,14.56,6.806,0.066,,,,,,,0.1384,3.145,2.71,2.22,2-20 км,Обычный,Нет
20072472,72472,14.66,7.863,0.034,,,,,,,0.1274,3.116,2.719,2.48,2-20 км,Обычный,Нет
20072485,72485,14.6,,,,,,,,,0.1475,3.172,2.704,2.08,,Обычный,Нет
20072540,72540,15.05,,,,,,,,,0.1481,3.119,2.657,1.71,,Обычный,Нет
20072781,72781,15.73,,,,,,,,,0.1386,3.189,2.747,2.01,,Обычный,2:1
20072858,72858,15.34,5.572,0.047,,,,,,,0.1236,3.092,2.71,1.55,2-20 км,Обычный,Нет
20073328,73328,15.05,6.89,0.045,,,,,,,0.177,3.107,2.557,2.81,2-20 км,Обычный,Нет
20073330,73330,14.8,,,,,,,,,0.1454,3.198,2.733,2.73,,Обычный,2:1
20073492,73492,14.97,6.017,0.053,,,,,,,0.1575,3.191,2.688,0.73,2-20 км,Обычный,2:1
20073707,73707,14.96,7.652,0.052,,,,,,,0.1487,3.102,2.641,2.63,2-20 км,Обычный,Нет
20073753,73753,15.35,4.757,0.059,,,,,,,0.0979,3.067,2.767,0.87,2-20 км,Обычный,Нет
20073756,73756,14.4,5.949,0.114,,,,,,,0.1598,3.187,2.678,2.89,2-20 км,Обычный,2:1
20073851,73851,14.85,6.475,0.035,,,,,,,0.159,3.182,2.676,1.03,2-20 км,Обычный,2:1
20073959,73959,14.41,7.178,0.079,,,,,,,0.1637,3.183,2.662,2.87,2-20 км,Обычный,2:1
20074364,74364,14.89,6.31,0.053,,,,,,,0.1639,3.095,2.588,2.88,2-20 км,Обычный,Нет
20074418,74418,15.2,5.473,0.065,,,,,,,0.1483,3.151,2.683,1.5,2-20 км,Обычный,Нет
20074421,74421,14.85,6.692,0.039,3.66,,,,,,0.1211,3.161,2.778,1.04,2-20 км,Обычный,Нет
20074463,74463,14.62,5.911,0.096,,,,,,,0.1601,3.182,2.673,2.57,2-20 км,Обычный,2:1
20074485,74485,14.93,5.491,0.102,,,,,,,0.128,3.118,2.719,2.04,2-20 км,Обычный,Нет
20074509,74509,14.44,4.643,0.142,,,,,,,0.1388,3.114,2.682,0.99,2-20 км,Обычный,Нет
20074524,74524,14.32,7.343,0.075,,,,,,,0.1272,3.164,2.761,1.14,2-20 км,Обычный,Нет
20075968,75968,14.46,7.387,0.056,,,,,,,0.1374,3.156,2.722,2.57,2-20 км,Обычный,Нет
20076024,76024,15.53,5.538,0.048,,,,,,,0.1283,3.08,2.685,0.66,2-20 км,Обычный,Нет
20076025,76025,15.16,4.846,0.09,,,,,,,0.1207,3.084,2.712,1.13,2-20 км,Обычный,Нет
20076196,76196,14.89,5.997,0.078,,,,,,,0.1213,3.096,2.721,0.56,2-20 км,Обычный,Нет
20076212,76212,14.04,9.691,0.057,,,,,,,0.1346,3.117,2.698,1.98,2-20 км,Обычный,Нет
20076388,76388,15.4,4.961,0.065,,,,,,,0.0872,3.063,2.796,0.74,2-20 км,Обычный,Нет
20076516,76516,15.09,5.494,0.064,13.80653,,,,,,0.1215,3.11,2.732,1.04,2-20 км,Обычный,Нет
20076532,76532,14.95,5.988,0.071,,,,,,,0.1514,3.152,2.675,2.04,2-20 км,Обычный,Нет
20076542,76542,14.71,5.919,0.073,,,,,,,0.1241,3.159,2.767,2.27,2-20 км,Обычный,Нет
20076632,76632,15.19,4.761,0.078,,,,,,,0.1345,3.145,2.722,2.01,2-20 км,Обычный,Нет
20076633,76633,14.97,6.154,0.047,,,,,,,0.1454,3.186,2.723,2.22,2-20 км,Обычный,2:1
20076637,76637,13.92,10.422,0.059,,,,,,,0.1641,3.127,2.614,1.37,2-20 км,Обычный,Нет
20076666,76666,14.79,6.203,0.08,,,,,,,0.1437,3.09,2.646,2.9,2-20 км,Обычный,Нет
20076673,76673,14.43,7.443,0.08,,,,,,,0.2043,3.104,2.47,2.57,2-20 км,Обычный,Нет
20076681,76681,15.34,6.041,0.031,,,,,,,0.1193,3.102,2.732,1.84,2-20 км,Обычный,Нет
20077444,77444,14.63,6.964,0.069,,,,,,,0.1506,3.118,2.648,2.39,2-20 км,Обычный,Нет
20077594,77594,14.49,7.66,0.063,16.40749,,,,,,0.1601,3.082,2.589,1.92,2-20 км,Обычный,Нет
20077652,77652,15.29,,,,,,,,,0.1656,3.206,2.675,2.6,,Обычный,2:1
20077829,77829,14.2,7.117,0.105,13.6,,,,,,0.1135,3.202,2.839,2.76,2-20 км,Обычный,2:1
20078064,78064,15.22,,,,,,,,,0.1413,3.114,2.674,2.13,,Обычный,Нет
20078083,78083,15.09,5.513,0.048,,,,,,,0.1185,3.075,2.711,2.09,2-20 км,Обычный,Нет
20078137,78137,14.69,7.609,0.04,,,,,,,0.1614,3.086,2.588,1.33,2-20 км,Обычный,Нет
20078179,78179,15.78,,,,,,,,,0.1948,3.111,2.505,0.61,,Обычный,Нет
20078239,78239,15.52,4.963,0.054,,,,,,,0.1941,3.148,2.537,0.65,2-20 км,Обычный,Нет
20078281,78281,16.05,,,,,,,,,0.1744,3.129,2.583,1.47,,Обычный,Нет
20078418,78418,14.96,6.469,0.051,8.56669,,,,,,0.1872,3.133,2.546,1.07,2-20 км,Обычный,Нет
20078423,78423,15.02,5.64,0.061,,,,,,,0.1476,3.089,2.633,1.11,2-20 км,Обычный,Нет
20078440,78440,14.07,6.883,0.103,,,,,,,0.1564,3.237,2.73,2.44,2-20 км,Обычный,2:1
20078466,78466,15.17,6.231,0.045,,,,,,,0.1593,3.163,2.659,2.32,2-20 км,Обычный,Нет
20078498,78498,15.4,,,,,,,,,0.1913,3.099,2.506,1.98,,Обычный,Нет
20078540,78540,15.54,,,,,,,,,0.1413,3.2,2.748,1.35,,Обычный,2:1
20078562,78562,15.15,5.022,0.064,,,,,,,0.1715,3.179,2.634,2.2,2-20 км,Обычный,2:1
20078586,78586,14.96,6.608,0.053,,,,,,,0.165,3.239,2.705,0.63,2-20 км,Обычный,2:1
20078598,78598,14.26,,,,,,,,,0.1571,3.14,2.646,2.14,,Обычный,Нет
20078632,78632,14.69,6.129,0.068,,,,,,,0.1851,3.21,2.616,1.13,2-20 км,Обычный,2:1
20078646,78646,14.66,7.032,0.068,,,,,,,0.1443,3.14,2.687,2.64,2-20 км,Обычный,Нет
20078762,78762,14.53,6.238,0.095,,,,,,,0.1539,3.133,2.651,2.72,2-20 км,Обычный,Нет
20078888,78888,15.2,5.148,0.073,,,,,,,0.1755,3.109,2.564,2.57,2-20 км,Обычный,Нет
20078954,78954,15.46,,,,,,,,,0.1676,3.155,2.627,0.84,,Обычный,Нет
20079018,79018,14.6,6.546,0.086,,,,,,,0.1218,3.18,2.793,2.48,2-20 км,Обычный,2:1
20079027,79027,14.71,7.399,0.061,8.461,,,,,,0.147,3.134,2.673,1.69,2-20 км,Обычный,Нет
20079033,79033,14.65,6.523,0.087,,,,,,,0.1642,3.218,2.69,1.56,2-20 км,Обычный,2:1
20079125,79125,14.48,7.322,0.063,,,,,,,0.1542,3.112,2.633,2.25,2-20 км,Обычный,Нет
20079293,79293,15.4,5.373,0.051,,,,,,,0.1498,3.126,2.658,2.22,2-20 км,Обычный,Нет
20079332,79332,15.21,5.051,0.069,,,,,,,0.16,3.218,2.703,1.4,2-20 км,Обычный,2:1
20079461,79461,14.62,5.673,0.105,,,,,,,0.0961,3.038,2.746,2.45,2-20 км,Обычный,Нет
20079466,79466,15.77,,,,,,,,,0.1883,3.119,2.532,0.54,,Обычный,Нет
20080012,80012,14.21,7.836,0.051,,,,,,,0.1484,3.09,2.631,1.83,2-20 км,Обычный,Нет
20080036,80036,14.97,5.215,0.065,,,,,,,0.133,3.12,2.705,3.04,2-20 км,Обычный,Нет
20081589,81589,14.65,6.538,0.079,,,,,,,0.1879,3.105,2.521,1.1,2-20 км,Обычный,Нет
20081673,81673,14.92,5.444,0.065,,,,,,,0.181,3.055,2.503,0.64,2-20 км,Обычный,Нет
20081693,81693,14.53,9.068,0.041,,,,,,,0.1726,3.152,2.608,1.97,2-20 км,Обычный,Нет
20081933,81933,14.99,5.492,0.043,,,,,,,0.2099,3.177,2.51,2.23,2-20 км,Обычный,2:1
20081954,81954,14.7,5.637,0.097,3.57,,,,,,0.1525,3.133,2.656,2.44,2-20 км,Обычный,Нет
20081955,81955,14.75,5.994,0.049,,,,,,,0.194,3.077,2.48,1.83,2-20 км,Обычный,Нет
20081970,81970,14.79,5.689,0.094,,,,,,,0.1542,3.15,2.664,2.56,2-20 км,Обычный,Нет
20081981,81981,15.04,5.138,0.088,,,,,,,0.1899,3.057,2.476,1.64,2-20 км,Обычный,Нет
20081999,81999,14.93,5.656,0.049,,,,,,,0.1387,3.197,2.754,1.83,2-20 км,Обычный,2:1
20082001,82001,15.21,4.754,0.078,,,,,,,0.1459,3.123,2.667,1.5,2-20 км,Обычный,Нет
20082767,82767,14.74,8.785,0.044,7.15,,,,,,0.1857,3.217,2.619,2.1,2-20 км,Обычный,2:1
20082768,82768,14.54,6.458,0.097,,,,,,,0.1847,3.14,2.56,1.91,2-20 км,Обычный,Нет
20082779,82779,14.39,7.749,0.063,,,,,,,0.1951,3.093,2.49,2.78,2-20 км,Обычный,Нет
20082842,82842,15.02,5.863,0.066,6.65,,,,,,0.1844,3.032,2.472,2.25,2-20 км,Обычный,Нет
20082853,82853,14.53,7.894,0.065,,,,,,,0.1874,3.118,2.533,2.25,2-20 км,Обычный,Нет
20082922,82922,15.49,,,,,,,,,0.1687,3.105,2.582,0.78,,Обычный,Нет
20083006,83006,14.65,7.493,0.055,,,,,,,0.1681,3.152,2.623,0.94,2-20 км,Обычный,Нет
20083090,83090,14.65,6.037,0.07,,,,,,,0.132,3.207,2.784,1.31,2-20 км,Обычный,2:1
20083122,83122,14.41,7.468,0.073,,,,,,,0.1686,3.198,2.658,1.05,2-20 км,Обычный,2:1
20083195,83195,14.91,6.061,0.076,,,,,,,0.1856,3.172,2.584,0.71,2-20 км,Обычный,Нет
20083201,83201,14.35,7.395,0.081,7.061,,,,,,0.1344,3.217,2.785,2.27,2-20 км,Обычный,2:1
20083246,83246,14.7,6.615,0.089,7.56,,,,,,0.1594,3.186,2.678,2.32,2-20 км,Обычный,2:1
20083297,83297,14.78,6.407,0.068,,,,,,,0.1766,3.217,2.649,2.8,2-20 км,Обычный,2:1
20083425,83425,14.72,7.309,0.057,,,,,,,0.1595,3.199,2.689,2.05,2-20 км,Обычный,2:1
20083562,83562,15.39,4.296,0.087,,,,,,,0.1059,3.096,2.768,1.72,2-20 км,Обычный,Нет
20083569,83569,14.99,5.866,0.081,,,,,,,0.1252,3.112,2.722,1.99,2-20 км,Обычный,Нет
20083574,83574,14.91,,,,,,,,,0.1175,3.035,2.678,2.5,,Обычный,Нет
20083578,83578,14.59,6.97,0.058,,,,,,,0.1331,3.194,2.769,1.74,2-20 км,Обычный,2:1
20083656,83656,14.92,6.912,0.049,30.347,,,,,,0.2003,3.089,2.47,0.87,2-20 км,Обычный,Нет
20083701,83701,14.79,6.387,0.074,2.94,,,,,,0.1772,3.078,2.532,2.65,2-20 км,Обычный,Нет
20083876,83876,15.23,,,,,,,,,0.1479,3.132,2.668,2.54,,Обычный,Нет
20083894,83894,15.21,4.997,0.05,,,,,,,0.1178,3.138,2.768,1.2,2-20 км,Обычный,Нет
20083914,83914,15.29,5.119,0.043,,,,,,,0.2102,3.093,2.443,1.18,2-20 км,Обычный,Нет
20084220,84220,15.01,5.83,0.09,,,,,,,0.1628,3.111,2.604,2.22,2-20 км,Обычный,Нет
20084230,84230,15.35,5.492,0.053,,,,,,,0.1747,3.15,2.6,0.92,2-20 км,Обычный,Нет
20084316,84316,15.31,5.458,0.054,,,,,,,0.1305,3.036,2.64,1.23,2-20 км,Обычный,Нет
20084650,84650,15.35,,,,,,,,,0.1138,3.162,2.802,1.32,,Обычный,Нет
20084807,84807,14.7,7.319,0.069,,,,,,,0.1377,3.182,2.744,2.34,2-20 км,Обычный,2:1
20084819,84819,15.65,5.081,0.047,,,,,,,0.1706,3.16,2.621,2.27,2-20 км,Обычный,Нет
20084902,84902,14.36,8.107,0.056,8.28926,,,,,,0.1662,3.126,2.607,1.29,2-20 км,Обычный,Нет
20084973,84973,14.91,5.993,0.078,,,,,,,0.1328,3.192,2.768,2.23,2-20 км,Обычный,2:1
20085008,85008,15.01,5.515,0.07,,,,,,,0.0987,3.135,2.826,1.11,2-20 км,Обычный,Нет
20085017,85017,15.05,5.315,0.069,,,,,,,0.1111,3.144,2.795,2.23,2-20 км,Обычный,Нет
20085067,85067,15.02,4.636,0.099,,,,,,,0.1111,3.137,2.788,2.65,2-20 км,Обычный,Нет
20085150,85150,15.22,,,,,,,,,0.1287,3.233,2.817,1.88,,Обычный,2:1
20085268,85268,15.25,5.175,0.072,,,,,,,0.1499,3.114,2.647,2.66,2-20 км,Обычный,Нет
20085283,85283,14.99,5.667,0.041,,,,,,,0.1804,3.17,2.598,2.22,2-20 км,Обычный,Нет
20085340,85340,15.35,5.141,0.047,,,,,,,0.1158,3.189,2.82,2.41,2-20 км,Обычный,2:1
20085601,85601,14.82,6.716,0.039,,,,,,,0.156,3.201,2.702,1.55,2-20 км,Обычный,2:1
20085606,85606,15.45,4.859,0.062,,,,,,,0.1312,3.206,2.786,2.41,2-20 км,Обычный,2:1
20085665,85665,14.43,,,,,,,,,0.202,3.174,2.533,2.5,,Обычный,Нет
20085796,85796,15.62,4.495,0.055,,,,,,,0.1428,3.135,2.687,1.97,2-20 км,Обычный,Нет
20086080,86080,15.13,4.747,0.103,,,,,,,0.1804,3.089,2.532,2.74,2-20 км,Обычный,Нет
20086137,86137,15.13,4.952,0.072,,,,,,,0.1523,3.052,2.587,2.35,2-20 км,Обычный,Нет
20086237,86237,15.38,,,,,,,,,0.1671,3.119,2.598,1.28,,Обычный,Нет
20086270,86270,14.54,7.03,0.075,,,,,,,0.1398,3.22,2.77,2.73,2-20 км,Обычный,2:1
20086303,86303,14.59,7.406,0.067,,,,,,,0.1733,3.156,2.609,1.8,2-20 км,Обычный,Нет
20086311,86311,15.14,4.718,0.06,,,,,,,0.0902,3.266,2.972,1.34,2-20 км,Обычный,2:1
20086334,86334,14.39,7.099,0.071,,,,,,,0.2193,3.163,2.469,2.35,2-20 км,Обычный,Нет
20086341,86341,15.07,,,,,,,,,0.1687,3.223,2.68,2.18,,Обычный,2:1
20087703,87703,14.76,6.394,0.075,,,,,,,0.1858,3.096,2.521,1.76,2-20 км,Обычный,Нет
20087745,87745,14.69,5.386,0.127,,,,,,,0.1922,3.085,2.492,2.97,2-20 км,Обычный,Нет
20088003,88003,14.46,7.329,0.069,,,,,,,0.1305,3.189,2.773,1.68,2-20 км,Обычный,2:1
20088072,88072,14.83,7.278,0.053,,,,,,,0.1234,3.086,2.706,2.57,2-20 км,Обычный,Нет
20088231,88231,14.85,5.522,0.076,,,,,,,0.1531,3.17,2.685,2.19,2-20 км,Обычный,Нет
20088247,88247,14.53,9.294,0.034,,,,,,,0.1609,3.134,2.63,2.56,2-20 км,Обычный,Нет
20088262,88262,15.1,,,,,,,,,0.1341,3.107,2.69,2.18,,Обычный,Нет
20088456,88456,15.38,5.878,0.043,,,,,,,0.152,3.047,2.583,1.15,2-20 км,Обычный,Нет
20089108,89108,15.85,4.864,0.033,,,,,,,0.128,3.114,2.716,1.36,2-20 км,Обычный,Нет
20089217,89217,14.61,6.518,0.06,,,,,,,0.1106,3.123,2.778,2.24,2-20 км,Обычный,Нет
20089257,89257,15.28,5.918,0.05,,,,,,,0.1153,3.192,2.824,2.24,2-20 км,Обычный,2:1
20089401,89401,15.55,,,,,,,,,0.1371,3.214,2.773,1.92,,Обычный,2:1
20089651,89651,15.14,,,,,,,,,0.0949,3.125,2.828,0.61,,Обычный,Нет
20089793,89793,14.41,7.422,0.073,,,,,,,0.1265,3.192,2.789,2.33,2-20 км,Обычный,2:1
20089808,89808,14.9,7.002,0.033,,,,,,,0.0938,3.264,2.958,0.88,2-20 км,Обычный,2:1
20089909,89909,15.39,5.242,0.053,,,,,,,0.0973,3.123,2.819,1.6,2-20 км,Обычный,Нет
20089980,89980,15.14,6.672,0.044,,,,,,,0.1535,3.091,2.617,0.89,2-20 км,Обычный,Нет
20090029,90029,15.39,4.527,0.065,,,,,,,0.1781,3.106,2.552,2.38,2-20 км,Обычный,Нет
20090151,90151,15.44,4.585,0.048,,,,,,,0.1556,3.126,2.64,1.97,2-20 км,Обычный,Нет
20090282,90282,14.71,5.889,0.089,2.82,,,,,,0.1529,3.253,2.756,2.75,2-20 км,Обычный,2:1
20090765,90765,15.08,5.142,0.073,,,,,,,0.1796,3.17,2.601,1.42,2-20 км,Обычный,Нет
20090901,90901,15.19,5.683,0.055,,,,,,,0.1377,3.089,2.664,0.92,2-20 км,Обычный,Нет
20091149,91149,15.47,,,,,,,,,0.1746,3.143,2.594,1.31,,Обычный,Нет
20091153,91153,15.04,,,,,,,,,0.1779,3.168,2.604,1.06,,Обычный,Нет
20091170,91170,14.72,,,,,,,,,0.1654,3.11,2.595,0.81,,Обычный,Нет
20091180,91180,15.14,,,,,,,,,0.1883,3.18,2.581,2.58,,Обычный,2:1
20091623,91623,16.04,,,,,,,,,0.1149,3.202,2.834,0.95,,Обычный,2:1
20091632,91632,14.8,7.838,0.035,,,,,,,0.1315,3.163,2.747,2.47,2-20 км,Обычный,Нет
20091690,91690,15.21,4.671,0.066,,,,,,,0.1563,3.076,2.595,0.89,2-20 км,Обычный,Нет
20091823,91823,15.05,,,,,,,,,0.1546,3.026,2.558,2.17,,Обычный,Нет
20091892,91892,15.42,4.298,0.073,,,,,,,0.1471,3.21,2.737,2.21,2-20 км,Обычный,2:1
20091904,91904,15.07,,,,,,,,,0.1456,3.188,2.724,2.14,,Обычный,2:1
20091910,91910,15.29,,,,,,,,,0.1657,3.095,2.582,1.26,,Обычный,Нет
20091934,91934,15.09,,,,,,,,,0.1727,3.133,2.592,0.67,,Обычный,Нет
20091935,91935,14.98,8.497,0.029,,,,,,,0.1741,3.086,2.548,1.23,2-20 км,Обычный,Нет
20091942,91942,15.33,5.184,0.06,,,,,,,0.1729,3.15,2.605,0.52,2-20 км,Обычный,Нет
20091945,91945,14.75,7.306,0.052,,,,,,,0.1503,3.107,2.64,2.69,2-20 км,Обычный,Нет
20091952,91952,15.17,,,,,,,,,0.123,3.1,2.719,1.3,,Обычный,Нет
20091965,91965,14.31,6.467,0.116,,,,,,,0.1286,3.22,2.806,1.37,2-20 км,Обычный,2:1
20091975,91975,15.74,4.376,0.064,,,,,,,0.1557,3.122,2.636,1.36,2-20 км,Обычный,Нет
20091978,91978,15.72,,,,,,,,,0.15,3.148,2.675,1.21,,Обычный,Нет
20092037,92037,15.46,,,,,,,,,0.2074,3.077,2.439,2.03,,Обычный,Нет
20092069,92069,15.01,,,,,,,,,0.1421,3.12,2.676,2.71,,Обычный,Нет
20092090,92090,14.46,6.855,0.086,,,,,,,0.1654,3.204,2.674,2.66,2-20 км,Обычный,2:1
20092097,92097,14.39,7.63,0.063,,,,,,,0.1005,3.244,2.918,1.17,2-20 км,Обычный,2:1
20092105,92105,14.82,,,,,,,,,0.1591,3.103,2.609,2.38,,Обычный,Нет
20092111,92111,14.77,,,,,,,,,0.1662,3.138,2.616,2.28,,Обычный,Нет
20092112,92112,14.77,7.231,0.059,,,,,,,0.1103,3.209,2.856,2.46,2-20 км,Обычный,2:1
20092114,92114,14.55,,,,,,,,,0.13,3.16,2.749,0.55,,Обычный,Нет
20092115,92115,14.56,5.935,0.087,,,,,,,0.1565,3.175,2.678,2.63,2-20 км,Обычный,Нет
20092123,92123,14.37,8.236,0.065,,,,,,,0.1033,3.248,2.913,1.67,2-20 км,Обычный,2:1
20092124,92124,14.97,6.495,0.061,10.84059,,,,,,0.1565,3.224,2.719,1.98,2-20 км,Обычный,2:1
20092156,92156,15.99,,,,,,,,,0.1774,3.102,2.552,0.45,,Обычный,Нет
20092218,92218,14.69,,,,,,,,,0.1522,3.126,2.65,0.96,,Обычный,Нет
20092219,92219,15.15,,,,,,,,,0.189,3.185,2.583,0.65,,Обычный,2:1
20092221,92221,15.14,,,,,,,,,0.1961,3.16,2.541,1.39,,Обычный,Нет
20092223,92223,14.93,,,,,,,,,0.1324,3.165,2.746,0.69,,Обычный,Нет
20093856,93856,15.25,4.786,0.077,,,,,,,0.1217,3.044,2.673,1.11,2-20 км,Обычный,Нет
20094083,94083,14.41,6.728,0.098,,,,,,,0.0867,3.258,2.976,2.46,2-20 км,Обычный,2:1
20094086,94086,15.22,4.435,0.108,8.893,,,,,,0.1252,3.118,2.727,2.18,2-20 км,Обычный,Нет
20094208,94208,15.34,,,,,,,,,0.1554,3.05,2.576,2.79,,Обычный,Нет
20094238,94238,15.47,5.395,0.055,,,,,,,0.1505,3.18,2.701,2.02,2-20 км,Обычный,2:1
20094272,94272,15.17,,,,,,,,,0.1136,3.132,2.776,2.32,,Обычный,Нет
20094277,94277,15.29,,,,,,,,,0.109,3.133,2.792,1.79,,Обычный,Нет
20094297,94297,14.99,,,,,,,,,0.174,3.086,2.549,1.85,,Обычный,Нет
20094329,94329,15.06,5.656,0.061,,,,,,,0.1264,3.217,2.81,0.54,2-20 км,Обычный,2:1
20095217,95217,14.78,7.894,0.049,,,,,,,0.1237,3.133,2.745,2.63,2-20 км,Обычный,Нет
20095258,95258,14.92,6.435,0.056,,,,,,,0.084,3.132,2.869,0.77,2-20 км,Обычный,Нет
20095298,95298,15.19,6.083,0.052,,,,,,,0.1758,3.16,2.605,1.32,2-20 км,Обычный,Нет
20095300,95300,14.98,5.799,0.063,,,,,,,0.1306,3.098,2.694,2.54,2-20 км,Обычный,Нет
20095313,95313,14.95,6.93,0.044,,,,,,,0.1277,3.191,2.784,1.29,2-20 км,Обычный,2:1
20095402,95402,15.02,6.113,0.052,,,,,,,0.1157,3.117,2.756,1.8,2-20 км,Обычный,Нет
20095405,95405,15.49,,,,,,,,,0.1043,3.074,2.753,2.31,,Обычный,Нет
20095442,95442,14.83,6.543,0.065,,,,,,,0.1091,3.102,2.763,1.99,2-20 км,Обычный,Нет
20095567,95567,15.34,5.497,0.049,,,,,,,0.1265,3.167,2.767,2.36,2-20 км,Обычный,Нет
20095638,95638,15.24,,,,,,,,,0.1232,3.168,2.778,2.21,,Обычный,Нет
20095691,95691,15.3,,,,,,,,,0.1306,3.179,2.764,1.19,,Обычный,2:1
20095966,95966,15.69,,,,,,,,,0.1754,3.167,2.611,2.12,,Обычный,Нет
20096065,96065,16.01,,,,,,,,,0.1642,3.135,2.62,1.19,,Обычный,Нет
20096082,96082,15.16,,,,,,,,,0.1852,3.106,2.531,2.71,,Обычный,Нет
20096255,96255,15.34,,,,,,,,,0.1344,3.107,2.689,0.95,,Обычный,Нет
20096510,96510,14.86,,,,,,,,,0.1824,3.185,2.604,0.88,,Обычный,2:1
20096520,96520,15.22,,,,,,,,,0.1733,3.088,2.552,1.19,,Обычный,Нет
20096522,96522,15.06,,,,,,,,,0.1547,3.103,2.623,1.84,,Обычный,Нет
20096528,96528,15.23,,,,,,,,,0.1715,3.109,2.576,2.27,,Обычный,Нет
20096568,96568,15.25,5.299,0.057,,,,,,,0.188,3.043,2.471,1.39,2-20 км,Обычный,Нет
20096586,96586,15.21,4.746,0.078,,,,,,,0.1811,3.096,2.536,2.99,2-20 км,Обычный,Нет
20096589,96589,15.19,5.708,0.054,,,,,,,0.1774,3.128,2.573,2.89,2-20 км,Обычный,Нет
20096591,96591,15.09,5.886,0.061,,,,,,,0.1736,3.108,2.569,1.0,2-20 км,Обычный,Нет
20096602,96602,15.15,,,,,,,,,0.1187,3.228,2.845,2.15,,Обычный,2:1
20097013,97013,15.69,3.258,0.096,,,,,,,0.1798,3.112,2.553,0.44,2-20 км,Обычный,Нет
20097022,97022,14.86,6.046,0.07,,,,,,,0.1663,3.169,2.642,1.76,2-20 км,Обычный,Нет
20097094,97094,15.38,,,,,,,,,0.1213,3.083,2.709,0.41,,Обычный,Нет
20097161,97161,15.5,,,,,,,,,0.143,3.101,2.658,1.27,,Обычный,Нет
20097323,97323,15.86,,,,,,,,,0.1402,3.164,2.72,1.21,,Обычный,Нет
20097349,97349,14.88,,,,,,,,,0.1485,3.135,2.669,1.2,,Обычный,Нет
20097369,97369,14.7,,,,,,,,,0.127,3.152,2.751,2.18,,Обычный,Нет
20097376,97376,14.93,,,,,,,,,0.1465,3.196,2.727,0.75,,Обычный,2:1
20097455,97455,14.43,,,3.983,,,,,,0.1403,3.236,2.782,1.25,,Обычный,2:1
20097493,97493,15.31,,,,,,,,,0.1206,3.181,2.797,1.32,,Обычный,2:1
20097522,97522,15.3,4.649,0.082,,,,,,,0.1892,3.095,2.509,1.24,2-20 км,Обычный,Нет
20097530,97530,15.05,5.597,0.068,,,,,,,0.1353,3.154,2.727,1.66,2-20 км,Обычный,Нет
20097546,97546,14.83,7.129,0.055,,,,,,,0.11,3.153,2.806,1.45,2-20 км,Обычный,Нет
20097547,97547,15.29,5.408,0.055,,,,,,,0.1976,3.059,2.455,2.35,2-20 км,Обычный,Нет
20097561,97561,14.34,6.377,0.1,,,,,,,0.1606,3.17,2.661,1.41,2-20 км,Обычный,Нет
20097580,97580,14.88,6.613,0.064,,,,,,,0.1319,3.1,2.691,2.45,2-20 км,Обычный,Нет
20097582,97582,15.07,6.619,0.048,,,,,,,0.1694,3.158,2.623,1.14,2-20 км,Обычный,Нет
20097598,97598,15.42,5.507,0.048,,,,,,,0.1553,3.05,2.576,0.85,2-20 км,Обычный,Нет
20097600,97600,15.48,5.524,0.048,9.55334,,,,,,0.1442,3.089,2.643,1.65,2-20 км,Обычный,Нет
20097626,97626,14.79,6.544,0.065,,,,,,,0.1546,3.143,2.657,1.14,2-20 км,Обычный,Нет
20097668,97668,14.87,7.687,0.043,,,,,,,0.136,3.136,2.709,2.63,2-20 км,Обычный,Нет
20097684,97684,14.75,6.889,0.065,,,,,,,0.124,3.223,2.824,1.42,2-20 км,Обычный,2:1
20097687,97687,15.23,5.484,0.059,,,,,,,0.1468,3.183,2.715,0.93,2-20 км,Обычный,2:1
20097706,97706,15.11,4.474,0.106,,,,,,,0.1498,3.163,2.69,1.68,2-20 км,Обычный,Нет
20097715,97715,14.95,5.512,0.077,,,,,,,0.1485,3.21,2.733,1.1,2-20 км,Обычный,2:1
20097721,97721,14.49,7.152,0.072,,,,,,,0.1166,3.132,2.767,2.43,2-20 км,Обычный,Нет
20097777,97777,14.87,,,,,,,,,0.1558,3.226,2.723,1.5,,Обычный,2:1
20098827,98827,15.42,,,,,,,,,0.1183,3.107,2.739,1.17,,Обычный,Нет
20098967,98967,14.5,7.508,0.072,,,,,,,0.1345,3.102,2.685,2.63,2-20 км,Обычный,Нет
20099600,99600,14.96,,,,,,,,,0.155,3.127,2.643,0.72,,Обычный,Нет
20099639,99639,14.68,5.801,0.083,,,,,,,0.1952,3.207,2.581,1.8,2-20 км,Обычный,2:1
20099848,99848,15.07,5.364,0.074,,,,,,,0.16,3.178,2.669,1.74,2-20 км,Обычный,2:1
20100090,100090,15.39,4.593,0.101,,,,,,,0.1613,3.203,2.686,2.48,2-20 км,Обычный,2:1
20100258,100258,15.17,,,,,,,,,0.1966,3.191,2.564,1.97,,Обычный,2:1
20100265,100265,15.34,6.228,0.042,0.97,,,,,,0.1772,3.101,2.552,1.71,2-20 км,Обычный,Нет
20100294,100294,15.22,,,,,,,,,0.1903,3.096,2.507,1.87,,Обычный,Нет
20100340,100340,15.15,,,,,,,,,0.1793,3.183,2.612,1.96,,Обычный,2:1
20100350,100350,15.77,,,,,,,,,0.1181,3.097,2.731,0.59,,Обычный,Нет
20100352,100352,15.45,4.986,0.065,,,,,,,0.1281,3.084,2.689,2.38,2-20 км,Обычный,Нет
20100537,100537,15.26,,,,,,,,,0.2001,3.195,2.556,0.79,,Обычный,2:1
20100543,100543,15.68,,,,,,,,,0.1102,3.172,2.823,0.98,,Обычный,Нет
20100549,100549,14.94,,,,,,,,,0.1647,3.071,2.565,1.65,,Обычный,Нет
20100699,100699,15.45,,,,,,,,,0.1808,3.136,2.569,2.32,,Обычный,Нет
20100734,100734,15.87,,,,,,,,,0.1676,3.103,2.583,2.31,,Обычный,Нет
20101196,101196,15.37,6.229,0.035,,,,,,,0.1802,3.12,2.558,1.06,2-20 км,Обычный,Нет
20101351,101351,15.48,,,,,,,,,0.1303,3.237,2.815,1.25,,Обычный,2:1
20101543,101543,15.68,4.585,0.048,,,,,,,0.1457,3.218,2.75,1.09,2-20 км,Обычный,2:1
20101673,101673,15.25,5.817,0.043,5.444,,,,,,0.1048,3.114,2.787,0.88,2-20 км,Обычный,Нет
20101702,101702,15.87,4.231,0.039,,,,,,,0.1067,3.166,2.828,1.53,2-20 км,Обычный,Нет
20101705,101705,15.88,4.026,0.048,,,,,,,0.1617,3.136,2.629,0.67,2-20 км,Обычный,Нет
20101751,101751,16.0,,,,,,,,,0.1304,3.193,2.777,1.13,,Обычный,2:1
20101927,101927,14.59,7.058,0.062,,,,,,,0.1747,3.155,2.604,0.81,2-20 км,Обычный,Нет
20102052,102052,15.66,4.603,0.048,,,,,,,0.2012,3.138,2.507,0.55,2-20 км,Обычный,Нет
20103012,103012,15.26,,,,,,,,,0.168,3.089,2.57,0.92,,Обычный,Нет
20103480,103480,15.63,,,,,,,,,0.166,3.22,2.685,0.48,,Обычный,2:1
20103573,103573,15.4,5.526,0.044,,,,,,,0.138,3.094,2.667,0.78,2-20 км,Обычный,Нет
20103670,103670,14.87,5.406,0.096,,,,,,,0.137,3.205,2.766,1.52,2-20 км,Обычный,2:1
20103707,103707,14.9,6.979,0.036,,,,,,,0.1402,3.115,2.678,2.18,2-20 км,Обычный,Нет
20103802,103802,16.07,3.759,0.05,,,,,,,0.1437,3.117,2.669,0.84,2-20 км,Обычный,Нет
20103851,103851,15.47,4.668,0.067,,,,,,,0.1203,3.162,2.782,1.61,2-20 км,Обычный,Нет
20103947,103947,15.23,5.349,0.068,,,,,,,0.1332,3.073,2.664,2.06,2-20 км,Обычный,Нет
20103963,103963,15.4,5.524,0.053,,,,,,,0.1228,3.092,2.713,1.78,2-20 км,Обычный,Нет
20104145,104145,15.4,5.562,0.047,,,,,,,0.1521,3.16,2.679,1.41,2-20 км,Обычный,Нет
20104152,104152,15.46,,,,,,,,,0.1417,3.192,2.739,1.6,,Обычный,2:1
20104366,104366,15.4,5.006,0.064,,,,,,,0.1225,3.081,2.703,2.01,2-20 км,Обычный,Нет
20104507,104507,15.84,4.316,0.066,,,,,,,0.1429,3.08,2.64,1.68,2-20 км,Обычный,Нет
20104524,104524,14.71,6.556,0.078,,,,,,,0.1317,3.095,2.687,2.41,2-20 км,Обычный,Нет
20104549,104549,15.5,4.505,0.066,,,,,,,0.1659,3.146,2.624,2.13,2-20 км,Обычный,Нет
20104628,104628,15.35,5.381,0.056,,,,,,,0.1634,3.083,2.579,1.75,2-20 км,Обычный,Нет
20104665,104665,15.6,,,,,,,,,0.1475,3.19,2.72,2.66,,Обычный,2:1
20104671,104671,15.56,,,,,,,,,0.1539,3.167,2.68,0.87,,Обычный,Нет
20104672,104672,14.86,7.12,0.046,,,,,,,0.1512,3.214,2.728,2.05,2-20 км,Обычный,2:1
20104780,104780,15.38,5.032,0.07,,,,,,,0.1437,3.126,2.677,2.28,2-20 км,Обычный,Нет
20104810,104810,15.18,4.219,0.131,,,,,,,0.1303,3.158,2.746,2.55,2-20 км,Обычный,Нет
20104819,104819,15.14,4.238,0.13,,,,,,,0.1256,3.126,2.733,2.91,2-20 км,Обычный,Нет
20104900,104900,15.03,5.819,0.048,4.49,,,,,,0.1469,3.167,2.702,1.07,2-20 км,Обычный,Нет
20104901,104901,15.32,5.086,0.062,,,,,,,0.1,3.091,2.782,0.61,2-20 км,Обычный,Нет
20104929,104929,15.79,,,,,,,,,0.1752,3.054,2.519,0.55,,Обычный,Нет
20104945,104945,15.08,6.491,0.066,5.05,,,,,,0.1939,3.104,2.502,1.23,2-20 км,Обычный,Нет
20104951,104951,15.57,3.427,0.104,,,,,,,0.1139,3.098,2.745,1.42,2-20 км,Обычный,Нет
20104952,104952,14.77,6.915,0.064,,,,,,,0.1396,3.226,2.776,2.59,2-20 км,Обычный,2:1
20104981,104981,14.97,7.076,0.051,,,,,,,0.1102,3.173,2.824,2.44,2-20 км,Обычный,Нет
20105023,105023,14.87,6.365,0.069,4.66,,,,,,0.118,3.133,2.763,1.13,2-20 км,Обычный,Нет
20105026,105026,14.92,7.325,0.043,4.25,,,,,,0.1596,3.166,2.661,0.42,2-20 км,Обычный,Нет
20105073,105073,15.52,,,,,,,,,0.1969,3.147,2.527,1.46,,Обычный,Нет
20105394,105394,14.63,,,,,,,,,0.1975,3.119,2.503,2.69,,Обычный,Нет
20105395,105395,15.06,,,,,,,,,0.1745,3.204,2.645,2.13,,Обычный,2:1
20105473,105473,15.57,,,4.574,,,,,,0.1838,3.112,2.54,2.04,,Обычный,Нет
20105586,105586,14.9,8.674,0.028,,,,,,,0.174,3.088,2.55,2.44,2-20 км,Обычный,Нет
20105691,105691,14.94,6.523,0.06,,,,,,,0.1464,3.1,2.646,0.53,2-20 км,Обычный,Нет
20105708,105708,15.17,,,,,,,,,0.1907,3.099,2.508,2.39,,Обычный,Нет
20105774,105774,15.0,,,10.04,,,,,,0.1945,3.155,2.542,1.06,,Обычный,Нет
20105784,105784,15.28,6.002,0.054,,,,,,,0.1748,3.102,2.559,2.83,2-20 км,Обычный,Нет
20105824,105824,15.5,,,,,,,,,0.1926,3.161,2.552,1.32,,Обычный,Нет
20105838,105838,15.37,,,,,,,,,0.2126,3.096,2.438,0.94,,Обычный,Нет
20105842,105842,14.62,5.799,0.11,,,,,,,0.1402,3.116,2.679,1.72,2-20 км,Обычный,Нет
20105933,105933,15.59,,,,,,,,,0.1783,3.132,2.573,2.12,,Обычный,Нет
20106096,106096,15.28,5.21,0.086,,,,,,,0.175,3.108,2.564,1.82,2-20 км,Обычный,Нет
20106150,106150,15.91,,,,,,,,,0.1821,3.112,2.545,0.82,,Обычный,Нет
20106161,106161,15.44,,,,,,,,,0.1341,3.075,2.662,2.3,,Обычный,Нет
20106208,106208,14.5,8.139,0.061,,,,,,,0.217,3.189,2.497,2.71,2-20 км,Обычный,2:1
20106209,106209,15.23,,,,,,,,,0.1293,3.21,2.795,2.86,,Обычный,2:1
20106216,106216,15.3,7.15,0.035,,,,,,,0.1664,3.119,2.6,0.83,2-20 км,Обычный,Нет
20106231,106231,14.74,6.105,0.082,,,,,,,0.1791,3.201,2.627,1.46,2-20 км,Обычный,2:1
20106235,106235,15.22,5.419,0.055,,,,,,,0.2157,3.159,2.478,0.59,2-20 км,Обычный,Нет
20106238,106238,15.66,,,,,,,,,0.2104,3.187,2.517,1.87,,Обычный,2:1
20106580,106580,15.36,5.096,0.052,,,,,,,0.163,3.165,2.649,1.61,2-20 км,Обычный,Нет
20106652,106652,14.77,7.427,0.056,,,,,,,0.1193,3.191,2.81,2.79,2-20 км,Обычный,2:1
20106831,106831,16.19,,,,,,,,,0.1706,3.179,2.636,0.45,,Обычный,2:1
20107879,107879,14.91,,,9.9,,,,,,0.116,3.201,2.829,1.91,,Обычный,2:1
20109133,109133,15.06,6.184,0.061,,,,,,,0.1857,3.127,2.547,1.03,2-20 км,Обычный,Нет
20109374,109374,15.04,,,,,,,,,0.2086,3.169,2.508,2.33,,Обычный,Нет
20109451,109451,15.37,5.581,0.052,,,,,,,0.1765,3.125,2.573,1.27,2-20 км,Обычный,Нет
20109502,109502,15.47,,,,,,,,,0.1721,3.192,2.643,0.94,,Обычный,2:1
20109507,109507,15.42,4.954,0.06,,,,,,,0.1405,3.141,2.7,1.21,2-20 км,Обычный,Нет
20109516,109516,14.81,5.713,0.086,,,,,,,0.1399,3.205,2.757,2.16,2-20 км,Обычный,2:1
20109680,109680,15.36,5.199,0.065,,,,,,,0.1126,3.093,2.745,2.1,2-20 км,Обычный,Нет
20109791,109791,15.3,5.623,0.061,,,,,,,0.1932,3.185,2.57,2.37,2-20 км,Обычный,2:1
20109800,109800,14.88,6.097,0.083,,,,,,,0.1381,3.228,2.782,1.83,2-20 км,Обычный,2:1
20109911,109911,15.41,5.728,0.045,,,,,,,0.1445,3.102,2.653,1.32,2-20 км,Обычный,Нет
20109912,109912,15.18,,,,,,,,,0.2129,3.168,2.494,1.64,,Обычный,Нет
20109934,109934,15.18,5.103,0.089,,,,,,,0.1734,3.101,2.563,1.77,2-20 км,Обычный,Нет
20110193,110193,15.35,,,,,,,,,0.1532,3.042,2.576,1.88,,Обычный,Нет
20110194,110194,15.24,4.846,0.069,,,,,,,0.1584,3.206,2.699,0.67,2-20 км,Обычный,2:1
20110195,110195,15.41,4.783,0.07,,,,,,,0.118,3.113,2.745,0.78,2-20 км,Обычный,Нет
20110215,110215,16.04,,,,,,,,,0.1383,3.155,2.719,1.23,,Обычный,Нет
20110248,110248,14.99,6.216,0.06,,,,,,,0.1525,3.222,2.731,1.81,2-20 км,Обычный,2:1
20110266,110266,16.22,,,,,,,,,0.2096,3.097,2.448,1.81,,Обычный,Нет
20110297,110297,15.2,,,,,,,,,0.1939,3.203,2.582,0.69,,Обычный,2:1
20110628,110628,15.33,4.816,0.063,,,,,,,0.1269,3.129,2.732,0.42,2-20 км,Обычный,Нет
20110949,110949,15.28,,,,,,,,,0.1811,3.233,2.647,2.09,,Обычный,2:1
20110968,110968,15.31,5.283,0.046,,,,,,,0.1544,3.049,2.578,2.17,2-20 км,Обычный,Нет
20111160,111160,15.53,,,,,,,,,0.2054,3.18,2.527,1.79,,Обычный,2:1
20111302,111302,15.22,,,,,,,,,0.1771,3.088,2.541,1.32,,Обычный,Нет
20111400,111400,14.9,5.14,0.106,,,,,,,0.1076,3.103,2.769,2.6,2-20 км,Обычный,Нет
20111405,111405,15.48,,,,,,,,,0.1264,3.212,2.806,2.24,,Обычный,2:1
20111421,111421,15.16,5.862,0.056,1.0,,,,,,0.1376,3.047,2.628,1.7,2-20 км,Обычный,Нет
20111501,111501,14.53,7.524,0.045,,,,,,,0.1031,3.267,2.93,2.21,2-20 км,Обычный,2:1
20111511,111511,15.17,,,,,,,,,0.1263,3.073,2.685,3.0,,Обычный,Нет
20111590,111590,15.71,,,,,,,,,0.1776,3.131,2.575,2.4,,Обычный,Нет
20111591,111591,15.16,,,,,,,,,0.1071,3.218,2.874,0.71,,Обычный,2:1
20111609,111609,15.07,,,,,,,,,0.121,3.14,2.76,0.87,,Обычный,Нет
20111625,111625,15.24,,,,,,,,,0.1186,3.219,2.837,2.66,,Обычный,2:1
20111644,111644,15.43,,,,,,,,,0.1189,3.088,2.721,1.8,,Обычный,Нет
20111645,111645,14.82,5.854,0.057,,,,,,,0.1395,3.243,2.791,1.86,2-20 км,Обычный,2:1
20111739,111739,15.04,,,,,,,,,0.0771,3.248,2.998,0.94,,Обычный,2:1
20111773,111773,15.58,,,,,,,,,0.1772,3.135,2.579,1.07,,Обычный,Нет
20111802,111802,14.9,5.247,0.102,1.97,,,,,,0.1532,3.115,2.638,2.71,2-20 км,Обычный,Нет
20112385,112385,14.69,6.513,0.079,,,,,,,0.1757,3.072,2.532,3.14,2-20 км,Обычный,Нет
20112407,112407,15.37,4.78,0.064,,,,,,,0.1767,3.08,2.535,1.56,2-20 км,Обычный,Нет
20112528,112528,15.63,,,,,,,,,0.1789,3.101,2.546,2.4,,Обычный,Нет
20112932,112932,15.28,,,,,,,,,0.1376,3.176,2.739,0.88,,Обычный,2:1
20112997,112997,15.67,,,,,,,,,0.1648,3.149,2.63,1.35,,Обычный,Нет
20113013,113013,14.87,5.923,0.087,,,,,,,0.1824,3.087,2.524,3.2,2-20 км,Обычный,Нет
20113044,113044,15.38,,,,,,,,,0.1814,3.068,2.511,2.31,,Обычный,Нет
20113126,113126,15.27,5.91,0.051,,,,,,,0.2015,3.159,2.522,1.52,2-20 км,Обычный,Нет
20113143,113143,15.44,5.37,0.046,,,,,,,0.1712,3.114,2.581,0.86,2-20 км,Обычный,Нет
20113281,113281,15.41,4.089,0.088,,,,,,,0.1467,3.097,2.643,0.81,2-20 км,Обычный,Нет
20113329,113329,15.48,4.258,0.067,,,,,,,0.1258,3.231,2.824,1.61,2-20 км,Обычный,2:1
20113331,113331,15.62,,,,,,,,,0.1853,3.11,2.533,1.58,,Обычный,Нет
20113398,113398,14.93,6.234,0.072,,,,,,,0.1755,3.193,2.633,1.86,2-20 км,Обычный,2:1
20113481,113481,15.38,,,,,,,,,0.1417,3.116,2.674,2.0,,Обычный,Нет
20113587,113587,15.62,,,,,,,,,0.1709,3.109,2.578,2.47,,Обычный,Нет
20113854,113854,15.05,5.833,0.075,,,,,,,0.1044,3.086,2.763,1.65,2-20 км,Обычный,Нет
20114074,114074,15.41,,,3.93,,,,,,0.2052,3.04,2.416,2.69,,Обычный,Нет
20114635,114635,14.9,6.354,0.063,,,,,,,0.102,3.12,2.802,1.13,2-20 км,Обычный,Нет
20114639,114639,15.12,4.869,0.082,,,,,,,0.1361,3.234,2.794,0.89,2-20 км,Обычный,2:1
20114658,114658,15.0,5.237,0.085,,,,,,,0.1472,3.123,2.663,1.15,2-20 км,Обычный,Нет
20114668,114668,15.12,5.971,0.06,,,,,,,0.1157,3.1,2.741,2.26,2-20 км,Обычный,Нет
20114669,114669,14.69,6.124,0.082,,,,,,,0.1373,3.19,2.752,2.36,2-20 км,Обычный,2:1
20114679,114679,15.32,,,,,,,,,0.1106,3.047,2.71,0.76,,Обычный,Нет
20114680,114680,15.17,5.837,0.039,,,,,,,0.1134,3.086,2.736,1.31,2-20 км,Обычный,Нет
20114681,114681,15.03,3.172,0.193,,,,,,,0.177,3.179,2.616,2.6,2-20 км,Обычный,2:1
20114987,114987,15.28,,,,,,,,,0.0986,3.142,2.832,2.56,,Обычный,Нет
20115161,115161,15.14,,,12.856,,,,,,0.131,3.259,2.832,0.53,,Обычный,2:1
20115163,115163,15.21,4.254,0.107,,,,,,,0.1673,3.153,2.625,0.6,2-20 км,Обычный,Нет
20115165,115165,15.1,5.936,0.066,,,,,,,0.1289,3.248,2.829,2.03,2-20 км,Обычный,2:1
20115314,115314,15.15,5.252,0.077,,,,,,,0.1641,3.091,2.584,2.09,2-20 км,Обычный,Нет
20115355,115355,15.27,5.332,0.062,,,,,,,0.1897,3.123,2.53,0.63,2-20 км,Обычный,Нет
20115433,115433,14.81,5.822,0.057,,,,,,,0.1752,3.086,2.546,3.22,2-20 км,Обычный,Нет
20115707,115707,15.08,5.353,0.068,,,,,,,0.1292,3.247,2.827,0.43,2-20 км,Обычный,2:1
20115743,115743,14.87,5.604,0.089,,,,,,,0.1507,3.221,2.736,1.96,2-20 км,Обычный,2:1
20115826,115826,15.29,4.731,0.072,,,,,,,0.1688,3.174,2.639,1.03,2-20 км,Обычный,Нет
20115987,115987,15.23,5.752,0.049,,,,,,,0.1893,3.093,2.508,0.87,2-20 км,Обычный,Нет
20115988,115988,15.4,5.113,0.062,,,,,,,0.1511,3.207,2.723,1.73,2-20 км,Обычный,2:1
20116118,116118,15.55,4.6,0.058,,,,,,,0.1575,3.078,2.594,0.79,2-20 км,Обычный,Нет
20116206,116206,15.55,4.984,0.054,,,,,,,0.1284,3.203,2.792,2.57,2-20 км,Обычный,2:1
20116290,116290,15.69,4.079,0.067,,,,,,,0.1057,3.085,2.759,0.74,2-20 км,Обычный,Нет
20116298,116298,16.2,,,,,,,,,0.1995,3.047,2.439,0.53,,Обычный,Нет
20116302,116302,14.95,5.94,0.087,,,,,,,0.1132,3.192,2.83,2.05,2-20 км,Обычный,2:1
20116359,116359,15.74,3.963,0.078,,,,,,,0.1587,3.157,2.656,2.15,2-20 км,Обычный,Нет
20116540,116540,15.74,5.391,0.035,,,,,,,0.0936,3.128,2.835,1.07,2-20 км,Обычный,Нет
20116557,116557,15.63,4.303,0.079,,,,,,,0.1721,3.152,2.61,1.21,2-20 км,Обычный,Нет
20116972,116972,15.49,,,,,,,,,0.1236,3.034,2.659,0.67,,Обычный,Нет
20116975,116975,15.27,4.752,0.071,,,,,,,0.1192,3.123,2.751,1.93,2-20 км,Обычный,Нет
20117011,117011,15.51,3.721,0.097,,,,,,,0.1258,3.266,2.855,1.85,2-20 км,Обычный,2:1
20117076,117076,15.53,3.745,0.079,,,,,,,0.1231,3.099,2.717,2.5,2-20 км,Обычный,Нет
20117390,117390,15.27,,,,,,,,,0.1243,3.188,2.791,1.23,,Обычный,2:1
20117883,117883,15.29,,,,,,,,,0.1552,3.254,2.749,1.74,,Обычный,2:1
20117931,117931,15.28,,,,,,,,,0.1499,3.123,2.655,2.26,,Обычный,Нет
20118015,118015,15.53,5.079,0.043,,,,,,,0.1425,3.176,2.724,0.76,2-20 км,Обычный,2:1
20118018,118018,15.72,,,,,,,,,0.1405,3.071,2.639,1.81,,Обычный,Нет
20118420,118420,15.31,5.678,0.042,,,,,,,0.1811,3.177,2.601,1.16,2-20 км,Обычный,2:1
20118422,118422,15.33,4.076,0.088,,,,,,,0.1584,3.196,2.69,1.25,2-20 км,Обычный,2:1
20118439,118439,16.04,,,,,,,,,0.1497,3.059,2.601,2.38,,Обычный,Нет
20118440,118440,15.79,,,,,,,,,0.146,3.097,2.645,2.1,,Обычный,Нет
20118455,118455,15.18,5.971,0.041,,,,,,,0.1378,3.193,2.753,2.31,2-20 км,Обычный,2:1
20118826,118826,14.92,,,17.6,,,,,,0.1865,3.197,2.601,1.85,,Обычный,2:1
20118915,118915,15.36,4.879,0.068,8.85,,,,,,0.1875,3.21,2.608,2.33,2-20 км,Обычный,2:1
20118931,118931,16.59,,,,,,,,,0.2166,3.071,2.406,0.9,,Обычный,Нет
20118940,118940,15.07,4.066,0.141,,,,,,,0.1348,3.043,2.633,2.63,2-20 км,Обычный,Нет
20118970,118970,14.96,6.323,0.064,,,,,,,0.1363,3.127,2.701,2.72,2-20 км,Обычный,Нет
20118975,118975,15.23,5.469,0.049,,,,,,,0.1892,3.101,2.514,2.62,2-20 км,Обычный,Нет
20118977,118977,15.2,4.985,0.071,,,,,,,0.1722,3.156,2.612,2.31,2-20 км,Обычный,Нет
20118998,118998,15.26,5.254,0.064,,,,,,,0.1887,3.09,2.507,1.66,2-20 км,Обычный,Нет
20119004,119004,15.11,5.249,0.077,,,,,,,0.198,3.076,2.467,1.14,2-20 км,Обычный,Нет
20119629,119629,15.5,,,,,,,,,0.1932,3.192,2.575,2.09,,Обычный,2:1
20119812,119812,15.49,,,,,,,,,0.1166,3.183,2.812,1.57,,Обычный,2:1
20119817,119817,15.26,5.038,0.07,,,,,,,0.144,3.088,2.643,2.09,2-20 км,Обычный,Нет
20119820,119820,15.54,,,1.97,,,,,,0.102,3.07,2.757,2.29,,Обычный,Нет
20119838,119838,15.8,,,19.43,,,,,,0.1287,3.102,2.703,1.39,,Обычный,Нет
20119843,119843,15.14,,,,,,,,,0.1158,3.154,2.789,2.22,,Обычный,Нет
20119848,119848,15.01,,,,,,,,,0.1042,3.254,2.915,0.78,,Обычный,2:1
20119857,119857,15.24,4.499,0.087,3.56,,,,,,0.1252,3.137,2.745,2.13,2-20 км,Обычный,Нет
20119876,119876,15.6,,,,,,,,,0.151,3.104,2.635,2.51,,Обычный,Нет
20119910,119910,14.93,6.411,0.057,,,,,,,0.1139,3.102,2.749,1.07,2-20 км,Обычный,Нет
20119917,119917,15.91,,,,,,,,,0.1285,3.058,2.665,1.78,,Обычный,Нет
20119919,119919,15.8,,,,,,,,,0.1147,3.08,2.727,2.21,,Обычный,Нет
20120510,120510,15.49,,,,,,,,,0.1817,3.157,2.584,2.23,,Обычный,Нет
20120567,120567,15.67,,,,,,,,,0.1265,3.198,2.794,2.63,,Обычный,2:1
20120627,120627,15.89,,,,,,,,,0.1057,3.112,2.783,1.37,,Обычный,Нет
20120631,120631,14.98,,,,,,,,,0.1435,3.139,2.688,2.02,,Обычный,Нет
20120696,120696,15.78,,,,,,,,,0.1786,3.135,2.575,1.28,,Обычный,Нет
20120906,120906,15.77,,,,,,,,,0.1091,3.057,2.723,1.39,,Обычный,Нет
20120908,120908,15.58,,,,,,,,,0.1794,3.205,2.63,0.4,,Обычный,2:1
20121068,121068,15.3,,,,,,,,,0.159,3.19,2.683,2.04,,Обычный,2:1
20121327,121327,15.83,,,,,,,,,0.1926,3.059,2.47,1.68,,Обычный,Нет
20121369,121369,15.53,4.778,0.064,,,,,,,0.1327,3.121,2.706,1.02,2-20 км,Обычный,Нет
20121422,121422,15.61,4.349,0.071,,,,,,,0.1635,3.096,2.59,1.58,2-20 км,Обычный,Нет
20121466,121466,15.2,,,,,,,,,0.1823,3.09,2.527,2.57,,Обычный,Нет
20121571,121571,15.5,4.633,0.043,,,,,,,0.1448,3.182,2.721,1.5,2-20 км,Обычный,2:1
20121581,121581,15.23,4.219,0.109,,,,,,,0.1172,3.184,2.811,1.92,2-20 км,Обычный,2:1
20121586,121586,15.45,4.449,0.074,,,,,,,0.1175,3.149,2.779,0.41,2-20 км,Обычный,Нет
20121591,121591,15.39,4.633,0.069,,,,,,,0.1425,3.178,2.725,1.07,2-20 км,Обычный,2:1
20121639,121639,15.48,,,,,,,,,0.1393,3.232,2.782,2.21,,Обычный,2:1
20121650,121650,16.02,,,8.314,,,,,,0.1712,3.118,2.584,1.14,,Обычный,Нет
20121673,121673,15.21,4.216,0.119,,,,,,,0.1337,3.195,2.767,1.9,2-20 км,Обычный,2:1
20121680,121680,16.04,,,,,,,,,0.1926,3.108,2.509,2.39,,Обычный,Нет
20121683,121683,15.65,,,,,,,,,0.1622,3.087,2.586,3.04,,Обычный,Нет
20121686,121686,16.0,,,,,,,,,0.1583,3.109,2.617,2.09,,Обычный,Нет
20121694,121694,15.23,,,,,,,,,0.1179,3.191,2.815,2.2,,Обычный,2:1
20121751,121751,15.08,,,,,,,,,0.146,3.195,2.729,1.82,,Обычный,2:1
20121768,121768,15.67,,,,,,,,,0.1232,3.21,2.814,1.03,,Обычный,2:1
20121820,121820,15.54,,,,,,,,,0.1463,3.137,2.678,0.56,,Обычный,Нет
20121828,121828,15.31,,,,,,,,,0.1499,3.153,2.68,1.84,,Обычный,Нет
20121830,121830,15.44,,,,,,,,,0.1803,3.182,2.608,2.08,,Обычный,2:1
20121832,121832,15.88,5.069,0.036,,,,,,,0.178,3.09,2.54,1.84,2-20 км,Обычный,Нет
20121861,121861,15.63,,,,,,,,,0.1668,3.158,2.631,1.21,,Обычный,Нет
20121871,121871,15.86,,,,,,,,,0.1257,3.152,2.756,2.63,,Обычный,Нет
20121873,121873,15.61,,,,,,,,,0.1886,3.194,2.592,2.32,,Обычный,2:1
20121878,121878,15.14,,,,,,,,,0.1506,3.178,2.699,2.46,,Обычный,2:1
20121900,121900,15.43,,,,,,,,,0.1627,3.16,2.646,1.35,,Обычный,Нет
20121904,121904,14.83,6.289,0.071,,,,,,,0.1236,3.191,2.797,0.89,2-20 км,Обычный,2:1
20121907,121907,15.08,,,,,,,,,0.1411,3.219,2.764,0.98,,Обычный,2:1
20121970,121970,15.34,,,,,,,,,0.1245,3.255,2.849,1.51,,Обычный,2:1
20121982,121982,15.29,,,,,,,,,0.1558,3.144,2.654,0.72,,Обычный,Нет
20123264,123264,15.16,5.76,0.049,,,,,,,0.1213,3.119,2.74,0.88,2-20 км,Обычный,Нет
20123348,123348,15.22,3.677,0.143,,,,,,,0.1558,3.137,2.648,2.42,2-20 км,Обычный,Нет
20123468,123468,15.92,4.669,0.035,,,,,,,0.17,3.092,2.566,1.59,2-20 км,Обычный,Нет
20123637,123637,15.14,5.233,0.071,,,,,,,0.1087,3.088,2.753,1.02,2-20 км,Обычный,Нет
20123646,123646,14.91,,,,,,,,,0.1034,3.227,2.893,2.44,,Обычный,2:1
20123652,123652,15.14,5.603,0.056,,,,,,,0.1706,3.047,2.528,3.2,2-20 км,Обычный,Нет
20123680,123680,15.46,4.75,0.059,,,,,,,0.1101,3.131,2.787,2.58,2-20 км,Обычный,Нет
20123926,123926,15.72,,,,,,,,,0.1145,3.131,2.772,2.21,,Обычный,Нет
20123960,123960,15.3,,,,,,,,,0.1264,3.112,2.719,1.9,,Обычный,Нет
20123964,123964,14.85,,,,,,,,,0.1658,3.191,2.662,2.78,,Обычный,2:1
20123998,123998,14.88,,,,,,,,,0.1144,3.093,2.739,2.77,,Обычный,Нет
20124007,124007,16.03,,,,,,,,,0.1318,3.135,2.722,1.88,,Обычный,Нет
20124008,124008,15.54,5.724,0.041,,,,,,,0.1173,3.099,2.736,2.25,2-20 км,Обычный,Нет
20124042,124042,15.64,,,,,,,,,0.1465,3.117,2.661,1.4,,Обычный,Нет
20124075,124075,15.81,,,,,,,,,0.1463,3.058,2.611,0.49,,Обычный,Нет
20124084,124084,15.04,,,,,,,,,0.1368,3.13,2.702,2.69,,Обычный,Нет
20124095,124095,15.2,,,,,,,,,0.1698,3.165,2.627,1.17,,Обычный,Нет
20125365,125365,15.52,5.319,0.047,,,,,,,0.1022,3.045,2.734,1.98,2-20 км,Обычный,Нет
20126063,126063,15.1,,,,,,,,,0.1079,3.121,2.784,2.08,,Обычный,Нет
20126306,126306,15.5,5.132,0.067,,,,,,,0.1082,3.112,2.776,2.77,2-20 км,Обычный,Нет
20126474,126474,14.53,7.317,0.057,,,,,,,0.161,3.172,2.662,1.67,2-20 км,Обычный,Нет
20126559,126559,15.36,,,,,,,,,0.1173,3.118,2.752,2.35,,Обычный,Нет
20126561,126561,14.98,7.022,0.043,,,,,,,0.1167,3.19,2.818,2.26,2-20 км,Обычный,2:1
20126571,126571,15.33,,,3.79,,,,,,0.1433,3.167,2.713,1.99,,Обычный,Нет
20126669,126669,15.32,5.568,0.052,,,,,,,0.1228,3.238,2.841,1.3,2-20 км,Обычный,2:1
20126675,126675,14.82,6.731,0.062,,,,,,,0.1593,3.2,2.691,2.74,2-20 км,Обычный,2:1
20126676,126676,15.2,5.344,0.062,,,,,,,0.1282,3.183,2.775,1.74,2-20 км,Обычный,2:1
20126717,126717,14.68,8.389,0.04,,,,,,,0.1023,3.226,2.896,1.86,2-20 км,Обычный,2:1
20126769,126769,15.31,,,,,,,,,0.1485,3.064,2.609,2.44,,Обычный,Нет
20126871,126871,15.32,5.922,0.046,,,,,,,0.1252,3.11,2.721,1.52,2-20 км,Обычный,Нет
20126943,126943,15.05,,,,,,,,,0.1277,3.09,2.695,0.69,,Обычный,Нет
20127016,127016,15.16,,,,,,,,,0.1475,3.095,2.639,2.65,,Обычный,Нет
20127046,127046,15.11,,,,,,,,,0.1523,3.105,2.632,1.55,,Обычный,Нет
20127065,127065,15.03,,,,,,,,,0.1652,3.171,2.647,2.12,,Обычный,Нет
20127187,127187,15.43,,,,,,,,,0.115,3.233,2.862,1.34,,Обычный,2:1
20127244,127244,15.43,5.424,0.046,,,,,,,0.1636,3.06,2.56,1.6,2-20 км,Обычный,Нет
20127279,127279,15.26,5.29,0.053,,,,,,,0.1804,3.141,2.574,2.3,2-20 км,Обычный,Нет
20127303,127303,15.27,5.474,0.059,,,,,,,0.1634,3.092,2.587,1.26,2-20 км,Обычный,Нет
20127367,127367,15.46,,,,,,,,,0.1567,3.094,2.609,1.75,,Обычный,Нет
20127377,127377,15.46,5.29,0.058,,,,,,,0.1557,3.085,2.605,1.55,2-20 км,Обычный,Нет
20127378,127378,15.15,,,,,,,,,0.1605,3.142,2.637,2.43,,Обычный,Нет
20127380,127380,15.41,,,,,,,,,0.1485,3.21,2.734,1.98,,Обычный,2:1
20127397,127397,15.35,,,,,,,,,0.1456,3.114,2.66,1.83,,Обычный,Нет
20127416,127416,15.7,,,,,,,,,0.1459,3.148,2.688,1.83,,Обычный,Нет
20127454,127454,15.27,4.622,0.075,,,,,,,0.2017,3.133,2.501,0.75,2-20 км,Обычный,Нет
20127470,127470,14.8,9.03,0.034,,,,,,,0.1418,3.207,2.752,2.21,2-20 км,Обычный,2:1
20127487,127487,15.13,7.216,0.041,,,,,,,0.1619,3.121,2.615,2.1,2-20 км,Обычный,Нет
20127722,127722,15.03,6.085,0.052,,,,,,,0.1052,3.182,2.847,2.66,2-20 км,Обычный,2:1
20128012,128012,15.46,5.043,0.053,,,,,,,0.1924,3.125,2.524,2.43,2-20 км,Обычный,Нет
20128045,128045,15.28,4.276,0.08,,,,,,,0.1579,3.185,2.682,1.16,2-20 км,Обычный,2:1
20128112,128112,15.64,4.449,0.068,,,,,,,0.179,3.091,2.538,2.28,2-20 км,Обычный,Нет
20128195,128195,14.8,6.264,0.059,,,,,,,0.1782,3.161,2.597,1.92,2-20 км,Обычный,Нет
20128237,128237,15.32,4.967,0.06,,,,,,,0.1646,3.116,2.603,0.98,2-20 км,Обычный,Нет
20128377,128377,15.61,,,,,,,,,0.2016,3.193,2.549,2.39,,Обычный,2:1
20128469,128469,16.12,3.142,0.065,,,,,,,0.1917,3.169,2.562,1.18,2-20 км,Обычный,Нет
20128516,128516,15.8,2.878,0.112,,,,,,,0.1695,3.139,2.606,0.53,2-20 км,Обычный,Нет
20128653,128653,15.54,4.109,0.079,,,,,,,0.1619,3.124,2.618,2.13,2-20 км,Обычный,Нет
20128682,128682,15.67,,,,,,,,,0.1783,3.126,2.569,2.25,,Обычный,Нет
20128862,128862,15.86,,,,,,,,,0.1518,3.165,2.685,0.54,,Обычный,Нет
20128906,128906,15.43,,,247.047,,,,,,0.1578,3.194,2.69,1.94,,Обычный,2:1
20128918,128918,15.54,,,,,,,,,0.1841,3.179,2.594,0.66,,Обычный,2:1
20128934,128934,15.66,,,,,,,,,0.1509,3.071,2.607,1.99,,Обычный,Нет
20128938,128938,15.21,,,,,,,,,0.1509,3.121,2.65,1.53,,Обычный,Нет
20128987,128987,15.27,,,,,,,,,0.1141,3.247,2.876,2.59,,Обычный,2:1
20128989,128989,15.64,,,,,,,,,0.1766,3.062,2.521,2.11,,Обычный,Нет
20129139,129139,15.26,4.877,0.074,,,,,,,0.1792,3.186,2.615,2.36,2-20 км,Обычный,2:1
20129298,129298,15.31,4.3,0.087,,,,,,,0.1874,3.149,2.559,1.17,2-20 км,Обычный,Нет
20129333,129333,15.31,5.865,0.051,,,,,,,0.1849,3.088,2.517,1.35,2-20 км,Обычный,Нет
20129351,129351,15.83,,,,,,,,,0.1454,3.096,2.646,1.21,,Обычный,Нет
20129368,129368,16.02,4.251,0.043,,,,,,,0.178,3.14,2.582,1.13,2-20 км,Обычный,Нет
20129731,129731,14.99,6.265,0.045,,,,,,,0.1641,3.05,2.55,2.51,2-20 км,Обычный,Нет
20130166,130166,16.23,,,,,,,,,0.1566,3.131,2.641,0.64,,Обычный,Нет
20130214,130214,16.57,,,,,,,,,0.1293,3.16,2.751,0.69,,Обычный,Нет
20130218,130218,15.49,,,,,,,,,0.1394,3.14,2.702,2.86,,Обычный,Нет
20130228,130228,15.61,,,,,,,,,0.1368,3.192,2.755,0.57,,Обычный,2:1
20130229,130229,15.55,4.525,0.06,,,,,,,0.1335,3.113,2.697,3.02,2-20 км,Обычный,Нет
20130238,130238,16.03,3.146,0.085,,,,,,,0.1705,3.05,2.53,1.59,2-20 км,Обычный,Нет
20130269,130269,15.63,4.994,0.049,,,,,,,0.1139,3.158,2.799,1.79,2-20 км,Обычный,Нет
20130272,130272,15.16,5.188,0.072,,,,,,,0.1092,3.142,2.799,2.01,2-20 км,Обычный,Нет
20130291,130291,15.11,6.077,0.052,,,,,,,0.1327,3.088,2.678,2.16,2-20 км,Обычный,Нет
20130296,130296,15.81,3.834,0.069,,,,,,,0.1321,3.158,2.741,1.49,2-20 км,Обычный,Нет
20130316,130316,14.91,6.872,0.059,,,,,,,0.1678,3.185,2.651,2.63,2-20 км,Обычный,2:1
20130320,130320,15.23,5.36,0.061,4.49,,,,,,0.1332,3.187,2.762,2.06,2-20 км,Обычный,2:1
20130331,130331,15.72,4.35,0.054,,,,,,,0.1487,3.088,2.628,1.85,2-20 км,Обычный,Нет
20130348,130348,16.47,,,,,,,,,0.1298,3.159,2.749,1.18,,Обычный,Нет
20130368,130368,15.64,4.785,0.049,,,,,,,0.1622,3.201,2.681,0.48,2-20 км,Обычный,2:1
20131261,131261,15.36,,,,,,,,,0.1544,3.171,2.681,0.73,,Обычный,Нет
20131424,131424,15.62,,,,,,,,,0.1633,3.189,2.668,0.89,,Обычный,2:1
20131477,131477,15.08,,,6.32,,,,,,0.1522,3.178,2.695,2.31,,Обычный,2:1
20131483,131483,15.06,,,,,,,,,0.136,3.179,2.747,2.28,,Обычный,2:1
20132662,132662,15.29,5.508,0.053,,,,,,,0.1648,3.098,2.587,2.27,2-20 км,Обычный,Нет
20132808,132808,15.59,,,,,,,,,0.1528,3.216,2.724,2.47,,Обычный,2:1
20132819,132819,16.4,,,,,,,,,0.1437,3.126,2.677,2.49,,Обычный,Нет
20132836,132836,14.95,5.907,0.073,,,,,,,0.1547,3.187,2.694,2.23,2-20 км,Обычный,2:1
20132845,132845,15.55,,,,,,,,,0.1702,3.123,2.592,1.51,,Обычный,Нет
20132867,132867,15.25,,,,,,,,,0.1586,3.026,2.546,2.08,,Обычный,Нет
20132869,132869,15.31,5.58,0.052,,,,,,,0.1812,3.07,2.514,2.3,2-20 км,Обычный,Нет
20132903,132903,15.68,,,,,,,,,0.106,3.117,2.786,0.62,,Обычный,Нет
20132925,132925,15.66,,,,,,,,,0.1754,3.107,2.562,1.58,,Обычный,Нет
20132937,132937,14.78,6.405,0.062,,,,,,,0.1398,3.16,2.719,0.88,2-20 км,Обычный,Нет
20132943,132943,15.05,5.76,0.064,,,,,,,0.1403,3.238,2.784,2.19,2-20 км,Обычный,2:1
20132945,132945,15.3,,,,,,,,,0.1871,3.114,2.531,2.31,,Обычный,Нет
20133386,133386,15.74,3.511,0.09,,,,,,,0.1442,3.143,2.69,0.73,2-20 км,Обычный,Нет
20133448,133448,15.85,2.931,0.118,,,,,,,0.1419,3.198,2.744,2.6,2-20 км,Обычный,2:1
20133467,133467,16.09,,,,,,,,,0.1222,3.097,2.719,0.8,,Обычный,Нет
20133469,133469,15.37,4.872,0.074,,,,,,,0.1707,3.116,2.584,2.21,2-20 км,Обычный,Нет
20133576,133576,15.22,4.776,0.085,,,,,,,0.1624,3.124,2.617,2.47,2-20 км,Обычный,Нет
20133609,133609,15.9,4.233,0.052,,,,,,,0.1629,3.128,2.619,2.96,2-20 км,Обычный,Нет
20133717,133717,15.82,4.364,0.059,,,,,,,0.1704,3.086,2.56,0.58,2-20 км,Обычный,Нет
20133753,133753,15.54,,,,,,,,,0.1675,3.149,2.621,1.9,,Обычный,Нет
20133761,133761,16.15,3.322,0.07,,,,,,,0.1729,3.082,2.549,0.6,2-20 км,Обычный,Нет
20133765,133765,15.16,5.037,0.084,,,,,,,0.1467,3.136,2.676,2.33,2-20 км,Обычный,Нет
20133795,133795,15.45,5.324,0.062,,,,,,,0.152,3.116,2.642,2.69,2-20 км,Обычный,Нет
20133830,133830,16.03,,,,,,,,,0.1292,3.108,2.706,1.48,,Обычный,Нет
20133839,133839,15.37,5.323,0.057,8.65,,,,,,0.1556,3.186,2.69,2.15,2-20 км,Обычный,2:1
20134079,134079,15.58,,,,,,,,,0.1583,3.132,2.637,1.43,,Обычный,Нет
20134105,134105,15.61,,,,,,,,,0.1261,3.097,2.706,2.21,,Обычный,Нет
20134108,134108,15.54,5.079,0.047,8.45516,,,,,,0.1023,3.053,2.741,2.03,2-20 км,Обычный,Нет
20134122,134122,15.83,3.73,0.08,,,,,,,0.1739,3.157,2.608,2.15,2-20 км,Обычный,Нет
20134149,134149,16.06,3.076,0.089,,,,,,,0.1698,3.099,2.573,2.26,2-20 км,Обычный,Нет
20134177,134177,15.89,4.919,0.042,,,,,,,0.1451,3.142,2.686,2.33,2-20 км,Обычный,Нет
20134178,134178,16.02,,,,,,,,,0.1555,3.148,2.658,1.9,,Обычный,Нет
20134381,134381,15.65,,,,,,,,,0.1865,3.153,2.565,1.56,,Обычный,Нет
20134510,134510,15.38,4.181,0.077,,,,,,,0.1162,3.203,2.831,2.44,2-20 км,Обычный,2:1
20134513,134513,15.08,5.872,0.062,,,,,,,0.1106,3.101,2.758,1.14,2-20 км,Обычный,Нет
20134867,134867,14.89,,,50.916,,,,,,0.2054,3.101,2.464,1.51,,Обычный,Нет
20135240,135240,15.58,,,6.53,,,,,,0.1868,3.087,2.51,3.06,,Обычный,Нет
20135243,135243,15.41,,,4.78,,,,,,0.2016,3.039,2.426,2.43,,Обычный,Нет
20135250,135250,14.94,,,3.32,,,,,,0.2029,3.098,2.469,1.63,,Обычный,Нет
20135288,135288,15.88,,,,,,,,,0.1723,3.165,2.62,0.8,,Обычный,Нет
20135301,135301,15.26,,,,,,,,,0.1803,3.089,2.532,1.38,,Обычный,Нет
20135302,135302,15.48,,,,,,,,,0.1559,3.218,2.716,1.67,,Обычный,2:1
20135305,135305,15.36,,,,,,,,,0.1723,3.097,2.564,1.57,,Обычный,Нет
20135317,135317,14.7,,,,,,,,,0.1714,3.216,2.664,0.75,,Обычный,2:1
20135353,135353,15.64,,,,,,,,,0.1991,3.12,2.499,1.04,,Обычный,Нет
20135354,135354,15.07,5.823,0.069,7.285,,,,,,0.1833,3.149,2.572,2.33,2-20 км,Обычный,Нет
20135357,135357,15.52,5.53,0.058,,,,,,,0.1428,3.119,2.674,2.3,2-20 км,Обычный,Нет
20135420,135420,15.43,4.25,0.089,,,,,,,0.1801,3.082,2.527,2.68,2-20 км,Обычный,Нет
20135436,135436,15.08,5.712,0.065,,,,,,,0.1993,3.201,2.563,1.32,2-20 км,Обычный,2:1
20135452,135452,14.95,7.025,0.039,20.475,,,,,,0.2087,3.202,2.534,0.53,2-20 км,Обычный,2:1
20135474,135474,15.75,,,,,,,,,0.177,3.113,2.562,0.45,,Обычный,Нет
20135495,135495,15.2,,,,,,,,,0.213,3.145,2.475,2.29,,Обычный,Нет
20135506,135506,15.46,,,,,,,,,0.1892,3.185,2.583,0.56,,Обычный,2:1
20135784,135784,15.53,,,,,,,,,0.1581,3.103,2.613,0.68,,Обычный,Нет
20136040,136040,15.16,5.265,0.064,,,,,,,0.1322,3.086,2.678,0.54,2-20 км,Обычный,Нет
20136335,136335,15.48,4.824,0.058,,,,,,,0.1111,3.172,2.82,2.65,2-20 км,Обычный,Нет
20136352,136352,15.37,4.842,0.048,,,,,,,0.1313,3.191,2.772,1.46,2-20 км,Обычный,2:1
20136533,136533,15.61,4.798,0.048,,,,,,,0.1209,3.08,2.707,2.14,2-20 км,Обычный,Нет
20136634,136634,15.19,6.489,0.046,,,,,,,0.119,3.243,2.857,1.55,2-20 км,Обычный,2:1
20136637,136637,15.63,,,5.06,,,,,,0.1186,3.112,2.743,1.83,,Обычный,Нет
20136680,136680,15.95,,,,,,,,,0.1759,3.073,2.532,1.58,,Обычный,Нет
20136681,136681,16.16,,,,,,,,,0.1875,3.152,2.561,0.9,,Обычный,Нет
20136692,136692,16.6,,,,,,,,,0.1265,3.099,2.707,0.58,,Обычный,Нет
20137341,137341,15.85,,,,,,,,,0.1138,3.128,2.772,2.05,,Обычный,Нет
20138209,138209,15.63,,,,,,,,,0.1426,3.225,2.765,1.0,,Обычный,2:1
20138559,138559,15.7,,,,,,,,,0.1685,3.1,2.578,2.65,,Обычный,Нет
20138587,138587,15.77,,,,,,,,,0.211,3.112,2.455,0.68,,Обычный,Нет
20138683,138683,15.6,,,,,,,,,0.196,3.077,2.474,2.19,,Обычный,Нет
20138690,138690,16.04,,,,,,,,,0.1894,3.107,2.518,0.48,,Обычный,Нет
20138723,138723,15.75,,,,,,,,,0.1946,3.105,2.501,2.38,,Обычный,Нет
20138736,138736,14.96,4.816,0.11,,,,,,,0.1412,3.253,2.793,1.8,2-20 км,Обычный,2:1
20138737,138737,15.78,,,,,,,,,0.1522,3.127,2.651,1.95,,Обычный,Нет
20138744,138744,15.68,,,,,,,,,0.1967,3.101,2.491,1.73,,Обычный,Нет
20138839,138839,15.25,5.39,0.061,,,,,,,0.1892,3.19,2.587,2.36,2-20 км,Обычный,2:1
20138903,138903,15.32,,,,,,,,,0.1517,3.168,2.688,2.53,,Обычный,Нет
20139774,139774,15.12,5.766,0.058,34.393,,,,,,0.1792,3.091,2.537,1.01,2-20 км,Обычный,Нет
20139964,139964,15.25,5.752,0.053,,,,,,,0.1283,3.095,2.698,1.77,2-20 км,Обычный,Нет
20139971,139971,15.32,3.79,0.123,,,,,,,0.1075,3.119,2.784,1.99,2-20 км,Обычный,Нет
20140213,140213,15.81,,,,,,,,,0.1232,3.07,2.692,1.95,,Обычный,Нет
20140233,140233,15.53,,,,,,,,,0.1938,3.201,2.581,1.23,,Обычный,2:1
20140238,140238,14.92,6.179,0.061,,,,,,,0.1211,3.093,2.718,1.97,2-20 км,Обычный,Нет
20140397,140397,15.47,,,,,,,,,0.1599,3.072,2.581,1.76,,Обычный,Нет
20140399,140399,14.87,,,,,,,,,0.1751,3.146,2.595,1.7,,Обычный,Нет
20140609,140609,15.07,,,,,,,,,0.1109,3.091,2.748,2.5,,Обычный,Нет
20140678,140678,15.44,,,,,,,,,0.1388,3.092,2.663,1.84,,Обычный,Нет
20140751,140751,15.32,4.397,0.091,,,,,,,0.1335,3.196,2.769,2.69,2-20 км,Обычный,2:1
20140760,140760,15.64,,,,,,,,,0.1636,3.176,2.657,2.3,,Обычный,2:1
20140877,140877,15.47,,,,,,,,,0.1798,3.144,2.578,0.64,,Обычный,Нет
20140887,140887,15.88,,,,,,,,,0.1635,3.074,2.572,1.15,,Обычный,Нет
20140890,140890,15.32,,,,,,,,,0.2083,3.09,2.446,1.82,,Обычный,Нет
20140893,140893,15.13,,,,,,,,,0.1081,3.153,2.812,2.12,,Обычный,Нет
20140968,140968,15.09,7.257,0.037,,,,,,,0.1968,3.131,2.515,1.55,2-20 км,Обычный,Нет
20141016,141016,15.65,5.237,0.037,,,,,,,0.1047,3.035,2.717,1.83,2-20 км,Обычный,Нет
20141051,141051,15.51,4.147,0.071,,,,,,,0.1389,3.198,2.754,0.61,2-20 км,Обычный,2:1
20141058,141058,15.37,,,,,,,,,0.1596,3.206,2.694,2.35,,Обычный,2:1
20141108,141108,15.32,,,,,,,,,0.1834,3.104,2.535,1.76,,Обычный,Нет
20141134,141134,15.02,,,,,,,,,0.115,3.107,2.749,2.0,,Обычный,Нет
20141139,141139,15.0,,,,,,,,,0.1639,3.118,2.607,2.28,,Обычный,Нет
20141145,141145,16.04,3.618,0.054,,,,,,,0.1861,3.054,2.486,1.96,2-20 км,Обычный,Нет
20141158,141158,15.35,5.379,0.051,,,,,,,0.103,3.045,2.732,2.8,2-20 км,Обычный,Нет
20141161,141161,15.66,,,,,,,,,0.091,3.13,2.845,2.49,,Обычный,Нет
20141162,141162,15.34,,,8.533,,,,,,0.1078,3.189,2.846,2.91,,Обычный,2:1
20141181,141181,15.14,,,,,,,,,0.1558,3.156,2.664,0.48,,Обычный,Нет
20141226,141226,15.72,,,,,,,,,0.1048,3.102,2.777,0.45,,Обычный,Нет
20141236,141236,15.42,,,,,,,,,0.0843,3.183,2.915,2.34,,Обычный,2:1
20141240,141240,15.76,,,24.0,,,,,,0.1707,3.162,2.622,1.12,,Обычный,Нет
20141274,141274,15.59,4.995,0.049,,,,,,,0.1233,3.08,2.701,2.08,2-20 км,Обычный,Нет
20141279,141279,15.06,7.779,0.032,,,,,,,0.1134,3.147,2.79,1.89,2-20 км,Обычный,Нет
20141285,141285,15.77,,,,,,,,,0.1225,3.094,2.715,2.14,,Обычный,Нет
20141287,141287,14.97,6.931,0.053,,,,,,,0.1554,3.091,2.611,2.5,2-20 км,Обычный,Нет
20141369,141369,15.79,,,,,,,,,0.1017,3.212,2.885,1.75,,Обычный,2:1
20141385,141385,16.06,,,,,,,,,0.1975,3.066,2.461,2.48,,Обычный,Нет
20141402,141402,16.09,,,,,,,,,0.1318,3.104,2.694,1.59,,Обычный,Нет
20141403,141403,16.22,,,,,,,,,0.1245,3.165,2.771,0.62,,Обычный,Нет
20141405,141405,15.6,,,,,,,,,0.1487,3.222,2.743,0.66,,Обычный,2:1
20141452,141452,16.02,,,,,,,,,0.1529,3.051,2.585,1.31,,Обычный,Нет
20141460,141460,15.26,5.014,0.07,3.62,,,,,,0.1032,3.049,2.734,2.64,2-20 км,Обычный,Нет
20141497,141497,15.35,5.848,0.033,,,,,,,0.1257,3.16,2.763,2.43,2-20 км,Обычный,Нет
20141511,141511,15.7,,,,,,,,,0.1138,3.1,2.747,3.15,,Обычный,Нет
20141514,141514,15.15,,,,,,,,,0.2018,3.1,2.474,2.27,,Обычный,Нет
20143429,143429,15.46,4.518,0.066,,,,,,,0.1289,3.173,2.764,0.85,2-20 км,Обычный,Нет
20143440,143440,16.23,,,,,,,,,0.1194,3.071,2.704,2.13,,Обычный,Нет
20143498,143498,15.28,,,,,,,,,0.1213,3.162,2.779,2.52,,Обычный,Нет
20143535,143535,14.71,5.585,0.09,,,,,,,0.1181,3.19,2.813,2.83,2-20 км,Обычный,2:1
20143536,143536,15.49,,,,,,,,,0.1222,3.166,2.779,2.08,,Обычный,Нет
20143542,143542,15.44,,,,,,,,,0.1141,3.205,2.84,1.4,,Обычный,2:1
20143566,143566,15.04,5.354,0.081,,,,,,,0.1536,3.155,2.671,2.44,2-20 км,Обычный,Нет
20143586,143586,15.63,4.054,0.074,,,,,,,0.1371,3.063,2.643,1.8,2-20 км,Обычный,Нет
20143588,143588,15.42,3.654,0.092,,,,,,,0.1316,3.095,2.687,1.69,2-20 км,Обычный,Нет
20143633,143633,15.91,,,,,,,,,0.1186,3.153,2.779,0.79,,Обычный,Нет
20144175,144175,15.64,4.125,0.072,,,,,,,0.1035,3.026,2.713,2.1,2-20 км,Обычный,Нет
20144213,144213,15.49,4.29,0.08,,,,,,,0.1739,3.16,2.61,0.64,2-20 км,Обычный,Нет
20144402,144402,15.57,4.47,0.061,,,,,,,0.1217,3.117,2.738,1.79,2-20 км,Обычный,Нет
20144667,144667,15.6,4.102,0.066,,,,,,,0.121,3.246,2.853,1.7,2-20 км,Обычный,2:1
20144689,144689,14.7,6.789,0.067,,,,,,,0.1664,3.24,2.701,2.62,2-20 км,Обычный,2:1
20144732,144732,15.76,3.697,0.082,,,,,,,0.1276,3.163,2.759,0.43,2-20 км,Обычный,Нет
20144823,144823,15.65,,,,,,,,,0.0963,3.123,2.822,2.02,,Обычный,Нет
20144845,144845,16.07,,,,,,,,,0.1402,3.137,2.697,0.96,,Обычный,Нет
20145354,145354,15.4,4.16,0.071,,,,,,,0.1839,3.203,2.614,2.68,2-20 км,Обычный,2:1
20145384,145384,16.02,,,,,,,,,0.1459,3.097,2.645,2.38,,Обычный,Нет
20145423,145423,15.39,5.39,0.046,,,,,,,0.1615,3.104,2.603,2.83,2-20 км,Обычный,Нет
20145438,145438,15.53,,,,,,,,,0.176,3.107,2.56,0.79,,Обычный,Нет
20145454,145454,15.48,2.393,0.257,,,,,,,0.1714,3.043,2.521,1.97,2-20 км,Обычный,Нет
20145457,145457,15.6,3.723,0.073,,,,,,,0.145,3.08,2.633,2.48,2-20 км,Обычный,Нет
20145498,145498,16.04,,,,,,,,,0.156,3.18,2.684,0.62,,Обычный,2:1
20145546,145546,15.79,,,,,,,,,0.1678,3.137,2.611,1.51,,Обычный,Нет
20145764,145764,15.74,,,,,,,,,0.1172,3.132,2.765,1.59,,Обычный,Нет
20145872,145872,15.26,,,,,,,,,0.1605,3.172,2.663,1.33,,Обычный,Нет
20146113,146113,15.27,6.169,0.046,,,,,,,0.1675,3.122,2.599,2.64,2-20 км,Обычный,Нет
20146143,146143,15.84,3.42,0.087,,,,,,,0.1773,3.042,2.503,1.55,2-20 км,Обычный,Нет
20146163,146163,15.42,5.692,0.055,,,,,,,0.1464,3.117,2.661,2.66,2-20 км,Обычный,Нет
20146168,146168,15.64,4.916,0.073,,,,,,,0.1969,3.074,2.469,2.36,2-20 км,Обычный,Нет
20146196,146196,15.98,,,,,,,,,0.1341,3.085,2.671,0.96,,Обычный,Нет
20146209,146209,15.65,4.939,0.055,,,,,,,0.1476,3.075,2.621,2.44,2-20 км,Обычный,Нет
20146256,146256,15.49,,,,,,,,,0.1906,3.187,2.58,2.67,,Обычный,2:1
20146721,146721,15.31,,,,,,,,,0.1982,3.151,2.526,2.47,,Обычный,Нет
20146760,146760,15.59,,,,,,,,,0.178,3.193,2.624,2.61,,Обычный,2:1
20146797,146797,16.18,,,,,,,,,0.1136,3.05,2.704,2.42,,Обычный,Нет
20146865,146865,15.79,,,,,,,,,0.114,3.045,2.698,0.72,,Обычный,Нет
20146901,146901,15.66,,,,,,,,,0.1032,3.178,2.85,2.16,,Обычный,2:1
20146902,146902,15.58,,,,,,,,,0.1293,3.161,2.752,2.71,,Обычный,Нет
20146906,146906,15.58,5.091,0.057,,,,,,,0.1048,3.122,2.794,2.05,2-20 км,Обычный,Нет
20146913,146913,16.08,,,,,,,,,0.1341,3.09,2.676,2.59,,Обычный,Нет
20146916,146916,15.86,,,,,,,,,0.1075,3.085,2.754,1.34,,Обычный,Нет
20146921,146921,15.97,,,,,,,,,0.1245,3.052,2.672,2.03,,Обычный,Нет
20146934,146934,16.2,,,,,,,,,0.1385,3.091,2.663,0.95,,Обычный,Нет
20146947,146947,15.78,,,,,,,,,0.1367,3.161,2.729,1.22,,Обычный,Нет
20146948,146948,15.24,,,,,,,,,0.1594,3.203,2.693,1.01,,Обычный,2:1
20146953,146953,15.74,,,,,,,,,0.1466,3.181,2.715,2.1,,Обычный,2:1
20146954,146954,15.13,5.64,0.061,,,,,,,0.1316,3.185,2.766,2.14,2-20 км,Обычный,2:1
20147730,147730,16.26,,,,,,,,,0.161,3.036,2.548,0.63,,Обычный,Нет
20147771,147771,15.52,,,,,,,,,0.1008,3.138,2.821,2.67,,Обычный,Нет
20147803,147803,15.9,3.529,0.068,,,,,,,0.196,3.108,2.499,1.8,2-20 км,Обычный,Нет
20147807,147807,15.7,4.335,0.054,,,,,,,0.1785,3.145,2.583,2.23,2-20 км,Обычный,Нет
20147817,147817,15.72,4.799,0.037,,,,,,,0.1785,3.209,2.636,1.09,2-20 км,Обычный,2:1
20147824,147824,15.49,,,,,,,,,0.123,3.167,2.777,1.3,,Обычный,Нет
20147828,147828,16.09,3.188,0.069,,,,,,,0.1594,3.107,2.612,1.96,2-20 км,Обычный,Нет
20147927,147927,15.99,,,,,,,,,0.1775,3.097,2.547,1.83,,Обычный,Нет
20147979,147979,16.5,,,,,,,,,0.1542,3.086,2.61,1.9,,Обычный,Нет
20148142,148142,15.59,4.109,0.066,,,,,,,0.1714,3.182,2.637,1.74,2-20 км,Обычный,2:1
20148376,148376,15.84,,,10.8,,,,,,0.1907,3.159,2.557,1.04,,Обычный,Нет
20148409,148409,16.18,3.707,0.047,,,,,,,0.1837,3.095,2.526,0.73,2-20 км,Обычный,Нет
20148458,148458,15.31,3.892,0.106,,,,,,,0.1378,3.13,2.699,1.46,2-20 км,Обычный,Нет
20148836,148836,15.66,,,,,,,,,0.1743,3.098,2.558,1.14,,Обычный,Нет
20149024,149024,15.22,4.993,0.093,,,,,,,0.1201,3.106,2.732,3.23,2-20 км,Обычный,Нет
20149038,149038,15.95,,,,,,,,,0.125,3.104,2.716,2.43,,Обычный,Нет
20149062,149062,15.58,,,,,,,,,0.1371,3.14,2.71,1.67,,Обычный,Нет
20149082,149082,15.15,5.755,0.064,,,,,,,0.1381,3.1,2.672,2.67,2-20 км,Обычный,Нет
20149084,149084,15.55,,,,,,,,,0.1496,3.193,2.715,2.6,,Обычный,2:1
20149130,149130,15.32,,,,,,,,,0.1075,3.158,2.818,1.19,,Обычный,Нет
20149504,149504,15.7,4.91,0.042,,,,,,,0.1142,3.135,2.777,1.55,2-20 км,Обычный,Нет
20149553,149553,15.99,,,,,,,,,0.1537,3.094,2.618,0.55,,Обычный,Нет
20149643,149643,16.2,,,,,,,,,0.104,3.042,2.725,0.55,,Обычный,Нет
20149669,149669,15.94,,,,,,,,,0.1026,3.129,2.808,0.94,,Обычный,Нет
20149783,149783,15.76,4.712,0.038,,,,,,,0.1275,3.161,2.758,1.17,2-20 км,Обычный,Нет
20149859,149859,15.74,,,,,,,,,0.1714,3.084,2.555,3.11,,Обычный,Нет
20149872,149872,16.08,,,,,,,,,0.1925,3.15,2.543,1.46,,Обычный,Нет
20150011,150011,15.99,3.691,0.057,,,,,,,0.1666,3.049,2.541,1.62,2-20 км,Обычный,Нет
20150078,150078,15.4,,,,,,,,,0.1087,3.125,2.785,0.66,,Обычный,Нет
20150146,150146,16.18,,,,,,,,,0.1299,3.128,2.722,1.75,,Обычный,Нет
20150185,150185,15.3,4.209,0.091,,,,,,,0.1462,3.187,2.721,2.85,2-20 км,Обычный,2:1
20150212,150212,15.07,,,,,,,,,0.1903,3.195,2.587,0.41,,Обычный,2:1
20150279,150279,15.53,3.981,0.085,,,,,,,0.2005,3.192,2.552,2.09,2-20 км,Обычный,2:1
20150280,150280,15.51,4.389,0.063,,,,,,,0.1983,3.143,2.52,0.8,2-20 км,Обычный,Нет
20150318,150318,15.54,4.617,0.063,,,,,,,0.2194,3.181,2.484,2.24,2-20 км,Обычный,2:1
20150322,150322,15.9,,,,,,,,,0.1245,3.161,2.768,0.57,,Обычный,Нет
20150324,150324,15.71,,,,,,,,,0.1797,3.043,2.496,1.19,,Обычный,Нет
20150333,150333,15.58,4.867,0.047,,,,,,,0.1192,3.221,2.837,1.88,2-20 км,Обычный,2:1
20150334,150334,15.68,4.51,0.05,,,,,,,0.1832,3.126,2.553,1.6,2-20 км,Обычный,Нет
20150586,150586,15.83,4.828,0.044,,,,,,,0.1679,3.063,2.548,2.06,2-20 км,Обычный,Нет
20150588,150588,15.54,5.44,0.045,,,,,,,0.1545,3.069,2.595,2.4,2-20 км,Обычный,Нет
20150617,150617,15.38,,,,,,,,,0.2078,3.175,2.515,2.41,,Обычный,Нет
20150625,150625,16.05,,,,,,,,,0.1718,3.162,2.619,1.36,,Обычный,Нет
20150650,150650,15.71,,,,,,,,,0.1219,3.175,2.788,1.95,,Обычный,Нет
20150651,150651,15.38,5.399,0.046,,,,,,,0.1276,3.216,2.806,1.28,2-20 км,Обычный,2:1
20151369,151369,15.65,4.805,0.058,,,,,,,0.1427,3.119,2.674,1.23,2-20 км,Обычный,Нет
20151430,151430,15.96,,,,,,,,,0.1081,3.068,2.736,2.73,,Обычный,Нет
20151441,151441,15.44,,,,,,,,,0.1458,3.093,2.642,2.9,,Обычный,Нет
20151447,151447,15.71,,,,,,,,,0.1326,3.046,2.642,1.4,,Обычный,Нет
20151477,151477,15.52,4.419,0.075,,,,,,,0.1254,3.107,2.717,2.28,2-20 км,Обычный,Нет
20151487,151487,15.4,,,,,,,,,0.1348,3.119,2.698,2.31,,Обычный,Нет
20152050,152050,15.33,5.572,0.057,,,,,,,0.1736,3.196,2.641,2.34,2-20 км,Обычный,2:1
20152116,152116,15.84,3.508,0.091,,,,,,,0.1354,3.122,2.699,1.65,2-20 км,Обычный,Нет
20152121,152121,15.71,,,,,,,,,0.1448,3.153,2.697,2.15,,Обычный,Нет
20152232,152232,16.02,,,,,,,,,0.1669,3.189,2.657,0.51,,Обычный,2:1
20152233,152233,16.13,,,,,,,,,0.2,3.146,2.517,0.76,,Обычный,Нет
20152337,152337,15.69,3.431,0.095,,,,,,,0.1839,3.139,2.562,1.08,2-20 км,Обычный,Нет
20152386,152386,16.07,,,,,,,,,0.1483,3.074,2.618,2.31,,Обычный,Нет
20152432,152432,15.33,,,,,,,,,0.0889,3.217,2.931,2.7,,Обычный,2:1
20152466,152466,15.64,4.524,0.072,,,,,,,0.18,3.088,2.532,1.53,2-20 км,Обычный,Нет
20152493,152493,15.86,,,,,,,,,0.1251,3.149,2.755,1.75,,Обычный,Нет
20152501,152501,15.61,,,,,,,,,0.1238,3.127,2.74,2.45,,Обычный,Нет
20152506,152506,15.64,,,,,,,,,0.1133,3.199,2.837,1.98,,Обычный,2:1
20152514,152514,15.78,,,,,,,,,0.1544,3.177,2.686,1.83,,Обычный,2:1
20152552,152552,15.96,,,,,,,,,0.173,3.162,2.615,1.69,,Обычный,Нет
20152616,152616,15.23,,,,,,,,,0.1686,3.194,2.655,2.75,,Обычный,2:1
20152617,152617,15.76,,,,,,,,,0.1589,3.175,2.67,2.57,,Обычный,Нет
20152829,152829,15.95,,,,,,,,,0.18,3.139,2.574,0.73,,Обычный,Нет
20152842,152842,15.66,,,,,,,,,0.1333,3.166,2.744,2.16,,Обычный,Нет
20152847,152847,15.79,3.473,0.077,8.963,,,,,,0.1543,3.174,2.684,1.83,2-20 км,Обычный,Нет
20152854,152854,16.22,,,,,,,,,0.1108,3.233,2.874,2.29,,Обычный,2:1
20153203,153203,16.05,,,,,,,,,0.1737,3.101,2.562,2.03,,Обычный,Нет
20153300,153300,15.32,,,,,,,,,0.1436,3.212,2.751,2.13,,Обычный,2:1
20153994,153994,16.16,,,,,,,,,0.1435,3.142,2.692,0.72,,Обычный,Нет
20154206,154206,16.24,,,,,,,,,0.1178,3.113,2.747,1.67,,Обычный,Нет
20154599,154599,15.8,4.549,0.045,,,,,,,0.1663,3.084,2.571,2.41,2-20 км,Обычный,Нет
20154610,154610,15.72,3.903,0.067,,,,,,,0.1737,3.096,2.558,2.62,2-20 км,Обычный,Нет
20154846,154846,15.87,,,,,,,,,0.1844,3.089,2.52,2.17,,Обычный,Нет
20154878,154878,15.73,3.77,0.078,,,,,,,0.1292,3.198,2.785,2.64,2-20 км,Обычный,2:1
20154900,154900,15.79,,,,,,,,,0.1174,3.196,2.82,0.5,,Обычный,2:1
20154938,154938,16.28,,,,,,,,,0.1774,3.099,2.55,0.59,,Обычный,Нет
20154941,154941,14.89,,,9.02,,,,,,0.1236,3.242,2.841,2.15,,Обычный,2:1
20154959,154959,15.63,,,,,,,,,0.1721,3.066,2.538,2.29,,Обычный,Нет
20155169,155169,16.38,,,,,,,,,0.1125,3.087,2.739,2.31,,Обычный,Нет
20155266,155266,15.65,,,,,,,,,0.1385,3.066,2.642,0.63,,Обычный,Нет
20155272,155272,15.56,,,,,,,,,0.1613,3.19,2.676,1.54,,Обычный,2:1
20155299,155299,15.7,,,,,,,,,0.1295,3.137,2.731,0.61,,Обычный,Нет
20155300,155300,15.29,,,0.88,,,,,,0.0874,3.239,2.956,1.29,,Обычный,2:1
20155316,155316,16.1,3.152,0.065,,,,,,,0.19,3.089,2.502,1.52,2-20 км,Обычный,Нет
20155322,155322,15.46,,,17.52,,,,,,0.1189,3.167,2.79,1.03,,Обычный,Нет
20155387,155387,15.96,3.719,0.061,,,,,,,0.1687,3.177,2.641,1.86,2-20 км,Обычный,2:1
20155489,155489,16.14,3.583,0.05,,,,,,,0.1745,3.142,2.593,1.1,2-20 км,Обычный,Нет
20155559,155559,16.09,,,,,,,,,0.1273,3.178,2.773,1.33,,Обычный,2:1
20155566,155566,16.23,,,,,,,,,0.1823,3.204,2.62,0.94,,Обычный,2:1
20155567,155567,16.32,,,,,,,,,0.1542,3.044,2.575,2.88,,Обычный,Нет
20155579,155579,15.66,,,,,,,,,0.1751,3.15,2.599,1.0,,Обычный,Нет
20155877,155877,15.28,,,,,,,,,0.1523,3.067,2.6,0.85,,Обычный,Нет
20155888,155888,15.89,,,,,,,,,0.1584,3.084,2.596,1.55,,Обычный,Нет
20156584,156584,15.44,,,,,,,,,0.088,3.123,2.848,2.48,,Обычный,Нет
20157012,157012,15.56,,,,,,,,,0.18,3.156,2.588,1.98,,Обычный,Нет
20157061,157061,15.43,3.835,0.091,,,,,,,0.184,3.197,2.609,1.36,2-20 км,Обычный,2:1
20157066,157066,15.14,6.868,0.037,,,,,,,0.1658,3.189,2.66,1.63,2-20 км,Обычный,2:1
20157068,157068,15.58,,,,,,,,,0.1638,3.188,2.666,2.29,,Обычный,2:1
20157315,157315,15.47,,,,,,,,,0.1529,3.164,2.68,2.28,,Обычный,Нет
20157420,157420,15.39,,,,,,,,,0.1405,3.15,2.707,1.81,,Обычный,Нет
20157430,157430,15.61,,,,,,,,,0.1644,3.069,2.564,0.71,,Обычный,Нет
20157454,157454,16.02,,,,,,,,,0.1189,3.07,2.705,0.6,,Обычный,Нет
20157510,157510,16.27,,,,,,,,,0.1807,3.13,2.565,0.48,,Обычный,Нет
20157659,157659,15.17,,,,,,,,,0.1324,3.206,2.782,1.15,,Обычный,2:1
20157662,157662,15.4,5.156,0.046,,,,,,,0.1267,3.09,2.699,0.44,2-20 км,Обычный,Нет
20157698,157698,15.51,5.213,0.045,,,,,,,0.1222,3.113,2.733,1.15,2-20 км,Обычный,Нет
20157707,157707,15.65,,,,,,,,,0.1493,3.159,2.687,1.35,,Обычный,Нет
20157724,157724,16.02,,,,,,,,,0.1204,3.19,2.806,2.21,,Обычный,2:1
20157728,157728,15.61,5.042,0.053,,,,,,,0.1621,3.089,2.588,2.35,2-20 км,Обычный,Нет
20157738,157738,15.87,,,,,,,,,0.107,3.113,2.78,2.33,,Обычный,Нет
20157751,157751,15.77,,,,,,,,,0.1341,3.155,2.732,0.73,,Обычный,Нет
20157755,157755,16.01,,,,,,,,,0.1789,3.197,2.625,2.56,,Обычный,2:1
20157760,157760,16.05,,,3.72,,,,,,0.1618,3.148,2.638,0.55,,Обычный,Нет
20157764,157764,16.55,,,,,,,,,0.089,3.031,2.761,1.63,,Обычный,Нет
20157796,157796,15.84,,,,,,,,,0.1109,3.174,2.822,2.53,,Обычный,Нет
20158592,158592,15.8,,,,,,,,,0.1713,3.161,2.619,1.62,,Обычный,Нет
20158771,158771,15.46,,,,,,,,,0.1481,3.089,2.631,2.74,,Обычный,Нет
20158794,158794,15.19,6.355,0.044,3.81,,,,,,0.1486,3.09,2.631,1.4,2-20 км,Обычный,Нет
20158816,158816,16.08,,,,,,,,,0.1712,3.207,2.658,2.09,,Обычный,2:1
20158915,158915,15.83,,,,,,,,,0.153,3.097,2.623,1.91,,Обычный,Нет
20159039,159039,16.18,,,3.72,,,,,,0.127,3.229,2.819,0.71,,Обычный,2:1
20159097,159097,15.85,,,,,,,,,0.1535,3.206,2.713,1.33,,Обычный,2:1
20159104,159104,15.71,,,,,,,,,0.1572,3.054,2.574,3.14,,Обычный,Нет
20159138,159138,15.68,4.924,0.05,,,,,,,0.1853,3.059,2.492,1.79,2-20 км,Обычный,Нет
20159142,159142,15.4,,,,,,,,,0.1204,3.086,2.715,0.53,,Обычный,Нет
20159240,159240,15.68,,,,,,,,,0.0937,3.254,2.949,0.64,,Обычный,2:1
20159244,159244,15.34,,,,,,,,,0.1287,3.17,2.762,2.24,,Обычный,Нет
20159245,159245,16.03,,,,,,,,,0.1311,3.098,2.691,2.09,,Обычный,Нет
20159250,159250,16.1,,,,,,,,,0.122,3.145,2.761,1.5,,Обычный,Нет
20159258,159258,15.57,,,,,,,,,0.1289,3.159,2.752,2.69,,Обычный,Нет
20159264,159264,16.13,,,,,,,,,0.1292,3.123,2.719,2.06,,Обычный,Нет
20159307,159307,15.94,,,,,,,,,0.1282,3.145,2.742,2.21,,Обычный,Нет
20159324,159324,15.9,4.93,0.038,,,,,,,0.1286,3.154,2.748,1.39,2-20 км,Обычный,Нет
20159327,159327,16.24,,,,,,,,,0.1228,3.121,2.738,0.63,,Обычный,Нет
20159358,159358,15.73,,,,,,,,,0.1198,3.104,2.732,0.67,,Обычный,Нет
20159365,159365,15.66,4.704,0.046,,,,,,,0.1816,3.088,2.528,2.76,2-20 км,Обычный,Нет
20159690,159690,15.58,,,,,,,,,0.1715,3.103,2.571,1.55,,Обычный,Нет
20159910,159910,15.73,,,,,,,,,0.1203,3.108,2.734,0.62,,Обычный,Нет
20159993,159993,15.89,,,,,,,,,0.1738,3.123,2.58,2.25,,Обычный,Нет
20160063,160063,16.59,,,,,,,,,0.1565,3.115,2.627,0.85,,Обычный,Нет
20160210,160210,15.3,,,,,,,,,0.1235,3.218,2.821,2.3,,Обычный,2:1
20160219,160219,16.07,,,,,,,,,0.1383,3.237,2.789,1.82,,Обычный,2:1
20160268,160268,15.58,,,,,,,,,0.169,3.156,2.622,2.31,,Обычный,Нет
20160305,160305,15.76,,,,,,,,,0.1228,3.115,2.733,2.49,,Обычный,Нет
20160426,160426,15.43,4.34,0.086,,,,,,,0.1275,3.151,2.749,2.78,2-20 км,Обычный,Нет
20160433,160433,16.44,,,,,,,,,0.137,3.18,2.744,0.57,,Обычный,2:1
20160479,160479,16.28,,,,,,,,,0.0916,3.169,2.879,1.02,,Обычный,Нет
20160613,160613,15.76,,,,,,,,,0.1177,3.101,2.736,2.28,,Обычный,Нет
20160887,160887,15.33,,,,,,,,,0.1439,3.241,2.774,1.02,,Обычный,2:1
20161117,161117,15.59,4.959,0.054,,,,,,,0.1576,3.113,2.622,2.17,2-20 км,Обычный,Нет
20161164,161164,15.72,,,,,,,,,0.1587,3.091,2.6,2.28,,Обычный,Нет
20161214,161214,15.19,,,,,,,,,0.1867,3.212,2.612,2.4,,Обычный,2:1
20161217,161217,15.28,,,,,,,,,0.1671,3.204,2.668,2.44,,Обычный,2:1
20161585,161585,15.87,,,,,,,,,0.1739,3.16,2.611,2.85,,Обычный,Нет
20161610,161610,16.09,,,,,,,,,0.1411,3.138,2.695,2.29,,Обычный,Нет
20161635,161635,15.95,,,,,,,,,0.1787,3.114,2.558,1.6,,Обычный,Нет
20161698,161698,16.05,,,,,,,,,0.1804,3.102,2.542,0.47,,Обычный,Нет
20161699,161699,15.61,,,,,,,,,0.1454,3.221,2.753,0.67,,Обычный,2:1
20161718,161718,16.04,,,,,,,,,0.1517,3.063,2.598,2.32,,Обычный,Нет
20161790,161790,16.17,,,,,,,,,0.1471,3.118,2.659,0.69,,Обычный,Нет
20161911,161911,15.38,,,,,,,,,0.1408,3.102,2.665,2.29,,Обычный,Нет
20162006,162006,15.4,3.834,0.11,,,,,,,0.1871,3.171,2.578,2.69,2-20 км,Обычный,Нет
20162057,162057,15.52,,,,,,,,,0.1755,3.128,2.579,0.51,,Обычный,Нет
20162931,162931,15.72,,,,,,,,,0.1802,3.13,2.566,2.8,,Обычный,Нет
20162948,162948,15.49,6.011,0.041,,,,,,,0.1964,3.199,2.571,2.08,2-20 км,Обычный,2:1
20162981,162981,15.19,6.134,0.062,,,,,,,0.2088,3.191,2.525,2.16,2-20 км,Обычный,2:1
20162987,162987,15.18,6.423,0.051,,,,,,,0.19,3.189,2.583,2.45,2-20 км,Обычный,2:1
20163528,163528,15.11,,,,,,,,,0.1366,3.113,2.688,2.52,,Обычный,Нет
20163626,163626,15.31,5.045,0.069,,,,,,,0.1591,3.196,2.688,2.36,2-20 км,Обычный,2:1
20163637,163637,15.27,6.146,0.043,,,,,,,0.1504,3.086,2.622,1.9,2-20 км,Обычный,Нет
20163643,163643,15.89,,,,,,,,,0.1923,3.119,2.519,2.7,,Обычный,Нет
20163681,163681,15.92,,,,,,,,,0.1824,3.084,2.521,0.95,,Обычный,Нет
20164131,164131,15.4,4.97,0.065,20.6268,,,,,,0.1501,3.108,2.641,1.61,2-20 км,Обычный,Нет
20164135,164135,15.37,4.962,0.079,,,,,,,0.1452,3.156,2.698,2.69,2-20 км,Обычный,Нет
20164190,164190,15.71,4.85,0.047,,,,,,,0.0967,3.114,2.813,1.73,2-20 км,Обычный,Нет
20164195,164195,15.81,,,,,,,,,0.1717,3.079,2.55,2.14,,Обычный,Нет
20164391,164391,15.57,4.573,0.064,,,,,,,0.1247,3.04,2.661,1.86,2-20 км,Обычный,Нет
20164481,164481,15.48,,,,,,,,,0.1565,3.204,2.703,2.09,,Обычный,2:1
20164484,164484,15.77,,,,,,,,,0.1301,3.158,2.747,1.84,,Обычный,Нет
20164529,164529,15.68,,,,,,,,,0.1599,3.182,2.673,1.67,,Обычный,2:1
20164776,164776,15.08,5.335,0.068,,,,,,,0.1586,3.19,2.684,2.2,2-20 км,Обычный,2:1
20164783,164783,15.83,4.539,0.041,,,,,,,0.1159,3.119,2.757,2.1,2-20 км,Обычный,Нет
20165089,165089,15.67,,,,,,,,,0.1358,3.132,2.706,2.2,,Обычный,Нет
20165091,165091,15.73,,,,,,,,,0.1293,3.153,2.745,1.63,,Обычный,Нет
20165126,165126,15.34,,,,,,,,,0.0876,3.072,2.803,3.0,,Обычный,Нет
20165150,165150,15.45,,,,,,,,,0.2008,3.112,2.487,2.16,,Обычный,Нет
20165691,165691,15.39,,,,,,,,,0.1576,3.159,2.661,2.0,,Обычный,Нет
20165712,165712,15.8,,,,,,,,,0.1408,3.223,2.769,1.29,,Обычный,2:1
20165720,165720,15.15,,,,,,,,,0.1773,3.091,2.543,2.74,,Обычный,Нет
20165731,165731,15.16,6.009,0.054,,,,,,,0.1822,3.08,2.519,2.89,2-20 км,Обычный,Нет
20165798,165798,15.52,5.591,0.039,,,,,,,0.148,3.109,2.649,0.8,2-20 км,Обычный,Нет
20165823,165823,15.35,,,,,,,,,0.2043,3.153,2.509,2.12,,Обычный,Нет
20165844,165844,15.85,,,,,,,,,0.1994,3.099,2.481,1.54,,Обычный,Нет
20165850,165850,15.57,,,,,,,,,0.1554,3.232,2.73,1.31,,Обычный,2:1
20165855,165855,15.39,,,,,,,,,0.1392,3.241,2.79,0.85,,Обычный,2:1
20165886,165886,16.14,,,,,,,,,0.1628,3.137,2.626,0.48,,Обычный,Нет
20165887,165887,16.28,,,,,,,,,0.1596,3.184,2.676,0.79,,Обычный,2:1
20165890,165890,15.67,3.98,0.077,,,,,,,0.1355,3.068,2.652,2.25,2-20 км,Обычный,Нет
20166656,166656,16.22,,,,,,,,,0.1928,3.119,2.517,1.97,,Обычный,Нет
20166728,166728,15.58,5.52,0.048,,,,,,,0.158,3.079,2.593,1.01,2-20 км,Обычный,Нет
20166779,166779,15.6,4.195,0.076,,,,,,,0.1437,3.073,2.632,2.68,2-20 км,Обычный,Нет
20166780,166780,15.9,,,,,,,,,0.176,3.154,2.599,1.34,,Обычный,Нет
20166781,166781,15.43,4.721,0.079,,,,,,,0.1326,3.181,2.759,1.71,2-20 км,Обычный,2:1
20166782,166782,15.57,,,4.34,,,,,,0.1747,3.134,2.586,1.79,,Обычный,Нет
20166797,166797,15.77,,,,,,,,,0.153,3.1,2.626,2.23,,Обычный,Нет
20166911,166911,15.77,4.23,0.052,,,,,,,0.1499,3.205,2.725,1.3,2-20 км,Обычный,2:1
20167452,167452,15.52,4.406,0.076,,,,,,,0.1064,3.132,2.799,1.29,2-20 км,Обычный,Нет
20167518,167518,15.52,4.333,0.078,,,,,,,0.1128,3.141,2.786,2.66,2-20 км,Обычный,Нет
20167570,167570,15.66,3.697,0.082,9.9,,,,,,0.1295,3.148,2.741,1.77,2-20 км,Обычный,Нет
20167630,167630,15.84,3.102,0.088,,,,,,,0.1362,3.207,2.77,0.77,2-20 км,Обычный,2:1
20167653,167653,15.73,3.626,0.147,,,,,,,0.1496,3.193,2.715,2.87,2-20 км,Обычный,2:1
20167663,167663,15.64,4.545,0.045,,,,,,,0.1149,3.157,2.794,1.61,2-20 км,Обычный,Нет
20167667,167667,15.77,2.909,0.1,,,,,,,0.1243,3.149,2.758,2.64,2-20 км,Обычный,Нет
20167892,167892,15.05,5.489,0.085,,,,,,,0.1223,3.11,2.73,1.64,2-20 км,Обычный,Нет
20167983,167983,15.44,4.636,0.068,,,,,,,0.1115,3.121,2.773,1.85,2-20 км,Обычный,Нет
20167992,167992,15.79,3.325,0.092,,,,,,,0.124,3.155,2.764,2.48,2-20 км,Обычный,Нет
20168282,168282,15.57,,,,,,,,,0.1599,3.176,2.668,1.61,,Обычный,2:1
20168370,168370,16.05,,,,,,,,,0.1785,3.224,2.649,0.98,,Обычный,2:1
20168374,168374,15.96,,,,,,,,,0.2062,3.176,2.521,2.59,,Обычный,2:1
20168399,168399,15.63,,,,,,,,,0.1379,3.065,2.642,1.63,,Обычный,Нет
20168706,168706,16.14,,,,,,,,,0.1379,3.143,2.71,1.41,,Обычный,Нет
20169142,169142,15.73,,,,,,,,,0.1829,3.049,2.492,2.94,,Обычный,Нет
20169175,169175,15.82,4.808,0.044,,,,,,,0.1841,3.064,2.5,1.32,2-20 км,Обычный,Нет
20169218,169218,15.55,,,,,,,,,0.2118,3.105,2.447,2.9,,Обычный,Нет
20169236,169236,15.63,,,,,,,,,0.1688,3.053,2.538,2.76,,Обычный,Нет
20169246,169246,15.68,,,,,,,,,0.1981,3.136,2.515,0.7,,Обычный,Нет
20169259,169259,15.98,,,,,,,,,0.2016,3.147,2.512,0.44,,Обычный,Нет
20169274,169274,15.85,,,,,,,,,0.1741,3.167,2.615,0.83,,Обычный,Нет
20169277,169277,16.08,,,,,,,,,0.1814,3.122,2.556,1.64,,Обычный,Нет
20169278,169278,16.0,,,,,,,,,0.1757,3.073,2.533,2.19,,Обычный,Нет
20169328,169328,16.44,,,,,,,,,0.1715,3.037,2.516,2.13,,Обычный,Нет
20169344,169344,16.26,,,,,,,,,0.144,3.257,2.788,1.72,,Обычный,2:1
20169363,169363,16.57,,,,,,,,,0.1714,3.077,2.549,0.78,,Обычный,Нет
20169421,169421,15.93,,,,,,,,,0.1519,3.14,2.663,2.0,,Обычный,Нет
20169424,169424,15.39,6.064,0.04,,,,,,,0.1295,3.131,2.726,1.89,2-20 км,Обычный,Нет
20170045,170045,15.77,,,,,,,,,0.1988,3.041,2.437,2.51,,Обычный,Нет
20170136,170136,15.74,,,,,,,,,0.1266,3.156,2.757,0.45,,Обычный,Нет
20170159,170159,15.57,5.817,0.033,,,,,,,0.1126,3.092,2.744,2.51,2-20 км,Обычный,Нет
20170705,170705,15.68,3.688,0.082,,,,,,,0.1237,3.086,2.705,2.79,2-20 км,Обычный,Нет
20170773,170773,15.57,4.9,0.061,,,,,,,0.0866,3.041,2.778,2.87,2-20 км,Обычный,Нет
20170819,170819,15.3,,,,,,,,,0.0974,3.066,2.767,2.55,,Обычный,Нет
20170820,170820,15.56,3.689,0.075,,,,,,,0.1157,3.202,2.832,0.58,2-20 км,Обычный,2:1
20170850,170850,15.78,3.096,0.088,,,,,,,0.1065,3.223,2.88,0.67,2-20 км,Обычный,2:1
20171118,171118,15.93,,,,,,,,,0.1224,3.175,2.786,1.99,,Обычный,Нет
20171134,171134,15.68,3.795,0.071,,,,,,,0.1059,3.076,2.751,2.55,2-20 км,Обычный,Нет
20171135,171135,16.13,,,,,,,,,0.142,3.116,2.674,0.8,,Обычный,Нет
20171139,171139,15.99,3.709,0.056,,,,,,,0.1068,3.152,2.815,2.2,2-20 км,Обычный,Нет
20171162,171162,16.16,,,,,,,,,0.1285,3.152,2.747,2.08,,Обычный,Нет
20171244,171244,15.81,4.526,0.05,,,,,,,0.1204,3.253,2.861,2.02,2-20 км,Обычный,2:1
20171257,171257,15.36,,,2.26,,,,,,0.1084,3.261,2.908,2.27,,Обычный,2:1
20171677,171677,15.41,5.435,0.045,7.528,,,,,,0.1744,3.131,2.585,0.62,2-20 км,Обычный,Нет
20171882,171882,15.77,,,,,,,,,0.1816,3.123,2.556,2.09,,Обычный,Нет
20171896,171896,16.11,,,,,,,,,0.1873,3.09,2.511,1.85,,Обычный,Нет
20171936,171936,15.64,,,,,,,,,0.1551,3.138,2.651,2.45,,Обычный,Нет
20171956,171956,16.05,,,,,,,,,0.1938,3.211,2.589,2.14,,Обычный,2:1
20171960,171960,15.78,,,,,,,,,0.1777,3.104,2.552,2.18,,Обычный,Нет
20172024,172024,15.68,6.017,0.037,,,,,,,0.126,3.114,2.721,2.49,2-20 км,Обычный,Нет
20172033,172033,15.58,4.991,0.049,,,,,,,0.1138,3.243,2.874,1.31,2-20 км,Обычный,2:1
20172074,172074,15.82,,,,,,,,,0.1661,3.18,2.652,0.52,,Обычный,2:1
20172084,172084,15.54,,,,,,,,,0.0964,3.234,2.922,0.55,,Обычный,2:1
20172090,172090,15.82,,,,,,,,,0.1148,3.212,2.843,1.8,,Обычный,2:1
20172409,172409,15.94,,,,,,,,,0.1746,3.166,2.613,2.69,,Обычный,Нет
20172782,172782,15.59,4.546,0.054,,,,,,,0.169,3.1,2.576,2.42,2-20 км,Обычный,Нет
20172798,172798,16.16,,,,,,,,,0.1352,3.055,2.642,2.0,,Обычный,Нет
20173140,173140,15.86,3.226,0.074,84.0,,,,,,0.1208,3.115,2.739,0.58,2-20 км,Обычный,Нет
20173143,173143,16.75,,,,,,,,,0.1749,3.091,2.551,0.53,,Обычный,Нет
20173462,173462,15.42,6.735,0.036,,,,,,,0.18,3.097,2.539,2.65,2-20 км,Обычный,Нет
20173477,173477,15.59,5.33,0.043,,,,,,,0.1533,3.221,2.727,2.17,2-20 км,Обычный,2:1
20173795,173795,15.82,,,,,,,,,0.1866,3.061,2.49,0.58,,Обычный,Нет
20173900,173900,15.63,,,,,,,,,0.1925,3.211,2.593,2.27,,Обычный,2:1
20173912,173912,15.99,,,,,,,,,0.1905,3.124,2.529,2.15,,Обычный,Нет
20173944,173944,16.24,,,,,,,,,0.1976,3.094,2.483,1.26,,Обычный,Нет
20173951,173951,16.04,,,,,,,,,0.1426,3.203,2.746,0.66,,Обычный,2:1
20173967,173967,15.97,,,,,,,,,0.1346,3.143,2.72,3.32,,Обычный,Нет
20173976,173976,15.3,5.041,0.058,,,,,,,0.1849,3.047,2.484,2.33,2-20 км,Обычный,Нет
20173982,173982,16.15,,,,,,,,,0.1682,3.1,2.578,2.18,,Обычный,Нет
20173983,173983,16.37,,,,,,,,,0.1282,3.064,2.671,2.02,,Обычный,Нет
20173986,173986,15.87,,,,,,,,,0.1838,3.165,2.583,2.43,,Обычный,Нет
20173987,173987,16.22,,,,,,,,,0.1563,3.157,2.663,0.86,,Обычный,Нет
20174012,174012,15.91,,,,,,,,,0.1967,3.162,2.54,2.53,,Обычный,Нет
20174062,174062,15.87,,,,,,,,,0.1155,3.083,2.727,2.51,,Обычный,Нет
20174509,174509,15.78,,,,,,,,,0.1647,3.085,2.577,2.89,,Обычный,Нет
20174545,174545,15.72,,,,,,,,,0.0793,3.075,2.831,2.52,,Обычный,Нет
20175075,175075,16.22,,,,,,,,,0.0916,3.113,2.828,1.24,,Обычный,Нет
20175292,175292,15.55,,,,,,,,,0.1915,3.215,2.6,2.99,,Обычный,2:1
20175363,175363,15.26,4.843,0.075,,,,,,,0.1389,3.123,2.689,1.75,2-20 км,Обычный,Нет
20175368,175368,16.24,,,,,,,,,0.1154,3.061,2.708,1.12,,Обычный,Нет
20175373,175373,16.15,,,,,,,,,0.1223,3.168,2.781,0.72,,Обычный,Нет
20175418,175418,15.69,,,,,,,,,0.1352,3.224,2.788,2.09,,Обычный,2:1
20175609,175609,15.99,,,,,,,,,0.1853,3.211,2.616,0.42,,Обычный,2:1
20176301,176301,15.88,,,,,,,,,0.195,3.075,2.475,0.66,,Обычный,Нет
20176468,176468,15.9,,,,,,,,,0.1889,3.137,2.545,1.31,,Обычный,Нет
20176514,176514,15.25,7.503,0.034,,,,,,,0.1505,3.136,2.664,2.69,2-20 км,Обычный,Нет
20176521,176521,16.31,,,,,,,,,0.16,3.15,2.646,1.55,,Обычный,Нет
20176556,176556,16.42,,,,,,,,,0.1811,3.137,2.569,0.47,,Обычный,Нет
20176557,176557,15.54,5.008,0.044,,,,,,,0.1363,3.129,2.702,2.54,2-20 км,Обычный,Нет
20176580,176580,15.67,,,,,,,,,0.1325,3.079,2.671,0.52,,Обычный,Нет
20177054,177054,15.74,,,2.72,,,,,,0.0776,3.165,2.92,2.36,,Обычный,Нет
20177068,177068,16.27,,,,,,,,,0.1553,3.148,2.659,2.5,,Обычный,Нет
20177072,177072,15.83,,,,,,,,,0.092,3.125,2.837,2.22,,Обычный,Нет
20177107,177107,15.69,3.792,0.064,,,,,,,0.1254,3.082,2.695,1.04,2-20 км,Обычный,Нет
20177814,177814,15.51,4.021,0.091,,,,,,,0.1588,3.183,2.678,2.32,2-20 км,Обычный,2:1
20178033,178033,16.06,,,,,,,,,0.1911,3.102,2.51,1.5,,Обычный,Нет
20178165,178165,15.44,4.589,0.064,,,,,,,0.1303,3.268,2.842,0.43,2-20 км,Обычный,2:1
20178168,178168,15.99,,,,,,,,,0.1036,3.105,2.783,2.08,,Обычный,Нет
20178208,178208,15.71,4.344,0.045,,,,,,,0.1155,3.172,2.806,2.58,2-20 км,Обычный,Нет
20178241,178241,16.04,3.572,0.06,,,,,,,0.1468,3.124,2.665,1.14,2-20 км,Обычный,Нет
20178555,178555,15.86,3.939,0.05,,,,,,,0.1665,3.126,2.605,1.33,2-20 км,Обычный,Нет
20178735,178735,16.06,,,,,,,,,0.1583,3.092,2.602,0.41,,Обычный,Нет
20178743,178743,15.84,,,,,,,,,0.1564,3.097,2.613,2.17,,Обычный,Нет
20179270,179270,16.17,,,,,,,,,0.156,3.143,2.653,0.54,,Обычный,Нет
20179312,179312,16.69,,,,,,,,,0.2012,3.055,2.44,2.55,,Обычный,Нет
20179360,179360,16.31,,,,,,,,,0.113,3.109,2.758,1.88,,Обычный,Нет
20179363,179363,16.37,,,,,,,,,0.1538,3.099,2.623,0.96,,Обычный,Нет
20179384,179384,16.3,,,,,,,,,0.1801,3.102,2.543,2.53,,Обычный,Нет
20179385,179385,16.26,,,,,,,,,0.1837,3.137,2.56,2.43,,Обычный,Нет
20179425,179425,16.32,,,,,,,,,0.164,3.111,2.601,1.26,,Обычный,Нет
20179455,179455,15.98,,,,,,,,,0.1324,3.113,2.701,1.95,,Обычный,Нет
20179498,179498,16.15,,,,,,,,,0.1289,3.13,2.727,1.36,,Обычный,Нет
20179527,179527,16.61,,,,,,,,,0.1269,3.205,2.799,2.48,,Обычный,2:1
20179528,179528,16.3,,,,,,,,,0.1137,3.096,2.744,2.54,,Обычный,Нет
20179535,179535,15.78,,,,,,,,,0.1291,3.134,2.729,2.24,,Обычный,Нет
20179537,179537,15.92,,,11.37,,,,,,0.1169,3.114,2.75,0.41,,Обычный,Нет
20179553,179553,15.54,4.531,0.054,,,,,,,0.145,3.199,2.735,2.34,2-20 км,Обычный,2:1
20179561,179561,15.67,4.13,0.05,,,,,,,0.1605,3.201,2.687,2.02,2-20 км,Обычный,2:1
20180099,180099,15.33,4.389,0.084,,,,,,,0.1177,3.147,2.776,2.78,2-20 км,Обычный,Нет
20180109,180109,15.92,,,,,,,,,0.1243,3.098,2.713,1.93,,Обычный,Нет
20180143,180143,15.64,4.807,0.044,,,,,,,0.1794,3.177,2.607,1.59,2-20 км,Обычный,2:1
20180176,180176,15.53,4.5,0.066,,,,,,,0.1832,3.188,2.604,1.43,2-20 км,Обычный,2:1
20180762,180762,15.79,3.288,0.103,,,,,,,0.1751,3.142,2.592,2.18,2-20 км,Обычный,Нет
20180770,180770,16.29,3.026,0.064,,,,,,,0.1604,3.141,2.637,1.51,2-20 км,Обычный,Нет
20180782,180782,16.11,,,,,,,,,0.1532,3.075,2.604,1.92,,Обычный,Нет
20181151,181151,15.61,3.773,0.086,,,,,,,0.1607,3.084,2.589,0.68,2-20 км,Обычный,Нет
20181162,181162,15.66,4.562,0.054,,,,,,,0.1125,3.206,2.845,2.01,2-20 км,Обычный,2:1
20181252,181252,15.96,,,,,,,,,0.1476,3.225,2.749,2.17,,Обычный,2:1
20181259,181259,15.87,3.486,0.084,,,,,,,0.1621,3.04,2.547,2.29,2-20 км,Обычный,Нет
20181267,181267,16.1,,,,,,,,,0.1712,3.097,2.566,0.53,,Обычный,Нет
20181488,181488,16.52,,,,,,,,,0.1874,3.107,2.525,1.58,,Обычный,Нет
20181498,181498,16.12,,,,,,,,,0.1258,3.131,2.737,1.55,,Обычный,Нет
20181528,181528,16.24,,,,,,,,,0.1826,3.173,2.594,2.18,,Обычный,Нет
20181572,181572,15.99,,,,,,,,,0.1683,3.176,2.641,1.94,,Обычный,2:1
20181590,181590,15.72,3.666,0.076,,,,,,,0.1495,3.094,2.631,2.07,2-20 км,Обычный,Нет
20181609,181609,16.26,,,,,,,,,0.0974,3.046,2.749,2.6,,Обычный,Нет
20181768,181768,16.38,,,,,,,,,0.154,3.094,2.617,1.21,,Обычный,Нет
20181917,181917,16.17,,,,,,,,,0.1327,3.163,2.744,0.91,,Обычный,Нет
20181986,181986,15.88,,,,,,,,,0.1628,3.109,2.603,2.15,,Обычный,Нет
20182228,182228,15.66,,,,,,,,,0.1578,3.166,2.667,2.0,,Обычный,Нет
20182619,182619,16.36,,,,,,,,,0.1819,3.17,2.593,1.86,,Обычный,Нет
20182621,182621,16.18,,,,,,,,,0.172,3.108,2.574,2.19,,Обычный,Нет
20182672,182672,16.71,,,,,,,,,0.151,3.066,2.602,1.8,,Обычный,Нет
20182848,182848,15.68,5.339,0.043,,,,,,,0.1154,3.196,2.828,1.82,2-20 км,Обычный,2:1
20182851,182851,16.1,,,,,,,,,0.1573,3.197,2.694,2.42,,Обычный,2:1
20182859,182859,15.67,,,,,,,,,0.1253,3.149,2.754,2.42,,Обычный,Нет
20182864,182864,16.43,,,,,,,,,0.121,3.1,2.725,0.71,,Обычный,Нет
20182893,182893,16.13,,,,,,,,,0.1183,3.18,2.804,1.73,,Обычный,2:1
20182897,182897,15.75,,,,,,,,,0.1572,3.101,2.613,1.42,,Обычный,Нет
20182915,182915,16.09,,,,,,,,,0.1305,3.092,2.688,2.56,,Обычный,Нет
20182922,182922,16.16,,,,,,,,,0.0775,3.223,2.973,1.7,,Обычный,2:1
20182952,182952,15.81,,,,,,,,,0.094,3.189,2.889,2.02,,Обычный,2:1
20183505,183505,16.4,,,,,,,,,0.1101,3.058,2.721,1.21,,Обычный,Нет
20183967,183967,15.57,3.456,0.102,,,,,,,0.1207,3.128,2.751,2.39,2-20 км,Обычный,Нет
20184203,184203,16.14,,,,,,,,,0.2015,3.064,2.446,2.31,,Обычный,Нет
20184252,184252,16.22,,,,,,,,,0.1616,3.099,2.598,0.7,,Обычный,Нет
20184255,184255,15.63,,,,,,,,,0.1434,3.097,2.653,3.13,,Обычный,Нет
20184531,184531,15.76,,,,,,,,,0.1914,3.145,2.543,2.38,,Обычный,Нет
20184561,184561,16.21,,,,,,,,,0.1665,3.134,2.612,2.34,,Обычный,Нет
20184633,184633,15.73,,,,,,,,,0.1445,3.141,2.687,2.26,,Обычный,Нет
20184658,184658,15.71,,,,,,,,,0.1886,3.177,2.578,1.64,,Обычный,2:1
20184677,184677,16.21,,,,,,,,,0.1748,3.214,2.652,1.81,,Обычный,2:1
20184714,184714,15.97,,,,,,,,,0.0857,3.136,2.867,2.21,,Обычный,Нет
20184781,184781,16.12,,,,,,,,,0.1556,3.041,2.568,2.17,,Обычный,Нет
20184789,184789,15.71,4.318,0.055,,,,,,,0.1262,3.136,2.74,2.12,2-20 км,Обычный,Нет
20184806,184806,15.92,,,,,,,,,0.1477,3.168,2.7,2.37,,Обычный,Нет
20184808,184808,16.07,,,,,,,,,0.1255,3.102,2.713,1.1,,Обычный,Нет
20184832,184832,16.07,,,,,,,,,0.1571,3.067,2.585,2.38,,Обычный,Нет
20184881,184881,16.46,,,,,,,,,0.1281,3.048,2.657,1.99,,Обычный,Нет
20184887,184887,16.05,2.615,0.113,,,,,,,0.1684,3.116,2.591,2.09,2-20 км,Обычный,Нет
20184905,184905,15.88,,,,,,,,,0.1215,3.149,2.766,2.36,,Обычный,Нет
20184953,184953,15.63,4.791,0.058,6.09104,,,,,,0.1665,3.102,2.585,2.2,2-20 км,Обычный,Нет
20184996,184996,15.91,3.644,0.064,,,,,,,0.1924,3.116,2.516,1.45,2-20 км,Обычный,Нет
20185067,185067,16.23,,,,,,,,,0.1376,3.111,2.683,1.68,,Обычный,Нет
20185131,185131,16.14,4.316,0.038,,,,,,,0.1529,3.144,2.663,0.55,2-20 км,Обычный,Нет
20185329,185329,16.47,,,,,,,,,0.1561,3.149,2.657,0.86,,Обычный,Нет
20185371,185371,16.54,,,,,,,,,0.1775,3.119,2.566,2.4,,Обычный,Нет
20185406,185406,15.74,3.924,0.072,,,,,,,0.1623,3.153,2.642,1.91,2-20 км,Обычный,Нет
20185454,185454,16.5,,,,,,,,,0.1554,3.111,2.627,2.32,,Обычный,Нет
20185455,185455,16.43,,,,,,,,,0.2074,3.169,2.512,1.92,,Обычный,Нет
20185502,185502,15.58,4.437,0.068,,,,,,,0.1276,3.139,2.739,0.99,2-20 км,Обычный,Нет
20185755,185755,15.97,2.893,0.101,,,,,,,0.1777,3.138,2.58,1.41,2-20 км,Обычный,Нет
20186300,186300,15.89,,,,,,,,,0.1199,3.047,2.682,2.51,,Обычный,Нет
20186309,186309,16.09,,,,,,,,,0.1164,3.113,2.75,2.47,,Обычный,Нет
20186333,186333,16.22,,,,,,,,,0.1249,3.163,2.768,1.93,,Обычный,Нет
20186334,186334,16.39,,,,,,,,,0.1158,3.102,2.743,2.13,,Обычный,Нет
20186338,186338,15.87,,,,,,,,,0.1142,3.196,2.831,1.42,,Обычный,2:1
20186931,186931,15.45,4.544,0.065,,,,,,,0.1856,3.193,2.601,2.66,2-20 км,Обычный,2:1
20186980,186980,16.01,,,,,,,,,0.211,3.162,2.495,0.74,,Обычный,Нет
20187013,187013,15.89,,,,,,,,,0.186,3.091,2.516,3.04,,Обычный,Нет
20187177,187177,16.26,,,,,,,,,0.1429,3.112,2.667,1.5,,Обычный,Нет
20187202,187202,15.9,5.362,0.032,,,,,,,0.1411,3.057,2.626,1.05,2-20 км,Обычный,Нет
20187245,187245,16.01,,,1.07,,,,,,0.1321,3.118,2.706,2.47,,Обычный,Нет
20187299,187299,16.16,,,,,,,,,0.1389,3.109,2.677,2.38,,Обычный,Нет
20187383,187383,16.03,,,,,,,,,0.1308,3.134,2.724,2.45,,Обычный,Нет
20187429,187429,15.83,,,,,,,,,0.1352,3.085,2.668,1.95,,Обычный,Нет
20187451,187451,15.6,4.337,0.065,,,,,,,0.1602,3.204,2.691,3.0,2-20 км,Обычный,2:1
20187460,187460,16.28,,,,,,,,,0.1086,3.206,2.858,2.3,,Обычный,2:1
20187467,187467,15.81,,,,,,,,,0.1769,3.136,2.581,1.97,,Обычный,Нет
20187730,187730,16.19,,,,,,,,,0.1087,3.223,2.872,0.79,,Обычный,2:1
20187922,187922,15.72,4.183,0.064,,,,,,,0.1561,3.143,2.653,3.43,2-20 км,Обычный,Нет
20188134,188134,15.72,,,,,,,,,0.1366,3.195,2.759,1.79,,Обычный,2:1
20188147,188147,15.71,,,,,,,,,0.165,3.152,2.632,0.58,,Обычный,Нет
20188154,188154,16.12,,,,,,,,,0.1131,3.145,2.79,1.17,,Обычный,Нет
20188173,188173,15.68,,,,,,,,,0.1339,3.059,2.649,2.2,,Обычный,Нет
20188496,188496,16.04,2.956,0.088,,,,,,,0.1964,3.2,2.571,2.33,2-20 км,Обычный,2:1
20188502,188502,16.4,,,,,,,,,0.1742,3.108,2.567,1.94,,Обычный,Нет
20188511,188511,16.22,,,,,,,,,0.1778,3.075,2.529,2.19,,Обычный,Нет
20188533,188533,16.12,,,12.5,,,,,,0.1488,3.157,2.688,1.02,,Обычный,Нет
20188541,188541,15.61,,,,,,,,,0.2009,3.195,2.554,1.8,,Обычный,2:1
20188671,188671,16.61,,,,,,,,,0.1147,3.082,2.729,1.92,,Обычный,Нет
20188712,188712,15.78,,,,,,,,,0.0834,3.237,2.967,1.94,,Обычный,2:1
20188758,188758,16.24,,,,,,,,,0.1278,3.108,2.711,0.44,,Обычный,Нет
20188832,188832,15.85,,,,,,,,,0.1679,3.116,2.593,1.86,,Обычный,Нет
20188984,188984,16.04,,,,,,,,,0.1553,3.158,2.668,2.38,,Обычный,Нет
20189072,189072,16.41,,,,,,,,,0.1261,3.096,2.705,0.6,,Обычный,Нет
20189199,189199,15.47,5.345,0.056,,,,,,,0.1656,3.09,2.578,2.21,2-20 км,Обычный,Нет
20189409,189409,16.27,,,,,,,,,0.1893,3.109,2.521,1.0,,Обычный,Нет
20189914,189914,15.95,3.765,0.05,,,,,,,0.105,3.084,2.76,1.88,2-20 км,Обычный,Нет
20189951,189951,15.64,4.319,0.072,,,,,,,0.146,3.197,2.73,1.5,2-20 км,Обычный,2:1
20190221,190221,15.56,3.683,0.082,,,,,,,0.126,3.037,2.654,1.36,2-20 км,Обычный,Нет
20190245,190245,16.01,,,,,,,,,0.1663,3.194,2.662,1.51,,Обычный,2:1
20190252,190252,15.6,,,,,,,,,0.1521,3.168,2.686,2.76,,Обычный,Нет
20190308,190308,16.2,,,,,,,,,0.1616,3.149,2.64,1.81,,Обычный,Нет
20190354,190354,15.81,3.302,0.085,,,,,,,0.1613,3.169,2.658,2.69,2-20 км,Обычный,Нет
20190454,190454,16.0,,,,,,,,,0.1085,3.174,2.83,0.78,,Обычный,Нет
20190697,190697,15.0,5.287,0.083,4.66,,,,,,0.1278,3.061,2.669,2.36,2-20 км,Обычный,Нет
20191118,191118,15.72,,,,,,,,,0.1256,3.212,2.809,1.99,,Обычный,2:1
20191217,191217,15.15,4.224,0.119,,,,,,,0.1833,3.24,2.646,2.41,2-20 км,Обычный,2:1
20191452,191452,15.28,5.23,0.059,,,,,,,0.2067,3.103,2.462,2.3,2-20 км,Обычный,Нет
20191510,191510,15.6,4.975,0.045,,,,,,,0.1485,3.167,2.696,2.46,2-20 км,Обычный,Нет
20191522,191522,15.74,,,,,,,,,0.1785,3.153,2.59,2.38,,Обычный,Нет
20191544,191544,15.81,,,,,,,,,0.1571,3.11,2.621,0.99,,Обычный,Нет
20191560,191560,16.21,3.751,0.05,,,,,,,0.1799,3.11,2.551,2.59,2-20 км,Обычный,Нет
20191568,191568,15.92,,,,,,,,,0.1941,3.125,2.519,2.25,,Обычный,Нет
20191577,191577,16.16,4.12,0.041,,,,,,,0.1654,3.232,2.698,1.8,2-20 км,Обычный,2:1
20191581,191581,16.05,,,,,,,,,0.1636,3.102,2.594,0.55,,Обычный,Нет
20191905,191905,16.17,3.464,0.053,,,,,,,0.123,3.092,2.712,1.32,2-20 км,Обычный,Нет
20192078,192078,15.68,,,,,,,,,0.1242,3.132,2.743,2.61,,Обычный,Нет
20192092,192092,15.83,,,,,,,,,0.1283,3.146,2.742,2.46,,Обычный,Нет
20192191,192191,15.62,,,,,,,,,0.1624,3.13,2.622,1.86,,Обычный,Нет
20192387,192387,16.18,,,,,,,,,0.1518,3.156,2.677,0.86,,Обычный,Нет
20192445,192445,15.88,3.429,0.086,,,,,,,0.1613,3.117,2.614,2.53,2-20 км,Обычный,Нет
20192455,192455,15.72,4.46,0.056,,,,,,,0.17,3.237,2.687,2.18,2-20 км,Обычный,2:1
20192589,192589,15.33,4.961,0.072,,,,,,,0.13,3.183,2.769,1.51,2-20 км,Обычный,2:1
20192947,192947,16.38,3.674,0.036,,,,,,,0.1254,3.057,2.674,0.64,2-20 км,Обычный,Нет
20193000,193000,15.9,,,,,,,,,0.1316,3.09,2.683,1.43,,Обычный,Нет
20193030,193030,15.87,,,,,,,,,0.1525,3.11,2.635,0.84,,Обычный,Нет
20193067,193067,15.75,4.014,0.076,,,,,,,0.1728,3.091,2.557,1.87,2-20 км,Обычный,Нет
20193076,193076,15.85,3.36,0.082,,,,,,,0.1057,3.087,2.76,0.74,2-20 км,Обычный,Нет
20193117,193117,15.68,4.734,0.05,,,,,,,0.1381,3.192,2.752,0.65,2-20 км,Обычный,2:1
20193141,193141,15.43,4.53,0.086,,,,,,,0.1166,3.155,2.788,2.59,2-20 км,Обычный,Нет
20193162,193162,15.28,4.987,0.078,,,,,,,0.1275,3.204,2.795,2.28,2-20 км,Обычный,2:1
20193732,193732,16.11,,,,,,,,,0.1719,3.073,2.545,1.12,,Обычный,Нет
20194010,194010,15.76,,,,,,,,,0.1801,3.198,2.623,2.64,,Обычный,2:1
20195679,195679,15.89,,,,,,,,,0.154,3.066,2.594,1.95,,Обычный,Нет
20195816,195816,15.83,,,,,,,,,0.1896,3.111,2.521,1.74,,Обычный,Нет
20195819,195819,15.94,,,,,,,,,0.1601,3.125,2.624,2.57,,Обычный,Нет
20195822,195822,15.88,4.052,0.062,,,,,,,0.1624,3.096,2.593,2.79,2-20 км,Обычный,Нет
20195830,195830,16.03,,,,,,,,,0.1409,3.139,2.696,1.9,,Обычный,Нет
20195839,195839,16.04,,,,,,,,,0.1356,3.095,2.675,2.22,,Обычный,Нет
20195850,195850,16.32,,,,,,,,,0.1148,3.154,2.792,0.97,,Обычный,Нет
20195882,195882,15.87,,,,,,,,,0.2007,3.131,2.502,1.33,,Обычный,Нет
20195902,195902,15.58,,,,,,,,,0.1647,3.193,2.667,2.22,,Обычный,2:1
20195969,195969,16.38,,,,,,,,,0.1546,3.082,2.605,0.92,,Обычный,Нет
20195977,195977,15.47,4.71,0.073,,,,,,,0.1908,3.211,2.598,2.72,2-20 км,Обычный,2:1
20195981,195981,15.97,,,,,,,,,0.154,3.118,2.638,2.53,,Обычный,Нет
20195988,195988,15.83,,,,,,,,,0.1696,3.11,2.582,2.51,,Обычный,Нет
20195989,195989,15.91,,,,,,,,,0.1702,3.143,2.608,1.56,,Обычный,Нет
20196000,196000,16.16,3.714,0.067,,,,,,,0.1804,3.069,2.515,1.41,2-20 км,Обычный,Нет
20196027,196027,15.6,,,,,,,,,0.1576,3.207,2.702,1.98,,Обычный,2:1
20196031,196031,16.1,,,,,,,,,0.187,3.098,2.519,1.95,,Обычный,Нет
20196033,196033,15.63,,,,,,,,,0.1576,3.224,2.716,2.37,,Обычный,2:1
20196083,196083,15.74,5.383,0.038,,,,,,,0.1405,3.25,2.793,0.68,2-20 км,Обычный,2:1
20196179,196179,15.81,5.16,0.042,,,,,,,0.1657,3.161,2.637,1.61,2-20 км,Обычный,Нет
20196763,196763,16.18,3.653,0.053,,,,,,,0.1727,3.124,2.585,0.99,2-20 км,Обычный,Нет
20196936,196936,15.52,5.323,0.047,,,,,,,0.1579,3.1,2.611,2.33,2-20 км,Обычный,Нет
20196940,196940,15.57,4.604,0.058,,,,,,,0.1333,3.229,2.798,1.31,2-20 км,Обычный,2:1
20197005,197005,15.7,5.136,0.046,,,,,,,0.1539,3.043,2.574,2.13,2-20 км,Обычный,Нет
20197062,197062,15.67,3.09,0.106,,,,,,,0.1423,3.234,2.774,1.51,2-20 км,Обычный,2:1
20197250,197250,15.96,,,,,,,,,0.1531,3.141,2.66,2.32,,Обычный,Нет
20197370,197370,15.94,,,,,,,,,0.1433,3.031,2.596,2.63,,Обычный,Нет
20197396,197396,15.5,5.607,0.047,4.95,,,,,,0.1495,3.05,2.594,2.32,2-20 км,Обычный,Нет
20197402,197402,15.79,4.955,0.041,3.9,,,,,,0.1416,3.133,2.689,1.93,2-20 км,Обычный,Нет
20197414,197414,15.64,4.601,0.063,,,,,,,0.1545,3.113,2.632,2.55,2-20 км,Обычный,Нет
20197440,197440,15.37,5.854,0.062,,,,,,,0.1165,3.131,2.766,2.3,2-20 км,Обычный,Нет
20197481,197481,15.73,,,,,,,,,0.1786,3.181,2.613,2.53,,Обычный,2:1
20197511,197511,15.97,,,,,,,,,0.1655,3.197,2.668,1.61,,Обычный,2:1
20197525,197525,16.36,,,,,,,,,0.1494,3.085,2.624,0.61,,Обычный,Нет
20197542,197542,15.87,4.576,0.053,,,,,,,0.1737,3.103,2.564,2.37,2-20 км,Обычный,Нет
20197577,197577,16.05,,,,,,,,,0.1544,3.2,2.706,0.53,,Обычный,2:1
20198672,198672,15.88,,,,,,,,,0.1409,3.152,2.708,2.43,,Обычный,Нет
20198703,198703,15.8,,,,,,,,,0.1327,3.191,2.768,2.03,,Обычный,2:1
20198730,198730,16.04,3.548,0.067,,,,,,,0.0991,3.091,2.785,0.49,2-20 км,Обычный,Нет
20198733,198733,15.99,3.759,0.055,,,,,,,0.1245,3.105,2.718,0.51,2-20 км,Обычный,Нет
20198736,198736,15.56,4.579,0.058,,,,,,,0.1312,3.159,2.744,0.71,2-20 км,Обычный,Нет
20198746,198746,15.24,5.384,0.061,,,,,,,0.1488,3.195,2.72,2.03,2-20 км,Обычный,2:1
20198757,198757,15.82,3.307,0.102,,,,,,,0.1271,3.154,2.753,2.01,2-20 км,Обычный,Нет
20198781,198781,16.36,,,,,,,,,0.1534,3.131,2.65,2.17,,Обычный,Нет
20198785,198785,15.74,3.955,0.065,,,,,,,0.1582,3.169,2.668,2.68,2-20 км,Обычный,Нет
20198793,198793,15.66,3.085,0.097,,,,,,,0.1696,3.145,2.611,1.75,2-20 км,Обычный,Нет
20198794,198794,15.86,,,,,,,,,0.1477,3.139,2.675,2.05,,Обычный,Нет
20198795,198795,16.01,,,,,,,,,0.1067,3.112,2.78,1.15,,Обычный,Нет
20198811,198811,15.9,3.619,0.078,,,,,,,0.1552,3.157,2.667,2.33,2-20 км,Обычный,Нет
20198847,198847,16.12,,,,,,,,,0.1463,3.158,2.696,0.83,,Обычный,Нет
20198853,198853,16.15,2.795,0.075,,,,,,,0.1129,3.073,2.726,0.54,2-20 км,Обычный,Нет
20198971,198971,16.47,,,,,,,,,0.1334,3.058,2.65,1.36,,Обычный,Нет
20199333,199333,16.23,,,,,,,,,0.0932,3.072,2.786,0.97,,Обычный,Нет
20199383,199383,16.35,,,,,,,,,0.1461,3.155,2.694,2.62,,Обычный,Нет
20199432,199432,15.7,,,,,,,,,0.1384,3.099,2.67,2.47,,Обычный,Нет
20199495,199495,15.93,,,,,,,,,0.13,3.089,2.688,1.03,,Обычный,Нет
20199534,199534,15.7,,,,,,,,,0.1143,3.098,2.744,2.64,,Обычный,Нет
20199644,199644,15.79,5.209,0.031,,,,,,,0.1472,3.12,2.661,2.13,2-20 км,Обычный,Нет
20199672,199672,15.76,,,,,,,,,0.1369,3.066,2.647,2.86,,Обычный,Нет
20199687,199687,16.06,,,,,,,,,0.1201,3.084,2.714,2.57,,Обычный,Нет
20199698,199698,15.79,,,,,,,,,0.1356,3.209,2.774,0.56,,Обычный,2:1
20199705,199705,15.66,,,,,,,,,0.136,3.117,2.693,2.56,,Обычный,Нет
20199774,199774,15.93,,,,,,,,,0.1177,3.105,2.74,1.51,,Обычный,Нет
20199912,199912,16.03,,,,,,,,,0.1726,3.164,2.618,1.08,,Обычный,Нет
20199935,199935,16.01,,,,,,,,,0.1667,3.171,2.642,2.44,,Обычный,Нет
20199969,199969,16.37,,,,,,,,,0.1558,3.174,2.679,2.0,,Обычный,Нет
20199970,199970,16.4,,,,,,,,,0.1293,3.114,2.712,1.94,,Обычный,Нет
20200054,200054,15.61,,,,,,,,,0.1821,3.198,2.616,2.94,,Обычный,2:1
20200165,200165,16.57,,,,,,,,,0.0894,3.025,2.754,0.5,,Обычный,Нет
20200173,200173,16.17,,,,,,,,,0.1561,3.107,2.622,0.68,,Обычный,Нет
20201169,201169,16.38,,,,,,,,,0.1544,3.055,2.583,2.15,,Обычный,Нет
20201285,201285,16.17,,,,,,,,,0.189,3.129,2.537,2.29,,Обычный,Нет
20201385,201385,16.16,,,,,,,,,0.154,3.054,2.584,2.6,,Обычный,Нет
20201389,201389,15.65,5.105,0.047,,,,,,,0.1632,3.103,2.597,2.35,2-20 км,Обычный,Нет
20201415,201415,15.53,4.894,0.056,,,,,,,0.1678,3.185,2.65,2.77,2-20 км,Обычный,2:1
20201663,201663,16.36,3.748,0.038,,,,,,,0.1549,3.117,2.634,2.29,2-20 км,Обычный,Нет
20201855,201855,15.85,4.809,0.053,,,,,,,0.1472,3.096,2.641,0.42,2-20 км,Обычный,Нет
20201886,201886,16.43,,,,,,,,,0.1577,3.158,2.66,2.39,,Обычный,Нет
20201901,201901,16.16,3.478,0.053,,,,,,,0.1676,3.188,2.654,1.3,2-20 км,Обычный,2:1
20201924,201924,15.57,5.394,0.061,,,,,,,0.1842,3.134,2.557,2.33,2-20 км,Обычный,Нет
20202336,202336,15.58,,,,,,,,,0.1456,3.147,2.689,2.1,,Обычный,Нет
20202360,202360,15.66,3.573,0.087,,,,,,,0.1274,3.154,2.752,2.45,2-20 км,Обычный,Нет
20202384,202384,16.16,2.962,0.073,,,,,,,0.1344,3.184,2.756,1.18,2-20 км,Обычный,2:1
20202397,202397,16.36,2.926,0.062,12.31,,,,,,0.1376,3.109,2.681,0.64,2-20 км,Обычный,Нет
20202581,202581,16.14,,,,,,,,,0.1706,3.133,2.598,1.86,,Обычный,Нет
20202622,202622,15.96,,,,,,,,,0.1542,3.115,2.635,1.81,,Обычный,Нет
20202628,202628,15.91,,,,,,,,,0.1737,3.105,2.566,2.27,,Обычный,Нет
20202631,202631,16.33,,,,,,,,,0.1335,3.117,2.701,2.56,,Обычный,Нет
20202644,202644,16.48,,,,,,,,,0.1412,3.107,2.668,1.03,,Обычный,Нет
20202645,202645,15.85,,,,,,,,,0.1564,3.219,2.716,3.08,,Обычный,2:1
20202841,202841,16.19,2.773,0.091,,,,,,,0.1474,3.111,2.653,1.53,2-20 км,Обычный,Нет
20202921,202921,15.8,3.44,0.069,,,,,,,0.1292,3.114,2.711,2.08,2-20 км,Обычный,Нет
20203053,203053,16.19,,,,,,,,,0.1822,3.206,2.622,1.05,,Обычный,2:1
20203062,203062,16.32,,,,,,,,,0.128,3.095,2.699,2.5,,Обычный,Нет
20203841,203841,15.93,3.631,0.064,,,,,,,0.1477,3.097,2.64,1.19,2-20 км,Обычный,Нет
20203874,203874,15.66,,,,,,,,,0.1753,3.198,2.638,1.31,,Обычный,2:1
20203879,203879,15.97,,,,,,,,,0.1575,3.195,2.692,3.07,,Обычный,2:1
20204159,204159,16.21,2.824,0.08,,,,,,,0.1405,3.169,2.724,1.02,2-20 км,Обычный,Нет
20204169,204169,15.98,4.392,0.048,7.62,,,,,,0.1313,3.101,2.694,1.74,2-20 км,Обычный,Нет
20204170,204170,16.47,,,,,,,,,0.1416,3.167,2.718,2.15,,Обычный,Нет
20204174,204174,15.69,4.815,0.048,,,,,,,0.111,3.142,2.793,1.8,2-20 км,Обычный,Нет
20204175,204175,16.02,3.263,0.095,,,,,,,0.1496,3.131,2.663,1.93,2-20 км,Обычный,Нет
20204221,204221,16.06,4.28,0.042,,,,,,,0.1187,3.079,2.714,2.25,2-20 км,Обычный,Нет
20204231,204231,16.36,,,,,,,,,0.093,3.171,2.876,1.75,,Обычный,Нет
20204237,204237,15.81,4.599,0.052,,,,,,,0.0919,3.069,2.787,2.93,2-20 км,Обычный,Нет
20204238,204238,15.83,3.593,0.086,,,,,,,0.1212,3.209,2.82,2.39,2-20 км,Обычный,2:1
20204247,204247,15.98,2.943,0.085,,,,,,,0.1114,3.097,2.752,2.3,2-20 км,Обычный,Нет
20204249,204249,15.71,3.634,0.093,,,,,,,0.1154,3.119,2.759,2.27,2-20 км,Обычный,Нет
20204250,204250,15.77,3.316,0.077,,,,,,,0.1197,3.155,2.777,1.55,2-20 км,Обычный,Нет
20204257,204257,15.63,4.724,0.06,,,,,,,0.093,3.152,2.858,2.59,2-20 км,Обычный,Нет
20204270,204270,15.57,4.371,0.064,,,,,,,0.1159,3.177,2.809,1.67,2-20 км,Обычный,2:1
20204272,204272,16.27,,,,,,,,,0.1292,3.16,2.752,1.48,,Обычный,Нет
20204754,204754,15.88,5.545,0.025,,,,,,,0.1801,3.099,2.541,3.07,2-20 км,Обычный,Нет
20204842,204842,15.72,,,,,,,,,0.1483,3.159,2.69,2.26,,Обычный,Нет
20204865,204865,15.73,,,,,,,,,0.1182,3.225,2.844,2.25,,Обычный,2:1
20204867,204867,15.98,,,,,,,,,0.1837,3.143,2.565,2.12,,Обычный,Нет
20204876,204876,15.94,,,,,,,,,0.1636,3.224,2.697,0.69,,Обычный,2:1
20204882,204882,15.77,,,,,,,,,0.1483,3.159,2.69,2.05,,Обычный,Нет
20204883,204883,16.02,3.213,0.062,,,,,,,0.121,3.129,2.751,0.83,2-20 км,Обычный,Нет
20205050,205050,15.65,4.969,0.045,,,,,,,0.1124,3.12,2.77,2.3,2-20 км,Обычный,Нет
20205456,205456,15.72,,,,,,,,,0.1998,3.104,2.484,1.66,,Обычный,Нет
20205510,205510,15.91,4.699,0.042,,,,,,,0.1377,3.135,2.704,2.35,2-20 км,Обычный,Нет
20205516,205516,16.05,,,,,,,,,0.162,3.169,2.656,1.3,,Обычный,Нет
20205524,205524,16.37,,,,,,,,,0.1827,3.087,2.523,0.77,,Обычный,Нет
20205540,205540,15.91,,,,,,,,,0.1621,3.138,2.629,1.82,,Обычный,Нет
20205544,205544,16.08,,,,,,,,,0.1493,3.145,2.676,1.72,,Обычный,Нет
20205552,205552,16.02,,,,,,,,,0.1815,3.152,2.579,2.35,,Обычный,Нет
20205605,205605,16.09,,,,,,,,,0.1693,3.164,2.629,2.5,,Обычный,Нет
20205633,205633,16.22,,,,,,,,,0.1083,3.152,2.81,0.63,,Обычный,Нет
20205978,205978,15.78,,,,,,,,,0.1835,3.211,2.622,2.46,,Обычный,2:1
20206203,206203,16.1,4.055,0.043,,,,,,,0.1609,3.08,2.584,1.06,2-20 км,Обычный,Нет
20206234,206234,16.39,,,,,,,,,0.1889,3.106,2.519,0.98,,Обычный,Нет
20206272,206272,15.38,,,,,,,,,0.1498,3.128,2.659,2.86,,Обычный,Нет
20206296,206296,16.19,,,,,,,,,0.137,3.119,2.691,1.51,,Обычный,Нет
20206659,206659,16.12,3.126,0.072,,,,,,,0.1258,3.16,2.763,2.51,2-20 км,Обычный,Нет
20206748,206748,16.4,3.188,0.058,,,,,,,0.1788,3.142,2.58,2.55,2-20 км,Обычный,Нет
20206838,206838,16.37,,,,,,,,,0.145,3.146,2.69,1.32,,Обычный,Нет
20206851,206851,16.13,3.38,0.056,,,,,,,0.1312,3.176,2.759,0.6,2-20 км,Обычный,2:1
20206864,206864,16.24,3.368,0.057,,,,,,,0.1032,3.238,2.904,1.02,2-20 км,Обычный,2:1
20207315,207315,15.89,4.281,0.061,,,,,,,0.1386,3.138,2.703,2.68,2-20 км,Обычный,Нет
20207374,207374,16.28,3.562,0.042,,,,,,,0.1259,3.153,2.756,1.82,2-20 км,Обычный,Нет
20207377,207377,16.07,,,,,,,,,0.1105,3.177,2.826,1.5,,Обычный,2:1
20207424,207424,15.95,,,,,,,,,0.1686,3.12,2.594,0.62,,Обычный,Нет
20207621,207621,16.09,3.496,0.058,,,,,,,0.1555,3.13,2.644,1.67,2-20 км,Обычный,Нет
20207627,207627,16.27,,,,,,,,,0.1268,3.15,2.751,0.46,,Обычный,Нет
20207701,207701,16.25,,,,,,,,,0.1791,3.153,2.588,2.71,,Обычный,Нет
20207717,207717,15.95,,,,,,,,,0.171,3.091,2.562,2.17,,Обычный,Нет
20207844,207844,16.24,4.008,0.03,,,,,,,0.0854,3.147,2.879,1.01,2-20 км,Обычный,Нет
20207864,207864,16.38,3.443,0.045,,,,,,,0.1216,3.134,2.753,2.42,2-20 км,Обычный,Нет
20207883,207883,16.15,,,,,,,,,0.1358,3.251,2.81,0.41,,Обычный,2:1
20207909,207909,16.06,3.921,0.055,,,,,,,0.1405,3.106,2.669,0.61,2-20 км,Обычный,Нет
20208196,208196,15.7,4.58,0.053,,,,,,,0.1705,3.15,2.613,2.52,2-20 км,Обычный,Нет
20208398,208398,15.91,,,9.23,,,,,,0.1669,3.105,2.587,1.43,,Обычный,Нет
20208414,208414,16.26,,,,,,,,,0.1223,3.092,2.714,0.43,,Обычный,Нет
20208464,208464,15.98,,,,,,,,,0.2064,3.075,2.441,2.58,,Обычный,Нет
20208465,208465,16.32,,,,,,,,,0.1986,3.191,2.558,0.49,,Обычный,2:1
20208467,208467,16.29,,,,,,,,,0.2028,3.197,2.549,0.84,,Обычный,2:1
20208470,208470,15.9,,,,,,,,,0.2022,3.197,2.55,1.8,,Обычный,2:1
20208491,208491,16.21,,,,,,,,,0.1064,3.102,2.772,1.82,,Обычный,Нет
20208981,208981,16.01,,,,,,,,,0.1273,3.104,2.709,2.55,,Обычный,Нет
20209337,209337,16.13,,,,,,,,,0.1141,3.049,2.701,2.15,,Обычный,Нет
20209377,209377,16.48,,,,,,,,,0.1553,3.163,2.672,1.57,,Обычный,Нет
20209378,209378,15.77,4.058,0.056,,,,,,,0.148,3.159,2.691,2.3,2-20 км,Обычный,Нет
20209391,209391,16.29,,,,,,,,,0.0906,3.054,2.777,2.31,,Обычный,Нет
20209462,209462,16.13,4.014,0.044,,,,,,,0.1168,3.158,2.789,1.51,2-20 км,Обычный,Нет
20209489,209489,15.19,4.306,0.104,,,,,,,0.1125,3.268,2.901,2.31,2-20 км,Обычный,2:1
20209498,209498,15.9,,,,,,,,,0.1137,3.172,2.811,1.84,,Обычный,Нет
20209903,209903,15.87,4.929,0.038,,,,,,,0.1671,3.223,2.684,1.91,2-20 км,Обычный,2:1
20209905,209905,16.11,,,,,,,,,0.1338,3.255,2.82,1.27,,Обычный,2:1
20209917,209917,15.95,3.471,0.064,,,,,,,0.1446,3.053,2.611,1.3,2-20 км,Обычный,Нет
20210119,210119,15.76,4.313,0.06,,,,,,,0.1838,3.159,2.578,1.56,2-20 км,Обычный,Нет
20210157,210157,15.81,3.874,0.051,,,,,,,0.1439,3.218,2.755,0.48,2-20 км,Обычный,2:1
20210168,210168,15.57,3.665,0.076,,,,,,,0.1389,3.115,2.683,2.34,2-20 км,Обычный,Нет
20210188,210188,16.49,,,,,,,,,0.1835,3.153,2.574,1.37,,Обычный,Нет
20210242,210242,16.84,,,,,,,,,0.1759,3.093,2.549,0.83,,Обычный,Нет
20210283,210283,16.54,,,,,,,,,0.2013,3.104,2.479,2.77,,Обычный,Нет
20210416,210416,16.37,,,,,,,,,0.1709,3.17,2.628,2.28,,Обычный,Нет
20210457,210457,16.09,,,,,,,,,0.0973,3.038,2.742,2.52,,Обычный,Нет
20210881,210881,15.57,,,,,,,,,0.1815,3.08,2.521,1.15,,Обычный,Нет
20210898,210898,16.12,,,,,,,,,0.1857,3.035,2.471,1.41,,Обычный,Нет
20210902,210902,15.9,,,,,,,,,0.1621,3.088,2.587,1.77,,Обычный,Нет
20210909,210909,16.18,,,,,,,,,0.1781,3.143,2.583,2.01,,Обычный,Нет
20211009,211009,15.81,,,,,,,,,0.1163,3.168,2.8,1.84,,Обычный,Нет
20211010,211010,15.91,,,,,,,,,0.1661,3.204,2.672,2.04,,Обычный,2:1
20211011,211011,16.27,,,,,,,,,0.1843,3.102,2.531,1.65,,Обычный,Нет
20211018,211018,15.91,,,,,,,,,0.156,3.208,2.708,2.2,,Обычный,2:1
20211450,211450,15.58,,,,,,,,,0.1106,3.112,2.768,1.66,,Обычный,Нет
20212300,212300,16.29,,,,,,,,,0.1187,3.029,2.67,2.71,,Обычный,Нет
20212326,212326,15.54,3.471,0.111,,,,,,,0.1508,3.21,2.726,2.54,2-20 км,Обычный,2:1
20212530,212530,16.28,,,,,,,,,0.1074,3.1,2.767,1.23,,Обычный,Нет
20212599,212599,16.2,,,,,,,,,0.1666,3.126,2.605,1.94,,Обычный,Нет
20212627,212627,15.99,,,,,,,,,0.1505,3.088,2.623,2.05,,Обычный,Нет
20212642,212642,15.98,,,,,,,,,0.1033,3.096,2.776,2.04,,Обычный,Нет
20212667,212667,16.05,,,,,,,,,0.0749,3.233,2.991,0.7,,Обычный,2:1
20212817,212817,16.17,,,,,,,,,0.1584,3.176,2.673,1.95,,Обычный,2:1
20212840,212840,16.51,,,,,,,,,0.1578,3.153,2.655,1.27,,Обычный,Нет
20212905,212905,16.39,,,,,,,,,0.1796,3.083,2.529,1.66,,Обычный,Нет
20212933,212933,16.14,,,11.57,,,,,,0.1321,3.148,2.732,1.99,,Обычный,Нет
20212946,212946,16.39,,,,,,,,,0.1741,3.107,2.566,1.76,,Обычный,Нет
20212958,212958,16.18,2.976,0.06,,,,,,,0.1436,3.072,2.631,1.62,2-20 км,Обычный,Нет
20213166,213166,16.1,,,,,,,,,0.1944,3.168,2.552,0.44,,Обычный,Нет
20213189,213189,15.64,,,,,,,,,0.2128,3.122,2.458,2.29,,Обычный,Нет
20213373,213373,16.52,,,,,,,,,0.1635,3.078,2.575,1.15,,Обычный,Нет
20213386,213386,16.09,,,,,,,,,0.2028,3.185,2.539,2.19,,Обычный,2:1
20213389,213389,16.43,,,,,,,,,0.1516,3.212,2.725,1.82,,Обычный,2:1
20213427,213427,16.31,,,,,,,,,0.1878,3.192,2.592,2.34,,Обычный,2:1
20213771,213771,16.13,,,,,,,,,0.1437,3.176,2.719,1.54,,Обычный,2:1
20214090,214090,15.93,,,,,,,,,0.1231,3.223,2.826,1.62,,Обычный,2:1
20214101,214101,15.88,3.764,0.072,,,,,,,0.159,3.093,2.601,2.17,2-20 км,Обычный,Нет
20214426,214426,15.94,3.087,0.081,,,,,,,0.1525,3.096,2.624,2.61,2-20 км,Обычный,Нет
20214431,214431,15.99,,,,,,,,,0.1958,3.193,2.568,0.5,,Обычный,2:1
20214451,214451,16.2,3.064,0.075,,,,,,,0.2015,3.132,2.501,1.19,2-20 км,Обычный,Нет
20214455,214455,15.83,3.561,0.073,,,,,,,0.1738,3.134,2.589,1.95,2-20 км,Обычный,Нет
20214456,214456,16.28,,,,,,,,,0.14,3.067,2.638,2.03,,Обычный,Нет
20214463,214463,16.23,3.104,0.061,,,,,,,0.1301,3.133,2.726,2.03,2-20 км,Обычный,Нет
20214646,214646,16.31,,,,,,,,,0.1541,3.211,2.716,1.09,,Обычный,2:1
20214843,214843,15.62,,,7.56,,,,,,0.125,3.243,2.837,1.22,,Обычный,2:1
20214887,214887,16.2,,,,,,,,,0.1648,3.199,2.672,1.39,,Обычный,2:1
20214976,214976,16.3,,,,,,,,,0.0946,3.165,2.866,2.45,,Обычный,Нет
20214987,214987,16.18,3.7,0.056,,,,,,,0.1427,3.205,2.747,2.52,2-20 км,Обычный,2:1
20215056,215056,15.87,,,,,,,,,0.1083,3.15,2.809,2.19,,Обычный,Нет
20215364,215364,16.41,,,,,,,,,0.1154,3.133,2.772,1.17,,Обычный,Нет
20215375,215375,15.85,,,,,,,,,0.1665,3.169,2.641,2.6,,Обычный,Нет
20215555,215555,15.9,,,,,,,,,0.1167,3.093,2.732,1.94,,Обычный,Нет
20215968,215968,15.96,,,,,,,,,0.1766,3.164,2.605,1.48,,Обычный,Нет
20215992,215992,16.29,,,,,,,,,0.1236,3.128,2.741,1.15,,Обычный,Нет
20216000,216000,15.71,3.369,0.082,,,,,,,0.1424,3.08,2.641,2.94,2-20 км,Обычный,Нет
20216009,216009,16.25,2.699,0.08,,,,,,,0.1936,3.087,2.49,0.56,2-20 км,Обычный,Нет
20216043,216043,16.19,,,,,,,,,0.1342,3.221,2.788,1.32,,Обычный,2:1
20216126,216126,16.25,,,,,,,,,0.1071,3.118,2.784,2.21,,Обычный,Нет
20216360,216360,16.23,,,,,,,,,0.1251,3.102,2.714,1.87,,Обычный,Нет
20216383,216383,16.03,,,,,,,,,0.101,3.171,2.85,2.22,,Обычный,Нет
20216449,216449,16.07,4.013,0.052,,,,,,,0.1459,3.113,2.659,2.12,2-20 км,Обычный,Нет
20216768,216768,16.01,,,,,,,,,0.117,3.093,2.732,1.46,,Обычный,Нет
20216827,216827,16.5,,,,,,,,,0.1075,3.19,2.847,0.42,,Обычный,2:1
20216905,216905,16.23,4.476,0.032,,,,,,,0.1363,3.126,2.7,2.39,2-20 км,Обычный,Нет
20217167,217167,15.86,,,,,,,,,0.1603,3.16,2.654,1.96,,Обычный,Нет
20217327,217327,16.01,,,,,,,,,0.2001,3.082,2.465,2.32,,Обычный,Нет
20217492,217492,16.34,3.056,0.069,,,,,,,0.1629,3.1,2.595,0.7,2-20 км,Обычный,Нет
20217566,217566,15.71,,,,,,,,,0.1817,3.116,2.55,1.37,,Обычный,Нет
20217574,217574,15.76,4.393,0.048,,,,,,,0.1232,3.194,2.801,1.69,2-20 км,Обычный,2:1
20218481,218481,15.96,,,,,,,,,0.1951,3.121,2.512,0.79,,Обычный,Нет
20218492,218492,16.15,,,,,,,,,0.1842,3.154,2.574,1.25,,Обычный,Нет
20218498,218498,16.04,,,,,,,,,0.1898,3.088,2.502,0.98,,Обычный,Нет
20218712,218712,15.98,,,,,,,,,0.1339,3.089,2.675,0.92,,Обычный,Нет
20219011,219011,16.31,,,,,,,,,0.2052,3.113,2.474,2.14,,Обычный,Нет
20219034,219034,16.13,,,,,,,,,0.126,3.139,2.743,2.89,,Обычный,Нет
20219092,219092,16.17,,,,,,,,,0.1404,3.092,2.658,1.1,,Обычный,Нет
20219105,219105,16.08,,,,,,,,,0.1312,3.055,2.654,1.08,,Обычный,Нет
20219282,219282,16.34,,,,,,,,,0.1214,3.239,2.846,0.64,,Обычный,2:1
20219297,219297,16.1,,,,,,,,,0.1502,3.211,2.729,2.41,,Обычный,2:1
20219918,219918,16.13,,,,,,,,,0.1481,3.069,2.614,0.63,,Обычный,Нет
20219929,219929,15.91,,,,,,,,,0.1303,3.08,2.678,2.78,,Обычный,Нет
20219974,219974,16.26,,,4.35,,,,,,0.1508,3.147,2.672,0.73,,Обычный,Нет
20220387,220387,15.93,,,,,,,,,0.1451,3.231,2.762,0.41,,Обычный,2:1
20220397,220397,15.84,,,,,,,,,0.1403,3.147,2.706,0.81,,Обычный,Нет
20220419,220419,15.86,4.388,0.063,,,,,,,0.1671,3.089,2.573,2.53,2-20 км,Обычный,Нет
20220842,220842,15.33,,,,,,,,,0.1804,3.123,2.56,2.0,,Обычный,Нет
20220845,220845,15.9,,,,,,,,,0.144,3.192,2.733,2.56,,Обычный,2:1
20220871,220871,15.64,,,,,,,,,0.1798,3.13,2.568,2.31,,Обычный,Нет
20220899,220899,15.91,,,,,,,,,0.1349,3.081,2.665,2.03,,Обычный,Нет
20221345,221345,15.97,,,,,,,,,0.1283,3.062,2.67,1.97,,Обычный,Нет
20221391,221391,15.78,,,,,,,,,0.1195,3.165,2.787,1.92,,Обычный,Нет
20221401,221401,16.04,,,,,,,,,0.1039,3.09,2.769,1.64,,Обычный,Нет
20221437,221437,15.81,,,,,,,,,0.1157,3.216,2.844,1.12,,Обычный,2:1
20221461,221461,16.0,,,,,,,,,0.185,3.205,2.612,2.13,,Обычный,2:1
20221468,221468,16.37,,,,,,,,,0.122,3.068,2.693,1.09,,Обычный,Нет
20221479,221479,16.14,,,,,,,,,0.1521,3.197,2.71,2.33,,Обычный,2:1
20221480,221480,16.38,,,,,,,,,0.147,3.092,2.638,1.05,,Обычный,Нет
20221483,221483,15.89,,,,,,,,,0.1574,3.243,2.733,2.84,,Обычный,2:1
20221489,221489,16.54,,,,,,,,,0.131,3.111,2.704,2.05,,Обычный,Нет
20221495,221495,16.02,,,,,,,,,0.134,3.147,2.726,0.69,,Обычный,Нет
20221500,221500,15.95,,,,,,,,,0.1426,3.179,2.726,1.77,,Обычный,2:1
20221706,221706,15.82,,,,,,,,,0.0971,3.033,2.739,2.72,,Обычный,Нет
20221885,221885,16.13,,,,,,,,,0.1521,3.158,2.678,2.27,,Обычный,Нет
20221898,221898,16.3,,,,,,,,,0.1739,3.127,2.583,1.69,,Обычный,Нет
20222189,222189,16.29,3.425,0.055,,,,,,,0.149,3.153,2.683,1.42,2-20 км,Обычный,Нет
20222403,222403,16.23,,,,,,,,,0.1169,3.077,2.717,0.69,,Обычный,Нет
20222902,222902,16.15,,,,,,,,,0.1433,3.09,2.648,1.22,,Обычный,Нет
20222908,222908,16.05,,,,,,,,,0.1505,3.137,2.665,0.85,,Обычный,Нет
20223324,223324,15.69,4.754,0.054,,,,,,,0.1671,3.106,2.587,2.56,2-20 км,Обычный,Нет
20223342,223342,16.02,,,,,,,,,0.1318,3.159,2.742,1.31,,Обычный,Нет
20223356,223356,15.88,3.869,0.062,,,,,,,0.1701,3.144,2.609,1.75,2-20 км,Обычный,Нет
20223410,223410,16.38,,,,,,,,,0.1719,3.109,2.574,2.51,,Обычный,Нет
20223416,223416,15.91,,,,,,,,,0.1626,3.172,2.656,1.83,,Обычный,Нет
20223423,223423,16.12,,,,,,,,,0.1686,3.093,2.572,1.91,,Обычный,Нет
20223451,223451,15.68,,,,,,,,,0.154,3.135,2.652,1.63,,Обычный,Нет
20223975,223975,16.17,,,,,,,,,0.1736,3.179,2.627,1.73,,Обычный,2:1
20223979,223979,16.13,,,,,,,,,0.1613,3.095,2.595,1.12,,Обычный,Нет
20224595,224595,16.09,,,,,,,,,0.1356,3.157,2.729,0.68,,Обычный,Нет
20224619,224619,16.24,,,,,,,,,0.1254,3.093,2.705,2.32,,Обычный,Нет
20224667,224667,16.14,,,,,,,,,0.1171,3.041,2.685,2.21,,Обычный,Нет
20224689,224689,16.52,,,,,,,,,0.1263,3.151,2.753,2.47,,Обычный,Нет
20224764,224764,16.05,,,,,,,,,0.1594,3.194,2.684,2.64,,Обычный,2:1
20224770,224770,16.55,,,,,,,,,0.1434,3.155,2.703,0.52,,Обычный,Нет
20224995,224995,16.03,,,,,,,,,0.1592,3.158,2.655,1.48,,Обычный,Нет
20225069,225069,15.99,3.169,0.101,,,,,,,0.2142,3.184,2.502,2.4,2-20 км,Обычный,2:1
20225259,225259,16.26,,,,,,,,,0.166,3.104,2.588,1.3,,Обычный,Нет
20225428,225428,16.59,,,,,,,,,0.1356,3.061,2.645,2.1,,Обычный,Нет
20225436,225436,16.37,2.6,0.087,,,,,,,0.1462,3.059,2.612,0.94,2-20 км,Обычный,Нет
20225438,225438,16.48,3.284,0.049,,,,,,,0.1381,3.097,2.669,0.74,2-20 км,Обычный,Нет
20225446,225446,16.09,,,,,,,,,0.1386,3.135,2.7,1.69,,Обычный,Нет
20225449,225449,15.29,5.315,0.057,,,,,,,0.1398,3.211,2.762,2.45,2-20 км,Обычный,2:1
20225451,225451,16.31,3.486,0.053,,,,,,,0.1304,3.129,2.721,0.8,2-20 км,Обычный,Нет
20226473,226473,15.63,,,,,,,,,0.1675,3.168,2.637,1.69,,Обычный,Нет
20226482,226482,15.95,3.217,0.09,,,,,,,0.1826,3.119,2.55,2.57,2-20 км,Обычный,Нет
20226515,226515,16.57,3.094,0.042,,,,,,,0.1903,3.143,2.545,1.09,2-20 км,Обычный,Нет
20226550,226550,16.48,2.936,0.062,,,,,,,0.1408,3.09,2.655,1.26,2-20 км,Обычный,Нет
20226972,226972,15.81,,,,,,,,,0.1084,3.081,2.747,1.9,,Обычный,Нет
20227002,227002,16.07,4.992,0.034,,,,,,,0.1435,3.079,2.637,1.91,2-20 км,Обычный,Нет
20227019,227019,16.16,3.039,0.076,,,,,,,0.144,3.11,2.662,2.09,2-20 км,Обычный,Нет
20227039,227039,16.2,4.021,0.048,,,,,,,0.1385,3.168,2.729,0.99,2-20 км,Обычный,Нет
20227056,227056,16.06,2.874,0.102,,,,,,,0.1524,3.171,2.688,1.08,2-20 км,Обычный,Нет
20227632,227632,15.74,5.085,0.033,,,,,,,0.1375,3.041,2.623,2.69,2-20 км,Обычный,Нет
20227636,227636,15.8,,,,,,,,,0.1444,3.198,2.736,2.18,,Обычный,2:1
20227650,227650,15.75,5.553,0.036,,,,,,,0.1571,3.099,2.612,2.72,2-20 км,Обычный,Нет
20227662,227662,16.03,,,,,,,,,0.1518,3.216,2.728,0.89,,Обычный,2:1
20227686,227686,15.74,,,,,,,,,0.135,3.139,2.715,2.39,,Обычный,Нет
20227736,227736,16.49,,,,,,,,,0.1301,3.091,2.689,1.87,,Обычный,Нет
20227738,227738,16.21,,,,,,,,,0.1576,3.134,2.64,1.98,,Обычный,Нет
20227740,227740,15.83,,,,,,,,,0.1374,3.101,2.674,2.32,,Обычный,Нет
20227741,227741,16.36,3.45,0.049,,,,,,,0.134,3.127,2.708,2.54,2-20 км,Обычный,Нет
20227751,227751,16.05,,,,,,,,,0.1408,3.14,2.698,2.12,,Обычный,Нет
20227999,227999,16.0,,,,,,,,,0.099,3.125,2.816,0.86,,Обычный,Нет
20228076,228076,16.35,,,,,,,,,0.1432,3.122,2.675,0.47,,Обычный,Нет
20228250,228250,16.17,,,,,,,,,0.1667,3.16,2.633,2.21,,Обычный,Нет
20228706,228706,16.17,,,,,,,,,0.1304,3.251,2.827,0.87,,Обычный,2:1
20228710,228710,15.69,,,,,,,,,0.1799,3.167,2.597,1.88,,Обычный,Нет
20228914,228914,15.71,4.334,0.071,,,,,,,0.1507,3.198,2.716,1.91,2-20 км,Обычный,2:1
20228922,228922,16.26,,,,,,,,,0.1654,3.097,2.585,0.61,,Обычный,Нет
20228926,228926,16.42,,,,,,,,,0.1654,3.096,2.583,0.74,,Обычный,Нет
20228930,228930,16.3,3.334,0.053,,,,,,,0.1968,3.164,2.542,2.5,2-20 км,Обычный,Нет
20228954,228954,16.28,,,,,,,,,0.1855,3.125,2.545,2.17,,Обычный,Нет
20228980,228980,16.02,,,,,,,,,0.1712,3.215,2.665,2.58,,Обычный,2:1
20228985,228985,16.01,4.12,0.045,,,,,,,0.1981,3.182,2.551,1.26,2-20 км,Обычный,2:1
20229287,229287,16.11,3.27,0.072,,,,,,,0.1004,3.049,2.743,2.54,2-20 км,Обычный,Нет
20229291,229291,16.11,2.603,0.125,,,,,,,0.1828,3.105,2.537,2.7,2-20 км,Обычный,Нет
20229293,229293,16.01,3.655,0.063,,,,,,,0.102,3.08,2.766,0.59,2-20 км,Обычный,Нет
20229298,229298,16.29,3.213,0.057,,,,,,,0.1222,3.092,2.714,1.6,2-20 км,Обычный,Нет
20229301,229301,16.5,,,,,,,,,0.1382,3.156,2.72,1.64,,Обычный,Нет
20229308,229308,15.87,4.264,0.046,,,,,,,0.1254,3.233,2.827,0.62,2-20 км,Обычный,2:1
20229731,229731,16.23,,,,,,,,,0.2024,3.172,2.53,1.54,,Обычный,Нет
20229786,229786,16.09,,,,,,,,,0.1375,3.203,2.762,0.58,,Обычный,2:1
20229791,229791,15.88,3.63,0.053,,,,,,,0.1523,3.184,2.699,1.97,2-20 км,Обычный,2:1
20229810,229810,16.03,,,4.27,,,,,,0.1565,3.226,2.721,2.05,,Обычный,2:1
20229931,229931,16.33,,,,,,,,,0.1683,3.145,2.616,0.76,,Обычный,Нет
20229955,229955,16.33,,,,,,,,,0.1381,3.102,2.674,1.12,,Обычный,Нет
20230451,230451,15.54,,,,,,,,,0.1643,3.117,2.605,2.07,,Обычный,Нет
20230486,230486,16.11,,,,,,,,,0.1836,3.144,2.567,1.1,,Обычный,Нет
20230670,230670,15.9,,,,,,,,,0.1628,3.099,2.595,0.81,,Обычный,Нет
20230753,230753,15.62,4.065,0.074,,,,,,,0.1329,3.128,2.712,2.31,2-20 км,Обычный,Нет
20230943,230943,16.05,4.249,0.039,,,,,,,0.1929,3.059,2.469,0.46,2-20 км,Обычный,Нет
20231009,231009,15.61,4.743,0.06,,,,,,,0.1469,3.191,2.723,2.34,2-20 км,Обычный,2:1
20231013,231013,16.2,2.896,0.084,,,,,,,0.1357,3.135,2.709,1.85,2-20 км,Обычный,Нет
20231025,231025,16.18,3.146,0.065,,,,,,,0.1417,3.105,2.665,2.77,2-20 км,Обычный,Нет
20231030,231030,15.93,3.659,0.063,,,,,,,0.1474,3.15,2.686,2.23,2-20 км,Обычный,Нет
20231033,231033,15.66,3.491,0.091,,,,,,,0.1521,3.172,2.69,2.22,2-20 км,Обычный,Нет
20231390,231390,15.87,,,,,,,,,0.1412,3.063,2.631,1.96,,Обычный,Нет
20231391,231391,16.24,,,,,,,,,0.124,3.138,2.749,2.27,,Обычный,Нет
20231514,231514,16.37,3.324,0.053,,,,,,,0.1486,3.192,2.718,1.08,2-20 км,Обычный,2:1
20231519,231519,16.18,2.962,0.073,,,,,,,0.1436,3.167,2.712,1.45,2-20 км,Обычный,Нет
20231521,231521,16.85,2.946,0.043,,,,,,,0.1869,3.07,2.496,1.19,2-20 км,Обычный,Нет
20231537,231537,15.85,,,,,,,,,0.1659,3.15,2.628,2.16,,Обычный,Нет
20231593,231593,15.99,,,,,,,,,0.1244,3.119,2.731,1.79,,Обычный,Нет
20231597,231597,16.05,,,,,,,,,0.1242,3.145,2.754,1.31,,Обычный,Нет
20231723,231723,16.45,,,,,,,,,0.1311,3.173,2.757,0.64,,Обычный,Нет
20231849,231849,15.46,5.579,0.049,,,,,,,0.1904,3.146,2.547,2.45,2-20 км,Обычный,Нет
20231994,231994,15.85,,,,,,,,,0.1281,3.208,2.797,1.98,,Обычный,2:1
20232010,232010,15.76,4.438,0.062,,,,,,,0.1462,3.153,2.692,1.49,2-20 км,Обычный,Нет
20232251,232251,16.2,,,,,,,,,0.1986,3.116,2.498,0.76,,Обычный,Нет
20232276,232276,16.6,,,,,,,,,0.1858,3.113,2.535,1.73,,Обычный,Нет
20232294,232294,16.08,3.332,0.053,,,,,,,0.1751,3.151,2.599,1.98,2-20 км,Обычный,Нет
20232343,232343,15.87,,,,,,,,,0.1542,3.21,2.715,1.54,,Обычный,2:1
20232631,232631,16.51,,,,,,,,,0.1841,3.066,2.501,1.51,,Обычный,Нет
20232719,232719,15.75,3.112,0.087,,,,,,,0.1216,3.147,2.765,2.37,2-20 км,Обычный,Нет
20232727,232727,16.16,,,,,,,,,0.1152,3.111,2.753,2.13,,Обычный,Нет
20232749,232749,16.1,3.609,0.054,,,,,,,0.1075,3.17,2.83,1.4,2-20 км,Обычный,Нет
20232953,232953,16.08,,,,,,,,,0.1323,3.151,2.735,1.28,,Обычный,Нет
20232954,232954,16.53,2.621,0.065,,,,,,,0.1406,3.091,2.657,1.39,2-20 км,Обычный,Нет
20232990,232990,16.26,3.082,0.056,,,,,,,0.1096,3.091,2.752,2.1,2-20 км,Обычный,Нет
20232991,232991,16.07,,,,,,,,,0.1206,3.148,2.768,2.61,,Обычный,Нет
20233017,233017,16.44,3.537,0.039,,,,,,,0.1139,3.083,2.732,0.65,2-20 км,Обычный,Нет
20233042,233042,15.96,3.76,0.06,,,,,,,0.1315,3.172,2.755,1.95,2-20 км,Обычный,Нет
20233048,233048,15.72,3.682,0.09,,,,,,,0.1612,3.157,2.648,2.2,2-20 км,Обычный,Нет
20233057,233057,15.97,3.925,0.055,,,,,,,0.1213,3.13,2.75,0.41,2-20 км,Обычный,Нет
20233063,233063,16.57,2.822,0.061,,,,,,,0.132,3.139,2.724,1.53,2-20 км,Обычный,Нет
20233646,233646,16.24,,,,,,,,,0.1816,3.139,2.569,1.68,,Обычный,Нет
20233682,233682,16.48,,,,,,,,,0.1551,3.133,2.647,2.6,,Обычный,Нет
20233720,233720,16.0,3.428,0.079,,,,,,,0.1475,3.092,2.636,2.54,2-20 км,Обычный,Нет
20233759,233759,16.03,3.851,0.057,,,,,,,0.1519,3.146,2.668,1.84,2-20 км,Обычный,Нет
20233805,233805,15.92,4.176,0.053,,,,,,,0.0867,3.081,2.814,1.45,2-20 км,Обычный,Нет
20233836,233836,16.35,,,,,,,,,0.174,3.156,2.607,0.65,,Обычный,Нет
20233838,233838,16.27,3.303,0.064,,,,,,,0.1457,3.099,2.647,1.96,2-20 км,Обычный,Нет
20233848,233848,16.04,3.522,0.068,,,,,,,0.1263,3.155,2.757,1.28,2-20 км,Обычный,Нет
20233919,233919,17.06,,,,,,,,,0.1661,3.088,2.576,1.15,,Обычный,Нет
20234379,234379,15.99,,,,,,,,,0.1695,3.104,2.578,1.96,,Обычный,Нет
20234959,234959,15.72,,,,,,,,,0.1617,3.18,2.666,2.13,,Обычный,2:1
20235387,235387,16.34,3.441,0.049,,,,,,,0.1903,3.153,2.553,2.7,2-20 км,Обычный,Нет
20235413,235413,16.02,3.546,0.067,,,,,,,0.1652,3.11,2.596,2.68,2-20 км,Обычный,Нет
20235463,235463,17.04,,,,,,,,,0.1668,3.085,2.57,2.67,,Обычный,Нет
20235466,235466,15.87,,,,,,,,,0.1212,3.225,2.834,2.34,,Обычный,2:1
20235470,235470,16.12,,,,,,,,,0.1069,3.116,2.783,1.11,,Обычный,Нет
20235514,235514,16.82,,,,,,,,,0.1351,3.13,2.707,2.62,,Обычный,Нет
20235534,235534,15.74,3.077,0.134,,,,,,,0.0986,3.099,2.794,2.29,2-20 км,Обычный,Нет
20235561,235561,16.42,2.981,0.05,,,,,,,0.0995,3.111,2.802,1.46,2-20 км,Обычный,Нет
20235971,235971,16.3,,,,,,,,,0.1167,3.12,2.756,0.61,,Обычный,Нет
20235976,235976,15.89,3.45,0.085,,,,,,,0.1441,3.177,2.72,1.68,2-20 км,Обычный,2:1
20236015,236015,16.35,4.051,0.039,,,,,,,0.1339,3.087,2.674,1.69,2-20 км,Обычный,Нет
20236022,236022,16.02,3.564,0.073,,,,,,,0.1413,3.173,2.725,2.65,2-20 км,Обычный,Нет
20236060,236060,16.42,,,,,,,,,0.1107,3.124,2.778,2.23,,Обычный,Нет
20236674,236674,16.06,,,,,,,,,0.1786,3.121,2.563,0.9,,Обычный,Нет
20236691,236691,16.06,4.517,0.029,,,,,,,0.1165,3.107,2.745,2.12,2-20 км,Обычный,Нет
20236694,236694,15.89,,,,,,,,,0.169,3.21,2.668,2.21,,Обычный,2:1
20236814,236814,16.29,,,,,,,,,0.1672,3.117,2.596,1.17,,Обычный,Нет
20236863,236863,16.31,,,,,,,,,0.1671,3.115,2.594,1.17,,Обычный,Нет
20236919,236919,16.13,,,,,,,,,0.168,3.117,2.593,1.79,,Обычный,Нет
20236993,236993,16.16,3.256,0.066,,,,,,,0.1521,3.145,2.667,1.67,2-20 км,Обычный,Нет
20237158,237158,16.25,,,,,,,,,0.1403,3.206,2.756,1.06,,Обычный,2:1
20237168,237168,16.28,,,,,,,,,0.1734,3.106,2.568,0.64,,Обычный,Нет
20237217,237217,16.57,,,,,,,,,0.1542,3.116,2.636,1.22,,Обычный,Нет
20237248,237248,16.71,,,,,,,,,0.1652,3.101,2.589,2.79,,Обычный,Нет
20237252,237252,16.01,3.79,0.065,,,,,,,0.1341,3.192,2.764,2.78,2-20 км,Обычный,2:1
20237297,237297,16.2,3.568,0.05,,,,,,,0.1596,3.193,2.684,0.64,2-20 км,Обычный,2:1
20237301,237301,15.85,3.181,0.092,,,,,,,0.0973,3.141,2.836,1.7,2-20 км,Обычный,Нет
20237377,237377,15.84,,,,,,,,,0.2069,3.124,2.478,1.99,,Обычный,Нет
20237396,237396,16.53,,,,,,,,,0.1409,3.054,2.623,0.47,,Обычный,Нет
20237625,237625,15.7,4.047,0.082,,,,,,,0.1593,3.103,2.609,2.71,2-20 км,Обычный,Нет
20237657,237657,16.22,,,,,,,,,0.155,3.14,2.654,2.02,,Обычный,Нет
20237980,237980,16.64,,,,,,,,,0.1484,3.02,2.572,0.7,,Обычный,Нет
20238022,238022,16.27,3.645,0.048,,,,,,,0.1249,3.136,2.744,2.28,2-20 км,Обычный,Нет
20238025,238025,15.93,,,,,,,,,0.1942,3.17,2.555,1.92,,Обычный,Нет
20238033,238033,16.51,,,4.66,,,,,,0.165,3.159,2.638,0.82,,Обычный,Нет
20238232,238232,16.0,3.084,0.089,,,,,,,0.1645,3.072,2.567,2.67,2-20 км,Обычный,Нет
20238334,238334,16.69,,,,,,,,,0.1465,3.085,2.633,2.53,,Обычный,Нет
20238340,238340,16.49,3.025,0.064,,,,,,,0.1283,3.055,2.663,2.3,2-20 км,Обычный,Нет
20238342,238342,15.45,5.071,0.045,,,,,,,0.1387,3.137,2.702,2.33,2-20 км,Обычный,Нет
20238399,238399,15.85,3.654,0.083,,,,,,,0.1618,3.132,2.626,2.32,2-20 км,Обычный,Нет
20238423,238423,16.12,,,,,,,,,0.1332,3.109,2.695,1.61,,Обычный,Нет
20238667,238667,15.86,,,,,,,,,0.1183,3.143,2.771,1.34,,Обычный,Нет
20238805,238805,16.33,3.348,0.04,,,,,,,0.1082,3.259,2.906,2.36,2-20 км,Обычный,2:1
20239225,239225,16.1,,,,,,,,,0.15,3.084,2.622,0.89,,Обычный,Нет
20239226,239226,16.11,,,,,,,,,0.1625,3.094,2.592,2.03,,Обычный,Нет
20239654,239654,15.81,,,,,,,,,0.1926,3.15,2.543,2.29,,Обычный,Нет
20239663,239663,16.64,,,,,,,,,0.1458,3.109,2.656,2.38,,Обычный,Нет
20239668,239668,16.44,,,3.78,,,,,,0.1487,3.141,2.674,1.36,,Обычный,Нет
20239715,239715,16.09,,,,,,,,,0.1725,3.152,2.608,1.06,,Обычный,Нет
20239751,239751,16.28,2.96,0.067,,,,,,,0.1323,3.213,2.788,0.91,2-20 км,Обычный,2:1
20240230,240230,16.57,,,,,,,,,0.1437,3.135,2.685,1.46,,Обычный,Нет
20240471,240471,15.95,3.348,0.075,,,,,,,0.1026,3.076,2.76,2.3,2-20 км,Обычный,Нет
20240510,240510,16.48,,,,,,,,,0.1762,3.097,2.551,1.77,,Обычный,Нет
20240521,240521,16.62,,,,,,,,,0.1198,3.201,2.817,1.23,,Обычный,2:1
20240530,240530,16.36,3.058,0.052,,,,,,,0.1092,3.143,2.8,1.51,2-20 км,Обычный,Нет
20240767,240767,16.08,,,,,,,,,0.1682,3.226,2.683,1.58,,Обычный,2:1
20240775,240775,15.93,3.628,0.053,,,,,,,0.1702,3.094,2.567,0.94,2-20 км,Обычный,Нет
20241046,241046,15.96,,,,,,,,,0.1294,3.257,2.836,0.95,,Обычный,2:1
20241055,241055,16.28,3.836,0.04,,,,,,,0.1298,3.131,2.725,1.61,2-20 км,Обычный,Нет
20241057,241057,16.35,,,,,,,,,0.1496,3.169,2.695,0.6,,Обычный,Нет
20241091,241091,16.74,3.066,0.036,,,,,,,0.1064,3.155,2.82,1.19,2-20 км,Обычный,Нет
20241188,241188,16.34,,,,,,,,,0.1322,3.099,2.69,2.04,,Обычный,Нет
20241249,241249,16.17,,,,,,,,,0.1348,3.104,2.686,2.87,,Обычный,Нет
20241298,241298,16.27,,,,,,,,,0.1493,3.16,2.688,2.28,,Обычный,Нет
20241360,241360,16.74,,,,,,,,,0.1691,3.12,2.592,0.79,,Обычный,Нет
20241439,241439,16.47,,,,,,,,,0.1681,3.186,2.651,0.85,,Обычный,2:1
20241465,241465,16.71,2.803,0.051,,,,,,,0.0908,3.065,2.786,2.96,2-20 км,Обычный,Нет
20241541,241541,15.99,2.906,0.083,,,,,,,0.1063,3.187,2.848,1.59,2-20 км,Обычный,2:1
20241595,241595,16.93,2.636,0.044,,,,,,,0.1441,3.095,2.649,2.1,2-20 км,Обычный,Нет
20241630,241630,16.46,2.696,0.067,,,,,,,0.1772,3.149,2.591,2.3,2-20 км,Обычный,Нет
20241827,241827,16.04,,,7.56,,,,,,0.1888,3.114,2.526,1.74,,Обычный,Нет
20242279,242279,16.37,4.146,0.031,,,,,,,0.1184,3.15,2.777,1.99,2-20 км,Обычный,Нет
20242363,242363,16.12,3.191,0.076,,,,,,,0.0877,3.029,2.763,2.03,2-20 км,Обычный,Нет
20242665,242665,15.36,4.016,0.1,,,,,,,0.1943,3.191,2.571,2.74,2-20 км,Обычный,2:1
20242696,242696,15.77,4.547,0.045,,,,,,,0.1696,3.105,2.578,0.93,2-20 км,Обычный,Нет
20242705,242705,16.42,2.768,0.07,,,,,,,0.1634,3.045,2.547,1.36,2-20 км,Обычный,Нет
20242710,242710,16.27,3.323,0.053,,,,,,,0.1948,3.086,2.485,3.14,2-20 км,Обычный,Нет
20242728,242728,16.53,2.481,0.079,,,,,,,0.1846,3.127,2.549,1.04,2-20 км,Обычный,Нет
20242735,242735,16.73,2.917,0.04,,,,,,,0.1679,3.107,2.585,0.47,2-20 км,Обычный,Нет
20243245,243245,16.37,,,,,,,,,0.1184,3.224,2.842,1.12,,Обычный,2:1
20243371,243371,16.21,3.663,0.04,,,,,,,0.1348,3.191,2.761,0.43,2-20 км,Обычный,2:1
20243412,243412,16.56,,,,,,,,,0.1545,3.155,2.668,2.18,,Обычный,Нет
20244281,244281,16.01,4.615,0.04,,,,,,,0.1337,3.076,2.665,1.38,2-20 км,Обычный,Нет
20244699,244699,15.61,5.903,0.042,,,,,,,0.2,3.159,2.527,3.05,2-20 км,Обычный,Нет
20245037,245037,16.45,,,,,,,,,0.1445,3.07,2.626,1.59,,Обычный,Нет
20245039,245039,16.12,,,,,,,,,0.1156,3.044,2.692,2.96,,Обычный,Нет
20245050,245050,16.71,,,,,,,,,0.1057,3.109,2.78,0.45,,Обычный,Нет
20245070,245070,16.6,,,,,,,,,0.1367,3.125,2.698,0.59,,Обычный,Нет
20245152,245152,16.22,3.605,0.054,,,,,,,0.1497,3.151,2.68,1.86,2-20 км,Обычный,Нет
20245266,245266,16.02,3.256,0.073,,,,,,,0.133,3.084,2.674,2.28,2-20 км,Обычный,Нет
20245512,245512,15.88,3.198,0.083,,,,,,,0.1511,3.037,2.578,1.26,2-20 км,Обычный,Нет
20245523,245523,16.17,2.7,0.088,,,,,,,0.1985,3.08,2.469,2.83,2-20 км,Обычный,Нет
20245539,245539,16.32,2.537,0.076,,,,,,,0.199,3.098,2.482,0.85,2-20 км,Обычный,Нет
20245569,245569,15.95,2.817,0.117,,,,,,,0.167,3.073,2.56,0.57,2-20 км,Обычный,Нет
20245608,245608,15.91,4.957,0.045,,,,,,,0.1394,3.123,2.688,2.54,2-20 км,Обычный,Нет
20245639,245639,16.04,4.265,0.039,,,,,,,0.1337,3.242,2.809,0.41,2-20 км,Обычный,2:1
20245811,245811,16.67,2.785,0.052,,,,,,,0.1614,3.041,2.55,2.3,2-20 км,Обычный,Нет
20245933,245933,16.31,3.66,0.036,,,,,,,0.1785,3.078,2.528,2.15,2-20 км,Обычный,Нет
20245969,245969,15.91,4.373,0.04,,,,,,,0.169,3.126,2.598,1.08,2-20 км,Обычный,Нет
20246016,246016,16.11,,,,,,,,,0.2039,3.105,2.472,2.28,,Обычный,Нет
20246035,246035,16.13,,,,,,,,,0.1136,3.179,2.818,1.41,,Обычный,2:1
20246050,246050,15.95,,,,,,,,,0.1667,3.167,2.639,1.45,,Обычный,Нет
20246287,246287,15.98,,,,,,,,,0.2026,3.118,2.486,2.72,,Обычный,Нет
20246299,246299,16.56,,,,,,,,,0.119,3.059,2.696,2.47,,Обычный,Нет
20246300,246300,16.49,,,,,,,,,0.1206,3.115,2.74,1.65,,Обычный,Нет
20246738,246738,16.41,,,,,,,,,0.1495,3.091,2.629,2.3,,Обычный,Нет
20246829,246829,15.99,3.232,0.081,,,,,,,0.1642,3.137,2.622,2.3,2-20 км,Обычный,Нет
20246849,246849,16.2,3.536,0.062,,,,,,,0.1463,3.165,2.702,2.22,2-20 км,Обычный,Нет
20246927,246927,16.38,2.796,0.062,,,,,,,0.1434,3.111,2.665,2.26,2-20 км,Обычный,Нет
20247031,247031,15.72,3.606,0.078,,,,,,,0.1662,3.211,2.677,2.79,2-20 км,Обычный,2:1
20247107,247107,16.09,3.99,0.053,,,,,,,0.1892,3.084,2.5,1.73,2-20 км,Обычный,Нет
20248095,248095,15.78,4.342,0.059,,,,,,,0.1795,3.193,2.62,1.75,2-20 км,Обычный,2:1
20248328,248328,16.27,3.231,0.047,1.05,,,,,,0.2021,3.088,2.464,2.15,2-20 км,Обычный,Нет
20248384,248384,16.21,3.308,0.059,,,,,,,0.195,3.147,2.533,2.21,2-20 км,Обычный,Нет
20248402,248402,15.84,4.326,0.05,1.97,,,,,,0.1845,3.098,2.526,2.85,2-20 км,Обычный,Нет
20248505,248505,16.26,5.064,0.027,,,,,,,0.1773,3.125,2.571,0.83,2-20 км,Обычный,Нет
20248523,248523,16.12,,,,,,,,,0.1308,3.169,2.754,2.2,,Обычный,Нет
20249179,249179,16.19,2.449,0.117,,,,,,,0.1642,3.079,2.573,2.22,2-20 км,Обычный,Нет
20249395,249395,16.54,3.836,0.033,,,,,,,0.1202,3.122,2.747,2.57,2-20 км,Обычный,Нет
20249443,249443,16.33,,,,,,,,,0.0952,3.182,2.879,1.94,,Обычный,2:1
20249602,249602,15.96,,,,,,,,,0.0861,3.267,2.985,0.45,,Обычный,2:1
20249650,249650,15.97,,,,,,,,,0.1719,3.158,2.615,1.86,,Обычный,Нет
20249678,249678,16.04,3.608,0.049,,,,,,,0.1452,3.19,2.727,2.38,2-20 км,Обычный,2:1
20250087,250087,16.12,,,,,,,,,0.1494,3.149,2.678,1.86,,Обычный,Нет
20250831,250831,16.32,,,,,,,,,0.1692,3.155,2.621,2.43,,Обычный,Нет
20250846,250846,16.23,,,,,,,,,0.1872,3.102,2.521,1.76,,Обычный,Нет
20250870,250870,16.39,,,,,,,,,0.1835,3.147,2.569,2.01,,Обычный,Нет
20250894,250894,15.91,3.681,0.082,,,,,,,0.2067,3.093,2.453,2.5,2-20 км,Обычный,Нет
20250913,250913,16.23,,,,,,,,,0.1694,3.222,2.676,0.53,,Обычный,2:1
20250914,250914,16.11,,,,,,,,,0.1657,3.094,2.581,1.09,,Обычный,Нет
20250916,250916,16.16,,,,,,,,,0.1714,3.187,2.64,0.66,,Обычный,2:1
20250936,250936,15.96,,,,,,,,,0.1641,3.116,2.605,1.37,,Обычный,Нет
20250940,250940,15.79,3.575,0.087,,,,,,,0.1939,3.102,2.5,2.65,2-20 км,Обычный,Нет
20250946,250946,16.38,,,,,,,,,0.1302,3.156,2.745,1.14,,Обычный,Нет
20251657,251657,16.56,,,,,,,,,0.1112,3.239,2.879,2.18,,Обычный,2:1
20251812,251812,16.45,,,,,,,,,0.1676,3.082,2.565,0.44,,Обычный,Нет
20251856,251856,16.13,,,,,,,,,0.1855,3.167,2.58,2.16,,Обычный,Нет
20251860,251860,16.48,2.91,0.052,,,,,,,0.1646,3.12,2.606,1.74,2-20 км,Обычный,Нет
20251958,251958,16.3,2.869,0.071,,,,,,,0.1665,3.163,2.637,1.21,2-20 км,Обычный,Нет
20251975,251975,16.34,,,,,,,,,0.0974,3.256,2.939,0.88,,Обычный,2:1
20252183,252183,15.59,,,,,,,,,0.13,3.093,2.691,1.95,,Обычный,Нет
20252907,252907,16.04,,,,,,,,,0.1136,3.131,2.776,0.51,,Обычный,Нет
20253910,253910,16.37,,,,,,,,,0.1912,3.188,2.578,2.07,,Обычный,2:1
20254151,254151,15.79,4.555,0.054,,,,,,,0.2123,3.184,2.508,2.95,2-20 км,Обычный,2:1
20254155,254155,16.17,3.124,0.072,,,,,,,0.1863,3.154,2.566,2.21,2-20 км,Обычный,Нет
20254203,254203,16.27,,,,,,,,,0.1775,3.134,2.578,1.5,,Обычный,Нет
20254235,254235,16.31,4.219,0.043,,,,,,,0.17,3.151,2.615,3.07,2-20 км,Обычный,Нет
20254237,254237,16.32,,,,,,,,,0.1467,3.143,2.682,2.05,,Обычный,Нет
20254292,254292,16.05,,,,,,,,,0.1508,3.118,2.648,1.81,,Обычный,Нет
20254323,254323,16.08,,,,,,,,,0.1772,3.121,2.568,2.78,,Обычный,Нет
20254349,254349,16.09,3.626,0.049,,,,,,,0.1526,3.243,2.748,1.75,2-20 км,Обычный,2:1
20254353,254353,16.37,,,,,,,,,0.154,3.115,2.635,0.62,,Обычный,Нет
20254358,254358,16.05,,,,,,,,,0.1204,3.116,2.741,2.14,,Обычный,Нет
20254366,254366,16.71,,,,,,,,,0.1386,3.111,2.68,0.88,,Обычный,Нет
20254389,254389,16.2,,,,,,,,,0.1229,3.098,2.717,1.7,,Обычный,Нет
20255083,255083,16.42,,,,,,,,,0.1691,3.099,2.575,1.45,,Обычный,Нет
20255121,255121,16.16,2.845,0.079,,,,,,,0.2022,3.12,2.489,1.49,2-20 км,Обычный,Нет
20255154,255154,16.44,,,,,,,,,0.1163,3.085,2.726,2.51,,Обычный,Нет
20255162,255162,16.44,,,,,,,,,0.1086,3.111,2.773,1.57,,Обычный,Нет
20255166,255166,16.38,,,,,,,,,0.1364,3.07,2.651,1.42,,Обычный,Нет
20255175,255175,16.51,,,,,,,,,0.1541,3.086,2.611,1.05,,Обычный,Нет
20255186,255186,16.55,,,,,,,,,0.1323,3.102,2.691,2.12,,Обычный,Нет
20255192,255192,16.34,3.863,0.043,,,,,,,0.1666,3.068,2.557,1.93,2-20 км,Обычный,Нет
20255356,255356,16.1,,,,,,,,,0.125,3.155,2.76,1.46,,Обычный,Нет
20255359,255359,16.41,,,,,,,,,0.1624,3.123,2.616,2.09,,Обычный,Нет
20255361,255361,16.34,,,,,,,,,0.1864,3.095,2.518,1.79,,Обычный,Нет
20255395,255395,16.41,2.529,0.1,,,,,,,0.1739,3.063,2.531,1.42,2-20 км,Обычный,Нет
20255423,255423,15.99,3.347,0.1,,,,,,,0.19,3.084,2.498,2.0,2-20 км,Обычный,Нет
20255439,255439,16.0,3.023,0.092,,,,,,,0.1822,3.151,2.577,2.62,2-20 км,Обычный,Нет
20255446,255446,16.37,,,,,,,,,0.1114,3.144,2.794,0.62,,Обычный,Нет
20255448,255448,16.01,,,,,,,,,0.1358,3.109,2.687,2.75,,Обычный,Нет
20255453,255453,16.31,,,,,,,,,0.1392,3.18,2.738,1.1,,Обычный,2:1
20255460,255460,16.24,,,,,,,,,0.0988,3.164,2.851,2.33,,Обычный,Нет
20255461,255461,17.11,,,,,,,,,0.198,3.109,2.493,1.64,,Обычный,Нет
20255462,255462,16.2,3.493,0.044,,,,,,,0.1504,3.176,2.698,0.68,2-20 км,Обычный,2:1
20255469,255469,15.76,,,,,,,,,0.1594,3.192,2.683,2.65,,Обычный,2:1
20256427,256427,16.0,,,,,,,,,0.1628,3.16,2.645,1.45,,Обычный,Нет
20256468,256468,16.47,,,,,,,,,0.1192,3.084,2.717,2.02,,Обычный,Нет
20256497,256497,15.92,,,,,,,,,0.1383,3.185,2.744,2.7,,Обычный,2:1
20256500,256500,15.73,,,,,,,,,0.1213,3.194,2.807,2.54,,Обычный,2:1
20256511,256511,15.88,,,,,,,,,0.0922,3.253,2.953,0.43,,Обычный,2:1
20256532,256532,16.82,,,,,,,,,0.1375,3.123,2.694,0.6,,Обычный,Нет
20256533,256533,16.17,,,,,,,,,0.13,3.103,2.699,0.54,,Обычный,Нет
20256883,256883,16.47,,,,,,,,,0.0993,3.034,2.733,1.07,,Обычный,Нет
20257055,257055,15.99,,,,,,,,,0.1336,3.089,2.676,1.91,,Обычный,Нет
20257071,257071,16.11,,,,,,,,,0.1795,3.137,2.574,2.57,,Обычный,Нет
20257145,257145,16.29,,,,,,,,,0.1709,3.157,2.618,1.13,,Обычный,Нет
20257155,257155,16.33,,,,,,,,,0.1353,3.169,2.741,2.16,,Обычный,Нет
20257462,257462,16.26,,,,,,,,,0.1625,3.169,2.654,0.68,,Обычный,Нет
20257556,257556,16.21,,,,,,,,,0.1529,3.1,2.626,2.04,,Обычный,Нет
20257681,257681,16.45,,,,,,,,,0.1363,3.086,2.666,0.55,,Обычный,Нет
20257695,257695,16.83,,,,,,,,,0.1793,3.093,2.539,2.15,,Обычный,Нет
20257697,257697,16.38,,,,,,,,,0.1237,3.109,2.724,1.71,,Обычный,Нет
20257720,257720,16.95,,,,,,,,,0.1535,3.1,2.624,1.92,,Обычный,Нет
20257755,257755,16.32,,,,,,,,,0.1608,3.165,2.656,1.6,,Обычный,Нет
20257947,257947,16.54,,,,,,,,,0.1393,3.154,2.714,1.3,,Обычный,Нет
20258565,258565,16.06,,,,,,,,,0.1038,3.15,2.823,2.16,,Обычный,Нет
20258759,258759,16.13,,,,,,,,,0.134,3.052,2.643,1.53,,Обычный,Нет
20258760,258760,16.05,,,,,,,,,0.1407,3.106,2.669,2.22,,Обычный,Нет
20260182,260182,16.54,,,,,,,,,0.1319,3.061,2.657,2.25,,Обычный,Нет
20260227,260227,16.72,,,,,,,,,0.1687,3.087,2.566,1.04,,Обычный,Нет
20260235,260235,16.35,,,,,,,,,0.1563,3.039,2.564,1.83,,Обычный,Нет
20260292,260292,16.29,,,,,,,,,0.1837,3.185,2.6,2.59,,Обычный,2:1
20260293,260293,16.27,,,,,,,,,0.1167,3.084,2.724,2.48,,Обычный,Нет
20260308,260308,16.32,,,,,,,,,0.1806,3.101,2.541,2.45,,Обычный,Нет
20260318,260318,16.59,,,,,,,,,0.1369,3.133,2.704,0.49,,Обычный,Нет
20260321,260321,16.39,3.22,0.039,,,,,,,0.1537,3.239,2.742,1.77,2-20 км,Обычный,2:1
20260323,260323,16.52,,,,,,,,,0.1767,3.095,2.548,2.47,,Обычный,Нет
20260329,260329,15.96,,,,,,,,,0.1242,3.152,2.761,2.26,,Обычный,Нет
20260357,260357,16.13,,,,,,,,,0.1228,3.15,2.763,1.35,,Обычный,Нет
20260358,260358,16.59,,,,,,,,,0.1483,3.101,2.641,0.73,,Обычный,Нет
20260412,260412,15.94,,,,,,,,,0.1261,3.164,2.765,2.53,,Обычный,Нет
20260423,260423,15.88,,,,,,,,,0.1708,3.11,2.579,2.31,,Обычный,Нет
20260426,260426,15.85,,,,,,,,,0.1407,3.243,2.787,2.46,,Обычный,2:1
20260972,260972,16.65,,,,,,,,,0.1691,3.067,2.548,1.97,,Обычный,Нет
20260978,260978,16.27,,,,,,,,,0.1366,3.076,2.656,1.41,,Обычный,Нет
20261039,261039,16.62,,,,,,,,,0.1435,3.058,2.619,1.68,,Обычный,Нет
20261082,261082,16.42,,,,,,,,,0.1375,3.061,2.64,0.59,,Обычный,Нет
20261223,261223,16.44,,,,,,,,,0.1157,3.186,2.818,2.22,,Обычный,2:1
20261305,261305,16.61,,,,,,,,,0.1298,3.122,2.717,2.05,,Обычный,Нет
20261341,261341,16.56,,,,,,,,,0.1345,3.104,2.686,2.24,,Обычный,Нет
20261348,261348,16.65,,,,,,,,,0.1648,3.094,2.584,1.02,,Обычный,Нет
20261409,261409,16.18,,,,,,,,,0.1432,3.105,2.661,0.89,,Обычный,Нет
20261542,261542,16.58,,,,,,,,,0.1831,3.133,2.559,0.61,,Обычный,Нет
20261554,261554,16.76,,,,,,,,,0.1349,3.059,2.647,1.73,,Обычный,Нет
20261619,261619,16.41,,,,,,,,,0.16,3.121,2.622,2.71,,Обычный,Нет
20261621,261621,16.9,,,,,,,,,0.1964,3.059,2.458,1.29,,Обычный,Нет
20261630,261630,16.32,,,,,,,,,0.145,3.05,2.608,1.8,,Обычный,Нет
20261643,261643,16.59,,,,,,,,,0.1254,3.109,2.719,1.02,,Обычный,Нет
20261664,261664,16.51,,,,,,,,,0.1173,3.129,2.762,0.89,,Обычный,Нет
20261665,261665,16.35,,,,,,,,,0.1329,3.107,2.694,2.12,,Обычный,Нет
20261744,261744,16.14,,,,,,,,,0.1969,3.143,2.524,2.07,,Обычный,Нет
20261755,261755,15.96,,,,,,,,,0.1156,3.134,2.772,2.73,,Обычный,Нет
20261772,261772,16.57,,,,,,,,,0.1152,3.165,2.8,2.03,,Обычный,Нет
20261780,261780,16.44,,,,,,,,,0.1579,3.162,2.663,0.43,,Обычный,Нет
20261787,261787,16.04,,,,,,,,,0.1736,3.106,2.567,2.34,,Обычный,Нет
20261805,261805,16.63,,,,,,,,,0.1405,3.107,2.67,2.7,,Обычный,Нет
20261811,261811,16.29,,,,,,,,,0.135,3.096,2.678,2.22,,Обычный,Нет
20261821,261821,16.06,,,,,,,,,0.1488,3.099,2.638,2.63,,Обычный,Нет
20261823,261823,16.06,,,,,,,,,0.1352,3.22,2.784,1.94,,Обычный,2:1
20261825,261825,16.33,,,,,,,,,0.1211,3.227,2.836,2.94,,Обычный,2:1
20261836,261836,16.45,,,,,,,,,0.1366,3.197,2.76,1.05,,Обычный,2:1
20261837,261837,16.01,,,,,,,,,0.1327,3.104,2.692,1.62,,Обычный,Нет
20261841,261841,15.55,,,,,,,,,0.1538,3.119,2.639,2.68,,Обычный,Нет
20262936,262936,16.16,,,,,,,,,0.0937,3.039,2.754,2.68,,Обычный,Нет
20263025,263025,16.16,,,,,,,,,0.1147,3.097,2.742,1.66,,Обычный,Нет
20263036,263036,15.92,,,,,,,,,0.1209,3.181,2.797,0.63,,Обычный,2:1
20263432,263432,16.29,,,,,,,,,0.1143,3.144,2.784,2.83,,Обычный,Нет
20263517,263517,16.79,,,,,,,,,0.1175,3.089,2.726,1.38,,Обычный,Нет
20263636,263636,15.75,,,,,,,,,0.1532,3.171,2.685,2.57,,Обычный,Нет
20263798,263798,16.43,,,,,,,,,0.1756,3.222,2.657,1.08,,Обычный,2:1
20264067,264067,16.8,,,,,,,,,0.1562,3.098,2.614,1.36,,Обычный,Нет
20264095,264095,16.38,,,,,,,,,0.1679,3.155,2.626,0.68,,Обычный,Нет
20264247,264247,16.28,,,,,,,,,0.1304,3.099,2.695,2.49,,Обычный,Нет
20264294,264294,16.57,2.562,0.074,,,,,,,0.1515,3.082,2.615,1.5,2-20 км,Обычный,Нет
20264327,264327,16.94,,,,,,,,,0.1791,3.057,2.509,1.25,,Обычный,Нет
20264328,264328,16.77,,,,,,,,,0.1723,3.082,2.551,2.52,,Обычный,Нет
20264338,264338,16.9,,,,,,,,,0.1876,3.067,2.492,1.84,,Обычный,Нет
20264798,264798,16.33,,,,,,,,,0.1478,3.147,2.682,1.54,,Обычный,Нет
20264828,264828,16.6,,,,,,,,,0.1686,3.156,2.624,0.86,,Обычный,Нет
20265067,265067,16.19,,,,,,,,,0.1365,3.149,2.719,0.5,,Обычный,Нет
20265131,265131,16.01,3.575,0.06,,,,,,,0.1633,3.181,2.661,2.52,2-20 км,Обычный,2:1
20265413,265413,16.32,,,,,,,,,0.1763,3.165,2.607,0.82,,Обычный,Нет
20265448,265448,16.29,,,,,,,,,0.1582,3.136,2.64,2.15,,Обычный,Нет
20265915,265915,16.72,,,,,,,,,0.1561,3.195,2.696,1.45,,Обычный,2:1
20265929,265929,16.21,,,,,,,,,0.1454,3.091,2.641,1.89,,Обычный,Нет
20265930,265930,16.18,,,,,,,,,0.1262,3.151,2.753,1.5,,Обычный,Нет
20265935,265935,16.38,3.526,0.043,,,,,,,0.1706,3.101,2.572,0.55,2-20 км,Обычный,Нет
20265961,265961,16.01,,,,,,,,,0.178,3.147,2.587,2.69,,Обычный,Нет
20265981,265981,16.23,4.042,0.043,,,,,,,0.1285,3.108,2.708,0.73,2-20 км,Обычный,Нет
20265986,265986,16.5,,,,,,,,,0.1528,3.042,2.577,2.23,,Обычный,Нет
20265991,265991,16.72,,,,,,,,,0.1451,3.115,2.663,0.83,,Обычный,Нет
20265995,265995,16.71,,,,,,,,,0.1277,3.05,2.661,1.51,,Обычный,Нет
20266002,266002,16.25,,,,,,,,,0.1189,3.045,2.683,2.15,,Обычный,Нет
20266008,266008,16.49,,,,,,,,,0.1665,3.11,2.592,1.5,,Обычный,Нет
20266024,266024,15.98,,,,,,,,,0.1153,3.105,2.747,2.94,,Обычный,Нет
20266030,266030,16.5,,,,,,,,,0.1381,3.144,2.71,2.17,,Обычный,Нет
20266034,266034,16.57,,,,,,,,,0.121,3.135,2.756,0.59,,Обычный,Нет
20266462,266462,16.31,,,,,,,,,0.1471,3.092,2.637,1.87,,Обычный,Нет
20266612,266612,16.13,3.997,0.048,,,,,,,0.1965,3.224,2.59,1.55,2-20 км,Обычный,2:1
20266653,266653,15.77,,,1.13,,,,,,0.1368,3.219,2.778,0.84,,Обычный,2:1
20266659,266659,16.26,,,,,,,,,0.1248,3.132,2.741,1.49,,Обычный,Нет
20266731,266731,16.59,2.576,0.067,,,,,,,0.153,3.09,2.618,2.33,2-20 км,Обычный,Нет
20266733,266733,16.47,3.447,0.041,,,,,,,0.1439,3.134,2.683,1.63,2-20 км,Обычный,Нет
20266750,266750,16.58,,,,,,,,,0.1584,3.225,2.714,2.68,,Обычный,2:1
20266755,266755,16.4,,,,,,,,,0.1549,3.133,2.648,2.0,,Обычный,Нет
20266815,266815,15.88,4.552,0.041,,,,,,,0.1192,3.215,2.832,0.53,2-20 км,Обычный,2:1
20267058,267058,16.57,3.348,0.048,,,,,,,0.1711,3.099,2.569,0.89,2-20 км,Обычный,Нет
20267507,267507,16.39,,,,,,,,,0.1551,3.056,2.582,2.21,,Обычный,Нет
20267530,267530,16.05,,,,,,,,,0.1573,3.151,2.655,1.32,,Обычный,Нет
20267592,267592,15.36,,,,,,,,,0.1286,3.252,2.834,2.37,,Обычный,2:1
20267818,267818,15.99,,,,,,,,,0.1954,3.093,2.488,2.46,,Обычный,Нет
20267834,267834,16.31,,,,,,,,,0.1723,3.108,2.573,1.49,,Обычный,Нет
20267857,267857,16.23,,,,,,,,,0.149,3.213,2.734,2.08,,Обычный,2:1
20268228,268228,15.99,3.553,0.067,,,,,,,0.1354,3.137,2.712,2.54,2-20 км,Обычный,Нет
20268619,268619,16.62,,,,,,,,,0.1273,3.049,2.66,0.84,,Обычный,Нет
20268626,268626,16.13,,,,,,,,,0.1352,3.088,2.671,2.11,,Обычный,Нет
20268670,268670,16.3,,,,,,,,,0.1201,3.142,2.765,1.52,,Обычный,Нет
20268690,268690,16.32,,,,,,,,,0.1482,3.105,2.645,2.19,,Обычный,Нет
20268731,268731,16.17,,,,,,,,,0.1303,3.15,2.739,0.48,,Обычный,Нет
20269315,269315,15.85,4.351,0.049,,,,,,,0.1448,3.168,2.709,2.68,2-20 км,Обычный,Нет
20269337,269337,16.52,,,,,,,,,0.1664,3.089,2.575,1.05,,Обычный,Нет
20269492,269492,16.82,2.733,0.049,,,,,,,0.1415,3.114,2.673,0.59,2-20 км,Обычный,Нет
20269557,269557,16.55,,,,,,,,,0.1595,3.153,2.65,1.3,,Обычный,Нет
20269564,269564,16.43,3.81,0.04,,,,,,,0.1549,3.146,2.658,2.24,2-20 км,Обычный,Нет
20269590,269590,16.54,,,,,,,,,0.1675,3.091,2.573,2.58,,Обычный,Нет
20269633,269633,16.02,,,15.744,,,,,,0.1318,3.158,2.742,0.49,,Обычный,Нет
20269747,269747,16.63,,,,,,,,,0.1478,3.179,2.709,1.33,,Обычный,2:1
20269890,269890,16.16,,,,,,,,,0.1365,3.149,2.719,0.95,,Обычный,Нет
20269921,269921,16.64,,,,,,,,,0.1524,3.194,2.707,1.18,,Обычный,2:1
20270125,270125,16.31,,,,,,,,,0.1624,3.172,2.657,1.75,,Обычный,Нет
20270168,270168,16.38,,,,,,,,,0.1606,3.228,2.709,2.13,,Обычный,2:1
20270712,270712,16.51,,,,,,,,,0.1755,3.17,2.614,2.7,,Обычный,Нет
20270716,270716,16.62,,,,,,,,,0.17,3.172,2.632,1.89,,Обычный,Нет
20270768,270768,16.11,,,,,,,,,0.1844,3.118,2.543,2.24,,Обычный,Нет
20270890,270890,16.55,,,,,,,,,0.1465,3.16,2.697,1.72,,Обычный,Нет
20270930,270930,16.13,,,,,,,,,0.1635,3.048,2.55,1.07,,Обычный,Нет
20270978,270978,15.88,,,,,,,,,0.1786,3.227,2.65,2.82,,Обычный,2:1
20271215,271215,16.37,,,,,,,,,0.175,3.059,2.523,0.57,,Обычный,Нет
20271264,271264,16.3,3.588,0.05,,,,,,,0.1798,3.075,2.522,3.14,2-20 км,Обычный,Нет
20271335,271335,15.96,,,,,,,,,0.1516,3.064,2.599,1.84,,Обычный,Нет
20271354,271354,16.38,,,,,,,,,0.1294,3.202,2.788,0.74,,Обычный,2:1
20271496,271496,16.14,,,,,,,,,0.1267,3.086,2.695,2.55,,Обычный,Нет
20271917,271917,16.54,2.636,0.064,,,,,,,0.1891,3.126,2.535,1.97,2-20 км,Обычный,Нет
20271964,271964,16.27,3.376,0.062,,,,,,,0.1962,3.065,2.464,1.49,2-20 км,Обычный,Нет
20271985,271985,16.54,,,,,,,,,0.1529,3.15,2.668,2.24,,Обычный,Нет
20272005,272005,15.9,,,,,,,,,0.1398,3.085,2.654,2.68,,Обычный,Нет
20272052,272052,15.79,3.434,0.086,,,,,,,0.1456,3.187,2.723,1.1,2-20 км,Обычный,2:1
20272084,272084,16.36,,,,,,,,,0.1802,3.128,2.565,0.48,,Обычный,Нет
20272927,272927,16.59,,,,,,,,,0.1362,3.107,2.684,2.35,,Обычный,Нет
20273066,273066,16.23,,,,,,,,,0.1491,3.176,2.702,1.98,,Обычный,2:1
20273087,273087,16.52,,,,,,,,,0.1218,3.126,2.745,1.6,,Обычный,Нет
20273104,273104,16.22,,,,,,,,,0.1404,3.065,2.635,1.95,,Обычный,Нет
20273110,273110,16.55,,,,,,,,,0.1757,3.1,2.555,1.79,,Обычный,Нет
20273111,273111,16.29,,,,,,,,,0.157,3.101,2.614,1.7,,Обычный,Нет
20273196,273196,16.42,,,,,,,,,0.0897,3.073,2.798,1.53,,Обычный,Нет
20273236,273236,16.33,,,,,,,,,0.1205,3.098,2.724,1.51,,Обычный,Нет
20274009,274009,16.82,,,,,,,,,0.1381,3.124,2.693,0.47,,Обычный,Нет
20274065,274065,16.12,,,,,,,,,0.1583,3.133,2.637,2.04,,Обычный,Нет
20274289,274289,16.48,,,,,,,,,0.1764,3.091,2.546,0.77,,Обычный,Нет
20274295,274295,16.54,,,,,,,,,0.1539,3.183,2.694,0.62,,Обычный,2:1
20274418,274418,16.34,,,,,,,,,0.1536,3.139,2.657,0.47,,Обычный,Нет
20274813,274813,16.22,3.251,0.067,,,,,,,0.0973,3.146,2.84,2.42,2-20 км,Обычный,Нет
20274873,274873,16.35,4.282,0.032,,,,,,,0.1591,3.114,2.618,2.19,2-20 км,Обычный,Нет
20274932,274932,16.7,,,,,,,,,0.1862,3.102,2.524,2.05,,Обычный,Нет
20275170,275170,16.5,,,,,,,,,0.1471,3.195,2.725,1.08,,Обычный,2:1
20275221,275221,16.48,2.612,0.071,,,,,,,0.1634,3.156,2.641,2.29,2-20 км,Обычный,Нет
20275239,275239,16.92,,,,,,,,,0.1742,3.1,2.56,0.96,,Обычный,Нет
20275268,275268,16.53,2.998,0.045,,,,,,,0.1603,3.057,2.567,2.28,2-20 км,Обычный,Нет
20275377,275377,16.8,,,,,,,,,0.149,3.114,2.65,2.74,,Обычный,Нет
20275444,275444,16.22,,,,,,,,,0.1451,3.197,2.733,1.48,,Обычный,2:1
20275832,275832,16.11,,,,,,,,,0.1799,3.214,2.636,0.43,,Обычный,2:1
20276268,276268,16.14,,,,,,,,,0.1697,3.15,2.615,2.11,,Обычный,Нет
20276306,276306,16.69,,,,,,,,,0.1743,3.039,2.509,1.87,,Обычный,Нет
20276606,276606,16.93,,,,,,,,,0.1752,3.05,2.515,0.57,,Обычный,Нет
20276638,276638,16.64,,,,,,,,,0.1855,3.181,2.591,1.94,,Обычный,2:1
20277056,277056,16.56,,,,,,,,,0.1209,3.099,2.724,1.98,,Обычный,Нет
20277123,277123,16.74,,,,,,,,,0.1218,3.162,2.777,2.05,,Обычный,Нет
20277896,277896,16.24,,,,,,,,,0.1602,3.114,2.615,2.48,,Обычный,Нет
20277913,277913,16.62,,,,,,,,,0.1769,3.1,2.552,0.89,,Обычный,Нет
20278413,278413,16.3,,,,,,,,,0.1715,3.181,2.635,1.16,,Обычный,2:1
20278425,278425,16.16,,,,,,,,,0.1077,3.237,2.888,1.86,,Обычный,2:1
20278436,278436,16.47,,,,,,,,,0.135,3.123,2.702,0.72,,Обычный,Нет
20278437,278437,15.96,,,,,,,,,0.1461,3.181,2.716,1.06,,Обычный,2:1
20278636,278636,16.55,,,,,,,,,0.1274,3.058,2.669,1.34,,Обычный,Нет
20278778,278778,15.93,,,,,,,,,0.1751,3.12,2.574,2.46,,Обычный,Нет
20278979,278979,16.24,5.166,0.024,,,,,,,0.1302,3.135,2.727,1.65,2-20 км,Обычный,Нет
20279087,279087,16.41,,,,,,,,,0.1358,3.22,2.783,0.95,,Обычный,2:1
20279318,279318,16.32,,,,,,,,,0.1366,3.149,2.719,2.32,,Обычный,Нет
20279531,279531,16.11,,,,,,,,,0.1461,3.207,2.739,0.88,,Обычный,2:1
20279568,279568,16.33,,,,,,,,,0.1266,3.198,2.793,2.07,,Обычный,2:1
20279924,279924,16.21,,,,,,,,,0.1835,3.098,2.529,2.29,,Обычный,Нет
20279934,279934,16.28,,,,,,,,,0.1729,3.164,2.617,1.29,,Обычный,Нет
20279953,279953,16.47,,,,,,,,,0.1789,3.106,2.55,1.2,,Обычный,Нет
20279960,279960,16.34,,,,,,,,,0.1399,3.204,2.756,2.39,,Обычный,2:1
20280241,280241,16.05,,,,,,,,,0.1686,3.137,2.608,1.9,,Обычный,Нет
20280657,280657,16.49,,,,,,,,,0.1092,3.103,2.764,1.58,,Обычный,Нет
20280658,280658,16.33,,,,,,,,,0.1296,3.169,2.758,1.0,,Обычный,Нет
20280690,280690,15.77,3.667,0.083,,,,,,,0.1403,3.142,2.701,2.35,2-20 км,Обычный,Нет
20280706,280706,16.46,3.277,0.045,,,,,,,0.12,3.14,2.763,2.59,2-20 км,Обычный,Нет
20280723,280723,16.19,,,,,,,,,0.1295,3.166,2.756,2.62,,Обычный,Нет
20281286,281286,16.32,,,,,,,,,0.1247,3.085,2.701,1.72,,Обычный,Нет
20281311,281311,16.12,,,,,,,,,0.1563,3.129,2.64,1.84,,Обычный,Нет
20281331,281331,16.37,,,,,,,,,0.1759,3.164,2.608,2.6,,Обычный,Нет
20281527,281527,16.61,3.304,0.045,,,,,,,0.1521,3.109,2.636,1.4,2-20 км,Обычный,Нет
20281533,281533,16.63,,,,,,,,,0.119,3.097,2.729,1.88,,Обычный,Нет
20281539,281539,16.86,2.718,0.042,,,,,,,0.1068,3.122,2.789,2.24,2-20 км,Обычный,Нет
20281680,281680,16.34,,,,,,,,,0.1216,3.099,2.722,2.03,,Обычный,Нет
20281746,281746,16.39,,,,,,,,,0.1856,3.195,2.602,2.12,,Обычный,2:1
20281900,281900,16.55,,,,,,,,,0.108,3.094,2.76,2.51,,Обычный,Нет
20281968,281968,16.47,,,,,,,,,0.1412,3.134,2.691,1.7,,Обычный,Нет
20282011,282011,16.96,2.462,0.029,,,,,,,0.1266,3.046,2.66,2.75,2-20 км,Обычный,Нет
20282828,282828,16.05,,,,,,,,,0.1607,3.206,2.691,2.19,,Обычный,2:1
20282848,282848,15.89,,,,,,,,,0.2147,3.044,2.391,1.46,,Обычный,Нет
20282946,282946,16.46,,,,,,,,,0.1668,3.155,2.629,2.06,,Обычный,Нет
20282999,282999,16.26,,,,,,,,,0.1738,3.093,2.555,1.97,,Обычный,Нет
20283571,283571,16.21,,,,,,,,,0.2168,3.059,2.396,2.12,,Обычный,Нет
20283572,283572,16.32,,,,,,,,,0.1916,3.099,2.505,2.6,,Обычный,Нет
20283575,283575,16.16,,,,,,,,,0.1614,3.124,2.619,0.63,,Обычный,Нет
20284087,284087,16.67,,,,,,,,,0.143,3.088,2.647,2.31,,Обычный,Нет
20284312,284312,16.49,3.121,0.046,,,,,,,0.1215,3.075,2.701,1.44,2-20 км,Обычный,Нет
20284347,284347,16.59,,,,,,,,,0.1504,3.184,2.705,0.54,,Обычный,2:1
20284348,284348,16.56,,,,,,,,,0.1761,3.094,2.549,1.93,,Обычный,Нет
20284358,284358,16.44,,,,,,,,,0.1579,3.16,2.661,1.11,,Обычный,Нет
20284368,284368,16.7,,,,,,,,,0.175,3.09,2.549,0.78,,Обычный,Нет
20284901,284901,16.87,,,,,,,,,0.1573,3.098,2.611,0.45,,Обычный,Нет
20285027,285027,16.24,,,,,,,,,0.1348,3.156,2.731,2.56,,Обычный,Нет
20285031,285031,16.31,3.261,0.055,,,,,,,0.1413,3.2,2.748,1.06,2-20 км,Обычный,2:1
20285046,285046,16.76,,,,,,,,,0.1241,3.171,2.778,0.94,,Обычный,Нет
20285137,285137,17.07,,,,,,,,,0.1964,3.084,2.478,0.49,,Обычный,Нет
20285318,285318,16.91,,,,,,,,,0.1005,3.054,2.747,1.1,,Обычный,Нет
20285329,285329,16.41,,,,,,,,,0.1051,3.161,2.829,0.41,,Обычный,Нет
20285416,285416,16.56,,,,,,,,,0.1324,3.122,2.709,2.92,,Обычный,Нет
20285474,285474,17.02,,,,,,,,,0.1855,3.081,2.51,2.95,,Обычный,Нет
20285507,285507,16.44,,,,,,,,,0.1302,3.108,2.703,0.85,,Обычный,Нет
20285699,285699,16.26,,,,,,,,,0.1604,3.062,2.571,1.44,,Обычный,Нет
20285780,285780,15.85,,,,,,,,,0.2012,3.174,2.535,2.25,,Обычный,Нет
20286014,286014,16.29,,,,,,,,,0.2148,3.102,2.436,1.63,,Обычный,Нет
20286046,286046,16.65,,,,,,,,,0.189,3.139,2.546,2.34,,Обычный,Нет
20286399,286399,16.05,,,,,,,,,0.1746,3.144,2.595,2.42,,Обычный,Нет
20287294,287294,16.52,,,,,,,,,0.1727,3.16,2.614,1.69,,Обычный,Нет
20288081,288081,16.38,,,,,,,,,0.1733,3.219,2.661,2.03,,Обычный,2:1
20288408,288408,16.06,,,,,,,,,0.1265,3.196,2.792,2.12,,Обычный,2:1
20288553,288553,16.44,,,,,,,,,0.1042,3.155,2.826,1.31,,Обычный,Нет
20288673,288673,16.57,2.448,0.089,,,,,,,0.2135,3.109,2.445,1.63,2-20 км,Обычный,Нет
20288872,288872,16.5,,,,,,,,,0.1767,3.187,2.624,1.61,,Обычный,2:1
20288979,288979,16.41,,,,,,,,,0.1258,3.154,2.757,1.5,,Обычный,Нет
20288995,288995,16.33,4.35,0.023,,,,,,,0.0964,3.239,2.927,2.21,2-20 км,Обычный,2:1
20289042,289042,16.67,,,,,,,,,0.132,3.073,2.667,1.44,,Обычный,Нет
20289074,289074,16.34,,,,,,,,,0.1691,3.125,2.596,1.98,,Обычный,Нет
20289245,289245,16.21,,,,,,,,,0.1697,3.163,2.626,2.58,,Обычный,Нет
20289248,289248,15.88,,,,,,,,,0.1137,3.24,2.872,3.13,,Обычный,2:1
20289641,289641,16.18,,,,,,,,,0.1244,3.164,2.771,2.15,,Обычный,Нет
20289875,289875,16.52,,,,,,,,,0.1811,3.152,2.581,0.45,,Обычный,Нет
20289933,289933,16.66,,,,,,,,,0.14,3.042,2.616,2.41,,Обычный,Нет
20289935,289935,16.58,,,,,,,,,0.1967,3.174,2.55,0.66,,Обычный,Нет
20290082,290082,16.28,,,,,,,,,0.1815,3.205,2.624,0.98,,Обычный,2:1
20290103,290103,16.47,2.997,0.054,,,,,,,0.1937,3.114,2.511,2.04,2-20 км,Обычный,Нет
20290331,290331,16.09,,,,,,,,,0.0998,3.231,2.909,0.88,,Обычный,2:1
20290341,290341,16.86,,,3.35,,,,,,0.1632,3.089,2.585,1.38,,Обычный,Нет
20290378,290378,16.26,2.528,0.083,,,,,,,0.1791,3.097,2.542,2.35,2-20 км,Обычный,Нет
20290448,290448,16.43,,,,,,,,,0.1625,3.066,2.568,2.78,,Обычный,Нет
20290470,290470,16.12,,,,,,,,,0.0798,3.224,2.967,1.89,,Обычный,2:1
20290513,290513,16.31,,,,,,,,,0.1291,3.1,2.699,2.4,,Обычный,Нет
20290661,290661,17.09,,,,,,,,,0.1252,3.085,2.699,0.54,,Обычный,Нет
20290667,290667,16.69,,,,,,,,,0.1757,3.129,2.58,1.95,,Обычный,Нет
20290674,290674,16.46,,,,,,,,,0.1388,3.108,2.676,0.8,,Обычный,Нет
20290855,290855,16.22,3.651,0.053,,,,,,,0.1701,3.147,2.612,0.63,2-20 км,Обычный,Нет
20290877,290877,16.12,,,,,,,,,0.1295,3.125,2.72,2.29,,Обычный,Нет
20290878,290878,16.57,,,,,,,,,0.1044,3.126,2.8,0.84,,Обычный,Нет
20290902,290902,16.43,,,,,,,,,0.1669,3.194,2.661,1.96,,Обычный,2:1
20290928,290928,16.11,,,,,,,,,0.178,3.174,2.609,2.26,,Обычный,Нет
20290947,290947,16.14,,,,,,,,,0.1163,3.106,2.745,1.12,,Обычный,Нет
20290977,290977,16.51,,,,,,,,,0.1069,3.193,2.852,0.73,,Обычный,2:1
20291026,291026,16.73,,,,,,,,,0.128,3.125,2.725,0.65,,Обычный,Нет
20291052,291052,16.42,,,,,,,,,0.1093,3.117,2.776,2.88,,Обычный,Нет
20291053,291053,16.31,,,,,,,,,0.1426,3.148,2.699,1.87,,Обычный,Нет
20291061,291061,16.31,,,,,,,,,0.17,3.169,2.631,2.56,,Обычный,Нет
20291121,291121,16.4,,,,,,,,,0.1301,3.147,2.738,2.26,,Обычный,Нет
20291126,291126,16.14,,,,,,,,,0.148,3.203,2.729,0.63,,Обычный,2:1
20291150,291150,16.64,,,,,,,,,0.1346,3.105,2.687,0.97,,Обычный,Нет
20291176,291176,16.66,,,,,,,,,0.1756,3.118,2.57,0.5,,Обычный,Нет
20291197,291197,16.66,,,,,,,,,0.1448,3.17,2.711,1.84,,Обычный,Нет
20291247,291247,16.44,,,,,,,,,0.1152,3.179,2.813,2.4,,Обычный,2:1
20291330,291330,16.42,,,,,,,,,0.1154,3.077,2.722,2.63,,Обычный,Нет
20291350,291350,16.17,,,,,,,,,0.1069,3.171,2.832,2.14,,Обычный,Нет
20291373,291373,16.55,,,,,,,,,0.1213,3.082,2.708,1.59,,Обычный,Нет
20291482,291482,16.48,,,,,,,,,0.1304,3.153,2.741,1.1,,Обычный,Нет
20291505,291505,16.41,,,,,,,,,0.1082,3.157,2.816,2.24,,Обычный,Нет
20291565,291565,16.73,,,,,,,,,0.1565,3.045,2.568,1.77,,Обычный,Нет
20291647,291647,16.72,,,,,,,,,0.1269,3.082,2.691,2.24,,Обычный,Нет
20291738,291738,16.27,,,,,,,,,0.1561,3.119,2.632,2.47,,Обычный,Нет
20291773,291773,16.55,,,,,,,,,0.1731,3.19,2.638,1.37,,Обычный,2:1
20292126,292126,16.08,,,,,,,,,0.1591,3.091,2.599,1.16,,Обычный,Нет
20292239,292239,16.25,,,,,,,,,0.163,3.166,2.65,1.36,,Обычный,Нет
20292251,292251,16.58,,,,,,,,,0.1864,3.106,2.527,0.98,,Обычный,Нет
20292330,292330,16.7,,,,,,,,,0.1598,3.14,2.638,1.25,,Обычный,Нет
20292526,292526,16.49,,,,,,,,,0.1832,3.153,2.576,1.34,,Обычный,Нет
20292532,292532,16.36,,,,,,,,,0.1739,3.226,2.665,0.56,,Обычный,2:1
20292533,292533,16.24,,,,,,,,,0.1832,3.203,2.617,1.88,,Обычный,2:1
20292594,292594,16.5,,,,,,,,,0.1135,3.093,2.742,2.01,,Обычный,Нет
20292618,292618,16.28,,,4.43,,,,,,0.1931,3.17,2.558,2.47,,Обычный,Нет
20292656,292656,16.41,,,,,,,,,0.1838,3.082,2.516,2.23,,Обычный,Нет
20292698,292698,16.97,,,,,,,,,0.1804,3.048,2.498,2.14,,Обычный,Нет
20292890,292890,16.21,,,,,,,,,0.1827,3.121,2.551,2.27,,Обычный,Нет
20292978,292978,16.42,,,,,,,,,0.175,3.087,2.546,3.06,,Обычный,Нет
20293032,293032,16.45,,,,,,,,,0.2007,3.14,2.51,1.62,,Обычный,Нет
20293118,293118,16.47,,,,,,,,,0.1487,3.105,2.643,1.55,,Обычный,Нет
20293123,293123,16.93,,,,,,,,,0.1514,3.145,2.669,1.25,,Обычный,Нет
20293151,293151,16.66,,,,,,,,,0.1238,3.133,2.745,2.29,,Обычный,Нет
20293247,293247,16.21,,,,,,,,,0.1275,3.235,2.822,1.69,,Обычный,2:1
20293329,293329,15.94,,,,,,,,,0.1173,3.118,2.752,2.58,,Обычный,Нет
20293338,293338,16.05,,,,,,,,,0.119,3.188,2.808,2.68,,Обычный,2:1
20293376,293376,16.72,,,,,,,,,0.1194,3.074,2.707,1.81,,Обычный,Нет
20293388,293388,16.28,,,,,,,,,0.118,3.086,2.722,1.21,,Обычный,Нет
20293398,293398,16.23,,,,,,,,,0.1283,3.207,2.796,2.35,,Обычный,2:1
20293447,293447,16.43,,,,,,,,,0.1333,3.18,2.756,1.93,,Обычный,2:1
20293464,293464,16.02,4.564,0.031,,,,,,,0.1145,3.155,2.793,2.24,2-20 км,Обычный,Нет
20293773,293773,16.1,,,,,,,,,0.1476,3.21,2.736,1.95,,Обычный,2:1
20294423,294423,16.27,,,,,,,,,0.1488,3.095,2.635,2.03,,Обычный,Нет
20294718,294718,16.52,,,,,,,,,0.1214,3.087,2.712,1.06,,Обычный,Нет
20294767,294767,16.27,,,,,,,,,0.1262,3.23,2.822,2.51,,Обычный,2:1
20294895,294895,16.19,,,,,,,,,0.102,3.085,2.771,1.99,,Обычный,Нет
20294931,294931,16.65,,,,,,,,,0.1581,3.14,2.643,1.62,,Обычный,Нет
20295029,295029,16.24,,,,,,,,,0.1475,3.08,2.626,3.16,,Обычный,Нет
20295382,295382,16.23,,,,,,,,,0.1759,3.139,2.587,2.28,,Обычный,Нет
20295557,295557,15.98,,,,,,,,,0.1859,3.057,2.489,0.56,,Обычный,Нет
20295597,295597,16.4,,,,,,,,,0.1669,3.116,2.596,1.67,,Обычный,Нет
20295679,295679,16.57,,,,,,,,,0.1576,3.162,2.664,1.2,,Обычный,Нет
20295688,295688,16.48,,,,,,,,,0.1752,3.091,2.55,2.45,,Обычный,Нет
20295692,295692,16.8,,,,,,,,,0.1834,3.041,2.483,2.87,,Обычный,Нет
20295880,295880,17.02,,,,,,,,,0.1732,3.107,2.569,0.55,,Обычный,Нет
20295906,295906,16.57,,,,,,,,,0.1793,3.122,2.562,1.44,,Обычный,Нет
20296051,296051,16.45,,,,,,,,,0.1552,3.175,2.683,0.45,,Обычный,Нет
20296053,296053,16.71,,,,,,,,,0.1588,3.174,2.67,1.06,,Обычный,Нет
20296094,296094,16.28,,,,,,,,,0.099,3.158,2.845,2.45,,Обычный,Нет
20296113,296113,16.56,,,,,,,,,0.1077,3.137,2.799,2.0,,Обычный,Нет
20296181,296181,16.81,,,,,,,,,0.1185,3.111,2.742,0.69,,Обычный,Нет
20296191,296191,16.31,,,,,,,,,0.128,3.244,2.829,2.06,,Обычный,2:1
20296574,296574,17.26,,,,,,,,,0.1733,3.159,2.611,1.15,,Обычный,Нет
20296582,296582,16.7,,,,,,,,,0.1658,3.092,2.579,1.72,,Обычный,Нет
20296598,296598,16.93,2.479,0.055,,,,,,,0.1857,3.111,2.534,2.04,2-20 км,Обычный,Нет
20296669,296669,16.1,,,,,,,,,0.1376,3.098,2.671,2.28,,Обычный,Нет
20296698,296698,16.63,,,,,,,,,0.1205,3.144,2.765,2.18,,Обычный,Нет
20296706,296706,16.02,,,,,,,,,0.1119,3.211,2.851,2.25,,Обычный,2:1
20296742,296742,16.18,3.042,0.083,,,,,,,0.1889,3.151,2.556,2.08,2-20 км,Обычный,Нет
20296835,296835,16.91,2.795,0.047,,,,,,,0.1611,3.152,2.644,1.5,2-20 км,Обычный,Нет
20296975,296975,16.56,,,,,,,,,0.125,3.069,2.686,1.68,,Обычный,Нет
20297077,297077,16.53,2.833,0.061,,,,,,,0.1636,3.062,2.561,0.59,2-20 км,Обычный,Нет
20297140,297140,16.37,,,3.72,,,,,,0.1612,3.195,2.68,1.39,,Обычный,2:1
20297216,297216,16.26,,,,,,,,,0.1147,3.162,2.8,2.45,,Обычный,Нет
20297664,297664,16.3,,,,,,,,,0.1862,3.048,2.48,2.44,,Обычный,Нет
20297812,297812,16.35,,,,,,,,,0.2041,3.116,2.48,1.54,,Обычный,Нет
20297833,297833,16.66,,,,,,,,,0.1326,3.158,2.739,1.14,,Обычный,Нет
20297903,297903,16.67,,,,,,,,,0.1478,3.132,2.669,2.51,,Обычный,Нет
20298759,298759,16.65,,,,,,,,,0.1199,3.202,2.818,1.47,,Обычный,2:1
20299286,299286,16.34,,,,,,,,,0.1668,3.122,2.601,2.69,,Обычный,Нет
20299311,299311,16.4,,,,,,,,,0.194,3.149,2.538,1.91,,Обычный,Нет
20299344,299344,16.33,,,,,,,,,0.1477,3.232,2.754,2.73,,Обычный,2:1
20299754,299754,16.76,,,,,,,,,0.1599,3.047,2.559,1.53,,Обычный,Нет
20299756,299756,16.66,,,,,,,,,0.1085,3.073,2.739,0.86,,Обычный,Нет
20299924,299924,16.64,,,,,,,,,0.1709,3.095,2.566,0.61,,Обычный,Нет
20299929,299929,16.55,,,,,,,,,0.1811,3.102,2.54,1.66,,Обычный,Нет
20299935,299935,16.57,,,,,,,,,0.1898,3.092,2.505,1.73,,Обычный,Нет
20299936,299936,17.1,,,,,,,,,0.1842,3.088,2.519,1.25,,Обычный,Нет
20299938,299938,16.72,,,,,,,,,0.1443,3.15,2.696,0.53,,Обычный,Нет
20299945,299945,16.23,,,,,,,,,0.1914,3.199,2.587,2.11,,Обычный,2:1
20299996,299996,16.52,,,,,,,,,0.172,3.117,2.581,1.02,,Обычный,Нет
20300000,300000,17.0,,,,,,,,,0.1785,3.09,2.538,1.4,,Обычный,Нет
20300003,300003,16.72,,,,,,,,,0.1741,3.104,2.564,0.61,,Обычный,Нет
20300023,300023,16.51,,,,,,,,,0.1874,3.092,2.512,1.76,,Обычный,Нет
20300031,300031,16.61,,,,,,,,,0.1803,3.106,2.546,2.65,,Обычный,Нет
20300035,300035,16.57,3.598,0.031,,,,,,,0.111,3.164,2.812,1.07,2-20 км,Обычный,Нет
20300040,300040,16.43,,,,,,,,,0.1926,3.037,2.453,1.06,,Обычный,Нет
20300054,300054,16.59,,,,,,,,,0.189,3.171,2.572,2.38,,Обычный,Нет
20300064,300064,16.65,,,,,,,,,0.1848,3.097,2.525,1.2,,Обычный,Нет
20300071,300071,16.59,,,,,,,,,0.1262,3.086,2.697,1.45,,Обычный,Нет
20300105,300105,16.45,,,,,,,,,0.1586,3.097,2.606,2.3,,Обычный,Нет
20300127,300127,16.21,,,,,,,,,0.117,3.184,2.811,0.83,,Обычный,2:1
20300137,300137,16.71,,,,,,,,,0.1809,3.139,2.571,1.62,,Обычный,Нет
20300141,300141,16.35,,,,,,,,,0.2113,3.178,2.507,1.02,,Обычный,2:1
20300143,300143,16.22,,,,,,,,,0.1883,3.113,2.527,0.81,,Обычный,Нет
20300147,300147,16.47,,,,,,,,,0.1934,3.146,2.537,2.37,,Обычный,Нет
20300149,300149,16.33,,,,,,,,,0.1793,3.103,2.546,3.15,,Обычный,Нет
20300153,300153,16.33,,,,,,,,,0.1433,3.111,2.665,1.73,,Обычный,Нет
20300164,300164,16.82,,,,,,,,,0.1867,3.147,2.559,1.31,,Обычный,Нет
20300196,300196,16.95,,,,,,,,,0.1925,3.154,2.547,0.81,,Обычный,Нет
20300212,300212,16.85,,,,,,,,,0.1761,3.142,2.589,0.52,,Обычный,Нет
20300214,300214,16.49,,,,,,,,,0.1372,3.133,2.703,2.6,,Обычный,Нет
20300892,300892,16.49,,,,,,,,,0.1044,3.112,2.787,1.3,,Обычный,Нет
20301506,301506,16.02,,,,,,,,,0.115,3.234,2.862,2.7,,Обычный,2:1
20301522,301522,16.24,3.528,0.047,,,,,,,0.0845,3.145,2.879,1.99,2-20 км,Обычный,Нет
20301850,301850,16.64,,,,,,,,,0.1593,3.15,2.648,1.93,,Обычный,Нет
20302427,302427,16.49,,,,,,,,,0.1233,3.106,2.723,0.76,,Обычный,Нет
20302438,302438,16.61,,,,,,,,,0.0822,3.235,2.97,0.41,,Обычный,2:1
20302825,302825,16.2,,,,,,,,,0.1079,3.132,2.794,2.21,,Обычный,Нет
20303683,303683,16.25,,,,,,,,,0.2051,3.06,2.432,2.06,,Обычный,Нет
20303699,303699,16.48,,,,,,,,,0.1632,3.09,2.585,0.44,,Обычный,Нет
20303737,303737,16.03,,,,,,,,,0.2211,3.155,2.458,2.17,,Обычный,Нет
20303755,303755,16.33,,,,,,,,,0.1483,3.15,2.683,0.94,,Обычный,Нет
20303814,303814,16.67,,,,,,,,,0.1692,3.159,2.625,1.77,,Обычный,Нет
20303843,303843,16.45,,,,,,,,,0.1148,3.182,2.817,1.36,,Обычный,2:1
20303847,303847,16.21,,,,,,,,,0.13,3.24,2.819,2.09,,Обычный,2:1
20303868,303868,16.59,,,,,,,,,0.1385,3.177,2.737,2.58,,Обычный,2:1
20303918,303918,16.44,,,,,,,,,0.1215,3.176,2.79,1.86,,Обычный,2:1
20303927,303927,16.47,,,,,,,,,0.1345,3.123,2.703,2.16,,Обычный,Нет
20303931,303931,17.16,,,,,,,,,0.1517,3.098,2.628,2.51,,Обычный,Нет
20304367,304367,16.61,,,,,,,,,0.1623,3.063,2.565,2.57,,Обычный,Нет
20304497,304497,16.3,,,,,,,,,0.1458,3.098,2.646,3.26,,Обычный,Нет
20304594,304594,16.72,,,,,,,,,0.1083,3.131,2.792,1.91,,Обычный,Нет
20304598,304598,17.27,,,,,,,,,0.1413,3.065,2.632,1.72,,Обычный,Нет
20304660,304660,16.28,,,,,,,,,0.1513,3.053,2.591,1.99,,Обычный,Нет
20304673,304673,16.8,,,,,,,,,0.1693,3.083,2.561,2.15,,Обычный,Нет
20304686,304686,17.21,,,,,,,,,0.1357,3.099,2.678,1.8,,Обычный,Нет
20304705,304705,16.64,,,,,,,,,0.1732,3.094,2.558,1.41,,Обычный,Нет
20304743,304743,16.77,,,,,,,,,0.133,3.104,2.691,1.92,,Обычный,Нет
20304761,304761,16.69,,,,,,,,,0.1921,3.189,2.577,2.34,,Обычный,2:1
20304769,304769,16.43,,,,,,,,,0.1888,3.186,2.584,1.44,,Обычный,2:1
20305444,305444,16.57,,,,,,,,,0.0823,3.23,2.964,1.56,,Обычный,2:1
20305446,305446,16.08,,,,,,,,,0.0898,3.254,2.962,1.54,,Обычный,2:1
20305521,305521,16.42,,,,,,,,,0.1671,3.129,2.606,1.05,,Обычный,Нет
20305534,305534,16.29,,,,,,,,,0.1632,3.148,2.634,1.73,,Обычный,Нет
20305535,305535,16.58,,,,,,,,,0.1645,3.12,2.606,1.44,,Обычный,Нет
20305838,305838,16.54,,,,,,,,,0.1523,3.079,2.61,0.76,,Обычный,Нет
20305926,305926,16.63,,,,,,,,,0.1601,3.194,2.682,2.35,,Обычный,2:1
20306116,306116,16.05,3.524,0.047,,,,,,,0.1896,3.202,2.594,1.0,2-20 км,Обычный,2:1
20306337,306337,16.39,,,,,,,,,0.1782,3.109,2.555,1.36,,Обычный,Нет
20306338,306338,16.51,,,,,,,,,0.1913,3.092,2.5,2.28,,Обычный,Нет
20307127,307127,16.74,,,,,,,,,0.1278,3.114,2.717,0.81,,Обычный,Нет
20307193,307193,16.6,,,,,,,,,0.106,3.133,2.801,1.17,,Обычный,Нет
20308340,308340,16.27,,,,,,,,,0.1534,3.154,2.67,1.87,,Обычный,Нет
20308364,308364,16.55,,,,,,,,,0.167,3.058,2.547,2.82,,Обычный,Нет
20308401,308401,16.5,,,,,,,,,0.1855,3.168,2.58,0.55,,Обычный,Нет
20308405,308405,16.73,,,,,,,,,0.1728,3.04,2.515,1.26,,Обычный,Нет
20308406,308406,16.94,,,,,,,,,0.1576,3.169,2.67,0.76,,Обычный,Нет
20308422,308422,16.59,,,,,,,,,0.1079,3.216,2.869,0.7,,Обычный,2:1
20308426,308426,16.79,,,,,,,,,0.1574,3.11,2.62,2.25,,Обычный,Нет
20308439,308439,16.45,,,,,,,,,0.1909,3.122,2.526,2.22,,Обычный,Нет
20308469,308469,16.36,,,,,,,,,0.1786,3.176,2.609,1.5,,Обычный,2:1
20308477,308477,16.51,,,1.9,,,,,,0.178,3.085,2.536,1.27,,Обычный,Нет
20308498,308498,16.71,,,,,,,,,0.1138,3.21,2.845,1.94,,Обычный,2:1
20308505,308505,16.35,,,,,,,,,0.1329,3.078,2.669,2.63,,Обычный,Нет
20308552,308552,16.4,,,,,,,,,0.1647,3.146,2.627,2.52,,Обычный,Нет
20308570,308570,16.4,,,,,,,,,0.1793,3.178,2.608,2.18,,Обычный,2:1
20308593,308593,16.48,,,,,,,,,0.1255,3.218,2.814,1.08,,Обычный,2:1
20309116,309116,16.85,,,,,,,,,0.1212,3.09,2.716,1.62,,Обычный,Нет
20309155,309155,16.57,,,,,,,,,0.1634,3.115,2.606,2.35,,Обычный,Нет
20309586,309586,16.23,,,,,,,,,0.0955,3.099,2.803,2.72,,Обычный,Нет
20309678,309678,16.2,,,6.02,,,,,,0.1464,3.124,2.667,1.66,,Обычный,Нет
20309695,309695,16.28,,,,,,,,,0.117,3.165,2.794,2.46,,Обычный,Нет
20309699,309699,16.59,,,,,,,,,0.1184,3.085,2.719,2.47,,Обычный,Нет
20309708,309708,16.45,,,,,,,,,0.0945,3.135,2.839,2.39,,Обычный,Нет
20310120,310120,16.67,,,,,,,,,0.1138,3.091,2.74,0.63,,Обычный,Нет
20310204,310204,15.93,,,,,,,,,0.186,3.149,2.563,2.52,,Обычный,Нет
20310216,310216,16.33,,,,,,,,,0.1945,3.152,2.539,2.85,,Обычный,Нет
20310351,310351,16.65,,,,,,,,,0.1789,3.106,2.55,1.46,,Обычный,Нет
20310381,310381,16.73,,,,,,,,,0.1608,3.114,2.613,1.97,,Обычный,Нет
20310410,310410,16.89,,,,,,,,,0.164,3.148,2.632,1.94,,Обычный,Нет
20310874,310874,16.6,,,,,,,,,0.1264,3.079,2.69,0.91,,Обычный,Нет
20311368,311368,16.4,,,,,,,,,0.1213,3.091,2.716,2.39,,Обычный,Нет
20311389,311389,16.56,,,,,,,,,0.1858,3.127,2.546,1.72,,Обычный,Нет
20311391,311391,16.61,,,,,,,,,0.1759,3.107,2.56,2.21,,Обычный,Нет
20311405,311405,16.16,,,,,,,,,0.1163,3.166,2.798,2.45,,Обычный,Нет
20311425,311425,17.0,,,,,,,,,0.148,3.048,2.597,1.03,,Обычный,Нет
20311446,311446,16.56,,,,,,,,,0.1459,3.119,2.664,2.44,,Обычный,Нет
20311493,311493,16.76,,,,,,,,,0.1566,3.174,2.677,1.92,,Обычный,Нет
20311507,311507,16.5,,,,,,,,,0.1733,3.157,2.61,1.96,,Обычный,Нет
20311516,311516,16.28,2.731,0.086,,,,,,,0.185,3.161,2.577,1.79,2-20 км,Обычный,Нет
20311521,311521,16.18,,,4.62,,,,,,0.138,3.179,2.741,0.87,,Обычный,2:1
20311576,311576,16.5,,,,,,,,,0.1004,3.035,2.73,2.09,,Обычный,Нет
20311962,311962,16.81,,,,,,,,,0.1249,3.097,2.711,3.01,,Обычный,Нет
20312401,312401,16.56,,,,,,,,,0.098,3.073,2.772,2.77,,Обычный,Нет
20312404,312404,16.69,,,,,,,,,0.122,3.1,2.722,2.35,,Обычный,Нет
20312721,312721,15.91,,,,,,,,,0.1513,3.091,2.623,0.54,,Обычный,Нет
20312742,312742,16.4,,,,,,,,,0.1336,3.072,2.662,2.64,,Обычный,Нет
20312764,312764,15.99,,,,,,,,,0.0966,3.264,2.948,1.6,,Обычный,2:1
20312767,312767,16.85,,,,,,,,,0.1239,3.114,2.729,2.44,,Обычный,Нет
20312783,312783,16.41,,,,,,,,,0.161,3.107,2.607,2.78,,Обычный,Нет
20312911,312911,16.96,,,,,,,,,0.1559,3.152,2.661,0.45,,Обычный,Нет
20313686,313686,16.1,,,,,,,,,0.1508,3.191,2.71,1.36,,Обычный,2:1
20314014,314014,16.47,,,,,,,,,0.159,3.157,2.655,0.94,,Обычный,Нет
20314313,314313,16.98,,,,,,,,,0.1667,3.088,2.573,0.81,,Обычный,Нет
20314369,314369,16.39,,,3.99,,,,,,0.1711,3.166,2.625,1.07,,Обычный,Нет
20314397,314397,16.99,,,,,,,,,0.1875,3.063,2.489,1.98,,Обычный,Нет
20314427,314427,16.51,2.335,0.089,,,,,,,0.181,3.1,2.539,1.52,2-20 км,Обычный,Нет
20314446,314446,17.05,,,,,,,,,0.166,3.088,2.575,2.58,,Обычный,Нет
20314454,314454,16.73,3.223,0.036,,,,,,,0.162,3.106,2.603,2.78,2-20 км,Обычный,Нет
20314488,314488,17.24,,,,,,,,,0.1492,3.117,2.652,2.85,,Обычный,Нет
20314553,314553,16.64,2.404,0.07,,,,,,,0.1915,3.199,2.586,0.99,2-20 км,Обычный,2:1
20314565,314565,16.35,,,,,,,,,0.1359,3.141,2.714,1.15,,Обычный,Нет
20314581,314581,16.26,,,,,,,,,0.1208,3.211,2.823,2.17,,Обычный,2:1
20314599,314599,17.18,,,,,,,,,0.1576,3.163,2.665,0.45,,Обычный,Нет
20315161,315161,16.14,,,,,,,,,0.103,3.083,2.765,1.74,,Обычный,Нет
20315162,315162,16.39,,,,,,,,,0.1292,3.137,2.732,1.77,,Обычный,Нет
20315834,315834,16.45,,,,,,,,,0.1415,3.128,2.685,0.55,,Обычный,Нет
20316110,316110,16.11,,,,,,,,,0.1682,3.087,2.568,1.35,,Обычный,Нет
20316122,316122,16.22,,,,,,,,,0.1748,3.067,2.531,2.48,,Обычный,Нет
20316298,316298,16.78,,,,,,,,,0.2103,3.197,2.525,1.75,,Обычный,2:1
20316483,316483,16.17,,,,,,,,,0.1238,3.129,2.742,2.18,,Обычный,Нет
20316595,316595,16.72,,,,,,,,,0.1315,3.175,2.757,2.22,,Обычный,Нет
20316621,316621,16.89,,,,,,,,,0.1646,3.096,2.586,0.63,,Обычный,Нет
20316834,316834,16.54,,,,,,,,,0.1215,3.19,2.802,0.92,,Обычный,2:1
20317177,317177,16.09,,,,,,,,,0.1618,3.176,2.662,2.74,,Обычный,2:1
20317301,317301,16.66,,,,,,,,,0.1413,3.048,2.618,0.9,,Обычный,Нет
20317490,317490,16.18,,,,,,,,,0.1905,3.147,2.548,1.65,,Обычный,Нет
20317550,317550,16.37,,,,,,,,,0.1864,3.103,2.525,0.69,,Обычный,Нет
20318234,318234,16.31,,,,,,,,,0.1725,3.058,2.531,2.26,,Обычный,Нет
20318284,318284,16.73,,,,,,,,,0.1758,3.096,2.552,0.68,,Обычный,Нет
20318347,318347,16.27,,,,,,,,,0.1796,3.132,2.57,2.45,,Обычный,Нет
20318599,318599,15.91,,,,,,,,,0.1137,3.175,2.814,1.55,,Обычный,Нет
20318801,318801,16.79,,,,,,,,,0.1549,3.096,2.617,1.46,,Обычный,Нет
20318931,318931,17.07,,,,,,,,,0.1105,3.022,2.688,1.72,,Обычный,Нет
20319001,319001,17.46,,,,,,,,,0.1737,3.061,2.53,1.81,,Обычный,Нет
20319142,319142,16.75,,,,,,,,,0.1723,3.222,2.667,3.07,,Обычный,2:1
20319146,319146,16.28,,,,,,,,,0.1143,3.039,2.691,2.09,,Обычный,Нет
20319157,319157,16.01,,,,,,,,,0.1526,3.045,2.58,2.81,,Обычный,Нет
20319189,319189,16.82,,,,,,,,,0.1219,3.089,2.712,1.99,,Обычный,Нет
20319218,319218,16.26,,,,,,,,,0.1459,3.129,2.673,2.75,,Обычный,Нет
20319244,319244,16.3,,,,,,,,,0.1018,3.094,2.779,2.82,,Обычный,Нет
20319250,319250,16.12,,,,,,,,,0.1552,3.16,2.67,2.31,,Обычный,Нет
20319263,319263,16.34,,,,,,,,,0.1259,3.143,2.747,2.25,,Обычный,Нет
20319268,319268,15.94,,,,,,,,,0.1254,3.088,2.701,2.57,,Обычный,Нет
20319274,319274,16.61,,,,,,,,,0.1291,3.06,2.665,2.71,,Обычный,Нет
20319277,319277,16.29,,,,,,,,,0.15,3.179,2.702,2.88,,Обычный,2:1
20319289,319289,16.6,,,,,,,,,0.1159,3.18,2.812,1.93,,Обычный,2:1
20319349,319349,16.21,,,,,,,,,0.1254,3.168,2.771,2.64,,Обычный,Нет
20319464,319464,16.04,,,,,,,,,0.1151,3.174,2.809,1.67,,Обычный,Нет
20319514,319514,16.6,,,,,,,,,0.1081,3.23,2.881,0.45,,Обычный,2:1
20319595,319595,16.3,,,,,,,,,0.1879,3.137,2.548,1.68,,Обычный,Нет
20320058,320058,16.6,,,,,,,,,0.1111,3.081,2.738,1.73,,Обычный,Нет
20320077,320077,16.39,,,,,,,,,0.1119,3.082,2.737,2.88,,Обычный,Нет
20320079,320079,16.48,,,,,,,,,0.1519,3.106,2.634,1.37,,Обычный,Нет
20320106,320106,16.42,,,,,,,,,0.1422,3.105,2.663,0.52,,Обычный,Нет
20320108,320108,16.36,,,,,,,,,0.1741,3.063,2.53,1.25,,Обычный,Нет
20320163,320163,16.51,,,,,,,,,0.1169,3.16,2.79,1.04,,Обычный,Нет
20320226,320226,16.39,,,,,,,,,0.1294,3.064,2.667,0.4,,Обычный,Нет
20320257,320257,16.37,,,,,,,,,0.1743,3.09,2.551,2.18,,Обычный,Нет
20320271,320271,16.3,,,,,,,,,0.18,3.139,2.574,1.69,,Обычный,Нет
20320303,320303,16.2,,,,,,,,,0.1678,3.147,2.619,0.89,,Обычный,Нет
20320446,320446,16.59,,,,,,,,,0.1234,3.111,2.727,0.75,,Обычный,Нет
20321000,321000,16.66,,,,,,,,,0.2084,3.173,2.512,1.28,,Обычный,Нет
20321076,321076,16.68,,,,,,,,,0.1597,3.052,2.565,2.92,,Обычный,Нет
20321090,321090,16.1,,,,,,,,,0.1799,3.151,2.584,2.84,,Обычный,Нет
20321093,321093,16.28,,,,,,,,,0.154,3.168,2.681,2.66,,Обычный,Нет
20321175,321175,16.13,,,,,,,,,0.142,3.223,2.766,1.66,,Обычный,2:1
20321290,321290,16.07,,,,,,,,,0.1198,3.132,2.757,2.55,,Обычный,Нет
20321347,321347,16.65,,,,,,,,,0.1185,3.09,2.724,2.35,,Обычный,Нет
20321388,321388,16.42,,,,,,,,,0.1506,3.112,2.643,1.82,,Обычный,Нет
20321447,321447,16.17,,,,,,,,,0.1891,3.204,2.598,2.25,,Обычный,2:1
20321481,321481,16.56,,,,,,,,,0.159,3.184,2.678,2.55,,Обычный,2:1
20321626,321626,16.29,2.817,0.097,,,,,,,0.1691,3.192,2.652,2.58,2-20 км,Обычный,2:1
20321665,321665,16.5,,,,,,,,,0.129,3.173,2.764,0.8,,Обычный,Нет
20322007,322007,16.3,2.367,0.104,,,,,,,0.1781,3.109,2.556,2.88,2-20 км,Обычный,Нет
20322334,322334,16.58,,,,,,,,,0.1504,3.195,2.715,1.13,,Обычный,2:1
20322700,322700,16.43,,,,,,,,,0.1356,3.143,2.717,2.4,,Обычный,Нет
20323024,323024,16.39,,,,,,,,,0.1896,3.126,2.534,2.4,,Обычный,Нет
20323038,323038,16.04,,,,,,,,,0.197,3.199,2.569,1.79,,Обычный,2:1
20323354,323354,16.17,,,,,,,,,0.1484,3.119,2.656,1.15,,Обычный,Нет
20323367,323367,15.96,,,,,,,,,0.1593,3.142,2.642,2.19,,Обычный,Нет
20323595,323595,16.39,,,,,,,,,0.1757,3.163,2.608,2.04,,Обычный,Нет
20323628,323628,16.91,,,,,,,,,0.1607,3.124,2.622,1.25,,Обычный,Нет
20324026,324026,17.13,,,,,,,,,0.1681,3.09,2.571,2.02,,Обычный,Нет
20324170,324170,17.11,,,,,,,,,0.1194,3.065,2.699,0.6,,Обычный,Нет
20324179,324179,17.14,,,,,,,,,0.1185,3.104,2.736,1.27,,Обычный,Нет
20324211,324211,16.91,,,,,,,,,0.1175,3.106,2.741,1.93,,Обычный,Нет
20324226,324226,16.45,,,,,,,,,0.1615,3.188,2.673,1.55,,Обычный,2:1
20324230,324230,16.55,,,,,,,,,0.1575,3.116,2.625,2.4,,Обычный,Нет
20324232,324232,16.62,,,,,,,,,0.1496,3.165,2.692,2.08,,Обычный,Нет
20324269,324269,16.93,,,,,,,,,0.1247,3.177,2.781,2.51,,Обычный,2:1
20324274,324274,16.47,,,,,,,,,0.1675,3.195,2.66,2.19,,Обычный,2:1
20324283,324283,16.61,,,,,,,,,0.1386,3.122,2.69,1.91,,Обычный,Нет
20324302,324302,16.1,,,,,,,,,0.1549,3.151,2.663,2.74,,Обычный,Нет
20324687,324687,16.72,,,,,,,,,0.1128,3.088,2.74,1.56,,Обычный,Нет
20324795,324795,16.68,,,,,,,,,0.1224,3.052,2.678,1.67,,Обычный,Нет
20325591,325591,16.42,,,,,,,,,0.1437,3.174,2.718,1.99,,Обычный,Нет
20325980,325980,16.7,,,,,,,,,0.1497,3.113,2.647,2.24,,Обычный,Нет
20326063,326063,16.46,,,,,,,,,0.1176,3.155,2.784,1.89,,Обычный,Нет
20326075,326075,16.39,,,,,,,,,0.1288,3.064,2.669,2.17,,Обычный,Нет
20326143,326143,16.87,,,,,,,,,0.1183,3.108,2.741,1.22,,Обычный,Нет
20326179,326179,16.34,,,,,,,,,0.1305,3.168,2.754,2.91,,Обычный,Нет
20326191,326191,16.45,,,,,,,,,0.1343,3.156,2.732,1.53,,Обычный,Нет
20326199,326199,16.52,,,,,,,,,0.1323,3.208,2.784,2.01,,Обычный,2:1
20326512,326512,16.74,,,,,,,,,0.1685,3.11,2.586,2.16,,Обычный,Нет
20326557,326557,16.48,,,,,,,,,0.1596,3.111,2.614,1.18,,Обычный,Нет
20326559,326559,16.44,,,,,,,,,0.1539,3.184,2.694,1.84,,Обычный,2:1
20326620,326620,16.46,,,,,,,,,0.1577,3.181,2.679,1.27,,Обычный,2:1
20326745,326745,17.07,,,,,,,,,0.1172,3.114,2.749,1.82,,Обычный,Нет
20326886,326886,16.48,,,,,,,,,0.119,3.228,2.844,2.19,,Обычный,2:1
20327081,327081,16.62,,,,,,,,,0.1588,3.133,2.636,2.1,,Обычный,Нет
20327574,327574,16.75,,,,,,,,,0.1229,3.124,2.74,2.56,,Обычный,Нет
20327607,327607,16.19,,,,,,,,,0.1634,3.21,2.685,2.36,,Обычный,2:1
20327993,327993,17.08,,,,,,,,,0.156,3.095,2.613,0.45,,Обычный,Нет
20328422,328422,16.45,,,,,,,,,0.1632,3.081,2.578,0.95,,Обычный,Нет
20328466,328466,16.27,,,,,,,,,0.1369,3.19,2.753,2.39,,Обычный,2:1
20328699,328699,16.55,,,,,,,,,0.1271,3.154,2.753,2.54,,Обычный,Нет
20328846,328846,16.39,3.389,0.056,,,,,,,0.1378,3.124,2.694,2.58,2-20 км,Обычный,Нет
20328873,328873,16.62,2.67,0.062,,,,,,,0.1828,3.039,2.484,2.94,2-20 км,Обычный,Нет
20329052,329052,16.74,,,,,,,,,0.1562,3.108,2.623,1.63,,Обычный,Нет
20329071,329071,16.53,,,,,,,,,0.1365,3.145,2.715,2.27,,Обычный,Нет
20329096,329096,16.74,,,,,,,,,0.1743,3.076,2.54,2.99,,Обычный,Нет
20329100,329100,16.96,,,,,,,,,0.1119,3.116,2.767,0.47,,Обычный,Нет
20329238,329238,16.58,,,,,,,,,0.1368,3.149,2.718,2.19,,Обычный,Нет
20329453,329453,16.62,,,,,,,,,0.1827,3.112,2.544,2.21,,Обычный,Нет
20329482,329482,16.5,,,,,,,,,0.161,3.166,2.656,2.17,,Обычный,Нет
20329494,329494,16.3,,,,,,,,,0.1699,3.133,2.601,2.23,,Обычный,Нет
20329553,329553,16.75,,,,,,,,,0.1533,3.178,2.69,2.03,,Обычный,2:1
20329681,329681,16.3,,,,,,,,,0.178,3.051,2.507,2.08,,Обычный,Нет
20329695,329695,16.59,,,,,,,,,0.179,3.104,2.548,2.78,,Обычный,Нет
20330688,330688,16.5,,,,,,,,,0.1632,3.119,2.61,3.05,,Обычный,Нет
20330776,330776,16.37,,,,,,,,,0.1486,3.126,2.662,1.98,,Обычный,Нет
20330799,330799,16.04,,,,,,,,,0.1397,3.184,2.739,2.29,,Обычный,2:1
20330944,330944,16.57,,,,,,,,,0.1642,3.047,2.547,2.21,,Обычный,Нет
20331183,331183,16.43,,,,,,,,,0.1082,3.049,2.72,2.68,,Обычный,Нет
20331373,331373,16.41,,,,,,,,,0.135,3.161,2.734,2.56,,Обычный,Нет
20331739,331739,16.01,,,,,,,,,0.1834,3.054,2.494,2.78,,Обычный,Нет
20332175,332175,17.0,,,,,,,,,0.1027,3.049,2.736,1.21,,Обычный,Нет
20332200,332200,17.1,,,,,,,,,0.1343,3.156,2.732,1.72,,Обычный,Нет
20332205,332205,16.74,,,,,,,,,0.1493,3.123,2.657,2.28,,Обычный,Нет
20332223,332223,17.08,,,,,,,,,0.1516,3.195,2.71,1.78,,Обычный,2:1
20332243,332243,16.48,,,,,,,,,0.1344,3.102,2.686,2.5,,Обычный,Нет
20332244,332244,16.36,,,,,,,,,0.1543,3.232,2.733,1.68,,Обычный,2:1
20332561,332561,16.36,,,,,,,,,0.1649,3.052,2.548,3.3,,Обычный,Нет
20332645,332645,16.68,,,,,,,,,0.1961,3.136,2.521,2.04,,Обычный,Нет
20332647,332647,16.27,,,,,,,,,0.1634,3.112,2.604,2.43,,Обычный,Нет
20332648,332648,16.74,,,,,,,,,0.1233,3.047,2.672,1.82,,Обычный,Нет
20332662,332662,16.54,,,,,,,,,0.1503,3.123,2.654,1.25,,Обычный,Нет
20332705,332705,16.58,3.084,0.056,,,,,,,0.1612,3.065,2.571,2.72,2-20 км,Обычный,Нет
20333249,333249,16.71,,,,,,,,,0.129,3.104,2.704,2.7,,Обычный,Нет
20333798,333798,16.41,,,,,,,,,0.1368,3.161,2.728,1.24,,Обычный,Нет
20334197,334197,16.64,,,,,,,,,0.1791,3.14,2.578,2.2,,Обычный,Нет
20334206,334206,16.4,,,12.97,,,,,,0.1677,3.127,2.602,1.04,,Обычный,Нет
20335643,335643,16.84,,,,,,,,,0.1577,3.082,2.596,1.61,,Обычный,Нет
20335895,335895,16.27,,,,,,,,,0.1795,3.078,2.525,2.64,,Обычный,Нет
20335899,335899,16.49,,,,,,,,,0.1995,3.098,2.48,1.37,,Обычный,Нет
20335925,335925,16.4,,,,,,,,,0.1705,3.056,2.535,2.07,,Обычный,Нет
20335934,335934,16.79,,,,,,,,,0.1874,3.089,2.51,0.98,,Обычный,Нет
20335941,335941,16.05,,,,,,,,,0.184,3.115,2.541,1.64,,Обычный,Нет
20335957,335957,16.77,,,,,,,,,0.173,3.131,2.589,2.6,,Обычный,Нет
20336025,336025,16.45,,,,,,,,,0.186,3.103,2.526,1.17,,Обычный,Нет
20336709,336709,16.45,3.681,0.039,,,,,,,0.1065,3.138,2.804,1.71,2-20 км,Обычный,Нет
20336750,336750,16.68,,,,,,,,,0.1518,3.073,2.607,1.28,,Обычный,Нет
20336849,336849,16.37,,,,,,,,,0.1453,3.049,2.606,2.88,,Обычный,Нет
20336976,336976,16.29,,,,,,,,,0.1169,3.099,2.736,1.1,,Обычный,Нет
20337025,337025,16.8,,,,,,,,,0.187,3.153,2.563,2.59,,Обычный,Нет
20337036,337036,16.25,,,,,,,,,0.1785,3.173,2.606,2.94,,Обычный,Нет
20337047,337047,16.82,,,,,,,,,0.1849,3.079,2.51,0.62,,Обычный,Нет
20337436,337436,16.81,,,,,,,,,0.1902,3.096,2.507,1.23,,Обычный,Нет
20337538,337538,16.66,,,,,,,,,0.2012,3.095,2.473,1.47,,Обычный,Нет
20337560,337560,16.15,,,,,,,,,0.1966,3.088,2.481,2.55,,Обычный,Нет
20337587,337587,16.85,,,,,,,,,0.1932,3.115,2.513,0.92,,Обычный,Нет
20337682,337682,16.64,,,,,,,,,0.1808,3.098,2.538,1.02,,Обычный,Нет
20337717,337717,16.33,,,,,,,,,0.1846,3.161,2.578,0.8,,Обычный,Нет
20337747,337747,16.36,,,,,,,,,0.1793,3.084,2.531,2.17,,Обычный,Нет
20337770,337770,16.54,,,,,,,,,0.1613,3.129,2.624,2.93,,Обычный,Нет
20337805,337805,16.62,,,,,,,,,0.191,3.127,2.53,0.87,,Обычный,Нет
20337879,337879,16.32,,,,,,,,,0.1554,3.144,2.655,2.14,,Обычный,Нет
20337882,337882,16.63,,,,,,,,,0.194,3.162,2.548,2.81,,Обычный,Нет
20337914,337914,16.34,,,,,,,,,0.184,3.147,2.568,2.69,,Обычный,Нет
20338430,338430,16.5,,,,,,,,,0.1348,3.145,2.721,0.88,,Обычный,Нет
20338925,338925,16.37,,,,,,,,,0.1161,3.1,2.74,1.12,,Обычный,Нет
20339442,339442,16.44,,,,,,,,,0.1291,3.127,2.724,1.67,,Обычный,Нет
20339551,339551,16.62,,,,,,,,,0.1472,3.111,2.653,0.97,,Обычный,Нет
20340615,340615,16.41,,,,,,,,,0.1984,3.103,2.487,2.53,,Обычный,Нет
20340654,340654,16.25,,,,,,,,,0.1765,3.206,2.64,0.41,,Обычный,2:1
20340719,340719,16.32,4.066,0.032,,,,,,,0.1532,3.149,2.666,1.84,2-20 км,Обычный,Нет
20340732,340732,16.36,,,,,,,,,0.1843,3.185,2.598,2.23,,Обычный,2:1
20340758,340758,16.52,,,,,,,,,0.1713,3.201,2.653,1.35,,Обычный,2:1
20341351,341351,16.34,,,,,,,,,0.1237,3.058,2.68,1.68,,Обычный,Нет
20341382,341382,16.14,,,,,,,,,0.1405,3.098,2.663,2.4,,Обычный,Нет
20341391,341391,16.84,,,,,,,,,0.1321,3.065,2.661,2.03,,Обычный,Нет
20341465,341465,17.14,,,,,,,,,0.1608,3.114,2.613,0.59,,Обычный,Нет
20341479,341479,16.67,,,,,,,,,0.1128,3.098,2.748,1.06,,Обычный,Нет
20341570,341570,16.41,,,,,,,,,0.1579,3.046,2.565,1.67,,Обычный,Нет
20341572,341572,16.83,,,,,,,,,0.165,3.173,2.649,0.59,,Обычный,Нет
20341584,341584,16.58,,,,,,,,,0.1773,3.054,2.512,1.43,,Обычный,Нет
20341594,341594,16.31,,,,,,,,,0.1432,3.146,2.696,1.79,,Обычный,Нет
20341639,341639,16.77,,,,,,,,,0.1811,3.099,2.538,1.49,,Обычный,Нет
20341665,341665,16.35,,,,,,,,,0.1365,3.104,2.68,2.78,,Обычный,Нет
20341666,341666,16.51,,,,,,,,,0.1335,3.106,2.692,2.21,,Обычный,Нет
20341747,341747,17.14,,,,,,,,,0.2052,3.086,2.452,0.4,,Обычный,Нет
20341770,341770,16.47,,,,,,,,,0.1922,3.127,2.526,2.3,,Обычный,Нет
20341799,341799,16.49,,,3.6,,,,,,0.1702,3.135,2.601,2.0,,Обычный,Нет
20341801,341801,16.28,,,,,,,,,0.1678,3.112,2.589,2.18,,Обычный,Нет
20341812,341812,16.93,,,,,,,,,0.1497,3.103,2.638,1.8,,Обычный,Нет
20341823,341823,16.45,,,,,,,,,0.1408,3.128,2.687,1.18,,Обычный,Нет
20341833,341833,16.7,,,,,,,,,0.1541,3.167,2.679,1.65,,Обычный,Нет
20342615,342615,16.42,,,,,,,,,0.1648,3.206,2.678,1.92,,Обычный,2:1
20343012,343012,16.6,,,,,,,,,0.172,3.094,2.562,1.6,,Обычный,Нет
20343042,343042,16.56,,,,,,,,,0.2037,3.088,2.459,1.83,,Обычный,Нет
20343044,343044,16.45,,,,,,,,,0.1451,3.165,2.705,2.5,,Обычный,Нет
20343100,343100,16.14,,,,,,,,,0.1387,3.108,2.676,2.27,,Обычный,Нет
20343111,343111,16.74,,,,,,,,,0.1569,3.101,2.614,0.82,,Обычный,Нет
20343117,343117,15.95,,,,,,,,,0.1358,3.214,2.778,1.64,,Обычный,2:1
20343555,343555,16.43,,,,,,,,,0.1466,3.08,2.629,1.89,,Обычный,Нет
20343577,343577,16.62,,,,,,,,,0.105,3.153,2.822,2.27,,Обычный,Нет
20344251,344251,16.4,,,,,,,,,0.1797,3.074,2.522,2.89,,Обычный,Нет
20344307,344307,16.68,,,,,,,,,0.2127,3.106,2.446,2.38,,Обычный,Нет
20344320,344320,16.42,,,,,,,,,0.1638,3.118,2.607,2.31,,Обычный,Нет
20344356,344356,16.81,,,,,,,,,0.1641,3.146,2.63,2.51,,Обычный,Нет
20344367,344367,16.62,,,,,,,,,0.1719,3.109,2.575,1.93,,Обычный,Нет
20344368,344368,16.31,,,,,,,,,0.1774,3.106,2.555,2.22,,Обычный,Нет
20345546,345546,16.52,,,,,,,,,0.1883,3.114,2.528,2.37,,Обычный,Нет
20345558,345558,16.33,,,40.0,,,,,,0.1681,3.113,2.59,1.05,,Обычный,Нет
20345563,345563,17.09,,,,,,,,,0.1546,3.103,2.623,0.55,,Обычный,Нет
20345567,345567,16.88,,,,,,,,,0.1797,3.093,2.537,1.76,,Обычный,Нет
20345591,345591,16.66,,,,,,,,,0.1306,3.142,2.732,1.76,,Обычный,Нет
20345592,345592,16.73,,,,,,,,,0.1706,3.154,2.616,2.04,,Обычный,Нет
20345593,345593,15.97,,,,,,,,,0.1692,3.193,2.652,2.32,,Обычный,2:1
20345596,345596,16.71,,,,,,,,,0.1939,3.192,2.573,1.66,,Обычный,2:1
20345608,345608,16.74,,,,,,,,,0.1485,3.157,2.688,1.38,,Обычный,Нет
20345619,345619,16.95,,,,,,,,,0.175,3.166,2.612,2.15,,Обычный,Нет
20345622,345622,16.57,,,,,,,,,0.1064,3.134,2.801,1.74,,Обычный,Нет
20345707,345707,16.45,,,,,,,,,0.1544,3.238,2.738,1.78,,Обычный,2:1
20345710,345710,16.35,,,,,,,,,0.1563,3.167,2.672,2.68,,Обычный,Нет
20345934,345934,16.4,,,,,,,,,0.1703,3.157,2.619,1.12,,Обычный,Нет
20346159,346159,16.62,,,,,,,,,0.1591,3.168,2.664,2.34,,Обычный,Нет
20346163,346163,16.62,,,,,,,,,0.1039,3.091,2.77,0.72,,Обычный,Нет
20346168,346168,16.8,,,,,,,,,0.1348,3.127,2.706,2.32,,Обычный,Нет
20346184,346184,16.64,,,,,,,,,0.1101,3.095,2.755,1.24,,Обычный,Нет
20346218,346218,16.82,,,,,,,,,0.1324,3.164,2.745,2.23,,Обычный,Нет
20346706,346706,16.43,,,,,,,,,0.1189,3.099,2.731,2.61,,Обычный,Нет
20346822,346822,16.75,,,,,,,,,0.1068,3.119,2.786,1.21,,Обычный,Нет
20346855,346855,16.45,,,,,,,,,0.1522,3.111,2.638,2.48,,Обычный,Нет
20346872,346872,16.56,,,,,,,,,0.1646,3.197,2.671,1.92,,Обычный,2:1
20346878,346878,16.64,,,,,,,,,0.1127,3.15,2.795,0.46,,Обычный,Нет
20347302,347302,16.38,2.89,0.028,,,,,,,0.1579,3.127,2.633,2.32,2-20 км,Обычный,Нет
20347397,347397,16.51,,,,,,,,,0.1944,3.124,2.517,1.03,,Обычный,Нет
20347457,347457,17.06,,,,,,,,,0.1807,3.084,2.526,1.27,,Обычный,Нет
20348527,348527,16.78,2.526,0.053,,,,,,,0.173,3.068,2.537,1.44,2-20 км,Обычный,Нет
20348822,348822,16.77,,,,,,,,,0.1893,3.146,2.551,2.39,,Обычный,Нет
20348831,348831,16.61,,,,,,,,,0.1761,3.113,2.565,2.43,,Обычный,Нет
20348871,348871,16.81,,,,,,,,,0.1351,3.118,2.696,1.95,,Обычный,Нет
20348879,348879,17.19,,,,,,,,,0.1723,3.099,2.565,0.81,,Обычный,Нет
20348895,348895,16.57,,,,,,,,,0.1455,3.094,2.643,3.11,,Обычный,Нет
20348925,348925,16.66,,,,,,,,,0.1783,3.101,2.548,1.77,,Обычный,Нет
20348948,348948,16.35,,,,,,,,,0.1769,3.197,2.632,2.64,,Обычный,2:1
20348958,348958,16.45,,,,,,,,,0.1852,3.153,2.569,1.22,,Обычный,Нет
20348971,348971,16.33,,,,,,,,,0.1528,3.165,2.682,2.37,,Обычный,Нет
20348980,348980,16.91,,,,,,,,,0.1834,3.186,2.602,1.85,,Обычный,2:1
20348996,348996,16.83,,,,,,,,,0.1245,3.162,2.769,1.55,,Обычный,Нет
20349002,349002,16.69,,,,,,,,,0.1506,3.087,2.622,1.23,,Обычный,Нет
20349021,349021,16.42,,,,,,,,,0.1722,3.101,2.567,1.97,,Обычный,Нет
20349028,349028,16.59,,,,,,,,,0.1074,3.093,2.761,2.16,,Обычный,Нет
20349038,349038,16.97,,,,,,,,,0.1607,3.155,2.648,1.09,,Обычный,Нет
20349062,349062,16.31,,,,,,,,,0.1565,3.104,2.618,1.52,,Обычный,Нет
20349185,349185,16.88,,,,,,,,,0.202,3.057,2.439,1.61,,Обычный,Нет
20349280,349280,16.99,,,,,,,,,0.1582,3.045,2.563,2.21,,Обычный,Нет
20349410,349410,16.75,,,,,,,,,0.1292,3.164,2.755,1.98,,Обычный,Нет
20349427,349427,16.73,,,,,,,,,0.1432,3.221,2.76,2.82,,Обычный,2:1
20349488,349488,16.14,,,,,,,,,0.1054,3.174,2.839,2.15,,Обычный,Нет
20349885,349885,16.92,,,,,,,,,0.1013,3.064,2.753,1.29,,Обычный,Нет
20349892,349892,16.52,4.05,0.033,,,,,,,0.1179,3.228,2.848,1.69,2-20 км,Обычный,2:1
20350177,350177,16.36,,,,,,,,,0.162,3.034,2.543,1.49,,Обычный,Нет
20350318,350318,16.89,,,,,,,,,0.2137,3.106,2.442,0.82,,Обычный,Нет
20350335,350335,16.64,,,,,,,,,0.1552,3.109,2.627,0.62,,Обычный,Нет
20350546,350546,16.14,,,,,,,,,0.2192,3.172,2.477,1.84,,Обычный,Нет
20350755,350755,16.45,,,,,,,,,0.2085,3.156,2.498,2.52,,Обычный,Нет
20350757,350757,16.4,,,,,,,,,0.1169,3.136,2.769,1.67,,Обычный,Нет
20350770,350770,17.15,,,,,,,,,0.1402,3.116,2.679,1.61,,Обычный,Нет
20350807,350807,16.76,,,,,,,,,0.1166,3.177,2.806,1.66,,Обычный,2:1
20351474,351474,16.67,,,,,,,,,0.1979,3.085,2.474,1.64,,Обычный,Нет
20351532,351532,16.68,,,,,,,,,0.1806,3.141,2.573,1.3,,Обычный,Нет
20351926,351926,17.17,,,,,,,,,0.1759,3.109,2.562,1.9,,Обычный,Нет
20351939,351939,16.68,,,,,,,,,0.1869,3.097,2.518,2.38,,Обычный,Нет
20351965,351965,16.86,,,,,,,,,0.1482,3.142,2.677,1.66,,Обычный,Нет
20352010,352010,17.22,,,,,,,,,0.1604,3.1,2.603,1.68,,Обычный,Нет
20352027,352027,17.03,,,,,,,,,0.1946,3.041,2.45,2.32,,Обычный,Нет
20352028,352028,17.15,,,,,,,,,0.1426,3.148,2.699,1.21,,Обычный,Нет
20352072,352072,16.79,,,,,,,,,0.1249,3.111,2.723,2.2,,Обычный,Нет
20352083,352083,16.93,,,,,,,,,0.1432,3.113,2.668,2.51,,Обычный,Нет
20352423,352423,16.45,,,,,,,,,0.1039,3.215,2.881,2.84,,Обычный,2:1
20352480,352480,16.34,,,,,,,,,0.1315,3.115,2.706,1.2,,Обычный,Нет
20352522,352522,16.95,,,,,,,,,0.1358,3.038,2.625,1.9,,Обычный,Нет
20352559,352559,16.44,,,,,,,,,0.1622,3.195,2.677,2.43,,Обычный,2:1
20352565,352565,16.39,,,,,,,,,0.1278,3.05,2.66,2.24,,Обычный,Нет
20353105,353105,16.36,3.355,0.047,,,,,,,0.1098,3.176,2.828,2.65,2-20 км,Обычный,2:1
20353155,353155,16.45,,,,,,,,,0.1039,3.108,2.785,2.82,,Обычный,Нет
20353558,353558,16.78,,,,,,,,,0.1858,3.089,2.515,2.2,,Обычный,Нет
20353675,353675,16.64,,,,,,,,,0.1922,3.1,2.504,2.17,,Обычный,Нет
20353896,353896,17.0,,,,,,,,,0.1682,3.039,2.528,1.53,,Обычный,Нет
20353934,353934,16.73,,,,,,,,,0.1786,3.084,2.533,1.58,,Обычный,Нет
20354157,354157,16.86,,,,,,,,,0.1221,3.111,2.731,1.84,,Обычный,Нет
20354159,354159,16.68,,,,,,,,,0.1653,3.106,2.593,2.5,,Обычный,Нет
20354212,354212,16.64,,,,,,,,,0.1346,3.164,2.738,2.06,,Обычный,Нет
20354214,354214,16.76,,,,,,,,,0.1101,3.1,2.759,0.53,,Обычный,Нет
20354543,354543,16.73,,,,,,,,,0.1663,3.113,2.595,2.3,,Обычный,Нет
20354737,354737,16.86,,,,,,,,,0.192,3.158,2.552,2.28,,Обычный,Нет
20355147,355147,17.04,,,,,,,,,0.153,3.091,2.618,2.18,,Обычный,Нет
20355166,355166,16.9,,,,,,,,,0.1821,3.088,2.526,1.19,,Обычный,Нет
20355180,355180,16.83,,,,,,,,,0.1801,3.089,2.533,2.19,,Обычный,Нет
20355192,355192,16.92,,,,,,,,,0.1423,3.095,2.654,0.98,,Обычный,Нет
20355200,355200,16.68,,,,,,,,,0.1414,3.112,2.672,2.39,,Обычный,Нет
20355201,355201,16.89,,,,,,,,,0.1835,3.15,2.572,2.19,,Обычный,Нет
20355615,355615,16.71,,,,,,,,,0.1109,3.16,2.81,1.5,,Обычный,Нет
20355617,355617,16.67,,,,,,,,,0.131,3.096,2.691,1.2,,Обычный,Нет
20355701,355701,16.42,,,,,,,,,0.1144,3.229,2.86,2.7,,Обычный,2:1
20355705,355705,16.71,,,,,,,,,0.136,3.087,2.667,2.23,,Обычный,Нет
20355706,355706,16.85,,,,,,,,,0.1402,3.105,2.669,0.88,,Обычный,Нет
20355715,355715,16.48,,,,,,,,,0.1218,3.16,2.775,2.28,,Обычный,Нет
20356754,356754,16.65,,,,,,,,,0.1212,3.111,2.734,0.86,,Обычный,Нет
20357165,357165,16.77,,,,,,,,,0.1514,3.111,2.64,2.29,,Обычный,Нет
20357216,357216,16.53,,,,,,,,,0.0996,3.189,2.871,1.57,,Обычный,2:1
20357741,357741,16.38,,,,,,,,,0.175,3.148,2.597,2.39,,Обычный,Нет
20357829,357829,16.58,,,,,,,,,0.1667,3.191,2.659,2.47,,Обычный,2:1
20357835,357835,16.45,,,,,,,,,0.1856,3.102,2.526,0.71,,Обычный,Нет
20357844,357844,16.78,2.992,0.045,,,,,,,0.1663,3.056,2.548,0.85,2-20 км,Обычный,Нет
20357845,357845,16.67,,,,,,,,,0.1762,3.166,2.608,1.34,,Обычный,Нет
20357874,357874,16.62,,,,,,,,,0.1153,3.102,2.745,2.16,,Обычный,Нет
20357878,357878,16.73,,,,,,,,,0.1213,3.153,2.77,1.71,,Обычный,Нет
20357914,357914,16.87,,,,,,,,,0.1006,3.162,2.844,0.71,,Обычный,Нет
20357930,357930,16.33,,,,,,,,,0.181,3.15,2.58,2.26,,Обычный,Нет
20357934,357934,16.63,,,,,,,,,0.1285,3.2,2.789,1.82,,Обычный,2:1
20358181,358181,16.82,,,,,,,,,0.1896,3.07,2.488,1.0,,Обычный,Нет
20358312,358312,16.85,,,,,,,,,0.1359,3.103,2.681,2.37,,Обычный,Нет
20358333,358333,16.94,,,,,,,,,0.1539,3.099,2.622,2.64,,Обычный,Нет
20358347,358347,17.31,,,,,,,,,0.1389,3.083,2.655,1.87,,Обычный,Нет
20358403,358403,17.16,,,,,,,,,0.1165,3.096,2.736,1.61,,Обычный,Нет
20358456,358456,16.73,,,,,,,,,0.1273,3.145,2.745,2.72,,Обычный,Нет
20358462,358462,16.36,,,,,,,,,0.1108,3.118,2.773,1.05,,Обычный,Нет
20358908,358908,16.62,,,,,,,,,0.1479,3.133,2.67,2.41,,Обычный,Нет
20358918,358918,16.63,,,,,,,,,0.1274,3.215,2.806,1.15,,Обычный,2:1
20358927,358927,17.1,,,,,,,,,0.1069,3.116,2.783,1.74,,Обычный,Нет
20358933,358933,16.68,,,,,,,,,0.1312,3.153,2.739,2.71,,Обычный,Нет
20359069,359069,16.86,,,,,,,,,0.1805,3.064,2.511,2.24,,Обычный,Нет
20359703,359703,16.94,,,,,,,,,0.1706,3.129,2.595,0.87,,Обычный,Нет
20359764,359764,16.91,,,,,,,,,0.1396,3.136,2.698,2.57,,Обычный,Нет
20359829,359829,16.97,,,,,,,,,0.1673,3.092,2.575,1.25,,Обычный,Нет
20359906,359906,16.98,,,,,,,,,0.1341,3.199,2.769,0.66,,Обычный,2:1
20359913,359913,17.02,,,,,,,,,0.1083,3.051,2.72,1.19,,Обычный,Нет
20359999,359999,17.28,,,,,,,,,0.1727,3.134,2.593,2.38,,Обычный,Нет
20360000,360000,16.7,,,,,,,,,0.1662,3.171,2.643,2.2,,Обычный,Нет
20360110,360110,16.67,,,,,,,,,0.1311,3.116,2.707,2.43,,Обычный,Нет
20360400,360400,16.9,,,,,,,,,0.1042,3.086,2.764,1.0,,Обычный,Нет
20360971,360971,16.43,,,,,,,,,0.16,3.205,2.692,2.7,,Обычный,2:1
20360972,360972,16.59,,,,,,,,,0.1599,3.093,2.598,1.69,,Обычный,Нет
20360974,360974,16.69,,,,,,,,,0.1118,3.086,2.741,2.55,,Обычный,Нет
20360977,360977,16.8,,,,,,,,,0.1375,3.202,2.762,2.34,,Обычный,2:1
20360990,360990,17.06,,,,,,,,,0.1037,3.081,2.762,0.47,,Обычный,Нет
20361009,361009,16.95,,,,,,,,,0.1118,3.177,2.822,0.53,,Обычный,2:1
20361441,361441,16.95,,,,,,,,,0.1217,3.059,2.687,1.6,,Обычный,Нет
20361442,361442,17.23,,,,,,,,,0.1194,3.131,2.757,2.14,,Обычный,Нет
20361451,361451,16.95,,,,,,,,,0.1217,3.084,2.709,3.12,,Обычный,Нет
20361458,361458,16.98,,,,,,,,,0.1299,3.145,2.736,1.53,,Обычный,Нет
20361464,361464,16.23,,,,,,,,,0.1157,3.165,2.799,1.82,,Обычный,Нет
20361469,361469,16.64,,,,,,,,,0.1419,3.205,2.75,2.34,,Обычный,2:1
20361502,361502,16.69,,,,,,,,,0.1301,3.159,2.748,2.53,,Обычный,Нет
20361526,361526,16.61,,,,,,,,,0.1244,3.166,2.772,1.0,,Обычный,Нет
20361905,361905,16.83,,,,,,,,,0.137,3.049,2.631,2.53,,Обычный,Нет
20362307,362307,16.09,,,,,,,,,0.1551,3.088,2.61,2.55,,Обычный,Нет
20362366,362366,16.44,3.633,0.04,,,,,,,0.1552,3.147,2.659,2.2,2-20 км,Обычный,Нет
20362525,362525,16.57,,,,,,,,,0.0975,3.21,2.897,2.44,,Обычный,2:1
20362583,362583,16.5,,,,,,,,,0.1723,3.154,2.611,2.09,,Обычный,Нет
20362807,362807,16.89,,,,,,,,,0.1551,3.161,2.67,1.43,,Обычный,Нет
20362816,362816,16.49,,,,,,,,,0.13,3.165,2.753,1.88,,Обычный,Нет
20362869,362869,16.22,,,,,,,,,0.1207,3.105,2.73,2.45,,Обычный,Нет
20362910,362910,16.42,,,,,,,,,0.1153,3.143,2.781,2.55,,Обычный,Нет
20363115,363115,16.31,,,,,,,,,0.1714,3.148,2.609,1.08,,Обычный,Нет
20363443,363443,16.63,,,,,,,,,0.1705,3.143,2.607,1.65,,Обычный,Нет
20363692,363692,16.26,,,,,,,,,0.1788,3.093,2.54,2.38,,Обычный,Нет
20363981,363981,17.02,,,,,,,,,0.1457,3.104,2.652,1.46,,Обычный,Нет
20364070,364070,17.32,,,,,,,,,0.1375,3.073,2.651,2.22,,Обычный,Нет
20364083,364083,16.61,,,,,,,,,0.1752,3.073,2.535,2.3,,Обычный,Нет
20364479,364479,16.51,,,,,,,,,0.1161,3.092,2.733,2.49,,Обычный,Нет
20364480,364480,16.76,,,,,,,,,0.1163,3.107,2.746,2.25,,Обычный,Нет
20364485,364485,16.75,,,,,,,,,0.1354,3.131,2.707,1.24,,Обычный,Нет
20364503,364503,16.54,,,,,,,,,0.1249,3.112,2.723,2.32,,Обычный,Нет
20364512,364512,16.81,,,,,,,,,0.1163,3.106,2.745,1.35,,Обычный,Нет
20364513,364513,16.58,,,,,,,,,0.1424,3.21,2.753,2.54,,Обычный,2:1
20364517,364517,17.02,,,,,,,,,0.1276,3.161,2.758,2.24,,Обычный,Нет
20364557,364557,16.77,,,,,,,,,0.1461,3.102,2.649,0.48,,Обычный,Нет
20365266,365266,16.22,,,,,,,,,0.1896,3.148,2.552,2.69,,Обычный,Нет
20365366,365366,16.63,,,,,,,,,0.1686,3.142,2.612,1.73,,Обычный,Нет
20365397,365397,16.75,,,,,,,,,0.1368,3.133,2.704,2.34,,Обычный,Нет
20365400,365400,16.6,,,,,,,,,0.175,3.115,2.57,0.9,,Обычный,Нет
20365930,365930,16.92,,,,,,,,,0.1255,3.169,2.771,1.1,,Обычный,Нет
20365949,365949,16.71,,,,,,,,,0.1434,3.045,2.608,2.53,,Обычный,Нет
20365958,365958,16.93,,,,,,,,,0.1119,3.056,2.714,2.6,,Обычный,Нет
20366075,366075,16.81,,,,,,,,,0.1006,3.123,2.809,2.3,,Обычный,Нет
20366123,366123,16.09,,,,,,,,,0.1623,3.206,2.686,1.82,,Обычный,2:1
20366147,366147,16.84,,,,,,,,,0.1021,3.134,2.814,2.11,,Обычный,Нет
20366193,366193,16.56,,,,,,,,,0.1479,3.105,2.646,2.31,,Обычный,Нет
20366490,366490,16.56,,,,,,,,,0.1778,3.219,2.646,1.83,,Обычный,2:1
20366532,366532,16.54,,,,,,,,,0.17,3.163,2.626,1.78,,Обычный,Нет
20366562,366562,16.44,,,,,,,,,0.1815,3.207,2.625,0.75,,Обычный,2:1
20366707,366707,16.52,4.818,0.023,,,,,,,0.1672,3.118,2.596,1.87,2-20 км,Обычный,Нет
20367043,367043,16.45,,,,,,,,,0.1398,3.184,2.739,2.11,,Обычный,2:1
20367044,367044,16.39,,,,,,,,,0.1496,3.134,2.665,2.46,,Обычный,Нет
20367226,367226,16.62,,,,,,,,,0.1302,3.098,2.695,2.09,,Обычный,Нет
20367442,367442,16.31,,,,,,,,,0.1695,3.204,2.661,1.19,,Обычный,2:1
20367877,367877,16.77,,,,,,,,,0.1397,3.153,2.712,1.32,,Обычный,Нет
20367878,367878,16.47,,,,,,,,,0.139,3.21,2.764,1.55,,Обычный,2:1
20368001,368001,16.23,,,,,,,,,0.1484,3.091,2.632,2.21,,Обычный,Нет
20368003,368003,16.62,,,,,,,,,0.1603,3.191,2.68,0.72,,Обычный,2:1
20368110,368110,16.43,,,,,,,,,0.1319,3.139,2.725,0.69,,Обычный,Нет
20368359,368359,17.18,,,,,,,,,0.1718,3.158,2.615,2.48,,Обычный,Нет
20368395,368395,16.41,,,,,,,,,0.1781,3.159,2.596,1.6,,Обычный,Нет
20368406,368406,16.81,,,,,,,,,0.1682,3.161,2.629,1.96,,Обычный,Нет
20368422,368422,16.45,,,,,,,,,0.1716,3.065,2.539,3.32,,Обычный,Нет
20368823,368823,17.04,,,,,,,,,0.117,3.059,2.702,2.1,,Обычный,Нет
20368859,368859,16.49,,,,,,,,,0.1743,3.146,2.597,2.45,,Обычный,Нет
20369166,369166,16.67,,,,,,,,,0.1762,3.219,2.651,2.79,,Обычный,2:1
20369235,369235,16.44,,,,,,,,,0.1421,3.253,2.791,0.75,,Обычный,2:1
20369433,369433,16.22,,,,,,,,,0.1461,3.093,2.641,0.92,,Обычный,Нет
20369653,369653,16.64,,,,,,,,,0.1355,3.098,2.678,1.02,,Обычный,Нет
20369818,369818,16.58,,,,,,,,,0.1414,3.036,2.607,1.98,,Обычный,Нет
20369904,369904,16.36,3.237,0.074,,,,,,,0.1777,3.061,2.517,2.61,2-20 км,Обычный,Нет
20369912,369912,16.39,,,,,,,,,0.1502,3.123,2.654,1.17,,Обычный,Нет
20370076,370076,16.55,,,,,,,,,0.1666,3.192,2.66,1.43,,Обычный,2:1
20370331,370331,16.48,,,,,,,,,0.1426,3.146,2.697,0.65,,Обычный,Нет
20370379,370379,16.17,,,,,,,,,0.1598,3.18,2.672,0.67,,Обычный,2:1
20370446,370446,16.52,,,,,,,,,0.1806,3.214,2.634,2.71,,Обычный,2:1
20370448,370448,16.46,,,,,,,,,0.1603,3.215,2.699,2.82,,Обычный,2:1
20370879,370879,16.33,3.293,0.054,,,,,,,0.1411,3.116,2.676,2.24,2-20 км,Обычный,Нет
20371272,371272,16.45,,,,,,,,,0.1241,3.089,2.706,2.46,,Обычный,Нет
20371310,371310,16.33,,,,,,,,,0.138,3.157,2.722,2.75,,Обычный,Нет
20371316,371316,16.65,,,,,,,,,0.1194,3.096,2.726,1.32,,Обычный,Нет
20371325,371325,16.66,,,,,,,,,0.1125,3.098,2.749,2.05,,Обычный,Нет
20371343,371343,16.44,,,,,,,,,0.122,3.094,2.717,1.95,,Обычный,Нет
20372061,372061,16.9,,,,,,,,,0.1736,3.079,2.544,0.81,,Обычный,Нет
20372072,372072,16.71,,,,,,,,,0.1903,3.048,2.468,2.51,,Обычный,Нет
20372115,372115,16.93,,,,,,,,,0.1703,3.162,2.624,2.08,,Обычный,Нет
20372138,372138,16.26,,,,,,,,,0.1778,3.102,2.55,2.14,,Обычный,Нет
20372158,372158,16.3,,,,,,,,,0.1743,3.114,2.571,2.48,,Обычный,Нет
20372176,372176,17.16,,,,,,,,,0.1678,3.091,2.572,0.79,,Обычный,Нет
20372179,372179,16.72,,,,,,,,,0.1671,3.126,2.603,0.6,,Обычный,Нет
20372207,372207,16.5,,,,,,,,,0.1501,3.088,2.624,0.59,,Обычный,Нет
20372224,372224,16.43,,,,,,,,,0.1844,3.134,2.556,1.5,,Обычный,Нет
20372253,372253,16.89,,,,,,,,,0.1527,3.128,2.651,1.99,,Обычный,Нет
20372258,372258,16.45,,,,,,,,,0.1485,3.187,2.713,1.14,,Обычный,2:1
20372267,372267,16.97,,,,,,,,,0.1708,3.16,2.62,1.16,,Обычный,Нет
20372280,372280,16.5,,,,,,,,,0.1682,3.178,2.644,1.81,,Обычный,2:1
20372302,372302,16.8,,,,,,,,,0.1549,3.163,2.673,1.51,,Обычный,Нет
20372305,372305,17.08,,,,,,,,,0.1827,3.131,2.559,0.48,,Обычный,Нет
20372308,372308,16.58,,,,,,,,,0.1871,3.09,2.512,1.2,,Обычный,Нет
20372312,372312,16.58,,,,,,,,,0.1551,3.211,2.713,1.18,,Обычный,2:1
20372319,372319,16.82,,,,,,,,,0.1431,3.209,2.749,0.74,,Обычный,2:1
20372321,372321,16.42,,,,,,,,,0.1691,3.142,2.611,2.22,,Обычный,Нет
20372324,372324,16.66,,,,,,,,,0.1867,3.138,2.552,0.57,,Обычный,Нет
20372766,372766,17.01,2.733,0.041,,,,,,,0.1706,3.148,2.611,1.79,2-20 км,Обычный,Нет
20372938,372938,16.86,,,,,,,,,0.1011,3.081,2.769,2.4,,Обычный,Нет
20373009,373009,16.61,,,,,,,,,0.1336,3.163,2.74,0.91,,Обычный,Нет
20373096,373096,16.12,3.738,,,,,,,,0.1248,3.131,2.74,1.96,2-20 км,Обычный,Нет
20373366,373366,16.64,,,,,,,,,0.1722,3.115,2.579,1.32,,Обычный,Нет
20373461,373461,16.18,,,,,,,,,0.1536,3.126,2.646,3.2,,Обычный,Нет
20373747,373747,16.37,,,,,,,,,0.1749,3.117,2.572,0.63,,Обычный,Нет
20373796,373796,16.57,,,,,,,,,0.1605,3.137,2.634,2.27,,Обычный,Нет
20373805,373805,16.02,,,,,,,,,0.1802,3.148,2.581,2.99,,Обычный,Нет
20373812,373812,16.44,,,,,,,,,0.1842,3.122,2.547,1.91,,Обычный,Нет
20373817,373817,16.65,,,,,,,,,0.1757,3.155,2.6,2.18,,Обычный,Нет
20373993,373993,16.86,,,,,,,,,0.1625,3.12,2.613,2.57,,Обычный,Нет
20374631,374631,16.29,,,,,,,,,0.1529,3.146,2.665,1.76,,Обычный,Нет
20374650,374650,16.56,,,,,,,,,0.1114,3.059,2.719,2.67,,Обычный,Нет
20374888,374888,17.02,,,,,,,,,0.1346,3.089,2.673,2.15,,Обычный,Нет
20375071,375071,16.22,,,,,,,,,0.1577,3.231,2.722,2.91,,Обычный,2:1
20375086,375086,16.99,,,,,,,,,0.1695,3.183,2.644,1.78,,Обычный,2:1
20375089,375089,16.47,,,,,,,,,0.1651,3.138,2.62,1.9,,Обычный,Нет
20375091,375091,16.48,,,,,,,,,0.1699,3.182,2.641,0.49,,Обычный,2:1
20375110,375110,16.23,,,,,,,,,0.1554,3.132,2.645,1.45,,Обычный,Нет
20375124,375124,16.85,,,,,,,,,0.202,3.175,2.534,1.2,,Обычный,Нет
20375396,375396,17.1,,,,,,,,,0.1687,3.073,2.555,0.92,,Обычный,Нет
20375441,375441,17.25,,,,,,,,,0.1892,3.041,2.466,1.76,,Обычный,Нет
20375561,375561,16.78,,,,,,,,,0.1589,3.122,2.626,1.53,,Обычный,Нет
20375595,375595,17.48,,,,,,,,,0.189,3.102,2.516,0.84,,Обычный,Нет
20375606,375606,16.7,2.746,0.059,,,,,,,0.1377,3.079,2.655,1.89,2-20 км,Обычный,Нет
20375635,375635,16.7,,,,,,,,,0.1896,3.154,2.556,1.7,,Обычный,Нет
20375638,375638,16.91,,,,,,,,,0.1556,3.093,2.612,0.85,,Обычный,Нет
20375643,375643,17.18,,,,,,,,,0.1867,3.176,2.583,1.32,,Обычный,2:1
20375650,375650,16.5,,,,,,,,,0.1491,3.068,2.61,2.32,,Обычный,Нет
20376050,376050,17.07,,,6.96,,,,,,0.1269,3.11,2.715,0.82,,Обычный,Нет
20376060,376060,16.84,,,,,,,,,0.1564,3.172,2.676,2.02,,Обычный,Нет
20376063,376063,16.18,,,,,,,,,0.1739,3.156,2.607,2.24,,Обычный,Нет
20376073,376073,16.94,,,,,,,,,0.1336,3.102,2.688,1.5,,Обычный,Нет
20376214,376214,16.92,,,,,,,,,0.1325,3.165,2.745,1.85,,Обычный,Нет
20376250,376250,16.21,,,,,,,,,0.1416,3.112,2.672,2.24,,Обычный,Нет
20376282,376282,16.45,,,,,,,,,0.1594,3.172,2.666,1.0,,Обычный,Нет
20376336,376336,16.67,,,,,,,,,0.112,3.096,2.749,0.65,,Обычный,Нет
20377103,377103,16.79,,,,,,,,,0.1956,3.14,2.526,0.7,,Обычный,Нет
20377259,377259,16.38,,,,,,,,,0.127,3.121,2.725,2.68,,Обычный,Нет
20377296,377296,16.96,,,,,,,,,0.136,3.174,2.742,0.82,,Обычный,Нет
20377491,377491,16.89,,,,,,,,,0.0948,3.058,2.768,2.19,,Обычный,Нет
20378383,378383,16.84,,,,,,,,,0.1769,3.093,2.546,1.66,,Обычный,Нет
20378404,378404,16.76,,,,,,,,,0.1606,3.176,2.666,0.62,,Обычный,2:1
20378412,378412,17.08,,,,,,,,,0.1621,3.144,2.634,1.63,,Обычный,Нет
20378436,378436,17.12,,,,,,,,,0.1814,3.135,2.566,2.37,,Обычный,Нет
20378442,378442,16.45,,,,,,,,,0.1384,3.11,2.68,1.74,,Обычный,Нет
20379013,379013,16.7,,,,,,,,,0.1347,3.043,2.634,2.79,,Обычный,Нет
20379037,379037,16.38,,,,,,,,,0.1769,3.107,2.557,2.29,,Обычный,Нет
20379077,379077,16.92,,,,,,,,,0.1646,3.173,2.65,1.12,,Обычный,Нет
20379118,379118,16.7,,,,,,,,,0.1533,3.149,2.667,1.72,,Обычный,Нет
20379121,379121,16.62,,,,,,,,,0.124,3.149,2.758,1.18,,Обычный,Нет
20379445,379445,16.73,,,,,,,,,0.1369,3.083,2.661,0.68,,Обычный,Нет
20379447,379447,16.62,2.754,0.064,,,,,,,0.1159,3.085,2.728,2.17,2-20 км,Обычный,Нет
20379452,379452,16.84,2.917,0.04,,,,,,,0.1123,3.101,2.753,2.65,2-20 км,Обычный,Нет
20379493,379493,16.77,,,,,,,,,0.1326,3.15,2.733,0.74,,Обычный,Нет
20379667,379667,16.43,,,,,,,,,0.129,3.16,2.752,2.48,,Обычный,Нет
20379815,379815,16.66,,,,,,,,,0.114,3.16,2.8,0.65,,Обычный,Нет
20379969,379969,16.48,,,,,,,,,0.1558,3.169,2.675,2.61,,Обычный,Нет
20380657,380657,16.71,2.733,0.059,,,,,,,0.1385,3.11,2.68,0.52,2-20 км,Обычный,Нет
20380662,380662,16.23,3.101,0.067,,,,,,,0.1343,3.072,2.659,2.28,2-20 км,Обычный,Нет
20381203,381203,16.66,,,,,,,,,0.1843,3.096,2.526,3.05,,Обычный,Нет
20381204,381204,17.34,,,,,,,,,0.1797,3.074,2.522,2.58,,Обычный,Нет
20381225,381225,16.96,,,,,,,,,0.1851,3.105,2.53,1.17,,Обычный,Нет
20381263,381263,16.66,,,,,,,,,0.1677,3.107,2.586,2.42,,Обычный,Нет
20381633,381633,17.33,,,,,,,,,0.1731,3.057,2.528,1.22,,Обычный,Нет
20381639,381639,17.22,,,,,,,,,0.163,3.102,2.596,2.09,,Обычный,Нет
20381644,381644,16.58,,,,,,,,,0.1245,3.093,2.708,1.62,,Обычный,Нет
20381665,381665,17.28,,,,,,,,,0.1768,3.193,2.629,2.12,,Обычный,2:1
20381670,381670,17.14,,,,,,,,,0.1605,3.152,2.646,2.22,,Обычный,Нет
20381690,381690,16.35,,,,,,,,,0.1004,3.23,2.906,2.52,,Обычный,2:1
20381924,381924,16.4,3.925,0.038,,,,,,,0.1365,3.158,2.727,1.97,2-20 км,Обычный,Нет
20381935,381935,16.82,,,,,,,,,0.1068,3.088,2.758,2.18,,Обычный,Нет
20381959,381959,16.99,,,,,,,,,0.1168,3.137,2.771,1.74,,Обычный,Нет
20381969,381969,16.54,2.736,0.024,,,,,,,0.1102,3.103,2.761,0.49,2-20 км,Обычный,Нет
20382277,382277,16.55,2.632,0.084,,,,,,,0.1261,3.225,2.819,0.41,2-20 км,Обычный,2:1
20382392,382392,16.33,,,,,,,,,0.1747,3.108,2.565,0.57,,Обычный,Нет
20382410,382410,17.1,,,,,,,,,0.201,3.085,2.465,2.36,,Обычный,Нет
20383652,383652,16.45,,,,,,,,,0.1868,3.09,2.513,1.87,,Обычный,Нет
20383657,383657,16.67,,,,,,,,,0.1827,3.086,2.522,2.83,,Обычный,Нет
20383679,383679,17.05,,,,,,,,,0.1572,3.051,2.572,1.97,,Обычный,Нет
20383688,383688,16.39,,,,,,,,,0.1743,3.216,2.655,0.42,,Обычный,2:1
20383694,383694,16.76,,,,,,,,,0.1565,3.112,2.624,0.97,,Обычный,Нет
20383715,383715,16.42,,,,,,,,,0.2062,3.164,2.512,2.39,,Обычный,Нет
20383717,383717,16.46,,,,,,,,,0.1467,3.142,2.681,2.22,,Обычный,Нет
20383718,383718,16.7,,,,,,,,,0.1896,3.158,2.559,2.64,,Обычный,Нет
20383722,383722,16.88,,,,,,,,,0.1285,3.168,2.761,0.86,,Обычный,Нет
20383765,383765,16.89,,,,,,,,,0.1705,3.145,2.608,2.67,,Обычный,Нет
20384140,384140,16.73,,,,,,,,,0.1106,3.107,2.763,2.27,,Обычный,Нет
20384214,384214,16.71,,,,,,,,,0.1113,3.158,2.807,2.25,,Обычный,Нет
20384254,384254,16.83,,,,,,,,,0.1696,3.162,2.625,1.1,,Обычный,Нет
20384257,384257,16.68,,,,,,,,,0.1037,3.072,2.754,2.06,,Обычный,Нет
20384825,384825,16.95,,,,,,,,,0.1756,3.169,2.613,2.56,,Обычный,Нет
20384945,384945,16.51,,,,,,,,,0.1308,3.117,2.709,2.38,,Обычный,Нет
20385148,385148,15.98,,,,,,,,,0.1265,3.215,2.808,2.57,,Обычный,2:1
20385439,385439,16.7,,,,,,,,,0.0829,3.198,2.933,1.11,,Обычный,2:1
20385906,385906,16.93,,,,,,,,,0.1119,3.12,2.771,2.03,,Обычный,Нет
20385909,385909,16.4,,,,,,,,,0.1533,3.162,2.677,1.91,,Обычный,Нет
20386148,386148,16.7,,,,,,,,,0.1424,3.093,2.652,2.59,,Обычный,Нет
20386161,386161,17.06,,,,,,,,,0.1335,3.079,2.668,1.22,,Обычный,Нет
20386198,386198,17.13,,,,,,,,,0.1677,3.118,2.595,0.87,,Обычный,Нет
20386553,386553,16.42,,,,,,,,,0.1445,3.194,2.732,1.83,,Обычный,2:1
20386574,386574,16.56,,,,,,,,,0.112,3.095,2.749,2.33,,Обычный,Нет
20386602,386602,16.9,,,,,,,,,0.0951,3.119,2.822,2.06,,Обычный,Нет
20386848,386848,16.55,,,,,,,,,0.1291,3.089,2.69,2.05,,Обычный,Нет
20386961,386961,16.29,,,,,,,,,0.1555,3.102,2.62,1.39,,Обычный,Нет
20387023,387023,16.52,,,,,,,,,0.1872,3.215,2.613,2.12,,Обычный,2:1
20387055,387055,16.77,,,,,,,,,0.1995,3.111,2.49,2.32,,Обычный,Нет
20387198,387198,16.48,,,,,,,,,0.1799,3.201,2.625,2.22,,Обычный,2:1
20387305,387305,16.27,,,,,,,,,0.1776,3.087,2.538,1.66,,Обычный,Нет
20387319,387319,16.77,,,,,,,,,0.1476,3.104,2.646,2.35,,Обычный,Нет
20387415,387415,16.34,,,,,,,,,0.1937,3.173,2.559,0.59,,Обычный,Нет
20387465,387465,17.17,,,,,,,,,0.172,3.14,2.599,1.74,,Обычный,Нет
20387730,387730,17.25,,,,,,,,,0.1232,3.104,2.722,0.54,,Обычный,Нет
20387819,387819,17.0,,,,,,,,,0.1198,3.097,2.726,2.62,,Обычный,Нет
20388377,388377,16.82,,,,,,,,,0.1791,3.198,2.625,2.7,,Обычный,2:1
20388381,388381,16.67,,,,,,,,,0.1343,3.154,2.731,2.38,,Обычный,Нет
20388393,388393,16.85,,,,,,,,,0.1263,3.153,2.755,2.75,,Обычный,Нет
20388397,388397,16.57,,,,,,,,,0.193,3.139,2.533,1.2,,Обычный,Нет
20388652,388652,16.76,,,,,,,,,0.1826,3.1,2.534,1.44,,Обычный,Нет
20388674,388674,17.09,,,,,,,,,0.1671,3.163,2.634,1.54,,Обычный,Нет
20388724,388724,16.77,,,,,,,,,0.1811,3.086,2.527,2.27,,Обычный,Нет
20388725,388725,16.73,,,,,,,,,0.1785,3.067,2.52,0.72,,Обычный,Нет
20388728,388728,16.7,,,,,,,,,0.1031,3.06,2.744,2.32,,Обычный,Нет
20388762,388762,16.94,,,,,,,,,0.1385,3.105,2.675,2.23,,Обычный,Нет
20388808,388808,16.92,,,,,,,,,0.1089,3.214,2.864,2.68,,Обычный,2:1
20388958,388958,17.13,,,,,,,,,0.1785,3.1,2.547,0.49,,Обычный,Нет
20389153,389153,17.09,,,,,,,,,0.1952,3.104,2.498,2.59,,Обычный,Нет
20389192,389192,16.89,,,,,,,,,0.1521,3.101,2.629,2.14,,Обычный,Нет
20389210,389210,16.84,,,,,,,,,0.1062,3.097,2.768,1.95,,Обычный,Нет
20389230,389230,16.53,,,,,,,,,0.1414,3.089,2.652,2.26,,Обычный,Нет
20389235,389235,16.94,,,,,,,,,0.1094,3.115,2.775,1.09,,Обычный,Нет
20389238,389238,16.62,,,,,,,,,0.1296,3.165,2.755,1.62,,Обычный,Нет
20389260,389260,16.61,,,3.64,,,,,,0.1238,3.101,2.717,1.63,,Обычный,Нет
20389264,389264,16.73,,,,,,,,,0.1377,3.129,2.698,1.65,,Обычный,Нет
20389265,389265,16.77,,,,,,,,,0.1237,3.087,2.705,1.88,,Обычный,Нет
20389283,389283,16.47,,,,,,,,,0.1448,3.148,2.692,2.68,,Обычный,Нет
20389735,389735,16.39,,,,,,,,,0.2153,3.172,2.489,2.04,,Обычный,Нет
20390027,390027,16.89,,,,,,,,,0.1355,3.034,2.622,0.61,,Обычный,Нет
20390051,390051,16.86,,,,,,,,,0.184,3.198,2.61,1.71,,Обычный,2:1
20390053,390053,16.95,,,,,,,,,0.146,3.143,2.684,2.36,,Обычный,Нет
20390060,390060,17.09,,,,,,,,,0.1739,3.088,2.551,0.76,,Обычный,Нет
20390141,390141,16.7,,,,,,,,,0.1021,3.133,2.813,2.18,,Обычный,Нет
20390180,390180,17.17,,,,,,,,,0.155,3.129,2.644,1.12,,Обычный,Нет
20390343,390343,16.47,,,,,,,,,0.1301,3.107,2.703,0.79,,Обычный,Нет
20390483,390483,16.7,,,,,,,,,0.0907,3.141,2.857,2.41,,Обычный,Нет
20390857,390857,16.32,3.327,0.048,,,,,,,0.1757,3.189,2.629,2.44,2-20 км,Обычный,2:1
20390986,390986,16.67,2.791,0.036,,,,,,,0.1479,3.12,2.658,0.88,2-20 км,Обычный,Нет
20391345,391345,17.03,,,,,,,,,0.1075,3.15,2.812,1.85,,Обычный,Нет
20391650,391650,16.61,,,,,,,,,0.175,3.144,2.594,2.62,,Обычный,Нет
20391690,391690,16.83,,,,,,,,,0.1136,3.091,2.739,1.65,,Обычный,Нет
20391711,391711,16.65,,,,,,,,,0.09,3.196,2.909,2.28,,Обычный,2:1
20391738,391738,16.84,,,,,,,,,0.0935,3.127,2.835,1.6,,Обычный,Нет
20391765,391765,16.84,,,,,,,,,0.1116,3.096,2.751,1.99,,Обычный,Нет
20391770,391770,16.8,,,,,,,,,0.1023,3.166,2.842,1.04,,Обычный,Нет
20392136,392136,16.58,,,,,,,,,0.1355,3.091,2.672,1.06,,Обычный,Нет
20392143,392143,16.53,,,,,,,,,0.1425,3.132,2.686,1.09,,Обычный,Нет
20392298,392298,16.99,,,,,,,,,0.1305,3.106,2.7,1.76,,Обычный,Нет
20392447,392447,16.58,,,,,,,,,0.1875,3.151,2.56,2.33,,Обычный,Нет
20392860,392860,17.04,,,,,,,,,0.1459,3.09,2.639,0.62,,Обычный,Нет
20392861,392861,16.96,,,,,,,,,0.1624,3.121,2.614,0.43,,Обычный,Нет
20392870,392870,17.43,,,,,,,,,0.1597,3.052,2.565,1.63,,Обычный,Нет
20393136,393136,16.36,,,,,,,,,0.1774,3.197,2.629,1.04,,Обычный,2:1
